ID,Rating
84634,4.453125
55852,4.2926829268292686
28875,4.628865979381444
94134,4.67741935483871
31501,4.439024390243903
105499,4.655172413793103
108116,4.423076923076923
101798,4.695652173913044
99199,4.354838709677419
11393,4.528301886792453
55414,4.632911392405063
77039,4.944444444444445
64525,4.0344827586206895
29028,4.628865979381444
75275,4.882352941176471
78258,4.653333333333333
3233,4.176470588235294
84806,4.660377358490566
53333,4.534883720930233
81867,4.640718562874252
37733,4.485714285714286
4567,4.514285714285714
24853,4.2727272727272725
85738,4.71875
40311,4.754385964912281
32881,4.659574468085107
62654,4.488888888888889
37370,4.4655172413793105
89086,4.576923076923077
32896,4.659574468085107
10820,4.443298969072165
1006,4.333333333333333
53943,4.723404255319149
22287,4.717948717948718
45860,4.581818181818182
9540,4.7407407407407405
83222,4.529411764705882
90940,4.471698113207547
94443,4.375
48577,4.419642857142857
60054,4.076923076923077
18633,4.673267326732673
24815,4.2727272727272725
57353,4.53125
10803,4.443298969072165
18398,4.627906976744186
8857,4.3858267716535435
43732,4.1466666666666665
65942,4.791666666666667
22847,4.265822784810126
89208,4.5
66542,4.621212121212121
45260,4.707964601769912
43860,4.6440677966101696
12685,4.544303797468355
25831,4.77027027027027
62610,4.391304347826087
70860,4.225806451612903
29336,4.5
103820,4.27906976744186
51707,4.651515151515151
4655,4.5701754385964914
16520,4.7368421052631575
53163,4.621212121212121
55292,4.388888888888889
16998,4.588235294117647
70344,4.338983050847458
25412,4.586666666666667
78270,4.653333333333333
32060,4.303030303030303
49592,4.457142857142857
27879,4.5928571428571425
4555,4.514285714285714
103899,4.32
39323,4.846456692913386
100495,4.454545454545454
21358,4.27906976744186
75173,4.882352941176471
54967,4.410958904109589
16401,4.135135135135135
103062,4.260869565217392
37100,4.48051948051948
30075,4.5625
1701,4.304347826086956
101632,4.655172413793103
47759,4.1
84548,4.453125
99242,4.8076923076923075
84053,4.625
34588,4.778688524590164
103841,4.27906976744186
39566,4.846456692913386
83027,4.8076923076923075
49808,4.476744186046512
45190,4.084745762711864
56826,4.5
31661,4.619047619047619
21145,4.4868421052631575
24215,4.442622950819672
101004,4.45945945945946
35642,4.421875
50210,4.149606299212598
86310,4.568181818181818
96716,4.3
77248,4.86
4265,4.423076923076923
41018,4.175438596491228
28813,4.433333333333334
107894,4.5
5357,4.111702127659575
15108,4.333333333333333
52227,4.459016393442623
57,4.58
45598,3.9
103905,4.32
17473,4.416666666666667
3440,4.521739130434782
85268,4.868421052631579
31033,4.62
68576,4.7317073170731705
92890,4.815789473684211
90933,4.471698113207547
91916,4.468085106382978
31725,4.619047619047619
5256,4.111702127659575
33746,4.442622950819672
56366,4.476923076923077
507,4.464285714285714
30370,4.714285714285714
96891,4.0
84353,4.855421686746988
43943,4.6440677966101696
68902,4.75
64395,4.405172413793103
32871,4.659574468085107
38427,4.244897959183674
40243,4.754385964912281
41730,4.610921501706485
13914,4.743589743589744
70199,4.538461538461538
62436,4.5125
98055,4.618181818181818
68261,4.3776223776223775
108137,4.423076923076923
57774,4.848484848484849
1038,4.423076923076923
100837,4.732142857142857
66946,4.548387096774194
74938,4.375
94814,3.9615384615384617
101561,4.793103448275862
24927,4.5625
78231,4.619047619047619
37202,4.018867924528302
60546,4.630769230769231
34665,4.778688524590164
74157,4.785714285714286
85187,4.3088235294117645
16415,4.135135135135135
36452,4.535885167464115
47493,4.302631578947368
98411,4.6521739130434785
16541,4.7368421052631575
78752,4.64
82486,4.8743169398907105
38459,4.244897959183674
61104,3.739130434782609
98538,4.685714285714286
49482,4.1875
26934,4.142857142857143
97905,4.245283018867925
98485,4.775
88408,4.59375
76974,4.621621621621622
52890,4.46
37902,4.835164835164835
66839,4.205128205128205
20262,4.620689655172414
33753,4.442622950819672
94488,4.461538461538462
47638,4.704918032786885
28682,4.433333333333334
98045,4.618181818181818
73541,4.553719008264463
12101,4.317880794701987
39955,4.483870967741935
23590,4.78974358974359
7587,4.72
13596,4.333333333333333
2068,4.436842105263158
41323,4.610921501706485
30957,4.28
14715,4.258064516129032
76583,4.491525423728813
25752,4.689655172413793
104719,4.468085106382978
8348,4.714285714285714
51112,4.4375
37579,4.280575539568345
102278,4.166666666666667
89686,4.46969696969697
95841,4.166666666666667
97475,4.393939393939394
43505,4.860294117647059
59833,4.529411764705882
33836,4.62962962962963
30891,4.28
94875,4.173913043478261
9708,4.714285714285714
28353,4.589743589743589
87252,4.162162162162162
24739,4.382978723404255
66181,4.704433497536946
21049,4.7
59596,4.728813559322034
19291,4.780487804878049
1272,4.5
14562,4.410256410256411
2804,4.557142857142857
102324,4.384615384615385
100293,4.0
27763,4.5928571428571425
94844,4.173913043478261
8229,4.256410256410256
36977,4.7105263157894735
62824,3.9272727272727272
17142,4.474226804123711
15072,4.333333333333333
45462,4.435897435897436
21727,4.409090909090909
43268,4.642487046632124
75820,4.225806451612903
55103,4.466666666666667
100681,4.391304347826087
20383,4.579787234042553
21132,4.4868421052631575
104967,4.666666666666667
69738,4.395348837209302
37547,4.280575539568345
21570,4.297872340425532
4375,4.0754716981132075
21257,4.586206896551724
102465,4.814814814814815
99082,4.712121212121212
4217,4.371428571428571
67481,4.428571428571429
31346,4.503875968992248
73124,4.398230088495575
1025,4.333333333333333
43424,4.860294117647059
59800,4.529411764705882
67994,4.666666666666667
108581,4.844444444444444
91241,4.314285714285714
91441,4.484210526315789
61237,4.616279069767442
55172,4.466666666666667
95373,4.6571428571428575
99665,4.541666666666667
18918,4.379310344827586
74509,4.787878787878788
26170,4.490566037735849
92830,4.815789473684211
82037,4.68
12683,4.544303797468355
92275,4.555555555555555
2314,4.431578947368421
16583,4.475
30559,4.754310344827586
48627,4.419642857142857
62227,4.6
79363,4.5
83300,4.371428571428571
10498,4.462264150943396
86409,4.771428571428571
52273,4.459016393442623
104871,4.844444444444444
14,4.333333333333333
106653,4.523809523809524
77774,4.611111111111111
60358,4.684210526315789
1855,4.436842105263158
91304,4.314285714285714
68320,4.3776223776223775
41853,4.6020408163265305
74630,4.483870967741935
88506,4.679245283018868
104172,4.425
58867,4.52760736196319
59115,4.712765957446808
20070,4.712765957446808
6415,4.280701754385965
68750,4.704545454545454
71965,4.461538461538462
104900,4.844444444444444
54622,4.365853658536586
96161,4.5
40765,4.8161764705882355
55647,3.891891891891892
93954,4.586206896551724
30889,4.28
82975,4.393939393939394
47063,4.32
11075,4.352941176470588
104585,4.538461538461538
54756,4.623376623376624
54729,4.623376623376624
17561,4.857142857142857
91520,4.851851851851852
2483,4.673267326732673
50743,4.545454545454546
31099,4.388888888888889
7424,4.591549295774648
17343,4.463768115942029
65070,4.468085106382978
44352,4.497607655502392
66080,4.333333333333333
75355,4.580645161290323
66717,4.392857142857143
12399,4.368421052631579
17715,4.6
4800,4.651162790697675
78361,4.653333333333333
86937,4.571428571428571
57355,4.53125
97426,4.56
61213,4.616279069767442
84131,4.604651162790698
84190,4.604651162790698
82692,4.423076923076923
3101,4.075
101786,4.695652173913044
87832,4.621621621621622
39714,4.044943820224719
14544,4.410256410256411
30764,4.754310344827586
92460,4.36
12093,4.317880794701987
55563,4.632911392405063
41723,4.610921501706485
105291,4.541666666666667
12109,4.317880794701987
52262,4.459016393442623
40853,4.8161764705882355
38257,4.2809917355371905
65951,4.28
52188,4.285714285714286
44963,4.889655172413793
11770,4.46875
2507,4.673267326732673
61483,4.627659574468085
56260,4.6923076923076925
65396,4.811320754716981
5070,4.111702127659575
106487,4.193548387096774
74350,4.4125
15804,4.5
53551,4.4423076923076925
44108,4.602739726027397
6212,4.440677966101695
40248,4.754385964912281
74530,4.787878787878788
68350,4.3776223776223775
53088,4.066666666666666
91070,4.7272727272727275
103461,4.621621621621622
13537,4.861538461538461
9428,4.363636363636363
84639,4.453125
68637,4.7317073170731705
18182,4.613207547169812
3175,4.1923076923076925
17787,4.377358490566038
16002,3.9615384615384617
6788,4.530769230769231
88997,4.609756097560975
93756,4.310344827586207
29068,4.628865979381444
64496,4.405172413793103
34649,4.778688524590164
99228,4.8076923076923075
41715,4.610921501706485
14330,4.346153846153846
104454,4.513513513513513
55825,4.2926829268292686
40349,4.754385964912281
86535,4.655172413793103
46406,4.440944881889764
62909,4.333333333333333
13229,4.634146341463414
1226,4.633333333333334
86565,4.8
89074,4.576923076923077
8060,4.544303797468355
3050,4.8
26516,4.601941747572815
704,4.442622950819672
99804,4.623529411764705
80190,4.5675675675675675
1473,4.5
73627,4.565217391304348
7504,4.32258064516129
36679,4.333333333333333
11022,4.4222222222222225
90074,4.657894736842105
9973,4.607142857142857
106822,4.291666666666667
65752,4.411764705882353
57220,4.514285714285714
91151,4.56
95183,4.3023255813953485
102616,4.684684684684685
54088,4.314285714285714
54823,4.623376623376624
92459,4.36
53092,4.066666666666666
35554,4.7368421052631575
20664,4.719512195121951
1978,4.436842105263158
30073,4.5625
5429,4.821428571428571
32562,4.741007194244604
70357,4.338983050847458
88415,4.59375
50294,4.149606299212598
27934,4.5928571428571425
30898,4.28
28963,4.628865979381444
94059,4.0
53771,4.398058252427185
1675,4.304347826086956
3300,4.12987012987013
55482,4.632911392405063
39411,4.846456692913386
60734,4.647058823529412
32531,4.741007194244604
75050,4.534883720930233
55015,4.410958904109589
29430,4.597402597402597
70634,4.622641509433962
29627,4.444444444444445
14845,4.575342465753424
52426,4.645833333333333
18305,4.613207547169812
19260,4.318181818181818
34016,4.345864661654136
37181,4.018867924528302
61527,4.487804878048781
56758,4.4
33116,4.348837209302325
94899,4.628571428571429
19435,4.625
76694,4.608695652173913
88869,4.730769230769231
53221,4.534883720930233
71646,4.113636363636363
90784,3.96875
73275,4.398230088495575
71665,4.113636363636363
20468,4.579787234042553
8633,4.684210526315789
95315,4.454545454545454
60590,4.630769230769231
79153,4.83
50333,4.149606299212598
62308,4.6
564,4.647058823529412
33917,4.345864661654136
100815,4.732142857142857
79118,4.83
58355,4.494623655913978
4176,4.371428571428571
102206,4.166666666666667
40433,4.75
36302,4.535885167464115
10981,4.5054945054945055
47406,4.081967213114754
91836,4.705882352941177
8616,4.6976744186046515
38713,4.341269841269841
77868,4.7
20795,4.708333333333333
90950,4.471698113207547
22694,4.662650602409639
65887,4.121621621621622
21880,4.739130434782608
27834,4.5928571428571425
57616,4.742574257425742
21241,4.586206896551724
107527,4.575757575757576
18863,4.379310344827586
54456,4.53125
30628,4.754310344827586
99557,4.166666666666667
93574,4.586206896551724
26048,4.621848739495798
69006,4.269230769230769
89730,4.46969696969697
31961,4.303030303030303
23160,4.4739336492890995
94373,4.257142857142857
14929,4.329670329670329
31981,4.303030303030303
37018,4.48051948051948
63724,4.348837209302325
66643,4.621212121212121
90994,4.476190476190476
78918,4.449275362318841
51573,4.678571428571429
76821,4.546511627906977
36009,3.739130434782609
67227,4.587209302325581
82137,4.583333333333333
13230,4.634146341463414
1382,4.5
62588,4.530612244897959
103237,4.096774193548387
37964,4.6938775510204085
26834,4.475
23678,4.78974358974359
54410,3.4242424242424243
76161,4.814285714285714
24274,4.442622950819672
41508,4.610921501706485
71304,4.0
50858,4.545454545454546
17779,4.377358490566038
73177,4.398230088495575
61387,4.627659574468085
65599,4.647058823529412
37810,4.835164835164835
4615,4.5701754385964914
90970,4.471698113207547
32436,4.457516339869281
30593,4.754310344827586
42296,4.6125
66850,4.205128205128205
57176,4.107692307692307
72114,4.27027027027027
65331,4.811320754716981
4436,4.102941176470588
36921,4.7105263157894735
4306,4.521739130434782
57934,4.708333333333333
25965,4.621848739495798
7538,4.32258064516129
53548,4.4423076923076925
104825,4.615384615384615
22928,4.265822784810126
86365,4.568181818181818
2325,4.431578947368421
54412,3.4242424242424243
4030,4.73469387755102
32593,4.741007194244604
40772,4.8161764705882355
74708,4.361111111111111
10483,4.462264150943396
107820,4.6521739130434785
108440,4.791666666666667
49721,4.476744186046512
85702,4.71875
10808,4.443298969072165
50180,4.149606299212598
45624,3.9
83541,4.684210526315789
75768,4.285714285714286
78897,3.986666666666667
94009,4.423076923076923
91971,4.745454545454545
74998,4.375
73171,4.398230088495575
79181,4.83
27261,4.516129032258065
101878,4.3125
11504,4.341772151898734
6026,4.488372093023256
92342,4.490566037735849
40480,4.75
98747,4.328947368421052
77022,4.944444444444445
8066,4.544303797468355
3156,4.075
66297,4.704433497536946
67725,4.081081081081081
31144,4.388888888888889
43406,4.860294117647059
20684,4.719512195121951
34791,4.15625
40912,4.8161764705882355
28651,4.433333333333334
57519,4.56
92674,4.521739130434782
35932,4.338983050847458
63674,4.7637795275590555
107250,3.75
66182,4.704433497536946
56834,4.5
19971,3.9322033898305087
57840,4.204545454545454
33997,4.345864661654136
103094,4.414634146341464
106935,4.458333333333333
88037,4.472527472527473
95101,4.172413793103448
39543,4.846456692913386
82571,4.642857142857143
90349,4.53125
18409,4.773584905660377
21189,4.4868421052631575
73652,4.205128205128205
23891,4.848314606741573
82868,4.422535211267606
59831,4.529411764705882
88044,4.472527472527473
54264,4.271186440677966
43266,4.642487046632124
5777,4.6875
98743,4.328947368421052
39565,4.846456692913386
12671,4.544303797468355
24357,4.379310344827586
107713,4.826086956521739
8570,4.6976744186046515
16993,4.588235294117647
78276,4.653333333333333
11300,4.264150943396227
88495,4.679245283018868
4853,4.651162790697675
60307,4.4
105753,4.4
53604,4.520833333333333
7121,4.552238805970149
98789,4.54054054054054
42003,4.6020408163265305
44778,4.575418994413408
48216,4.621951219512195
16004,3.9615384615384617
42930,4.5675675675675675
50668,4.545454545454546
101635,4.655172413793103
81191,4.375
56688,3.98
58593,4.386363636363637
105131,4.583333333333333
11096,4.352941176470588
80416,4.60655737704918
74409,4.685714285714286
2650,4.428571428571429
4420,4.102941176470588
87419,4.5
10155,4.541666666666667
103660,4.530612244897959
24825,4.2727272727272725
13070,4.6
108175,4.565217391304348
57522,4.56
34377,4.7105263157894735
108472,4.791666666666667
87397,4.5
71165,4.598214285714286
92503,4.564102564102564
51764,4.461538461538462
61160,4.616279069767442
25152,4.673469387755102
54137,4.314285714285714
96471,4.4
59051,4.712765957446808
102698,4.426229508196721
84684,4.72
83436,4.411764705882353
35043,4.582608695652174
32307,4.457516339869281
102197,4.166666666666667
51225,4.163934426229508
104316,4.333333333333333
87304,4.518518518518518
90795,3.96875
57803,4.204545454545454
26885,4.303030303030303
74493,4.787878787878788
59612,4.728813559322034
83661,4.627450980392157
106101,4.440476190476191
28462,4.3061224489795915
50527,4.342105263157895
45500,4.435897435897436
17439,4.416666666666667
34977,4.582608695652174
77197,4.535714285714286
14713,4.258064516129032
102896,4.485714285714286
71051,4.598214285714286
38165,4.150943396226415
20323,4.579787234042553
49604,4.457142857142857
104627,4.214285714285714
63817,4.739130434782608
44573,4.575418994413408
6918,4.391304347826087
15779,4.111111111111111
47443,4.302631578947368
58464,4.438356164383562
14627,4.741935483870968
3065,4.913043478260869
15637,4.757575757575758
7639,4.303030303030303
7577,4.72
19101,4.767441860465116
36047,4.533333333333333
48168,4.621951219512195
92609,4.634146341463414
50883,4.545454545454546
105515,4.538461538461538
25916,4.77027027027027
89581,4.589285714285714
99478,4.2592592592592595
37943,4.6938775510204085
54253,4.271186440677966
51023,4.4375
45984,4.666666666666667
34933,4.582608695652174
86160,4.6976744186046515
48004,4.466666666666667
7529,4.32258064516129
58188,4.310344827586207
7985,4.544303797468355
79230,4.83
8867,4.3858267716535435
31401,4.503875968992248
79137,4.83
58717,4.52760736196319
30735,4.754310344827586
68655,4.7317073170731705
3660,4.162162162162162
5940,4.6875
85407,4.617647058823529
39700,4.846456692913386
92018,4.745454545454545
40391,4.754385964912281
85855,4.540983606557377
62907,3.9272727272727272
56587,4.102564102564102
80302,4.60655737704918
52841,4.435897435897436
51063,4.4375
28185,4.5
8132,4.0
22720,4.662650602409639
38762,4.341269841269841
79285,4.446428571428571
77173,4.25
62084,4.71875
1102,4.214285714285714
79360,4.5
10010,4.607142857142857
34530,4.778688524590164
46208,4.456310679611651
69421,4.588235294117647
21234,4.586206896551724
4363,4.0754716981132075
73101,4.398230088495575
58086,4.310344827586207
107131,4.583333333333333
50971,4.428571428571429
63220,3.979591836734694
34539,4.778688524590164
17923,4.576923076923077
89547,4.589285714285714
36425,4.535885167464115
56407,4.476923076923077
22212,4.548387096774194
75878,4.079365079365079
93487,4.233766233766234
20131,4.712765957446808
23382,4.4739336492890995
14355,3.9285714285714284
48666,4.419642857142857
11659,4.730769230769231
73758,4.214285714285714
53992,4.833333333333333
90788,3.96875
45875,4.581818181818182
95916,4.283018867924528
11464,4.528301886792453
100456,4.509090909090909
27032,4.394736842105263
23025,4.636363636363637
89896,4.48936170212766
91664,4.507692307692308
98819,4.54054054054054
40179,4.357142857142857
50055,4.405405405405405
32966,4.631578947368421
27977,4.846153846153846
57360,4.53125
58124,4.310344827586207
31317,4.503875968992248
74976,4.375
8525,4.6976744186046515
42849,4.478260869565218
102072,4.038461538461538
83710,4.627450980392157
76096,4.814285714285714
76971,4.621621621621622
11870,4.21875
4604,4.5701754385964914
47957,4.209302325581396
58001,4.28125
103787,4.375
9174,4.5
31021,4.62
15703,3.769230769230769
25478,4.586666666666667
102542,4.684684684684685
24352,4.379310344827586
77007,4.944444444444445
108421,4.571428571428571
20640,4.719512195121951
17854,4.585365853658536
3873,4.827586206896552
19148,4.818181818181818
81226,4.375
26719,4.661764705882353
60836,4.333333333333333
42301,4.6125
82640,4.714285714285714
102783,4.426229508196721
10852,4.5054945054945055
21077,4.4868421052631575
48876,3.8095238095238093
31704,4.619047619047619
72972,4.285714285714286
69644,4.653846153846154
9730,4.714285714285714
90087,4.657894736842105
97996,4.618181818181818
108399,4.571428571428571
58132,4.310344827586207
51699,4.651515151515151
28352,4.589743589743589
97992,4.764705882352941
6863,4.391304347826087
23528,4.78974358974359
63032,4.597560975609756
69828,4.275862068965517
11729,4.46875
54943,4.410958904109589
5771,4.6875
94094,4.0
104050,4.16
59666,4.456521739130435
2369,4.673267326732673
89065,4.576923076923077
12408,4.368421052631579
84516,4.518518518518518
101308,4.642857142857143
62887,3.9272727272727272
35787,4.338983050847458
50124,4.583333333333333
40803,4.8161764705882355
87685,4.695652173913044
40,4.333333333333333
59372,4.6395348837209305
6279,4.440677966101695
43963,4.6440677966101696
6179,4.440677966101695
56100,4.525
41147,4.525
54658,4.416666666666667
101982,4.636363636363637
76436,4.827338129496403
51604,4.678571428571429
89901,4.48936170212766
63241,3.979591836734694
49734,4.476744186046512
50624,4.545454545454546
107009,4.4772727272727275
66426,4.704433497536946
23052,4.636363636363637
25121,4.673469387755102
39534,4.846456692913386
105273,4.8125
2056,4.436842105263158
49212,4.469565217391304
46045,4.666666666666667
75165,4.64
76115,4.814285714285714
37137,4.018867924528302
95568,3.911764705882353
56331,4.476923076923077
104230,4.425
4627,4.5701754385964914
10654,4.443298969072165
43957,4.6440677966101696
34847,4.171428571428572
73253,4.398230088495575
73540,4.553719008264463
42812,4.478260869565218
31903,4.303030303030303
54727,4.623376623376624
48252,4.621951219512195
62228,4.6
40478,4.75
24391,4.379310344827586
86496,4.7727272727272725
101434,4.42
105300,4.541666666666667
31646,4.619047619047619
224,4.389380530973451
68948,4.75
1950,4.436842105263158
77780,4.611111111111111
9891,4.68141592920354
6350,4.181818181818182
31019,4.62
51605,4.678571428571429
18541,4.773584905660377
48368,4.171428571428572
100398,4.509090909090909
16313,4.60655737704918
9381,4.34375
104697,4.205128205128205
2310,4.431578947368421
65448,4.6875
91178,4.56
95469,4.153846153846154
36571,4.535885167464115
73305,4.53125
105778,4.4
24140,4.848314606741573
52560,3.951219512195122
103306,4.4423076923076925
51892,3.857142857142857
26114,4.621848739495798
100864,4.732142857142857
103731,4.27027027027027
98151,4.12
50446,4.08
15137,4.782608695652174
44463,4.497607655502392
55775,4.576923076923077
70052,4.663461538461538
34677,4.778688524590164
316,4.389380530973451
98903,4.461538461538462
12965,4.580357142857143
19316,4.780487804878049
12989,4.580357142857143
56063,4.525
2242,4.431578947368421
39056,4.664893617021277
39395,4.846456692913386
22134,4.350877192982456
21903,4.739130434782608
66677,4.037037037037037
81744,4.640718562874252
96515,4.564102564102564
68933,4.75
74654,4.483870967741935
85836,4.540983606557377
12413,4.368421052631579
38927,4.664893617021277
60390,4.684210526315789
96665,3.9344262295081966
80875,4.3076923076923075
48689,4.35
107727,4.689655172413793
70533,4.6
21438,4.068965517241379
8839,4.3858267716535435
945,4.189473684210526
100985,4.45945945945946
43190,4.642487046632124
98701,4.328947368421052
106126,4.440476190476191
57205,4.514285714285714
75746,4.583333333333333
3579,4.444444444444445
58295,4.494623655913978
38374,4.2809917355371905
41198,4.525
99042,4.712121212121212
92427,4.490566037735849
3776,4.538461538461538
29523,4.597402597402597
53810,4.398058252427185
23226,4.4739336492890995
68524,4.0754716981132075
33569,4.411764705882353
83703,4.627450980392157
105649,4.23404255319149
21707,4.433962264150943
17107,4.474226804123711
56549,4.720588235294118
13587,4.333333333333333
78306,4.653333333333333
21434,4.851851851851852
36457,4.535885167464115
94232,4.354166666666667
1445,4.5
10179,4.7889908256880735
86618,4.75
88765,4.780487804878049
6585,4.530769230769231
6924,4.391304347826087
22701,4.662650602409639
88371,4.375
7260,4.648148148148148
14941,4.329670329670329
73501,4.553719008264463
78011,4.625
14088,4.752688172043011
49948,4.40625
22695,4.662650602409639
98901,4.461538461538462
67665,4.081081081081081
84790,4.660377358490566
80589,4.647058823529412
89097,4.793103448275862
84711,4.72
53097,4.066666666666666
63906,4.415094339622642
33122,4.348837209302325
105249,4.8125
20031,4.712765957446808
54144,4.379310344827586
65277,4.579439252336448
10053,4.607142857142857
70741,4.705882352941177
26131,4.621848739495798
79799,4.862068965517241
13252,4.64
1223,4.633333333333334
88902,4.653846153846154
98292,4.12
91782,4.705882352941177
21554,4.297872340425532
86801,4.4411764705882355
30227,4.2727272727272725
105937,4.323529411764706
44461,4.497607655502392
54856,4.411764705882353
42554,4.504424778761062
84972,3.652173913043478
28344,4.589743589743589
12995,4.580357142857143
3481,4.521739130434782
103418,4.607142857142857
97117,4.414634146341464
16544,4.7368421052631575
51791,4.423076923076923
91009,4.476190476190476
108564,4.844444444444444
19510,4.72
56575,4.720588235294118
60610,4.125
98907,4.461538461538462
50341,4.149606299212598
64759,4.630434782608695
92764,4.666666666666667
47750,4.526315789473684
17490,4.416666666666667
98408,4.6521739130434785
63597,4.7637795275590555
107332,4.358974358974359
59217,4.346153846153846
90426,4.515151515151516
32797,4.534883720930233
50419,4.21875
46200,4.456310679611651
108574,4.844444444444444
67307,4.587209302325581
3128,4.075
106713,4.166666666666667
101415,4.42
74118,4.785714285714286
53470,4.4423076923076925
98509,4.775
57155,4.107692307692307
55078,4.466666666666667
27498,4.574712643678161
55223,4.466666666666667
83776,4.662650602409639
3425,4.521739130434782
66060,4.565217391304348
94060,4.0
105046,4.076923076923077
6100,4.352941176470588
94302,4.606060606060606
72339,4.633333333333334
1612,4.673076923076923
44556,4.575418994413408
97755,4.270833333333333
98289,4.12
53468,4.4423076923076925
532,4.647058823529412
59895,4.529411764705882
105928,4.862068965517241
5645,4.630434782608695
37405,4.4655172413793105
4749,4.5701754385964914
28067,4.3896103896103895
56335,4.476923076923077
36475,4.535885167464115
86852,4.857142857142857
6747,4.530769230769231
79633,4.2926829268292686
44673,4.575418994413408
21673,4.433962264150943
5183,4.111702127659575
60774,4.333333333333333
98536,4.685714285714286
8323,4.541666666666667
55021,4.410958904109589
71129,4.598214285714286
77865,4.7
88747,4.780487804878049
18959,4.379310344827586
70288,4.371428571428571
84705,4.72
96120,4.611111111111111
15259,4.346938775510204
67703,4.081081081081081
40215,4.754385964912281
90814,3.96875
97077,4.466666666666667
69451,4.357142857142857
1545,4.5
108193,4.608695652173913
89273,4.857142857142857
16987,4.588235294117647
6304,4.181818181818182
86647,4.75
76950,4.621621621621622
33240,4.6
78147,4.619047619047619
2239,4.431578947368421
20801,4.708333333333333
14984,4.329670329670329
42012,4.6020408163265305
15659,4.757575757575758
91263,4.314285714285714
58198,4.310344827586207
2781,4.557142857142857
42619,4.4646464646464645
95510,4.153846153846154
8928,4.673076923076923
44424,4.497607655502392
42708,4.4646464646464645
26183,4.490566037735849
104884,4.844444444444444
64716,4.630434782608695
54278,4.271186440677966
6526,4.354838709677419
64132,4.359375
58485,4.438356164383562
45442,4.707964601769912
10623,4.462264150943396
70195,4.483870967741935
9949,4.607142857142857
97363,4.068965517241379
47214,4.3076923076923075
98167,4.12
93371,4.758620689655173
95291,4.454545454545454
74769,4.361111111111111
11630,4.730769230769231
50982,4.428571428571429
105,4.58
89058,4.576923076923077
105518,4.538461538461538
39039,4.664893617021277
62177,4.428571428571429
54472,4.53125
32757,4.318181818181818
19499,4.72
105449,4.071428571428571
64004,3.9565217391304346
80380,4.60655737704918
21243,4.586206896551724
37728,4.485714285714286
38395,4.244897959183674
37079,4.48051948051948
17096,4.474226804123711
61066,4.541284403669724
72772,4.181818181818182
11401,4.528301886792453
37145,4.018867924528302
95930,4.283018867924528
89430,4.6909090909090905
42025,4.6020408163265305
104160,4.666666666666667
47709,4.526315789473684
99847,4.375
103692,4.27027027027027
38141,4.150943396226415
23016,4.636363636363637
83173,4.529411764705882
73841,4.384615384615385
21996,4.621621621621622
40212,4.754385964912281
71335,4.693251533742331
35402,4.479166666666667
90987,4.476190476190476
5171,4.111702127659575
102578,4.684684684684685
98421,4.6521739130434785
102924,4.478260869565218
83822,4.662650602409639
1287,4.5
50769,4.545454545454546
60264,4.354838709677419
21656,4.433962264150943
25369,4.806451612903226
29447,4.597402597402597
92436,4.36
30480,4.754310344827586
13487,4.861538461538461
23235,4.4739336492890995
59502,3.8214285714285716
21987,4.621621621621622
37520,4.280575539568345
47999,4.466666666666667
25787,4.92
105119,4.583333333333333
105717,4.545454545454546
76577,4.827338129496403
49028,4.72
87552,4.54054054054054
84264,4.855421686746988
53953,4.576923076923077
76667,4.491525423728813
68355,4.3776223776223775
24530,4.423076923076923
69571,4.653846153846154
37976,4.6938775510204085
83829,4.662650602409639
81350,4.682926829268292
56617,4.102564102564102
74011,4.391304347826087
15981,3.9615384615384617
15124,4.782608695652174
6989,4.391304347826087
49298,4.4324324324324325
98310,4.12
69002,4.269230769230769
32098,4.303030303030303
19154,4.818181818181818
58620,4.386363636363637
2651,4.428571428571429
23781,4.78974358974359
88324,4.67741935483871
88776,4.780487804878049
62391,4.5125
36166,4.086956521739131
41686,4.610921501706485
88551,4.679245283018868
6581,4.530769230769231
63417,3.9555555555555557
107339,4.696969696969697
5424,4.821428571428571
55411,4.632911392405063
91557,4.625
28042,4.3896103896103895
55705,3.891891891891892
89862,4.43859649122807
41714,4.610921501706485
93437,4.233766233766234
12111,4.317880794701987
162,4.538461538461538
60381,4.684210526315789
84194,4.604651162790698
47211,4.3076923076923075
88699,4.314285714285714
108109,4.423076923076923
24201,4.442622950819672
37790,4.835164835164835
43934,4.6440677966101696
99929,4.4324324324324325
59834,4.529411764705882
3967,4.73469387755102
25014,4.3076923076923075
72379,4.633333333333334
6551,4.478260869565218
19406,4.625
71435,4.693251533742331
29097,4.628865979381444
46025,4.666666666666667
88482,4.679245283018868
74745,4.361111111111111
3503,4.521739130434782
82177,4.583333333333333
75022,4.534883720930233
43504,4.860294117647059
72169,4.414634146341464
79240,4.83
1268,4.5
46443,4.440944881889764
39150,4.664893617021277
56766,4.4
55858,4.2926829268292686
4543,4.514285714285714
60430,4.4186046511627906
97353,4.260869565217392
15384,4.483606557377049
49130,4.469565217391304
101911,4.458333333333333
85608,4.74468085106383
17522,4.482758620689655
59713,4.456521739130435
59339,4.6395348837209305
5522,4.486111111111111
69739,4.395348837209302
53248,4.534883720930233
14380,3.9285714285714284
94402,4.114285714285714
30918,4.28
5941,4.6875
107406,4.666666666666667
73630,4.565217391304348
104449,4.513513513513513
12334,4.203125
106331,4.689655172413793
97930,4.245283018867925
58846,4.52760736196319
806,4.189473684210526
70194,4.483870967741935
103633,4.530612244897959
5557,4.486111111111111
17261,4.463768115942029
89197,4.5
17005,4.588235294117647
38022,4.6938775510204085
48772,3.7142857142857144
87996,4.472527472527473
31594,4.560975609756097
38499,4.244897959183674
98568,4.685714285714286
20469,4.579787234042553
79759,4.340909090909091
75170,4.64
52388,4.645833333333333
107623,4.575757575757576
66601,4.621212121212121
18088,4.613207547169812
70124,4.663461538461538
41719,4.610921501706485
56870,4.5
35813,4.338983050847458
1724,4.304347826086956
69544,4.21875
57725,4.848484848484849
7222,4.648148148148148
24632,4.0638297872340425
61968,4.739583333333333
87820,4.621621621621622
90976,4.471698113207547
26414,4.7
91818,4.705882352941177
87452,4.3076923076923075
27479,4.574712643678161
81575,4.413333333333333
89036,4.576923076923077
19303,4.780487804878049
35556,4.7368421052631575
18065,4.613207547169812
102545,4.684684684684685
54167,4.379310344827586
41529,4.610921501706485
3331,4.12987012987013
83154,4.529411764705882
103915,4.933333333333334
9795,4.68141592920354
89256,4.857142857142857
52080,4.285714285714286
95327,4.454545454545454
66495,4.704433497536946
69615,4.653846153846154
45451,4.707964601769912
56558,4.720588235294118
72753,4.653846153846154
93853,4.709677419354839
32403,4.457516339869281
41324,4.610921501706485
84224,4.739130434782608
78323,4.653333333333333
61783,4.464285714285714
35232,4.728155339805825
51312,4.506024096385542
47176,4.3076923076923075
52912,4.46
47534,4.302631578947368
67787,4.46969696969697
102610,4.684684684684685
26778,4.661764705882353
30608,4.754310344827586
86185,4.6976744186046515
61544,4.487804878048781
21321,4.27906976744186
94985,4.535211267605634
21341,4.27906976744186
59018,4.16
35822,4.338983050847458
9547,4.7407407407407405
15870,4.481012658227848
56736,3.98
53444,4.4423076923076925
53073,4.066666666666666
92978,4.566666666666666
89573,4.589285714285714
53195,4.621212121212121
64319,4.405172413793103
28060,4.3896103896103895
39977,4.483870967741935
61296,4.470588235294118
23227,4.4739336492890995
66580,4.621212121212121
16589,4.475
42063,4.6020408163265305
37350,4.4655172413793105
67580,4.0588235294117645
3094,4.075
79005,4.449275362318841
39938,4.483870967741935
13939,4.222222222222222
91804,4.705882352941177
97609,4.698630136986301
51114,4.4375
77826,4.472222222222222
84640,4.453125
55306,4.388888888888889
23849,4.78974358974359
93617,4.586206896551724
88276,4.766666666666667
99237,4.8076923076923075
50972,4.428571428571429
57251,4.622641509433962
92880,4.815789473684211
105735,4.4
11769,4.46875
13619,4.333333333333333
105353,4.541666666666667
21948,4.387096774193548
48099,4.433333333333334
86908,4.571428571428571
29788,4.628205128205129
57741,4.848484848484849
16449,4.177777777777778
38462,4.244897959183674
39853,4.044943820224719
44060,4.602739726027397
38517,4.244897959183674
62575,4.530612244897959
67639,4.357142857142857
43642,4.1466666666666665
97113,4.414634146341464
77102,4.717948717948718
32785,4.318181818181818
25470,4.586666666666667
108186,4.608695652173913
65336,4.811320754716981
9184,4.5
2175,4.436842105263158
86833,4.857142857142857
65536,4.205882352941177
77473,4.611940298507463
25149,4.673469387755102
44890,4.889655172413793
59379,4.6395348837209305
16540,4.7368421052631575
17804,4.377358490566038
106977,4.4772727272727275
67907,4.541666666666667
78511,4.71830985915493
19273,4.318181818181818
5294,4.111702127659575
14661,4.741935483870968
74725,4.361111111111111
75697,4.583333333333333
8022,4.544303797468355
59106,4.712765957446808
250,4.389380530973451
57524,4.56
72137,4.414634146341464
37246,4.6
48088,4.433333333333334
71990,4.461538461538462
83598,4.684210526315789
94429,4.114285714285714
30421,4.754310344827586
968,4.333333333333333
86679,4.681818181818182
3508,4.521739130434782
88560,4.818181818181818
80896,4.3076923076923075
104440,4.513513513513513
100443,4.509090909090909
42541,4.504424778761062
97320,4.260869565217392
27240,4.516129032258065
62827,3.9272727272727272
8322,4.541666666666667
37776,4.835164835164835
91857,4.705882352941177
15084,4.333333333333333
26376,4.678571428571429
27956,4.846153846153846
84101,4.296296296296297
67119,4.297872340425532
5055,4.111702127659575
70588,4.6
72456,4.615384615384615
90110,4.657894736842105
11571,4.341772151898734
13057,4.6
46241,4.456310679611651
85075,4.739726027397261
69390,4.588235294117647
72688,4.531914893617022
27425,4.574712643678161
94927,4.628571428571429
61620,4.379310344827586
10561,4.462264150943396
96000,3.923076923076923
53687,4.398058252427185
80313,4.60655737704918
66451,4.704433497536946
104339,4.564102564102564
13154,4.6923076923076925
69231,4.16
13847,4.625
64533,4.0344827586206895
25504,4.586666666666667
89312,4.647058823529412
76273,4.454545454545454
1150,4.633333333333334
69282,4.607142857142857
5990,4.488372093023256
66329,4.704433497536946
99574,4.166666666666667
58731,4.52760736196319
100932,4.578947368421052
84073,4.296296296296297
4177,4.371428571428571
49591,4.457142857142857
42407,4.504424778761062
64338,4.405172413793103
43476,4.860294117647059
22416,4.662650602409639
77487,4.611940298507463
57223,4.514285714285714
90282,4.53125
46618,4.637362637362638
40932,4.8161764705882355
107932,4.590909090909091
68112,4.590909090909091
15718,3.769230769230769
51047,4.4375
69135,4.626373626373627
101207,4.5
89092,4.576923076923077
17972,4.613207547169812
91185,4.56
28607,4.2368421052631575
6616,4.530769230769231
62402,4.5125
83141,4.529411764705882
32061,4.303030303030303
7239,4.648148148148148
65554,4.205882352941177
1566,4.673076923076923
79774,4.340909090909091
63924,4.415094339622642
25690,4.793103448275862
66775,4.205128205128205
51847,4.695652173913044
38728,4.341269841269841
97416,4.56
72919,4.4603174603174605
67440,4.587209302325581
12382,4.368421052631579
72311,4.571428571428571
65798,4.121621621621622
7570,4.72
92455,4.36
21535,4.068965517241379
89116,4.793103448275862
17815,4.377358490566038
106157,4.440476190476191
56210,4.6923076923076925
73844,4.384615384615385
84306,4.855421686746988
2985,4.8
87353,4.518518518518518
24231,4.442622950819672
18420,4.773584905660377
40531,4.654545454545454
20732,4.719512195121951
14331,4.346153846153846
28008,4.3896103896103895
59734,4.456521739130435
19461,4.625
69719,4.653846153846154
66599,4.621212121212121
6894,4.391304347826087
73236,4.398230088495575
13791,4.709677419354839
41366,4.610921501706485
92568,4.634146341463414
1721,4.304347826086956
103472,4.621621621621622
54836,4.623376623376624
4705,4.5701754385964914
11432,4.528301886792453
29300,4.366197183098592
41924,4.6020408163265305
29669,4.628205128205129
89359,4.37037037037037
68208,4.3776223776223775
6917,4.391304347826087
74154,4.785714285714286
18117,4.613207547169812
39059,4.664893617021277
50996,4.4375
32760,4.318181818181818
48527,4.419642857142857
75333,4.580645161290323
42583,4.4646464646464645
44601,4.575418994413408
27487,4.574712643678161
48396,4.171428571428572
70133,4.663461538461538
28677,4.433333333333334
106234,4.452830188679245
96135,4.611111111111111
7362,4.591549295774648
5090,4.111702127659575
22187,4.805555555555555
43500,4.860294117647059
46902,4.6525423728813555
8400,4.714285714285714
17911,4.576923076923077
63828,4.485714285714286
11404,4.528301886792453
41226,4.610921501706485
36121,4.62962962962963
2098,4.436842105263158
10416,4.483870967741935
32084,4.303030303030303
102337,4.7368421052631575
66049,4.565217391304348
69551,4.653846153846154
82634,4.714285714285714
62726,4.163265306122449
53795,4.398058252427185
40895,4.8161764705882355
28184,4.5
41048,4.175438596491228
54463,4.53125
79632,4.2926829268292686
43397,4.860294117647059
90508,4.666666666666667
9523,4.363636363636363
93578,4.586206896551724
21778,4.409090909090909
99198,4.354838709677419
93927,4.586206896551724
18693,4.673267326732673
82457,4.8743169398907105
53116,4.621212121212121
93337,4.758620689655173
40900,4.8161764705882355
78609,4.456521739130435
93476,4.233766233766234
40967,4.175438596491228
70825,4.28
84210,4.739130434782608
36935,4.7105263157894735
73060,4.655172413793103
60898,4.541284403669724
15393,4.483606557377049
48723,4.35
95713,4.260869565217392
80420,4.60655737704918
41774,4.6020408163265305
81519,4.413333333333333
45517,4.435897435897436
107182,4.5625
20671,4.719512195121951
88621,4.818181818181818
101549,4.793103448275862
28107,4.3896103896103895
29920,4.402298850574713
98479,4.775
78800,3.986666666666667
17185,4.474226804123711
2378,4.673267326732673
28767,4.433333333333334
42168,4.6125
35256,4.728155339805825
36416,4.535885167464115
11930,4.317880794701987
16730,4.576923076923077
25691,4.793103448275862
102340,4.7368421052631575
83247,4.657894736842105
76232,4.212121212121212
80375,4.60655737704918
99216,4.8076923076923075
89196,4.5
12092,4.317880794701987
18784,4.575757575757576
94031,4.478260869565218
61276,4.470588235294118
2938,4.659090909090909
59240,4.6395348837209305
26641,4.601941747572815
9783,4.68141592920354
25484,4.586666666666667
104997,4.269230769230769
65393,4.811320754716981
36898,4.7105263157894735
63894,4.415094339622642
5073,4.111702127659575
60815,4.333333333333333
101981,4.636363636363637
91080,4.7272727272727275
99523,4.407407407407407
12485,3.8333333333333335
6944,4.391304347826087
37623,4.280575539568345
104831,4.615384615384615
12993,4.580357142857143
21897,4.739130434782608
68987,4.269230769230769
60616,4.125
37641,4.280575539568345
84926,4.783783783783784
27920,4.5928571428571425
93303,4.758620689655173
35251,4.728155339805825
102898,4.485714285714286
58667,4.52760736196319
106056,4.440476190476191
84342,4.855421686746988
40936,4.8161764705882355
82430,4.8743169398907105
50557,4.545454545454546
35442,4.479166666666667
67624,4.357142857142857
11032,4.4222222222222225
81632,4.413333333333333
10741,4.443298969072165
83724,4.627450980392157
19165,4.818181818181818
92975,4.566666666666666
14981,4.329670329670329
69289,3.8181818181818183
67610,4.0588235294117645
98604,4.428571428571429
42039,4.6020408163265305
89752,4.46969696969697
26972,4.142857142857143
97365,4.068965517241379
542,4.647058823529412
14761,4.575342465753424
107066,4.484848484848484
12782,4.65625
58959,4.16
72629,4.531914893617022
26104,4.621848739495798
28072,4.3896103896103895
34357,4.317460317460317
103689,4.27027027027027
107205,4.5625
99587,4.166666666666667
72346,4.633333333333334
89786,4.43859649122807
17592,4.857142857142857
26761,4.661764705882353
36172,4.086956521739131
54323,4.594594594594595
57830,4.204545454545454
33937,4.345864661654136
88988,4.609756097560975
10789,4.443298969072165
104638,4.214285714285714
93443,4.233766233766234
107854,4.6521739130434785
96023,4.4324324324324325
77490,4.611940298507463
73155,4.398230088495575
100093,4.290322580645161
80622,4.647058823529412
75528,4.32
40471,4.75
56038,4.525
67426,4.587209302325581
108370,4.610169491525424
1720,4.304347826086956
3368,4.12987012987013
81666,4.511627906976744
104317,4.333333333333333
43226,4.642487046632124
14207,4.752688172043011
71378,4.693251533742331
1440,4.5
5327,4.111702127659575
94578,4.25
28589,4.2368421052631575
48857,4.6521739130434785
18747,4.673267326732673
95135,4.3023255813953485
84332,4.855421686746988
24067,4.848314606741573
5976,4.6875
30302,4.260869565217392
81348,4.682926829268292
63487,4.7637795275590555
103052,4.260869565217392
50876,4.545454545454546
59107,4.712765957446808
66008,4.625
96605,3.9344262295081966
56474,4.720588235294118
87569,4.54054054054054
46351,4.456310679611651
40386,4.754385964912281
77142,4.25
41551,4.610921501706485
74441,4.685714285714286
9836,4.68141592920354
97025,4.173913043478261
106262,4.452830188679245
89704,4.46969696969697
2398,4.673267326732673
4372,4.0754716981132075
87772,4.729166666666667
10891,4.5054945054945055
51514,4.506024096385542
86718,4.583333333333333
43964,4.6440677966101696
106425,4.64
74072,4.785714285714286
93785,4.310344827586207
6908,4.391304347826087
95354,4.6571428571428575
95273,4.454545454545454
82824,4.422535211267606
82282,4.8743169398907105
9088,4.673076923076923
18469,4.773584905660377
102249,4.166666666666667
57270,4.622641509433962
29358,4.5
6829,4.391304347826087
77294,4.86
18517,4.773584905660377
89178,4.5
76476,4.827338129496403
97313,4.542857142857143
15739,4.111111111111111
76546,4.827338129496403
77936,4.56
107980,4.590909090909091
26450,4.7
85498,4.617647058823529
90999,4.476190476190476
90170,4.580645161290323
18086,4.613207547169812
4600,4.5701754385964914
9554,4.7407407407407405
55399,4.632911392405063
103620,4.530612244897959
56169,4.6923076923076925
48380,4.171428571428572
64092,4.359375
5396,4.821428571428571
37673,4.280575539568345
9217,4.5
100247,4.764705882352941
69634,4.653846153846154
13383,4.82051282051282
35659,4.421875
10998,4.4222222222222225
25211,4.673469387755102
16175,4.5
62563,4.530612244897959
58529,4.438356164383562
103627,4.530612244897959
101673,4.608695652173913
39950,4.483870967741935
40794,4.8161764705882355
66913,4.25
50502,4.342105263157895
55231,4.466666666666667
47128,4.3076923076923075
66068,4.565217391304348
107784,4.576923076923077
108296,4.610169491525424
70361,4.338983050847458
76797,4.546511627906977
71654,4.113636363636363
50296,4.149606299212598
49745,4.476744186046512
93921,4.586206896551724
15481,4.483606557377049
52814,4.435897435897436
74484,4.787878787878788
80050,4.666666666666667
43547,4.860294117647059
102411,4.384615384615385
36607,4.535885167464115
93500,4.233766233766234
78294,4.653333333333333
103645,4.530612244897959
80816,4.709677419354839
93795,4.310344827586207
44253,4.497607655502392
42114,4.6125
90121,4.346153846153846
103985,4.269230769230769
102318,4.384615384615385
84873,4.660377358490566
29562,4.597402597402597
10099,4.541666666666667
1194,4.633333333333334
33287,4.594594594594595
64654,4.630434782608695
53940,4.723404255319149
78384,4.653333333333333
17861,4.585365853658536
22045,4.350877192982456
83579,4.684210526315789
40886,4.8161764705882355
6531,4.354838709677419
3451,4.521739130434782
106147,4.440476190476191
87114,4.793103448275862
12801,4.65625
93352,4.758620689655173
34881,4.171428571428572
78363,4.653333333333333
47870,4.073170731707317
34026,4.345864661654136
22515,4.660714285714286
17122,4.474226804123711
19357,4.780487804878049
18990,4.379310344827586
48751,3.7142857142857144
14349,3.9285714285714284
72295,4.571428571428571
76262,4.212121212121212
72251,4.414634146341464
107426,4.666666666666667
70187,4.483870967741935
28909,4.628865979381444
5426,4.821428571428571
46403,4.440944881889764
100480,4.454545454545454
65979,4.28
39684,4.846456692913386
38903,4.664893617021277
74033,4.391304347826087
99746,4.623529411764705
25500,4.586666666666667
5126,4.111702127659575
66290,4.704433497536946
9898,4.68141592920354
9716,4.714285714285714
44442,4.497607655502392
49466,4.1875
11740,4.46875
67145,4.297872340425532
89101,4.793103448275862
91632,4.507692307692308
25639,4.560975609756097
51920,3.857142857142857
91864,4.705882352941177
11862,4.21875
84657,4.72
4448,4.102941176470588
105243,4.8125
13210,4.634146341463414
49793,4.476744186046512
52459,4.2
36582,4.535885167464115
58061,4.310344827586207
41957,4.6020408163265305
56282,4.6923076923076925
20857,4.14
34165,4.517241379310345
10643,4.462264150943396
85365,4.4
75830,4.225806451612903
33622,4.411764705882353
37816,4.835164835164835
84111,4.296296296296297
89060,4.576923076923077
82682,4.423076923076923
85199,4.3088235294117645
105658,4.23404255319149
35210,4.728155339805825
13184,4.634146341463414
90176,4.580645161290323
63146,4.534883720930233
31596,4.560975609756097
61418,4.627659574468085
15271,4.346938775510204
54516,4.0
16119,4.5
84488,4.518518518518518
105507,4.655172413793103
77573,4.5
57986,4.28125
87717,4.729166666666667
77395,4.305084745762712
50392,4.21875
49881,4.40625
87398,4.5
14139,4.752688172043011
34898,4.171428571428572
107204,4.5625
44746,4.575418994413408
44722,4.575418994413408
12218,4.575
61446,4.627659574468085
52705,4.413793103448276
27133,4.576923076923077
66386,4.704433497536946
59252,4.6395348837209305
64729,4.630434782608695
54887,4.411764705882353
56204,4.6923076923076925
75320,4.580645161290323
51925,3.857142857142857
75715,4.583333333333333
105160,3.9166666666666665
29776,4.628205128205129
19887,3.9322033898305087
11142,4.585106382978723
105366,4.541666666666667
28251,4.62
106642,4.523809523809524
69826,4.275862068965517
92920,4.923076923076923
88466,4.679245283018868
73533,4.553719008264463
9103,4.673076923076923
66243,4.704433497536946
92047,4.745454545454545
12697,4.544303797468355
13984,4.222222222222222
94022,4.478260869565218
99414,4.363636363636363
88206,4.115384615384615
82212,4.8743169398907105
44541,4.575418994413408
33586,4.411764705882353
67184,4.587209302325581
32206,4.457516339869281
63323,4.58
58861,4.52760736196319
95282,4.454545454545454
59500,3.8214285714285716
54954,4.410958904109589
86559,4.655172413793103
72442,4.615384615384615
39099,4.664893617021277
49550,4.4324324324324325
23157,4.4739336492890995
60512,4.630769230769231
62919,4.333333333333333
41338,4.610921501706485
65819,4.121621621621622
28889,4.628865979381444
99995,4.344827586206897
82769,4.433333333333334
92906,4.923076923076923
22051,4.350877192982456
85837,4.540983606557377
86842,4.857142857142857
67153,4.297872340425532
21036,4.7
86894,4.571428571428571
108267,4.625
14097,4.752688172043011
92177,4.536585365853658
73103,4.398230088495575
58766,4.52760736196319
50859,4.545454545454546
75973,4.079365079365079
43138,4.642487046632124
20195,4.548387096774194
42377,4.504424778761062
27699,4.5928571428571425
103287,3.5217391304347827
20406,4.579787234042553
15262,4.346938775510204
58137,4.310344827586207
106510,4.193548387096774
91193,4.314285714285714
107829,4.6521739130434785
53277,4.534883720930233
26144,4.621848739495798
70172,4.483870967741935
41169,4.525
2862,4.557142857142857
69224,4.16
14000,4.222222222222222
42431,4.504424778761062
57502,4.56
81551,4.413333333333333
18379,4.627906976744186
92650,4.8
73457,4.553719008264463
96813,4.826086956521739
235,4.389380530973451
13367,4.82051282051282
94832,3.9615384615384617
94598,4.25
20979,4.448275862068965
89477,4.6909090909090905
69140,4.626373626373627
31416,4.503875968992248
539,4.647058823529412
29375,4.5
538,4.647058823529412
103078,4.260869565217392
38089,4.150943396226415
74863,4.341463414634147
108067,4.130434782608695
95239,3.88
80675,4.730769230769231
11503,4.341772151898734
50062,4.405405405405405
55445,4.632911392405063
98715,4.328947368421052
38890,4.664893617021277
10260,4.7889908256880735
51902,3.857142857142857
4929,4.651162790697675
44910,4.889655172413793
33751,4.442622950819672
16872,4.492957746478873
80563,4.619047619047619
66530,4.704433497536946
26132,4.621848739495798
59935,4.529411764705882
95789,3.96875
56957,4.107692307692307
79112,4.83
65620,4.509090909090909
76374,4.827338129496403
88140,4.162162162162162
68578,4.7317073170731705
49699,4.439024390243903
103234,4.096774193548387
96416,4.448275862068965
94230,4.354166666666667
64352,4.405172413793103
869,4.189473684210526
17937,4.576923076923077
63791,4.739130434782608
781,4.605263157894737
70974,4.598214285714286
33504,4.35
13389,4.82051282051282
8458,4.714285714285714
13934,4.743589743589744
32981,4.631578947368421
76590,4.491525423728813
44849,4.889655172413793
37916,4.6938775510204085
61790,4.464285714285714
98499,4.775
45070,4.889655172413793
100900,4.578947368421052
57721,4.742574257425742
64215,4.487804878048781
36791,4.7105263157894735
19251,4.318181818181818
45987,4.666666666666667
21594,4.297872340425532
29320,4.366197183098592
8757,4.3858267716535435
81730,4.640718562874252
17850,4.585365853658536
85354,4.4
92165,4.875
50910,4.545454545454546
50194,4.149606299212598
13526,4.861538461538461
35644,4.421875
93002,4.459016393442623
66956,4.548387096774194
95699,4.482758620689655
67133,4.297872340425532
93637,4.733333333333333
55286,4.388888888888889
14098,4.752688172043011
47353,4.081967213114754
21059,4.7
10928,4.5054945054945055
388,4.389380530973451
54667,4.416666666666667
58585,4.386363636363637
62672,4.488888888888889
21074,4.7
47041,4.32
14688,4.258064516129032
79911,4.435897435897436
19261,4.318181818181818
47027,4.32
44915,4.889655172413793
76278,4.454545454545454
55037,4.410958904109589
61356,4.627659574468085
4245,4.423076923076923
12437,4.368421052631579
20092,4.712765957446808
96938,4.0
74173,4.785714285714286
72371,4.633333333333334
1344,4.5
55740,3.6129032258064515
17226,4.474226804123711
2949,4.659090909090909
52865,4.435897435897436
525,4.647058823529412
19630,4.5396825396825395
95176,4.3023255813953485
11529,4.341772151898734
88455,4.59375
50542,4.342105263157895
51654,4.651515151515151
64530,4.0344827586206895
33107,4.348837209302325
41735,4.610921501706485
38304,4.2809917355371905
81075,4.413793103448276
99877,4.4324324324324325
58240,4.494623655913978
86946,4.642857142857143
19819,4.517241379310345
3172,4.1923076923076925
76705,4.608695652173913
83515,4.433333333333334
86141,4.6976744186046515
88945,4.609756097560975
47291,4.3076923076923075
74634,4.483870967741935
82024,4.640718562874252
7343,4.591549295774648
15225,4.346938775510204
98506,4.775
92805,4.666666666666667
35330,4.1454545454545455
2908,4.659090909090909
16464,4.177777777777778
82437,4.8743169398907105
37762,4.835164835164835
89153,4.5
46540,4.440944881889764
4882,4.651162790697675
102595,4.684684684684685
58181,4.310344827586207
80456,4.619047619047619
77685,4.5
99756,4.623529411764705
70316,4.371428571428571
50238,4.149606299212598
15026,4.329670329670329
4831,4.651162790697675
87069,4.793103448275862
57638,4.742574257425742
17818,4.377358490566038
82687,4.423076923076923
45288,4.707964601769912
35408,4.479166666666667
61139,4.616279069767442
53144,4.621212121212121
89336,4.647058823529412
48458,4.090909090909091
30439,4.754310344827586
85994,4.404040404040404
86755,4.583333333333333
80742,4.423076923076923
16916,4.492957746478873
29404,4.5
90323,4.53125
85317,4.4
56706,3.98
92270,4.555555555555555
65817,4.121621621621622
89978,4.717391304347826
31697,4.619047619047619
63505,4.7637795275590555
84652,4.72
6638,4.530769230769231
4828,4.651162790697675
105882,4.862068965517241
9259,4.36
85623,4.583333333333333
34333,4.317460317460317
35774,4.338983050847458
67575,4.0588235294117645
17834,4.585365853658536
88237,4.115384615384615
100951,4.578947368421052
48559,4.419642857142857
101266,4.035714285714286
73144,4.398230088495575
50271,4.149606299212598
61432,4.627659574468085
85543,4.74468085106383
4205,4.371428571428571
92597,4.634146341463414
86523,4.655172413793103
38937,4.664893617021277
35720,4.421875
47589,4.704918032786885
7955,4.743243243243243
7730,4.743243243243243
34191,4.5588235294117645
32009,4.303030303030303
108497,4.641025641025641
42236,4.6125
26029,4.621848739495798
74664,4.483870967741935
83895,4.662650602409639
61959,4.739583333333333
107759,4.689655172413793
93376,4.233766233766234
104184,4.425
68717,4.444444444444445
20797,4.708333333333333
20133,4.712765957446808
63388,4.58
7207,4.648148148148148
5651,4.630434782608695
44691,4.575418994413408
34419,4.7105263157894735
103649,4.530612244897959
8385,4.714285714285714
47240,4.3076923076923075
11992,4.317880794701987
84400,4.490566037735849
96717,4.3
43798,4.6440677966101696
59088,4.712765957446808
31314,4.503875968992248
71371,4.693251533742331
71533,4.693251533742331
42525,4.504424778761062
49049,4.130434782608695
35926,4.338983050847458
85781,4.5588235294117645
3282,4.12987012987013
21998,4.621621621621622
99232,4.8076923076923075
31925,4.303030303030303
101968,4.636363636363637
108121,4.423076923076923
103213,4.096774193548387
35559,4.7368421052631575
96091,4.611111111111111
24925,4.5625
37620,4.280575539568345
99843,4.375
68398,4.3776223776223775
58499,4.438356164383562
24757,4.2727272727272725
31797,4.619047619047619
101489,4.333333333333333
91414,4.484210526315789
104149,4.666666666666667
107159,4.5625
50437,4.21875
71970,4.461538461538462
79910,4.435897435897436
28553,4.84375
17317,4.463768115942029
76388,4.827338129496403
30123,4.5625
19956,3.9322033898305087
42688,4.4646464646464645
89996,4.717391304347826
69536,4.21875
17580,4.857142857142857
105388,4.5
33178,4.6
16293,4.60655737704918
74117,4.785714285714286
66006,4.625
23228,4.4739336492890995
47174,4.3076923076923075
83670,4.627450980392157
37299,4.6
72200,4.414634146341464
33360,4.594594594594595
48269,4.621951219512195
105562,4.384615384615385
102624,4.684684684684685
61072,4.541284403669724
28758,4.433333333333334
63874,4.485714285714286
15019,4.329670329670329
65768,4.411764705882353
92814,4.666666666666667
84975,3.652173913043478
17839,4.585365853658536
14747,4.575342465753424
48309,4.171428571428572
81821,4.640718562874252
50003,4.102564102564102
23786,4.78974358974359
10004,4.607142857142857
51645,4.651515151515151
35318,4.1454545454545455
17282,4.463768115942029
46127,4.666666666666667
104015,4.16
93705,4.478260869565218
4614,4.5701754385964914
6717,4.530769230769231
84938,4.783783783783784
19378,4.625
17155,4.474226804123711
92897,4.815789473684211
71784,4.440677966101695
33209,4.6
2628,4.526315789473684
993,4.333333333333333
87663,4.695652173913044
67364,4.587209302325581
32482,4.741007194244604
68284,4.3776223776223775
26443,4.7
38147,4.150943396226415
72204,4.414634146341464
85158,4.3088235294117645
42860,4.478260869565218
52140,4.285714285714286
83071,4.636363636363637
71738,4.440677966101695
5414,4.821428571428571
461,4.464285714285714
56535,4.720588235294118
79677,4.378378378378378
12376,4.203125
47134,4.3076923076923075
48721,4.35
47916,4.209302325581396
14595,4.410256410256411
88475,4.679245283018868
33716,4.442622950819672
62838,3.9272727272727272
63848,4.485714285714286
69604,4.653846153846154
40662,4.26
92144,4.875
68456,4.0754716981132075
56780,4.4
25258,4.673469387755102
71242,4.56140350877193
11035,4.4222222222222225
7839,4.743243243243243
94051,4.0
63324,4.58
3770,4.538461538461538
27779,4.5928571428571425
4925,4.651162790697675
95833,4.166666666666667
88599,4.818181818181818
57557,4.742574257425742
106435,4.769230769230769
26582,4.601941747572815
54956,4.410958904109589
100350,4.419354838709677
26839,4.475
85767,4.5588235294117645
12982,4.580357142857143
71023,4.598214285714286
38086,4.150943396226415
98484,4.775
33576,4.411764705882353
41658,4.610921501706485
25001,4.3076923076923075
70068,4.663461538461538
37445,4.280575539568345
78899,3.986666666666667
36327,4.535885167464115
15895,4.481012658227848
79140,4.83
85283,4.868421052631579
30692,4.754310344827586
18427,4.773584905660377
3881,4.827586206896552
20875,4.14
48496,4.419642857142857
71781,4.440677966101695
36998,4.48051948051948
92687,4.521739130434782
44437,4.497607655502392
37788,4.835164835164835
107617,4.575757575757576
4939,4.651162790697675
78712,4.375
92384,4.490566037735849
83602,4.684210526315789
25209,4.673469387755102
89272,4.857142857142857
96931,4.0
26726,4.661764705882353
65569,4.647058823529412
70429,4.338983050847458
93110,4.48
21350,4.27906976744186
31641,4.619047619047619
62216,4.6
102585,4.684684684684685
72668,4.531914893617022
41768,4.6020408163265305
69843,4.275862068965517
57282,4.622641509433962
63192,4.230769230769231
27628,4.574712643678161
56295,4.476923076923077
6198,4.440677966101695
86895,4.571428571428571
83911,4.662650602409639
17565,4.857142857142857
32564,4.741007194244604
29854,4.155172413793103
11926,4.317880794701987
79258,4.446428571428571
34814,4.36
82798,4.433333333333334
17700,4.6
38334,4.2809917355371905
89587,4.589285714285714
68552,4.7317073170731705
53461,4.4423076923076925
71134,4.598214285714286
49177,4.469565217391304
72594,4.831325301204819
20799,4.708333333333333
47749,4.526315789473684
28315,4.589743589743589
22314,4.717948717948718
26908,4.303030303030303
10433,4.545454545454546
66355,4.704433497536946
100367,4.509090909090909
17118,4.474226804123711
37173,4.018867924528302
107258,3.75
548,4.647058823529412
24053,4.848314606741573
91417,4.484210526315789
7120,4.552238805970149
92507,4.564102564102564
103857,4.27906976744186
42055,4.6020408163265305
57566,4.742574257425742
27222,4.516129032258065
17614,4.857142857142857
99324,4.6415094339622645
104872,4.844444444444444
87022,4.634146341463414
90437,4.515151515151516
53788,4.398058252427185
63362,4.58
46856,4.6525423728813555
101858,4.3125
7878,4.743243243243243
46989,4.59375
46374,4.440944881889764
103977,4.269230769230769
17582,4.857142857142857
9557,4.7407407407407405
76813,4.546511627906977
76986,4.944444444444445
21405,4.851851851851852
2081,4.436842105263158
69990,4.663461538461538
79750,4.340909090909091
38870,4.664893617021277
37332,4.4655172413793105
60121,4.52
93144,4.48
21941,4.387096774193548
87634,4.695652173913044
20779,4.708333333333333
52727,3.9038461538461537
50387,4.21875
29728,4.628205128205129
74525,4.787878787878788
42056,4.6020408163265305
6773,4.530769230769231
63066,4.597560975609756
21019,4.448275862068965
67745,4.416666666666667
72898,4.4603174603174605
61575,4.379310344827586
47255,4.3076923076923075
91295,4.314285714285714
104747,4.468085106382978
14235,4.752688172043011
33485,4.35
49853,4.476744186046512
29288,4.366197183098592
85060,4.739726027397261
90860,3.96875
12096,4.317880794701987
30766,4.754310344827586
36345,4.535885167464115
62458,4.5125
23024,4.636363636363637
108093,4.130434782608695
47700,4.526315789473684
93227,4.714285714285714
6213,4.440677966101695
27401,4.574712643678161
71697,4.440677966101695
75897,4.079365079365079
70751,4.705882352941177
90576,4.404761904761905
37140,4.018867924528302
14820,4.575342465753424
57672,4.742574257425742
4566,4.514285714285714
73689,4.205128205128205
84696,4.72
62558,4.530612244897959
58114,4.310344827586207
9300,4.520833333333333
73851,4.384615384615385
67176,4.587209302325581
36343,4.535885167464115
32634,4.741007194244604
32143,4.303030303030303
13300,4.821428571428571
64891,4.300970873786408
18171,4.613207547169812
47764,4.1
156,4.538461538461538
92246,4.536585365853658
42965,4.5675675675675675
78668,4.583333333333333
86579,4.8
56244,4.6923076923076925
8809,4.3858267716535435
76814,4.546511627906977
43175,4.642487046632124
9445,4.363636363636363
41136,4.404255319148936
23089,4.590909090909091
9250,4.36
72583,4.831325301204819
93418,4.233766233766234
93863,4.258064516129032
23419,4.4739336492890995
80611,4.647058823529412
2383,4.673267326732673
47896,4.073170731707317
11923,4.5
88767,4.780487804878049
19180,4.318181818181818
73303,4.53125
12055,4.317880794701987
71239,4.56140350877193
50081,4.405405405405405
8796,4.3858267716535435
41961,4.6020408163265305
57865,4.393939393939394
25236,4.673469387755102
47777,4.1
21082,4.4868421052631575
32895,4.659574468085107
57028,4.107692307692307
88399,4.375
79704,4.378378378378378
103203,4.538461538461538
58568,4.386363636363637
102240,4.166666666666667
34734,4.778688524590164
94472,4.375
51139,4.434782608695652
88126,4.472527472527473
102454,4.814814814814815
65856,4.121621621621622
342,4.389380530973451
54430,4.53125
3270,4.12987012987013
85359,4.4
48027,3.757575757575758
32387,4.457516339869281
62738,4.163265306122449
8370,4.714285714285714
31764,4.619047619047619
50833,4.545454545454546
7680,4.606060606060606
73228,4.398230088495575
63354,4.58
74779,4.361111111111111
55348,4.632911392405063
35751,4.421875
11661,4.730769230769231
86453,4.7727272727272725
99484,4.2592592592592595
64621,4.257142857142857
15898,4.481012658227848
100201,4.764705882352941
29282,4.366197183098592
8953,4.673076923076923
19816,4.517241379310345
16542,4.7368421052631575
18016,4.613207547169812
70673,4.622641509433962
67241,4.587209302325581
19678,4.711538461538462
104940,4.666666666666667
66954,4.548387096774194
91181,4.56
59231,4.346153846153846
4713,4.5701754385964914
106544,4.483870967741935
50078,4.405405405405405
93434,4.233766233766234
97762,4.270833333333333
65502,4.205882352941177
19012,4.379310344827586
95441,4.608695652173913
72261,4.414634146341464
57323,4.622641509433962
4644,4.5701754385964914
39041,4.664893617021277
80201,4.5675675675675675
55924,4.375
2877,4.659090909090909
52794,3.9038461538461537
18538,4.773584905660377
40447,4.75
81737,4.640718562874252
95656,4.482758620689655
29853,4.155172413793103
31370,4.503875968992248
17284,4.463768115942029
90536,4.404761904761905
36466,4.535885167464115
106647,4.523809523809524
85957,4.404040404040404
5271,4.111702127659575
444,4.464285714285714
93347,4.758620689655173
11703,4.72
72977,4.285714285714286
95740,4.260869565217392
26271,4.782608695652174
94007,4.423076923076923
72881,4.4603174603174605
93949,4.586206896551724
19574,4.5396825396825395
84493,4.518518518518518
104988,4.269230769230769
472,4.464285714285714
12817,4.65625
75772,4.285714285714286
33424,4.35
30305,4.260869565217392
69766,4.395348837209302
16185,4.5
78070,4.625
41379,4.610921501706485
6909,4.391304347826087
16923,4.492957746478873
50797,4.545454545454546
84533,4.453125
52327,4.266666666666667
8437,4.714285714285714
577,4.647058823529412
90846,3.96875
20449,4.579787234042553
96035,4.4324324324324325
80511,4.619047619047619
48444,4.090909090909091
62387,4.5125
30456,4.754310344827586
58029,4.310344827586207
9468,4.363636363636363
31459,4.439024390243903
25422,4.586666666666667
6200,4.440677966101695
17922,4.576923076923077
39061,4.664893617021277
58773,4.52760736196319
102280,4.166666666666667
16587,4.475
24560,4.275862068965517
86184,4.6976744186046515
82301,4.8743169398907105
49724,4.476744186046512
108190,4.608695652173913
2634,4.526315789473684
64386,4.405172413793103
5259,4.111702127659575
24868,4.2727272727272725
60190,4.391304347826087
20821,4.14
98716,4.328947368421052
62074,4.71875
93713,4.695652173913044
4431,4.102941176470588
99632,4.535714285714286
24941,4.5625
13374,4.82051282051282
103634,4.530612244897959
79105,4.83
91967,4.745454545454545
106645,4.523809523809524
20887,4.14
38936,4.664893617021277
11200,4.585106382978723
98619,4.428571428571429
63928,4.415094339622642
43250,4.642487046632124
67101,4.297872340425532
89873,4.43859649122807
19004,4.379310344827586
29153,4.628865979381444
510,4.464285714285714
75642,4.583333333333333
64977,4.300970873786408
20173,4.712765957446808
36234,4.428571428571429
92479,4.36
94367,4.257142857142857
16469,4.177777777777778
64432,4.405172413793103
96151,4.5
66501,4.704433497536946
37835,4.835164835164835
105730,4.4
101957,4.636363636363637
58031,4.310344827586207
30640,4.754310344827586
49655,4.439024390243903
36362,4.535885167464115
30838,4.28
16647,4.475
40071,4.275862068965517
63236,3.979591836734694
42982,4.5675675675675675
54880,4.411764705882353
29967,4.402298850574713
44507,4.497607655502392
69301,3.8181818181818183
9104,4.673076923076923
100292,4.0
65804,4.121621621621622
106507,4.193548387096774
77062,4.717948717948718
4376,4.0754716981132075
37541,4.280575539568345
3397,4.12987012987013
93750,4.695652173913044
13221,4.634146341463414
355,4.389380530973451
81411,4.804878048780488
106695,4.523809523809524
104674,4.205128205128205
80363,4.60655737704918
65064,4.468085106382978
35840,4.338983050847458
97347,4.260869565217392
81550,4.413333333333333
9317,4.520833333333333
76729,4.608695652173913
9894,4.68141592920354
10912,4.5054945054945055
24180,4.848314606741573
32369,4.457516339869281
56967,4.107692307692307
30311,4.260869565217392
51815,4.423076923076923
81646,4.413333333333333
83828,4.662650602409639
31982,4.303030303030303
64910,4.300970873786408
99966,4.6521739130434785
73394,4.553719008264463
97142,4.414634146341464
36022,3.739130434782609
40097,4.275862068965517
54507,4.0
14931,4.329670329670329
71442,4.693251533742331
80521,4.619047619047619
75761,4.285714285714286
78096,4.625
3206,4.1923076923076925
96254,4.115384615384615
1408,4.5
7710,4.743243243243243
72317,4.571428571428571
65370,4.811320754716981
10262,4.7889908256880735
49426,4.344262295081967
69446,4.357142857142857
16616,4.475
86031,4.404040404040404
108029,4.130434782608695
59845,4.529411764705882
31102,4.388888888888889
10152,4.541666666666667
48003,4.466666666666667
99610,4.535714285714286
12992,4.580357142857143
35263,4.728155339805825
101943,4.636363636363637
71267,4.56140350877193
102972,4.68
39196,4.684210526315789
76086,4.079365079365079
41430,4.610921501706485
5984,4.488372093023256
59959,4.529411764705882
104218,4.425
35711,4.421875
47603,4.704918032786885
23568,4.78974358974359
36304,4.535885167464115
42990,4.642487046632124
15907,4.481012658227848
4412,4.102941176470588
102761,4.426229508196721
28253,4.62
78547,4.71830985915493
2193,4.431578947368421
15156,4.791666666666667
103184,4.538461538461538
58145,4.310344827586207
95122,4.3023255813953485
15063,4.333333333333333
53539,4.4423076923076925
24592,4.0638297872340425
11502,4.341772151898734
91926,4.468085106382978
1827,4.67741935483871
36831,4.7105263157894735
25968,4.621848739495798
101419,4.42
85631,4.583333333333333
24586,4.0638297872340425
67930,4.666666666666667
64915,4.300970873786408
36780,4.7105263157894735
27390,4.574712643678161
93186,4.48
84994,4.739726027397261
40067,4.275862068965517
28759,4.433333333333334
34493,4.758620689655173
36963,4.7105263157894735
36352,4.535885167464115
75394,4.580645161290323
60098,4.516129032258065
42122,4.6125
60025,4.076923076923077
9421,4.363636363636363
10932,4.5054945054945055
5566,4.486111111111111
54457,4.53125
104673,4.205128205128205
86749,4.583333333333333
80938,4.628571428571429
105128,4.583333333333333
90686,4.6923076923076925
24957,4.5625
6221,4.440677966101695
99430,4.363636363636363
30240,4.2727272727272725
55449,4.632911392405063
100171,4.571428571428571
76480,4.827338129496403
10873,4.5054945054945055
4985,4.651162790697675
42112,4.6125
908,4.189473684210526
90372,4.53125
57690,4.742574257425742
96054,4.4324324324324325
73362,4.53125
10558,4.462264150943396
8964,4.673076923076923
1727,4.304347826086956
25525,4.760869565217392
83880,4.662650602409639
7383,4.591549295774648
25767,4.92
57805,4.204545454545454
22112,4.350877192982456
69074,4.626373626373627
100425,4.509090909090909
8130,4.0
63106,4.534883720930233
42394,4.504424778761062
70130,4.663461538461538
66589,4.621212121212121
39539,4.846456692913386
25823,4.77027027027027
83700,4.627450980392157
54660,4.416666666666667
52149,4.285714285714286
93467,4.233766233766234
87102,4.793103448275862
274,4.389380530973451
86762,4.4411764705882355
57654,4.742574257425742
58053,4.310344827586207
10954,4.5054945054945055
108301,4.610169491525424
75824,4.225806451612903
31572,4.560975609756097
38213,4.2809917355371905
106874,4.416666666666667
23982,4.848314606741573
80791,4.709677419354839
86086,4.404040404040404
80683,4.730769230769231
1221,4.633333333333334
57179,4.514285714285714
83469,4.411764705882353
78113,4.625
16604,4.475
104458,4.2407407407407405
103358,4.4423076923076925
64975,4.300970873786408
17036,4.588235294117647
71688,4.440677966101695
57375,4.53125
73308,4.53125
47541,4.302631578947368
56991,4.107692307692307
42890,4.448275862068965
31909,4.303030303030303
82878,4.422535211267606
53881,4.723404255319149
64604,4.257142857142857
12532,3.8333333333333335
81981,4.640718562874252
108411,4.571428571428571
79342,4.446428571428571
99807,4.623529411764705
91912,4.468085106382978
94761,3.9375
36615,4.535885167464115
37020,4.48051948051948
55509,4.632911392405063
62722,4.488888888888889
91157,4.56
16516,4.7368421052631575
26545,4.601941747572815
7564,4.72
4697,4.5701754385964914
84511,4.518518518518518
66752,4.392857142857143
38569,4.341269841269841
80358,4.60655737704918
81287,4.541666666666667
23179,4.4739336492890995
52055,3.962962962962963
98635,4.328947368421052
62101,4.086956521739131
28791,4.433333333333334
84617,4.453125
75451,4.423728813559322
85371,4.4
31368,4.503875968992248
51898,3.857142857142857
48877,3.8095238095238093
29310,4.366197183098592
71681,4.440677966101695
71315,4.693251533742331
5074,4.111702127659575
59078,4.712765957446808
67059,4.51063829787234
62173,4.428571428571429
9480,4.363636363636363
18073,4.613207547169812
49168,4.469565217391304
83030,4.8076923076923075
4763,4.5701754385964914
55126,4.466666666666667
86142,4.6976744186046515
22982,4.636363636363637
29655,4.444444444444445
41445,4.610921501706485
30725,4.754310344827586
43744,4.1466666666666665
33542,4.411764705882353
22354,4.3478260869565215
84680,4.72
57695,4.742574257425742
47311,4.081967213114754
76354,4.827338129496403
60566,4.630769230769231
47186,4.3076923076923075
11403,4.528301886792453
70813,4.28
108618,4.844444444444444
58043,4.310344827586207
24312,4.379310344827586
22642,4.517241379310345
81642,4.413333333333333
69888,4.333333333333333
17167,4.474226804123711
68288,4.3776223776223775
83184,4.529411764705882
8816,4.3858267716535435
91352,4.484210526315789
39153,4.664893617021277
33073,4.631578947368421
64456,4.405172413793103
92340,4.730769230769231
83752,4.321428571428571
48782,3.7142857142857144
104624,4.214285714285714
48466,4.090909090909091
72041,4.037037037037037
1622,4.673076923076923
103316,4.4423076923076925
19986,4.178571428571429
100529,4.454545454545454
13851,4.625
57003,4.107692307692307
24445,4.54
53346,4.534883720930233
78433,4.71830985915493
38679,4.341269841269841
88614,4.818181818181818
51882,3.857142857142857
74185,4.785714285714286
53117,4.621212121212121
97778,4.365853658536586
18818,4.575757575757576
76871,4.546511627906977
22599,4.660714285714286
304,4.389380530973451
107436,4.666666666666667
107186,4.5625
34501,4.758620689655173
5751,4.630434782608695
104302,4.333333333333333
38013,4.6938775510204085
102505,4.684684684684685
29039,4.628865979381444
47336,4.081967213114754
28048,4.3896103896103895
21440,4.068965517241379
34337,4.317460317460317
29280,4.366197183098592
57960,4.708333333333333
12692,4.544303797468355
65515,4.205882352941177
99967,4.6521739130434785
22894,4.265822784810126
46484,4.440944881889764
20667,4.719512195121951
666,4.442622950819672
67635,4.357142857142857
46114,4.666666666666667
96670,3.9344262295081966
92912,4.923076923076923
26720,4.661764705882353
17397,4.416666666666667
11815,4.46875
66194,4.704433497536946
39033,4.664893617021277
70692,4.622641509433962
21944,4.387096774193548
65694,4.509090909090909
2584,4.526315789473684
99037,4.712121212121212
58842,4.52760736196319
28160,4.5
39101,4.664893617021277
40956,4.8161764705882355
49132,4.469565217391304
78416,4.538461538461538
35620,4.7368421052631575
83686,4.627450980392157
41077,4.404255319148936
62611,4.391304347826087
3280,4.12987012987013
7882,4.743243243243243
5381,4.821428571428571
106415,4.64
65292,4.579439252336448
104703,4.205128205128205
78029,4.625
40930,4.8161764705882355
94629,4.25
28177,4.5
42802,4.478260869565218
59548,3.8214285714285716
105668,4.23404255319149
31347,4.503875968992248
8211,4.285714285714286
73056,4.655172413793103
32454,4.457516339869281
81319,4.541666666666667
91613,4.507692307692308
23759,4.78974358974359
12306,4.203125
92116,4.875
57370,4.53125
40629,4.26
5600,4.630434782608695
44624,4.575418994413408
524,4.647058823529412
39999,4.5
56977,4.107692307692307
40255,4.754385964912281
48967,4.185185185185185
33434,4.35
66898,4.25
98174,4.12
34001,4.345864661654136
17588,4.857142857142857
69844,4.275862068965517
19257,4.318181818181818
37679,4.280575539568345
34430,4.2
4422,4.102941176470588
52689,4.413793103448276
90360,4.53125
56666,3.98
81056,4.413793103448276
53594,4.520833333333333
37711,4.485714285714286
40337,4.754385964912281
87590,4.54054054054054
30580,4.754310344827586
51014,4.4375
69597,4.653846153846154
91125,4.517241379310345
29196,4.628865979381444
24699,4.382978723404255
7666,4.606060606060606
33665,4.442622950819672
16351,4.60655737704918
20802,4.708333333333333
2117,4.436842105263158
5675,4.630434782608695
33439,4.35
42297,4.6125
7506,4.32258064516129
94173,4.354166666666667
11477,4.528301886792453
63555,4.7637795275590555
77811,4.472222222222222
71641,4.113636363636363
36306,4.535885167464115
21886,4.739130434782608
56731,3.98
4594,4.5701754385964914
37769,4.835164835164835
105026,4.076923076923077
31469,4.439024390243903
6435,4.280701754385965
25247,4.673469387755102
103039,4.151515151515151
27785,4.5928571428571425
105994,4.848484848484849
29018,4.628865979381444
23276,4.4739336492890995
17645,4.6
67070,4.51063829787234
52424,4.645833333333333
63645,4.7637795275590555
104925,4.666666666666667
80013,4.666666666666667
103551,4.463414634146342
86858,4.857142857142857
4297,4.521739130434782
77577,4.5
96504,4.4
716,4.442622950819672
87957,4.076923076923077
46439,4.440944881889764
21385,4.27906976744186
61088,3.739130434782609
93968,4.423076923076923
51506,4.506024096385542
62701,4.488888888888889
57165,4.107692307692307
88680,4.314285714285714
40820,4.8161764705882355
70248,4.538461538461538
93399,4.233766233766234
64914,4.300970873786408
106172,4.440476190476191
96723,4.3
108196,4.608695652173913
76685,4.608695652173913
6706,4.530769230769231
58748,4.52760736196319
761,4.605263157894737
63835,4.485714285714286
62378,4.5125
77716,4.611111111111111
73467,4.553719008264463
85356,4.4
79554,4.571428571428571
33579,4.411764705882353
32205,4.457516339869281
41027,4.175438596491228
107519,4.575757575757576
1876,4.436842105263158
89050,4.576923076923077
6767,4.530769230769231
53982,4.576923076923077
53646,4.043478260869565
33197,4.6
45002,4.889655172413793
103832,4.27906976744186
78562,4.456521739130435
104778,4.468085106382978
102018,4.363636363636363
100381,4.509090909090909
74109,4.785714285714286
27856,4.5928571428571425
55039,4.410958904109589
51900,3.857142857142857
86204,4.6976744186046515
35956,4.338983050847458
28825,4.433333333333334
3665,4.162162162162162
69115,4.626373626373627
30486,4.754310344827586
105929,4.323529411764706
31702,4.619047619047619
82306,4.8743169398907105
96261,4.115384615384615
81040,4.413793103448276
84808,4.660377358490566
11668,4.730769230769231
83938,4.6923076923076925
80592,4.647058823529412
57090,4.107692307692307
85627,4.583333333333333
98124,4.32
18291,4.613207547169812
81506,4.551724137931035
52189,4.285714285714286
71026,4.598214285714286
10872,4.5054945054945055
90553,4.404761904761905
7877,4.743243243243243
79042,4.6923076923076925
55362,4.632911392405063
76521,4.827338129496403
89434,4.6909090909090905
39864,4.044943820224719
51716,4.651515151515151
10898,4.5054945054945055
29158,4.628865979381444
40260,4.754385964912281
25945,4.621848739495798
76823,4.546511627906977
55928,4.375
18888,4.379310344827586
58167,4.310344827586207
104386,4.564102564102564
40707,4.26
92506,4.564102564102564
68491,4.0754716981132075
83576,4.684210526315789
10754,4.443298969072165
895,4.189473684210526
94912,4.628571428571429
18697,4.673267326732673
86658,4.681818181818182
61688,4.236363636363636
97173,4.414634146341464
97358,4.068965517241379
93124,4.48
69049,4.626373626373627
30812,4.28
79814,4.862068965517241
15151,4.782608695652174
55132,4.466666666666667
107861,4.5
33928,4.345864661654136
40059,4.5
45869,4.581818181818182
6336,4.181818181818182
56849,4.5
39303,4.846456692913386
29754,4.628205128205129
27833,4.5928571428571425
29046,4.628865979381444
103165,4.538461538461538
1514,4.5
101575,4.793103448275862
4563,4.514285714285714
3880,4.827586206896552
61042,4.541284403669724
46821,4.6525423728813555
96985,4.515151515151516
18241,4.613207547169812
101624,4.655172413793103
25855,4.77027027027027
14830,4.575342465753424
90275,4.53125
105059,4.076923076923077
94954,4.535211267605634
70888,4.5
40474,4.75
37910,4.6938775510204085
14049,4.769230769230769
788,4.605263157894737
45360,4.707964601769912
88030,4.472527472527473
48043,3.757575757575758
41416,4.610921501706485
27147,4.576923076923077
33925,4.345864661654136
50032,4.102564102564102
72627,4.531914893617022
37955,4.6938775510204085
18790,4.575757575757576
92575,4.634146341463414
83878,4.662650602409639
69317,3.8181818181818183
26860,4.303030303030303
98740,4.328947368421052
44439,4.497607655502392
19747,4.711538461538462
95714,4.260869565217392
11587,4.341772151898734
61842,4.464285714285714
8683,4.684210526315789
40751,4.8161764705882355
84638,4.453125
73395,4.553719008264463
95305,4.454545454545454
98852,4.5
103970,4.269230769230769
29727,4.628205128205129
52618,4.454545454545454
51551,4.506024096385542
89553,4.589285714285714
48019,4.466666666666667
97457,4.393939393939394
107089,4.583333333333333
38497,4.244897959183674
13114,4.6923076923076925
71760,4.440677966101695
21737,4.409090909090909
61690,4.236363636363636
14936,4.329670329670329
18724,4.673267326732673
84257,4.855421686746988
88759,4.780487804878049
19920,3.9322033898305087
52993,4.25
97383,4.068965517241379
63426,3.9555555555555557
57105,4.107692307692307
13786,4.709677419354839
9597,4.619047619047619
50618,4.545454545454546
87233,4.162162162162162
87354,4.518518518518518
10244,4.7889908256880735
11107,4.352941176470588
14168,4.752688172043011
12909,4.580357142857143
51381,4.506024096385542
37828,4.835164835164835
101435,4.42
65326,4.811320754716981
15390,4.483606557377049
65828,4.121621621621622
46541,4.440944881889764
83756,4.321428571428571
36637,4.25
36186,4.086956521739131
65538,4.205882352941177
54495,4.0
51782,4.423076923076923
51230,4.163934426229508
22369,4.662650602409639
15998,3.9615384615384617
85531,4.74468085106383
81242,3.896551724137931
42606,4.4646464646464645
72209,4.414634146341464
104017,4.16
20496,4.579787234042553
73942,4.384615384615385
80221,4.60655737704918
67243,4.587209302325581
68316,4.3776223776223775
20012,4.178571428571429
37784,4.835164835164835
28274,4.62
37865,4.835164835164835
12060,4.317880794701987
38463,4.244897959183674
15568,3.9361702127659575
49907,4.40625
9743,4.68141592920354
2392,4.673267326732673
64736,4.630434782608695
87345,4.518518518518518
26569,4.601941747572815
75990,4.079365079365079
54691,4.416666666666667
32354,4.457516339869281
62504,4.130434782608695
33851,4.62962962962963
9961,4.607142857142857
48651,4.419642857142857
10195,4.7889908256880735
59279,4.6395348837209305
44720,4.575418994413408
75901,4.079365079365079
99179,4.354838709677419
88241,4.115384615384615
92774,4.666666666666667
75114,4.64
23309,4.4739336492890995
96256,4.115384615384615
14687,4.258064516129032
2469,4.673267326732673
80107,4.5675675675675675
77418,4.305084745762712
107233,3.75
83241,4.657894736842105
91289,4.314285714285714
2639,4.428571428571429
47702,4.526315789473684
62029,4.739583333333333
79446,4.735294117647059
27049,4.324324324324325
10886,4.5054945054945055
47220,4.3076923076923075
87403,4.5
59623,4.728813559322034
59109,4.712765957446808
93304,4.758620689655173
54279,4.271186440677966
65244,4.579439252336448
25013,4.3076923076923075
94508,4.461538461538462
50953,4.428571428571429
49345,4.344262295081967
95222,3.88
92076,4.875
10599,4.462264150943396
57382,4.53125
70804,4.28
42307,4.6125
88810,4.730769230769231
48811,4.6521739130434785
52715,3.9038461538461537
16557,4.7368421052631575
104220,4.425
43937,4.6440677966101696
20831,4.14
98271,4.12
41821,4.6020408163265305
39885,4.483870967741935
18566,4.773584905660377
87458,4.3076923076923075
35382,4.1454545454545455
82632,4.714285714285714
63350,4.58
21537,4.068965517241379
46636,4.637362637362638
76254,4.212121212121212
84238,4.739130434782608
21286,4.769230769230769
66664,4.037037037037037
95705,4.482758620689655
11959,4.317880794701987
105618,4.23404255319149
90535,4.404761904761905
23506,4.4739336492890995
101483,4.333333333333333
89034,4.576923076923077
95562,3.911764705882353
84807,4.660377358490566
101385,4.42
96689,4.3
97234,4.487804878048781
28341,4.589743589743589
17097,4.474226804123711
51650,4.651515151515151
44344,4.497607655502392
73001,4.285714285714286
21248,4.586206896551724
33486,4.35
100673,4.391304347826087
95458,4.153846153846154
27590,4.574712643678161
54499,4.0
81137,4.631578947368421
22468,4.662650602409639
616,4.442622950819672
16696,4.705882352941177
85910,4.540983606557377
70827,4.28
59478,4.112903225806452
23345,4.4739336492890995
41212,4.525
80688,3.9
59541,3.8214285714285716
93160,4.48
8555,4.6976744186046515
17398,4.416666666666667
43754,4.1466666666666665
41666,4.610921501706485
86491,4.7727272727272725
12542,3.8333333333333335
39090,4.664893617021277
12859,4.580357142857143
108083,4.130434782608695
83622,4.684210526315789
95011,4.535211267605634
102189,4.321428571428571
24272,4.442622950819672
103996,4.269230769230769
66876,4.205128205128205
95407,4.608695652173913
45254,4.084745762711864
28578,4.84375
72189,4.414634146341464
6330,4.181818181818182
83557,4.684210526315789
101653,4.655172413793103
69675,4.653846153846154
690,4.442622950819672
59675,4.456521739130435
26307,4.366666666666666
64086,4.359375
70785,4.28
106776,4.702702702702703
95429,4.608695652173913
59486,4.112903225806452
78927,4.449275362318841
74986,4.375
74895,4.583333333333333
64180,4.487804878048781
100680,4.391304347826087
43482,4.860294117647059
60494,4.630769230769231
30017,4.402298850574713
102914,4.478260869565218
101963,4.636363636363637
31293,4.503875968992248
48592,4.419642857142857
81657,4.511627906976744
103265,3.5217391304347827
45581,4.435897435897436
105219,4.703703703703703
65056,4.468085106382978
34818,4.36
79648,4.2926829268292686
47171,4.3076923076923075
79444,4.735294117647059
61557,4.487804878048781
14794,4.575342465753424
13902,4.743589743589744
102926,4.478260869565218
67584,4.0588235294117645
94763,3.9375
7067,4.552238805970149
98106,4.32
83014,4.8076923076923075
4168,4.371428571428571
61414,4.627659574468085
76619,4.491525423728813
82401,4.8743169398907105
70629,4.622641509433962
27406,4.574712643678161
95333,4.454545454545454
72406,4.615384615384615
22427,4.662650602409639
98799,4.54054054054054
88894,4.653846153846154
17822,4.377358490566038
75623,4.32
68096,4.590909090909091
13237,4.634146341463414
56588,4.102564102564102
81664,4.511627906976744
19854,4.517241379310345
26776,4.661764705882353
12124,4.317880794701987
16402,4.135135135135135
77773,4.611111111111111
70041,4.663461538461538
48227,4.621951219512195
4792,4.5701754385964914
30103,4.5625
87749,4.729166666666667
55265,4.388888888888889
93222,4.714285714285714
88842,4.730769230769231
79896,4.435897435897436
33786,4.62962962962963
76386,4.827338129496403
86172,4.6976744186046515
22026,4.621621621621622
57698,4.742574257425742
103677,4.27027027027027
103912,4.32
2948,4.659090909090909
18958,4.379310344827586
89117,4.793103448275862
72482,4.831325301204819
38227,4.2809917355371905
78080,4.625
83371,4.194444444444445
56278,4.6923076923076925
5789,4.6875
103780,4.375
68234,4.3776223776223775
22773,4.662650602409639
59637,4.728813559322034
97947,4.764705882352941
27766,4.5928571428571425
71880,4.412698412698413
55747,3.6129032258064515
44534,4.575418994413408
44744,4.575418994413408
72121,4.27027027027027
85807,4.5588235294117645
34175,4.517241379310345
18783,4.575757575757576
20275,4.620689655172414
94979,4.535211267605634
106760,4.702702702702703
107885,4.5
34752,4.15625
71769,4.440677966101695
31945,4.303030303030303
33850,4.62962962962963
41490,4.610921501706485
6328,4.181818181818182
96013,3.923076923076923
12265,4.203125
66895,4.25
96403,4.351351351351352
39208,4.684210526315789
92658,4.8
99591,4.535714285714286
66356,4.704433497536946
74008,4.391304347826087
49417,4.344262295081967
104066,4.628571428571429
4656,4.5701754385964914
43297,4.642487046632124
84345,4.855421686746988
30839,4.28
80866,4.3076923076923075
17682,4.6
53632,4.520833333333333
14960,4.329670329670329
107987,4.590909090909091
66705,4.392857142857143
43269,4.642487046632124
50372,4.149606299212598
57029,4.107692307692307
29945,4.402298850574713
43516,4.860294117647059
71959,4.461538461538462
61450,4.627659574468085
22920,4.265822784810126
101495,4.333333333333333
48788,4.6521739130434785
2539,4.526315789473684
101715,4.608695652173913
12524,3.8333333333333335
69192,4.16
79267,4.446428571428571
59720,4.456521739130435
20665,4.719512195121951
82846,4.422535211267606
64241,4.487804878048781
54531,4.0
18481,4.773584905660377
64961,4.300970873786408
61868,4.464285714285714
29102,4.628865979381444
46797,4.6525423728813555
79386,4.5
103966,4.933333333333334
83905,4.662650602409639
48710,4.35
90588,4.404761904761905
97063,4.466666666666667
107937,4.590909090909091
85034,4.739726027397261
95813,4.166666666666667
103805,4.27906976744186
95695,4.482758620689655
48874,3.8095238095238093
75319,4.580645161290323
53451,4.4423076923076925
82140,4.583333333333333
52360,4.645833333333333
8019,4.544303797468355
99156,4.173913043478261
24562,4.275862068965517
63506,4.7637795275590555
46032,4.666666666666667
18906,4.379310344827586
107018,4.484848484848484
6610,4.530769230769231
9576,4.619047619047619
94642,4.25
47765,4.1
89232,4.5
70794,4.28
83128,4.1923076923076925
108,4.58
75270,4.882352941176471
22625,4.517241379310345
21443,4.068965517241379
105504,4.655172413793103
56004,4.327272727272727
65745,4.411764705882353
93292,4.758620689655173
66598,4.621212121212121
74302,4.4125
84723,4.72
1509,4.5
62826,3.9272727272727272
97178,4.414634146341464
46955,4.6525423728813555
39256,4.684210526315789
85024,4.739726027397261
46430,4.440944881889764
16350,4.60655737704918
28134,4.5
34875,4.171428571428572
27188,4.714285714285714
26717,4.661764705882353
46972,4.59375
51540,4.506024096385542
27583,4.574712643678161
26579,4.601941747572815
92941,4.923076923076923
73916,4.384615384615385
14751,4.575342465753424
64384,4.405172413793103
18665,4.673267326732673
97809,4.365853658536586
86040,4.404040404040404
96056,4.4324324324324325
71380,4.693251533742331
33936,4.345864661654136
17706,4.6
75219,4.882352941176471
102904,4.478260869565218
72242,4.414634146341464
19580,4.5396825396825395
60323,4.4
93339,4.758620689655173
55816,4.2926829268292686
23,4.333333333333333
101698,4.608695652173913
33306,4.594594594594595
5577,4.486111111111111
9978,4.607142857142857
39352,4.846456692913386
39836,4.044943820224719
24439,4.54
81609,4.413333333333333
68706,4.444444444444445
67122,4.297872340425532
2390,4.673267326732673
67615,4.357142857142857
68772,4.704545454545454
14183,4.752688172043011
82631,4.714285714285714
63697,4.7637795275590555
11854,4.21875
36633,4.25
25221,4.673469387755102
52392,4.645833333333333
74663,4.483870967741935
79392,4.5
11058,4.4222222222222225
27176,4.714285714285714
7463,3.92
90641,4.157894736842105
94462,4.375
74193,4.785714285714286
76753,4.608695652173913
6189,4.440677966101695
58756,4.52760736196319
56517,4.720588235294118
325,4.389380530973451
52781,3.9038461538461537
73970,4.384615384615385
46015,4.666666666666667
44592,4.575418994413408
74021,4.391304347826087
51777,4.461538461538462
65304,4.579439252336448
29610,4.444444444444445
95602,4.117647058823529
34052,4.345864661654136
32957,4.631578947368421
94964,4.535211267605634
90414,4.515151515151516
25363,4.806451612903226
29820,4.155172413793103
51128,4.434782608695652
82119,4.583333333333333
56888,4.257142857142857
9055,4.673076923076923
102798,4.426229508196721
90701,4.6923076923076925
89087,4.576923076923077
46542,4.440944881889764
2778,4.557142857142857
1158,4.633333333333334
17632,4.857142857142857
47431,4.302631578947368
40348,4.754385964912281
105201,4.703703703703703
102127,4.433333333333334
45046,4.889655172413793
80778,4.423076923076923
61235,4.616279069767442
11185,4.585106382978723
14832,4.575342465753424
89627,4.571428571428571
29515,4.597402597402597
80007,4.666666666666667
49904,4.40625
100393,4.509090909090909
46756,4.637362637362638
54085,4.314285714285714
40913,4.8161764705882355
41613,4.610921501706485
80946,4.628571428571429
102087,4.038461538461538
99131,4.173913043478261
101161,4.304347826086956
43576,4.586206896551724
97257,4.542857142857143
63252,3.979591836734694
20333,4.579787234042553
87762,4.729166666666667
74815,4.341463414634147
64274,3.5161290322580645
79994,4.666666666666667
27262,4.516129032258065
53363,4.534883720930233
108322,4.610169491525424
58143,4.310344827586207
43271,4.642487046632124
105138,3.9166666666666665
53489,4.4423076923076925
69315,3.8181818181818183
23033,4.636363636363637
6957,4.391304347826087
15673,4.757575757575758
101407,4.42
61269,4.470588235294118
53939,4.723404255319149
94240,4.354166666666667
2709,4.527777777777778
38270,4.2809917355371905
20495,4.579787234042553
58901,4.52760736196319
78917,4.449275362318841
103420,4.607142857142857
45805,4.581818181818182
103313,4.4423076923076925
10938,4.5054945054945055
62996,4.597560975609756
73312,4.53125
46794,4.6525423728813555
8033,4.544303797468355
37625,4.280575539568345
29252,4.366197183098592
96575,4.564102564102564
58047,4.310344827586207
13344,4.82051282051282
75119,4.64
29119,4.628865979381444
10356,4.7889908256880735
81301,4.541666666666667
18678,4.673267326732673
65484,4.6875
26891,4.303030303030303
13790,4.709677419354839
60619,4.125
9810,4.68141592920354
37841,4.835164835164835
30000,4.402298850574713
3180,4.1923076923076925
67709,4.081081081081081
95621,4.117647058823529
25265,4.625
30783,4.754310344827586
3045,4.8
47771,4.1
62656,4.488888888888889
14817,4.575342465753424
5170,4.111702127659575
91997,4.745454545454545
33865,4.62962962962963
94987,4.535211267605634
12543,3.8333333333333335
19023,4.379310344827586
98763,4.54054054054054
92077,4.875
36364,4.535885167464115
2687,4.527777777777778
43409,4.860294117647059
50734,4.545454545454546
34455,4.2
41629,4.610921501706485
2073,4.436842105263158
39074,4.664893617021277
46605,4.637362637362638
61843,4.464285714285714
81795,4.640718562874252
22098,4.350877192982456
17930,4.576923076923077
93618,4.733333333333333
73091,4.398230088495575
99680,4.541666666666667
91415,4.484210526315789
53201,4.621212121212121
65481,4.6875
64739,4.630434782608695
91905,4.468085106382978
55970,4.327272727272727
71931,3.869565217391304
72099,4.27027027027027
58486,4.438356164383562
31626,4.560975609756097
55900,4.375
90326,4.53125
27914,4.5928571428571425
92499,4.564102564102564
59679,4.456521739130435
66809,4.205128205128205
15645,4.757575757575758
41983,4.6020408163265305
84015,4.4411764705882355
33982,4.345864661654136
48377,4.171428571428572
106772,4.702702702702703
31222,4.503875968992248
85628,4.583333333333333
92684,4.521739130434782
100928,4.578947368421052
82204,4.8743169398907105
63465,3.9555555555555557
18761,4.673267326732673
66710,4.392857142857143
13474,4.861538461538461
82937,4.393939393939394
44459,4.497607655502392
32665,4.741007194244604
66888,4.205128205128205
67796,4.46969696969697
39572,4.846456692913386
65598,4.647058823529412
24047,4.848314606741573
35645,4.421875
77005,4.944444444444445
51818,4.423076923076923
45340,4.707964601769912
29104,4.628865979381444
66616,4.621212121212121
7284,4.648148148148148
83737,4.321428571428571
101518,4.793103448275862
373,4.389380530973451
14111,4.752688172043011
85082,4.739726027397261
73149,4.398230088495575
98537,4.685714285714286
90845,3.96875
59020,4.16
61344,4.627659574468085
50882,4.545454545454546
83722,4.627450980392157
16838,4.492957746478873
84796,4.660377358490566
5888,4.6875
98980,4.0
72394,4.615384615384615
25729,4.689655172413793
67651,4.357142857142857
15332,4.483606557377049
11342,4.264150943396227
88790,4.730769230769231
5765,4.6875
68511,4.0754716981132075
30765,4.754310344827586
106748,4.702702702702703
67711,4.081081081081081
43228,4.642487046632124
53000,4.25
28801,4.433333333333334
93310,4.758620689655173
55355,4.632911392405063
13527,4.861538461538461
3521,4.521739130434782
24467,4.54
34732,4.778688524590164
40435,4.75
105916,4.862068965517241
58276,4.494623655913978
9175,4.5
36094,4.533333333333333
47682,4.526315789473684
70996,4.598214285714286
76127,4.814285714285714
67302,4.587209302325581
41757,4.6020408163265305
51288,4.506024096385542
48271,4.621951219512195
57544,4.56
48265,4.621951219512195
23676,4.78974358974359
22778,4.662650602409639
75371,4.580645161290323
36034,3.739130434782609
49692,4.439024390243903
38934,4.664893617021277
87761,4.729166666666667
90240,4.371428571428571
87949,4.076923076923077
29556,4.597402597402597
62677,4.488888888888889
68866,4.309523809523809
60835,4.333333333333333
16453,4.177777777777778
3681,4.162162162162162
103201,4.538461538461538
64586,4.257142857142857
11915,4.5
71130,4.598214285714286
5112,4.111702127659575
43303,4.642487046632124
21362,4.27906976744186
66849,4.205128205128205
43984,4.1875
29977,4.402298850574713
92944,4.923076923076923
14722,4.575342465753424
58574,4.386363636363637
15062,4.333333333333333
90442,4.515151515151516
95382,4.6571428571428575
105444,4.071428571428571
92685,4.521739130434782
29825,4.155172413793103
29128,4.628865979381444
107538,4.575757575757576
10708,4.443298969072165
3680,4.162162162162162
73788,4.384615384615385
75045,4.534883720930233
42242,4.6125
44377,4.497607655502392
2746,4.527777777777778
84559,4.453125
56207,4.6923076923076925
10580,4.462264150943396
60474,4.4186046511627906
44173,4.497607655502392
21208,4.4868421052631575
51989,4.2727272727272725
74470,4.787878787878788
82753,4.433333333333334
5143,4.111702127659575
35700,4.421875
90605,4.404761904761905
8244,4.256410256410256
8388,4.714285714285714
94301,4.606060606060606
4151,4.636363636363637
45257,4.707964601769912
17110,4.474226804123711
9909,4.68141592920354
73940,4.384615384615385
9243,4.36
12188,4.317880794701987
3243,4.176470588235294
15923,4.481012658227848
91359,4.484210526315789
36010,3.739130434782609
53852,4.398058252427185
80644,4.730769230769231
34661,4.778688524590164
54586,4.365853658536586
70492,4.682926829268292
107164,4.5625
30752,4.754310344827586
81404,4.804878048780488
73979,4.391304347826087
94779,3.9375
7224,4.648148148148148
66199,4.704433497536946
56205,4.6923076923076925
20263,4.620689655172414
23927,4.848314606741573
93948,4.586206896551724
71310,4.0
63468,3.9555555555555557
79753,4.340909090909091
60117,4.52
79772,4.340909090909091
24400,4.54
24193,4.442622950819672
51248,4.163934426229508
83990,4.4411764705882355
4182,4.371428571428571
24415,4.54
77235,4.86
98324,4.083333333333333
43849,4.6440677966101696
58985,4.16
94733,4.481481481481482
86532,4.655172413793103
56702,3.98
20290,4.620689655172414
49582,4.457142857142857
59633,4.728813559322034
17858,4.585365853658536
4709,4.5701754385964914
41794,4.6020408163265305
65248,4.579439252336448
27758,4.5928571428571425
69388,4.588235294117647
100411,4.509090909090909
46788,4.6525423728813555
8628,4.6976744186046515
19044,4.767441860465116
63000,4.597560975609756
17904,4.576923076923077
104363,4.564102564102564
52534,3.951219512195122
54129,4.314285714285714
11385,4.264150943396227
47881,4.073170731707317
107310,4.358974358974359
2403,4.673267326732673
7515,4.32258064516129
100249,4.764705882352941
69648,4.653846153846154
107493,4.666666666666667
69147,4.626373626373627
92181,4.536585365853658
26202,4.490566037735849
58592,4.386363636363637
90811,3.96875
63413,3.9555555555555557
95832,4.166666666666667
104861,4.844444444444444
59043,4.712765957446808
44659,4.575418994413408
59804,4.529411764705882
98699,4.328947368421052
100372,4.509090909090909
86047,4.404040404040404
71361,4.693251533742331
108492,4.641025641025641
74452,4.685714285714286
19552,4.72
6113,4.352941176470588
55617,4.6521739130434785
52522,3.951219512195122
6115,4.352941176470588
16142,4.5
76025,4.079365079365079
16068,4.333333333333333
82825,4.422535211267606
340,4.389380530973451
87952,4.076923076923077
22054,4.350877192982456
89161,4.5
92696,4.521739130434782
97818,4.365853658536586
100488,4.454545454545454
29003,4.628865979381444
16391,4.135135135135135
38857,4.594594594594595
49588,4.457142857142857
5697,4.630434782608695
41443,4.610921501706485
16635,4.475
74096,4.785714285714286
12938,4.580357142857143
90096,4.657894736842105
29787,4.628205128205129
82209,4.8743169398907105
99797,4.623529411764705
15640,4.757575757575758
8803,4.3858267716535435
13932,4.743589743589744
88858,4.730769230769231
15166,4.791666666666667
92300,4.730769230769231
53049,4.066666666666666
30005,4.402298850574713
11688,4.72
99307,4.6415094339622645
97083,4.466666666666667
46699,4.637362637362638
62212,4.6
107786,4.576923076923077
33455,4.35
71634,4.113636363636363
16167,4.5
60248,4.354838709677419
40032,4.5
86714,4.583333333333333
8232,4.256410256410256
79138,4.83
54079,4.314285714285714
5879,4.6875
45749,4.581818181818182
82058,4.68
40089,4.275862068965517
99457,4.2592592592592595
75093,4.64
60315,4.4
23473,4.4739336492890995
80046,4.666666666666667
12131,4.317880794701987
39548,4.846456692913386
22083,4.350877192982456
33431,4.35
40829,4.8161764705882355
7209,4.648148148148148
34992,4.582608695652174
4047,4.73469387755102
35487,4.7368421052631575
10823,4.443298969072165
14463,4.704545454545454
10625,4.462264150943396
14374,3.9285714285714284
102572,4.684684684684685
36188,4.086956521739131
105606,4.23404255319149
77900,4.7
7821,4.743243243243243
10706,4.443298969072165
87821,4.621621621621622
52075,4.285714285714286
94372,4.257142857142857
3017,4.8
26366,4.678571428571429
19157,4.818181818181818
39967,4.483870967741935
92991,4.566666666666666
13684,4.333333333333333
60251,4.354838709677419
46019,4.666666666666667
104242,4.739130434782608
75014,4.534883720930233
96975,4.515151515151516
23120,4.590909090909091
51418,4.506024096385542
90264,4.371428571428571
18478,4.773584905660377
73463,4.553719008264463
49771,4.476744186046512
97038,4.173913043478261
75231,4.882352941176471
79573,4.571428571428571
50619,4.545454545454546
81248,3.896551724137931
64653,4.630434782608695
42294,4.6125
102800,4.913043478260869
56693,3.98
17037,4.588235294117647
24754,4.2727272727272725
4392,4.0754716981132075
28788,4.433333333333334
54262,4.271186440677966
40412,4.75
107239,3.75
58832,4.52760736196319
14519,3.953488372093023
106311,4.689655172413793
87566,4.54054054054054
9607,4.619047619047619
32632,4.741007194244604
78217,4.619047619047619
4900,4.651162790697675
43819,4.6440677966101696
69102,4.626373626373627
68441,4.363636363636363
87768,4.729166666666667
36089,4.533333333333333
28193,4.5
53199,4.621212121212121
75561,4.32
74450,4.685714285714286
24715,4.382978723404255
34751,4.15625
104653,4.205128205128205
17392,4.416666666666667
1960,4.436842105263158
19763,4.711538461538462
67237,4.587209302325581
38477,4.244897959183674
75065,4.534883720930233
96915,4.0
8734,4.3858267716535435
55615,4.6521739130434785
40608,4.654545454545454
66162,4.666666666666667
91571,4.507692307692308
1391,4.5
72819,4.4603174603174605
13263,4.64
64500,4.405172413793103
44666,4.575418994413408
9474,4.363636363636363
17194,4.474226804123711
81588,4.413333333333333
18604,4.673267326732673
93833,4.709677419354839
46059,4.666666666666667
77986,4.625
108398,4.571428571428571
104288,4.333333333333333
12097,4.317880794701987
11917,4.5
59069,4.712765957446808
31948,4.303030303030303
12652,4.544303797468355
47904,4.209302325581396
41438,4.610921501706485
54624,4.365853658536586
63029,4.597560975609756
34288,4.317460317460317
46037,4.666666666666667
59055,4.712765957446808
102754,4.426229508196721
76219,4.212121212121212
4842,4.651162790697675
48728,4.35
24072,4.848314606741573
80331,4.60655737704918
88478,4.679245283018868
7361,4.591549295774648
58812,4.52760736196319
3345,4.12987012987013
94624,4.25
33002,4.631578947368421
38333,4.2809917355371905
87882,4.738095238095238
69286,3.8181818181818183
108152,4.565217391304348
57866,4.393939393939394
54602,4.365853658536586
29593,4.444444444444445
86974,4.642857142857143
20189,4.712765957446808
77608,4.5
71892,4.412698412698413
64485,4.405172413793103
26363,4.678571428571429
29846,4.155172413793103
94704,4.481481481481482
97756,4.270833333333333
92407,4.490566037735849
62894,3.9272727272727272
7764,4.743243243243243
20919,4.638888888888889
94448,4.375
93360,4.758620689655173
67603,4.0588235294117645
88817,4.730769230769231
1046,4.423076923076923
100825,4.732142857142857
47839,4.073170731707317
23469,4.4739336492890995
81016,4.391304347826087
11793,4.46875
100769,4.732142857142857
65617,4.647058823529412
69925,4.419354838709677
28433,4.285714285714286
86161,4.6976744186046515
91198,4.314285714285714
64074,4.359375
31057,4.388888888888889
96367,4.351351351351352
25252,4.673469387755102
78432,4.71830985915493
81569,4.413333333333333
51448,4.506024096385542
64916,4.300970873786408
4765,4.5701754385964914
36610,4.535885167464115
43123,4.642487046632124
98561,4.685714285714286
19588,4.5396825396825395
86715,4.583333333333333
108107,4.423076923076923
61988,4.739583333333333
12615,4.544303797468355
78501,4.71830985915493
26578,4.601941747572815
40042,4.5
71055,4.598214285714286
32033,4.303030303030303
55688,3.891891891891892
44951,4.889655172413793
73340,4.53125
64843,4.512195121951219
21334,4.27906976744186
19281,4.318181818181818
49347,4.344262295081967
101068,4.388888888888889
66992,4.548387096774194
21488,4.068965517241379
63886,4.415094339622642
29733,4.628205128205129
66092,4.333333333333333
6288,4.181818181818182
50095,4.405405405405405
82888,4.422535211267606
38392,4.2809917355371905
73684,4.205128205128205
22321,4.717948717948718
38514,4.244897959183674
23799,4.78974358974359
52500,4.2
30896,4.28
77574,4.5
103632,4.530612244897959
1117,4.214285714285714
11410,4.528301886792453
103833,4.27906976744186
56188,4.6923076923076925
82106,4.6
77623,4.5
38705,4.341269841269841
12591,4.544303797468355
85920,4.540983606557377
49712,4.476744186046512
13461,4.861538461538461
64085,4.359375
91212,4.314285714285714
21174,4.4868421052631575
8414,4.714285714285714
105229,4.8125
615,4.442622950819672
12981,4.580357142857143
2907,4.659090909090909
9087,4.673076923076923
91606,4.507692307692308
23747,4.78974358974359
26080,4.621848739495798
90469,4.666666666666667
72360,4.633333333333334
89393,4.37037037037037
60093,4.516129032258065
59969,4.076923076923077
82838,4.422535211267606
50461,4.08
37337,4.4655172413793105
40190,4.357142857142857
24802,4.2727272727272725
25708,4.793103448275862
4770,4.5701754385964914
93911,4.258064516129032
22671,4.662650602409639
75852,4.225806451612903
7598,4.303030303030303
68909,4.75
106686,4.523809523809524
104612,4.214285714285714
38003,4.6938775510204085
9806,4.68141592920354
60318,4.4
31918,4.303030303030303
28318,4.589743589743589
10327,4.7889908256880735
59653,4.728813559322034
106448,4.769230769230769
21402,4.851851851851852
99222,4.8076923076923075
58953,4.16
65832,4.121621621621622
36390,4.535885167464115
68184,4.3776223776223775
50805,4.545454545454546
66966,4.548387096774194
18865,4.379310344827586
20256,4.620689655172414
91317,4.484210526315789
78289,4.653333333333333
88379,4.375
60976,4.541284403669724
42863,4.478260869565218
38625,4.341269841269841
85308,4.4
67316,4.587209302325581
64938,4.300970873786408
95405,4.608695652173913
19206,4.318181818181818
52674,4.413793103448276
30235,4.2727272727272725
102159,4.321428571428571
77214,4.535714285714286
14679,4.258064516129032
20934,4.638888888888889
11413,4.528301886792453
79061,4.6923076923076925
58569,4.386363636363637
27998,4.3896103896103895
6114,4.352941176470588
67585,4.0588235294117645
42667,4.4646464646464645
102376,4.7368421052631575
73847,4.384615384615385
83748,4.321428571428571
84347,4.855421686746988
52706,4.413793103448276
77300,4.86
89436,4.6909090909090905
96175,4.5
70447,4.682926829268292
72398,4.615384615384615
60475,4.4186046511627906
91876,4.705882352941177
40505,4.75
11919,4.5
99429,4.363636363636363
8339,4.541666666666667
44019,4.1875
90310,4.53125
72263,4.414634146341464
25741,4.689655172413793
36768,4.7105263157894735
39192,4.664893617021277
103721,4.27027027027027
34790,4.15625
34061,4.345864661654136
70050,4.663461538461538
72008,4.037037037037037
84810,4.660377358490566
86104,4.681818181818182
53694,4.398058252427185
88539,4.679245283018868
46109,4.666666666666667
14545,4.410256410256411
28057,4.3896103896103895
34077,4.345864661654136
66399,4.704433497536946
64502,4.405172413793103
47768,4.1
71685,4.440677966101695
19577,4.5396825396825395
103718,4.27027027027027
76820,4.546511627906977
58256,4.494623655913978
38789,4.341269841269841
71262,4.56140350877193
43903,4.6440677966101696
63539,4.7637795275590555
6971,4.391304347826087
98364,4.269230769230769
108028,4.130434782608695
27593,4.574712643678161
68898,4.75
17328,4.463768115942029
101885,4.3125
108184,4.608695652173913
18223,4.613207547169812
63098,4.534883720930233
26624,4.601941747572815
22516,4.660714285714286
66153,4.666666666666667
41842,4.6020408163265305
20477,4.579787234042553
106055,4.440476190476191
66648,4.621212121212121
28690,4.433333333333334
88921,4.653846153846154
59423,4.112903225806452
106021,4.848484848484849
62592,4.530612244897959
91180,4.56
29221,4.366197183098592
46155,4.666666666666667
89334,4.647058823529412
66802,4.205128205128205
55011,4.410958904109589
61060,4.541284403669724
55068,4.410958904109589
102113,4.433333333333334
40417,4.75
91650,4.507692307692308
59070,4.712765957446808
45220,4.084745762711864
41584,4.610921501706485
101097,4.388888888888889
80135,4.5675675675675675
33629,4.411764705882353
89501,4.589285714285714
36850,4.7105263157894735
53820,4.398058252427185
64408,4.405172413793103
32601,4.741007194244604
64374,4.405172413793103
15503,3.9361702127659575
415,4.389380530973451
42706,4.4646464646464645
1472,4.5
76007,4.079365079365079
105838,4.928571428571429
7671,4.606060606060606
40204,4.754385964912281
72687,4.531914893617022
40270,4.754385964912281
29180,4.628865979381444
101410,4.42
60294,4.4
62027,4.739583333333333
77706,4.611111111111111
100144,4.571428571428571
107934,4.590909090909091
39719,4.044943820224719
101775,4.695652173913044
34484,4.758620689655173
98596,4.428571428571429
2099,4.436842105263158
25143,4.673469387755102
31773,4.619047619047619
67090,4.297872340425532
80821,4.709677419354839
5448,4.821428571428571
10407,4.483870967741935
3228,4.176470588235294
76235,4.212121212121212
104828,4.615384615384615
106003,4.848484848484849
27272,4.53125
16964,4.588235294117647
70462,4.682926829268292
35838,4.338983050847458
26149,4.621848739495798
14990,4.329670329670329
18195,4.613207547169812
18059,4.613207547169812
52277,4.459016393442623
2216,4.431578947368421
706,4.442622950819672
69314,3.8181818181818183
45535,4.435897435897436
65096,4.468085106382978
77946,4.56
6506,4.354838709677419
18853,4.379310344827586
72616,4.831325301204819
80406,4.60655737704918
34442,4.2
65355,4.811320754716981
46928,4.6525423728813555
73873,4.384615384615385
16601,4.475
9394,4.34375
105736,4.4
35509,4.7368421052631575
42033,4.6020408163265305
11118,4.352941176470588
96589,3.9344262295081966
93136,4.48
47879,4.073170731707317
80098,4.5675675675675675
83992,4.4411764705882355
11269,4.585106382978723
12229,4.575
65518,4.205882352941177
9660,4.714285714285714
73045,4.655172413793103
104966,4.666666666666667
63242,3.979591836734694
27921,4.5928571428571425
53347,4.534883720930233
70761,4.705882352941177
99220,4.8076923076923075
59403,4.112903225806452
2271,4.431578947368421
43039,4.642487046632124
79417,4.735294117647059
31900,4.303030303030303
19212,4.318181818181818
78443,4.71830985915493
21807,4.409090909090909
12255,4.575
10501,4.462264150943396
108206,4.608695652173913
55744,3.6129032258064515
3375,4.12987012987013
29219,4.366197183098592
41454,4.610921501706485
30543,4.754310344827586
14110,4.752688172043011
39838,4.044943820224719
41791,4.6020408163265305
72729,4.653846153846154
40058,4.5
16618,4.475
90688,4.6923076923076925
78976,4.449275362318841
46277,4.456310679611651
90827,3.96875
28624,4.2368421052631575
10056,4.607142857142857
89319,4.647058823529412
105463,4.655172413793103
32082,4.303030303030303
77767,4.611111111111111
71798,4.412698412698413
43098,4.642487046632124
28601,4.2368421052631575
72814,4.181818181818182
48537,4.419642857142857
61703,4.236363636363636
38475,4.244897959183674
64606,4.257142857142857
22854,4.265822784810126
100605,4.518518518518518
68725,4.444444444444445
51931,4.148148148148148
69279,4.607142857142857
83507,4.433333333333334
46509,4.440944881889764
49315,4.4324324324324325
51813,4.423076923076923
2864,4.557142857142857
35895,4.338983050847458
99459,4.2592592592592595
89417,4.6909090909090905
60995,4.541284403669724
88871,4.730769230769231
15617,4.642857142857143
28931,4.628865979381444
89725,4.46969696969697
49669,4.439024390243903
99117,4.173913043478261
100191,4.571428571428571
50201,4.149606299212598
87185,4.269230769230769
25513,4.760869565217392
64579,4.257142857142857
88229,4.115384615384615
35075,4.582608695652174
22616,4.517241379310345
84138,4.604651162790698
35702,4.421875
38109,4.150943396226415
32548,4.741007194244604
42193,4.6125
34417,4.7105263157894735
6996,4.391304347826087
52339,4.266666666666667
60880,4.458333333333333
65770,4.411764705882353
23873,4.848314606741573
53413,4.4423076923076925
2260,4.431578947368421
29539,4.597402597402597
79319,4.446428571428571
60562,4.630769230769231
85202,4.3088235294117645
91674,4.507692307692308
46215,4.456310679611651
60764,4.647058823529412
2786,4.557142857142857
47239,4.3076923076923075
7851,4.743243243243243
100419,4.509090909090909
56275,4.6923076923076925
4072,4.636363636363637
19852,4.517241379310345
3823,4.03030303030303
97340,4.260869565217392
9850,4.68141592920354
77362,4.305084745762712
91319,4.484210526315789
96479,4.4
99527,4.407407407407407
57664,4.742574257425742
16933,4.492957746478873
69342,4.565217391304348
61396,4.627659574468085
68809,4.704545454545454
9983,4.607142857142857
33911,4.345864661654136
54398,3.4242424242424243
7351,4.591549295774648
37470,4.280575539568345
75934,4.079365079365079
92172,4.875
11046,4.4222222222222225
52465,4.2
873,4.189473684210526
31203,4.503875968992248
46970,4.59375
41457,4.610921501706485
35430,4.479166666666667
97293,4.542857142857143
28649,4.433333333333334
39104,4.664893617021277
82515,4.8743169398907105
54357,4.594594594594595
68738,4.444444444444445
552,4.647058823529412
11499,4.341772151898734
50261,4.149606299212598
13743,4.709677419354839
5800,4.6875
11009,4.4222222222222225
92583,4.634146341463414
15699,3.769230769230769
35146,4.728155339805825
58249,4.494623655913978
57369,4.53125
92592,4.634146341463414
91897,4.468085106382978
33353,4.594594594594595
26112,4.621848739495798
100513,4.454545454545454
21201,4.4868421052631575
11924,4.5
104820,4.615384615384615
86169,4.6976744186046515
66379,4.704433497536946
62531,4.530612244897959
65642,4.509090909090909
51897,3.857142857142857
44139,4.602739726027397
102679,4.684684684684685
82954,4.393939393939394
25018,4.3076923076923075
73653,4.205128205128205
90400,4.515151515151516
66035,4.625
56384,4.476923076923077
99418,4.363636363636363
5949,4.6875
46816,4.6525423728813555
69637,4.653846153846154
66651,4.621212121212121
77523,4.611940298507463
80127,4.5675675675675675
52078,4.285714285714286
69546,4.21875
56726,3.98
75099,4.64
38862,4.664893617021277
66725,4.392857142857143
26988,4.394736842105263
30985,4.62
48905,3.8095238095238093
54016,4.833333333333333
24496,4.423076923076923
100435,4.509090909090909
80956,4.628571428571429
19411,4.625
49852,4.476744186046512
91873,4.705882352941177
78314,4.653333333333333
35637,4.7368421052631575
21185,4.4868421052631575
55726,3.6129032258064515
7788,4.743243243243243
30014,4.402298850574713
32869,4.659574468085107
76627,4.491525423728813
106218,4.452830188679245
56171,4.6923076923076925
1968,4.436842105263158
16072,4.333333333333333
104320,4.564102564102564
71263,4.56140350877193
82131,4.583333333333333
81817,4.640718562874252
47984,4.466666666666667
12380,4.368421052631579
264,4.389380530973451
31074,4.388888888888889
35355,4.1454545454545455
100001,4.344827586206897
19178,4.318181818181818
46862,4.6525423728813555
46072,4.666666666666667
47517,4.302631578947368
19704,4.711538461538462
43192,4.642487046632124
15224,4.346938775510204
93584,4.586206896551724
645,4.442622950819672
46196,4.456310679611651
76503,4.827338129496403
30589,4.754310344827586
94465,4.375
68643,4.7317073170731705
87819,4.621621621621622
67689,4.081081081081081
72696,4.531914893617022
41817,4.6020408163265305
80174,4.5675675675675675
83664,4.627450980392157
85416,4.617647058823529
65842,4.121621621621622
17298,4.463768115942029
3994,4.73469387755102
40302,4.754385964912281
88462,4.679245283018868
59437,4.112903225806452
76376,4.827338129496403
69303,3.8181818181818183
89482,4.6909090909090905
86977,4.642857142857143
21960,4.387096774193548
20231,4.548387096774194
38901,4.664893617021277
15798,4.5
29864,4.155172413793103
51966,4.148148148148148
104008,4.269230769230769
98810,4.54054054054054
30342,4.714285714285714
56271,4.6923076923076925
72640,4.531914893617022
44371,4.497607655502392
62562,4.530612244897959
25093,4.673469387755102
89651,4.571428571428571
35312,4.1454545454545455
101787,4.695652173913044
62055,4.71875
18464,4.773584905660377
2794,4.557142857142857
61077,3.739130434782609
4232,4.423076923076923
58174,4.310344827586207
94034,4.478260869565218
46622,4.637362637362638
6242,4.440677966101695
102198,4.166666666666667
1389,4.5
70518,4.6
3403,4.12987012987013
71718,4.440677966101695
50146,4.583333333333333
75181,4.882352941176471
6407,4.280701754385965
47769,4.1
23202,4.4739336492890995
25167,4.673469387755102
90036,4.717391304347826
30210,4.233333333333333
82877,4.422535211267606
93445,4.233766233766234
24589,4.0638297872340425
8134,4.0
41534,4.610921501706485
66972,4.548387096774194
42157,4.6125
15089,4.333333333333333
32806,4.534883720930233
7835,4.743243243243243
29082,4.628865979381444
43047,4.642487046632124
16245,4.5
83860,4.662650602409639
27612,4.574712643678161
57584,4.742574257425742
72285,4.571428571428571
105561,4.384615384615385
62960,4.597560975609756
80252,4.60655737704918
3316,4.12987012987013
67797,4.46969696969697
88318,4.67741935483871
24795,4.2727272727272725
420,4.389380530973451
98956,4.0
68965,4.75
45667,4.581818181818182
4032,4.73469387755102
53373,4.4423076923076925
34010,4.345864661654136
96227,4.44
44330,4.497607655502392
44639,4.575418994413408
18446,4.773584905660377
48287,4.171428571428572
13662,4.333333333333333
70463,4.682926829268292
54965,4.410958904109589
96642,3.9344262295081966
8645,4.684210526315789
76414,4.827338129496403
99396,4.6415094339622645
50236,4.149606299212598
24453,4.54
49714,4.476744186046512
38929,4.664893617021277
40312,4.754385964912281
46696,4.637362637362638
1918,4.436842105263158
37961,4.6938775510204085
84532,4.453125
52471,4.2
55659,3.891891891891892
65170,4.579439252336448
84820,4.660377358490566
51835,4.695652173913044
9127,4.27027027027027
258,4.389380530973451
89939,4.48936170212766
84784,4.575757575757576
33887,4.62962962962963
97731,4.270833333333333
7670,4.606060606060606
22005,4.621621621621622
93883,4.258064516129032
76716,4.608695652173913
2512,4.673267326732673
20097,4.712765957446808
70314,4.371428571428571
23479,4.4739336492890995
103299,3.5217391304347827
104205,4.425
50840,4.545454545454546
43015,4.642487046632124
70388,4.338983050847458
42408,4.504424778761062
2262,4.431578947368421
95855,4.166666666666667
85605,4.74468085106383
33516,4.35
97894,4.245283018867925
14261,4.923076923076923
71870,4.412698412698413
11265,4.585106382978723
29192,4.628865979381444
24763,4.2727272727272725
21205,4.4868421052631575
48501,4.419642857142857
52042,3.962962962962963
16194,4.5
64864,4.300970873786408
86915,4.571428571428571
35089,4.582608695652174
63868,4.485714285714286
25419,4.586666666666667
14480,3.953488372093023
12514,3.8333333333333335
9537,4.7407407407407405
96116,4.611111111111111
21501,4.068965517241379
14118,4.752688172043011
92017,4.745454545454545
95480,4.153846153846154
88164,4.162162162162162
7481,3.92
60740,4.647058823529412
78749,4.64
14709,4.258064516129032
8980,4.673076923076923
101333,4.681818181818182
2561,4.526315789473684
15729,3.769230769230769
61017,4.541284403669724
12922,4.580357142857143
58044,4.310344827586207
85334,4.4
77817,4.472222222222222
97964,4.764705882352941
22755,4.662650602409639
33342,4.594594594594595
85345,4.4
66942,4.25
85673,4.583333333333333
101751,4.695652173913044
18145,4.613207547169812
22838,4.265822784810126
14921,4.329670329670329
94182,4.354166666666667
16552,4.7368421052631575
96105,4.611111111111111
101913,4.458333333333333
58933,4.16
65322,4.811320754716981
89157,4.5
31910,4.303030303030303
39244,4.684210526315789
75546,4.32
59358,4.6395348837209305
22893,4.265822784810126
50914,4.545454545454546
16034,4.333333333333333
89971,4.717391304347826
92262,4.555555555555555
58195,4.310344827586207
64421,4.405172413793103
26564,4.601941747572815
106142,4.440476190476191
86281,4.595238095238095
55472,4.632911392405063
95759,3.96875
50800,4.545454545454546
22307,4.717948717948718
96069,4.4324324324324325
61238,4.616279069767442
91429,4.484210526315789
25711,4.793103448275862
23308,4.4739336492890995
34824,4.36
62837,3.9272727272727272
41860,4.6020408163265305
53304,4.534883720930233
40188,4.357142857142857
26813,4.475
73842,4.384615384615385
91267,4.314285714285714
58982,4.16
55664,3.891891891891892
85033,4.739726027397261
6038,4.488372093023256
95132,4.3023255813953485
82378,4.8743169398907105
18392,4.627906976744186
51091,4.4375
23340,4.4739336492890995
107904,4.590909090909091
40394,4.754385964912281
77194,4.535714285714286
30522,4.754310344827586
92424,4.490566037735849
98926,4.461538461538462
87399,4.5
1667,4.304347826086956
19692,4.711538461538462
72754,4.653846153846154
65108,4.468085106382978
44089,4.602739726027397
107924,4.590909090909091
45311,4.707964601769912
36130,4.62962962962963
32901,4.659574468085107
26949,4.142857142857143
77509,4.611940298507463
58244,4.494623655913978
41712,4.610921501706485
41737,4.6020408163265305
96313,4.324324324324325
82609,4.714285714285714
53374,4.4423076923076925
25997,4.621848739495798
42644,4.4646464646464645
34125,4.345864661654136
86065,4.404040404040404
105040,4.076923076923077
88019,4.472527472527473
22218,4.548387096774194
30406,4.754310344827586
99871,4.375
3899,4.827586206896552
24021,4.848314606741573
7314,4.648148148148148
78995,4.449275362318841
45977,4.666666666666667
68782,4.704545454545454
96206,4.44
63061,4.597560975609756
2808,4.557142857142857
36611,4.535885167464115
24891,4.5625
14479,3.953488372093023
46393,4.440944881889764
37109,4.48051948051948
73523,4.553719008264463
12551,3.8333333333333335
29899,4.155172413793103
93075,4.459016393442623
69632,4.653846153846154
67731,4.416666666666667
57906,4.393939393939394
106005,4.848484848484849
8097,4.544303797468355
1142,4.633333333333334
48556,4.419642857142857
18245,4.613207547169812
73743,4.214285714285714
104640,4.214285714285714
101339,4.681818181818182
33277,4.594594594594595
97698,4.270833333333333
107795,4.576923076923077
88160,4.162162162162162
94603,4.25
23134,4.590909090909091
16548,4.7368421052631575
41482,4.610921501706485
41741,4.6020408163265305
52222,4.459016393442623
89871,4.43859649122807
38418,4.244897959183674
89176,4.5
50640,4.545454545454546
1047,4.423076923076923
106705,4.166666666666667
45330,4.707964601769912
64318,4.405172413793103
19731,4.711538461538462
1208,4.633333333333334
53942,4.723404255319149
58220,4.310344827586207
84246,4.855421686746988
6275,4.440677966101695
50336,4.149606299212598
25109,4.673469387755102
13881,4.743589743589744
14126,4.752688172043011
8477,4.6976744186046515
82001,4.640718562874252
43014,4.642487046632124
73391,4.53125
31872,4.619047619047619
21393,4.851851851851852
92291,4.555555555555555
23557,4.78974358974359
100702,4.391304347826087
15327,4.483606557377049
81431,4.804878048780488
88740,4.780487804878049
106024,4.848484848484849
94607,4.25
52887,4.46
10406,4.483870967741935
66897,4.25
83087,4.636363636363637
51251,4.163934426229508
60999,4.541284403669724
73989,4.391304347826087
103015,4.151515151515151
57644,4.742574257425742
35760,4.338983050847458
74824,4.341463414634147
94532,4.6923076923076925
23984,4.848314606741573
72011,4.037037037037037
23425,4.4739336492890995
14375,3.9285714285714284
87195,4.269230769230769
95864,4.283018867924528
104030,4.16
97127,4.414634146341464
96784,4.592592592592593
27391,4.574712643678161
89148,4.5
87500,4.54054054054054
76586,4.491525423728813
70956,4.5
24923,4.5625
106401,4.64
6061,4.352941176470588
31342,4.503875968992248
9695,4.714285714285714
85584,4.74468085106383
58015,4.28125
92527,4.564102564102564
2543,4.526315789473684
91779,4.705882352941177
91227,4.314285714285714
85982,4.404040404040404
76792,4.546511627906977
86970,4.642857142857143
14862,4.714285714285714
17529,4.482758620689655
43336,4.860294117647059
97587,4.698630136986301
47927,4.209302325581396
55498,4.632911392405063
12529,3.8333333333333335
60866,4.458333333333333
75661,4.583333333333333
59960,4.529411764705882
53255,4.534883720930233
18368,4.627906976744186
48911,3.8095238095238093
21657,4.433962264150943
108480,4.641025641025641
53806,4.398058252427185
37062,4.48051948051948
103034,4.151515151515151
29608,4.444444444444445
10752,4.443298969072165
96263,4.115384615384615
100259,4.0
91872,4.705882352941177
280,4.389380530973451
97346,4.260869565217392
61758,4.236363636363636
16330,4.60655737704918
20305,4.579787234042553
47157,4.3076923076923075
66927,4.25
82482,4.8743169398907105
4464,4.102941176470588
70947,4.5
4221,4.371428571428571
99076,4.712121212121212
22670,4.662650602409639
42625,4.4646464646464645
3701,4.162162162162162
91717,4.951219512195122
84226,4.739130434782608
38415,4.244897959183674
38928,4.664893617021277
73252,4.398230088495575
82176,4.583333333333333
96399,4.351351351351352
46734,4.637362637362638
9965,4.607142857142857
99606,4.535714285714286
41300,4.610921501706485
97399,4.068965517241379
89794,4.43859649122807
51980,4.2727272727272725
42324,4.6125
56327,4.476923076923077
55256,4.466666666666667
93504,4.233766233766234
79872,4.435897435897436
65874,4.121621621621622
104462,4.2407407407407405
70907,4.5
16735,4.576923076923077
14278,4.923076923076923
1780,4.09375
53845,4.398058252427185
20765,4.719512195121951
39477,4.846456692913386
54747,4.623376623376624
33868,4.62962962962963
25425,4.586666666666667
9399,4.34375
64120,4.359375
13677,4.333333333333333
68175,4.3776223776223775
42642,4.4646464646464645
107977,4.590909090909091
13332,4.821428571428571
44879,4.889655172413793
90039,4.717391304347826
30662,4.754310344827586
55046,4.410958904109589
12626,4.544303797468355
23726,4.78974358974359
98565,4.685714285714286
50500,4.342105263157895
8303,4.541666666666667
103680,4.27027027027027
107804,4.576923076923077
88962,4.609756097560975
92327,4.730769230769231
48246,4.621951219512195
98859,4.5
74943,4.375
13829,4.625
24858,4.2727272727272725
2946,4.659090909090909
76995,4.944444444444445
94217,4.354166666666667
17188,4.474226804123711
53108,4.621212121212121
42457,4.504424778761062
64511,4.405172413793103
71854,4.412698412698413
85907,4.540983606557377
73440,4.553719008264463
77528,4.611940298507463
40974,4.175438596491228
28461,4.3061224489795915
61550,4.487804878048781
105720,4.545454545454546
74191,4.785714285714286
56915,4.257142857142857
10757,4.443298969072165
225,4.389380530973451
4188,4.371428571428571
61040,4.541284403669724
34828,4.36
283,4.389380530973451
32134,4.303030303030303
1777,4.09375
55975,4.327272727272727
17068,4.588235294117647
53582,4.520833333333333
32267,4.457516339869281
86414,4.771428571428571
29177,4.628865979381444
39789,4.044943820224719
106721,4.166666666666667
87987,4.472527472527473
83272,4.657894736842105
68951,4.75
89893,4.48936170212766
62067,4.71875
105653,4.23404255319149
105974,4.323529411764706
100015,4.344827586206897
81607,4.413333333333333
34643,4.778688524590164
3108,4.075
6813,4.391304347826087
51482,4.506024096385542
6340,4.181818181818182
48075,3.757575757575758
52378,4.645833333333333
10763,4.443298969072165
28776,4.433333333333334
64228,4.487804878048781
55793,4.576923076923077
33784,4.62962962962963
39844,4.044943820224719
92027,4.745454545454545
30024,4.402298850574713
14442,4.704545454545454
44783,4.575418994413408
11513,4.341772151898734
12521,3.8333333333333335
79944,4.310344827586207
17932,4.576923076923077
75926,4.079365079365079
64778,4.630434782608695
25382,4.586666666666667
48617,4.419642857142857
95128,4.3023255813953485
45136,4.3076923076923075
81394,4.682926829268292
47300,4.081967213114754
76093,4.814285714285714
57967,4.28125
54865,4.411764705882353
106979,4.4772727272727275
42191,4.6125
23694,4.78974358974359
85633,4.583333333333333
21931,4.387096774193548
47133,4.3076923076923075
77959,4.56
942,4.189473684210526
29558,4.597402597402597
13255,4.64
39773,4.044943820224719
39117,4.664893617021277
32684,4.741007194244604
57560,4.742574257425742
108181,4.565217391304348
60564,4.630769230769231
105741,4.4
26531,4.601941747572815
48715,4.35
36728,4.7105263157894735
64127,4.359375
15671,4.757575757575758
52367,4.645833333333333
8551,4.6976744186046515
2506,4.673267326732673
12977,4.580357142857143
9702,4.714285714285714
31695,4.619047619047619
19427,4.625
60890,4.541284403669724
36888,4.7105263157894735
7295,4.648148148148148
77853,4.7
52254,4.459016393442623
686,4.442622950819672
104783,4.468085106382978
75849,4.225806451612903
46586,4.440944881889764
18078,4.613207547169812
16973,4.588235294117647
66860,4.205128205128205
96059,4.4324324324324325
24813,4.2727272727272725
53702,4.398058252427185
17855,4.585365853658536
68040,4.357142857142857
99803,4.623529411764705
8944,4.673076923076923
5704,4.630434782608695
90005,4.717391304347826
100908,4.578947368421052
4722,4.5701754385964914
98025,4.618181818181818
72309,4.571428571428571
52065,3.962962962962963
49352,4.344262295081967
63642,4.7637795275590555
27385,4.574712643678161
23819,4.78974358974359
43865,4.6440677966101696
5871,4.6875
90991,4.476190476190476
73074,4.655172413793103
100823,4.732142857142857
17018,4.588235294117647
1952,4.436842105263158
25183,4.673469387755102
53289,4.534883720930233
58011,4.28125
33549,4.411764705882353
63405,3.9555555555555557
83968,4.6923076923076925
107839,4.6521739130434785
66838,4.205128205128205
16697,4.705882352941177
87906,4.738095238095238
60646,4.125
15565,3.9361702127659575
103581,4.463414634146342
69657,4.653846153846154
11509,4.341772151898734
69827,4.275862068965517
86986,4.642857142857143
99958,4.6521739130434785
45084,4.889655172413793
47504,4.302631578947368
8056,4.544303797468355
83412,4.194444444444445
8427,4.714285714285714
75004,4.375
83489,4.433333333333334
65083,4.468085106382978
90624,4.157894736842105
105665,4.23404255319149
21187,4.4868421052631575
65194,4.579439252336448
60466,4.4186046511627906
2186,4.436842105263158
25804,4.92
58597,4.386363636363637
51712,4.651515151515151
67828,4.46969696969697
18883,4.379310344827586
59829,4.529411764705882
102303,4.384615384615385
88041,4.472527472527473
22373,4.662650602409639
70182,4.483870967741935
29143,4.628865979381444
99290,4.793103448275862
54722,4.623376623376624
54190,4.379310344827586
9799,4.68141592920354
97814,4.365853658536586
99267,4.793103448275862
64930,4.300970873786408
105305,4.541666666666667
61922,4.739583333333333
29145,4.628865979381444
101607,4.793103448275862
21764,4.409090909090909
65052,4.468085106382978
48848,4.6521739130434785
34535,4.778688524590164
69299,3.8181818181818183
44450,4.497607655502392
38268,4.2809917355371905
69269,4.607142857142857
54123,4.314285714285714
85311,4.4
96075,4.4324324324324325
36241,4.428571428571429
49911,4.40625
52466,4.2
17888,4.585365853658536
12287,4.203125
57918,4.393939393939394
33265,4.594594594594595
67747,4.416666666666667
89098,4.793103448275862
94651,4.269230769230769
87710,4.729166666666667
34550,4.778688524590164
8620,4.6976744186046515
105966,4.323529411764706
28392,4.285714285714286
4075,4.636363636363637
54643,4.416666666666667
22255,4.548387096774194
61178,4.616279069767442
5260,4.111702127659575
101933,4.636363636363637
14027,4.222222222222222
49110,4.469565217391304
97796,4.365853658536586
103587,4.530612244897959
105808,4.4
105403,4.5
45858,4.581818181818182
73461,4.553719008264463
10977,4.5054945054945055
4435,4.102941176470588
23779,4.78974358974359
40015,4.5
65298,4.579439252336448
66410,4.704433497536946
97613,4.698630136986301
82588,4.642857142857143
69871,4.333333333333333
6015,4.488372093023256
97646,4.391304347826087
28721,4.433333333333334
1424,4.5
63248,3.979591836734694
83853,4.662650602409639
54295,4.271186440677966
35694,4.421875
14577,4.410256410256411
97305,4.542857142857143
61315,4.470588235294118
19625,4.5396825396825395
34706,4.778688524590164
75566,4.32
51409,4.506024096385542
99126,4.173913043478261
44323,4.497607655502392
85648,4.583333333333333
68341,4.3776223776223775
11356,4.264150943396227
108076,4.130434782608695
26269,4.782608695652174
70891,4.5
56011,4.327272727272727
49847,4.476744186046512
35214,4.728155339805825
71372,4.693251533742331
10316,4.7889908256880735
69057,4.626373626373627
52416,4.645833333333333
99625,4.535714285714286
954,4.189473684210526
32537,4.741007194244604
76670,4.491525423728813
64379,4.405172413793103
84035,4.625
86415,4.771428571428571
75260,4.882352941176471
78293,4.653333333333333
10988,4.4222222222222225
94294,4.606060606060606
6481,4.280701754385965
97176,4.414634146341464
42873,4.448275862068965
58474,4.438356164383562
31947,4.303030303030303
107021,4.484848484848484
8611,4.6976744186046515
57769,4.848484848484849
70410,4.338983050847458
18270,4.613207547169812
26803,4.475
99386,4.6415094339622645
4590,4.514285714285714
55806,4.576923076923077
95246,4.454545454545454
64971,4.300970873786408
106963,4.4772727272727275
1484,4.5
83556,4.684210526315789
18946,4.379310344827586
83260,4.657894736842105
46656,4.637362637362638
102298,4.384615384615385
37747,4.835164835164835
105037,4.076923076923077
101248,4.035714285714286
73413,4.553719008264463
85000,4.739726027397261
9475,4.363636363636363
78626,4.456521739130435
40162,4.357142857142857
9331,4.520833333333333
32978,4.631578947368421
78267,4.653333333333333
83594,4.684210526315789
23474,4.4739336492890995
11749,4.46875
64314,4.405172413793103
50267,4.149606299212598
91657,4.507692307692308
36127,4.62962962962963
44486,4.497607655502392
12135,4.317880794701987
22612,4.517241379310345
48629,4.419642857142857
3862,4.827586206896552
22743,4.662650602409639
94365,4.257142857142857
45120,4.3076923076923075
97589,4.698630136986301
51043,4.4375
97761,4.270833333333333
71443,4.693251533742331
19172,4.318181818181818
37256,4.6
96823,4.826086956521739
81643,4.413333333333333
107749,4.689655172413793
66832,4.205128205128205
26150,4.621848739495798
7074,4.552238805970149
7267,4.648148148148148
70389,4.338983050847458
65992,4.28
43784,4.6440677966101696
62535,4.530612244897959
56382,4.476923076923077
25983,4.621848739495798
10174,4.541666666666667
6528,4.354838709677419
38947,4.664893617021277
87220,4.162162162162162
91981,4.745454545454545
92742,4.724137931034483
31387,4.503875968992248
19304,4.780487804878049
67385,4.587209302325581
14953,4.329670329670329
15060,4.333333333333333
69041,4.626373626373627
4441,4.102941176470588
16903,4.492957746478873
40971,4.175438596491228
106832,4.291666666666667
89128,4.793103448275862
8705,4.3858267716535435
7494,4.32258064516129
22294,4.717948717948718
8422,4.714285714285714
32142,4.303030303030303
86765,4.4411764705882355
35418,4.479166666666667
47467,4.302631578947368
66604,4.621212121212121
106945,4.4772727272727275
90685,4.6923076923076925
22932,4.265822784810126
92452,4.36
46897,4.6525423728813555
69708,4.653846153846154
7182,4.648148148148148
100405,4.509090909090909
13972,4.222222222222222
79007,4.449275362318841
21470,4.068965517241379
37731,4.485714285714286
17813,4.377358490566038
60451,4.4186046511627906
72538,4.831325301204819
21585,4.297872340425532
53684,4.398058252427185
97074,4.466666666666667
101646,4.655172413793103
28873,4.628865979381444
35841,4.338983050847458
41145,4.525
2408,4.673267326732673
32649,4.741007194244604
51226,4.163934426229508
102147,4.321428571428571
85545,4.74468085106383
80627,4.647058823529412
28194,4.5
96840,4.826086956521739
47295,4.3076923076923075
96012,3.923076923076923
106340,4.689655172413793
35384,4.1454545454545455
8088,4.544303797468355
76075,4.079365079365079
107543,4.575757575757576
62243,4.6
38535,4.244897959183674
33012,4.631578947368421
55567,4.632911392405063
86640,4.75
44374,4.497607655502392
103269,3.5217391304347827
9056,4.673076923076923
68658,4.7317073170731705
78699,4.375
93604,4.586206896551724
15825,4.5
24462,4.54
39540,4.846456692913386
73448,4.553719008264463
33148,4.348837209302325
5162,4.111702127659575
96462,4.448275862068965
19195,4.318181818181818
102118,4.433333333333334
81799,4.640718562874252
12511,3.8333333333333335
59876,4.529411764705882
92274,4.555555555555555
70498,4.682926829268292
81547,4.413333333333333
45285,4.707964601769912
8161,4.0
79130,4.83
39849,4.044943820224719
41758,4.6020408163265305
92824,4.666666666666667
67389,4.587209302325581
75006,4.534883720930233
97480,4.393939393939394
64091,4.359375
103141,4.414634146341464
34674,4.778688524590164
74778,4.361111111111111
46399,4.440944881889764
51871,3.857142857142857
58571,4.386363636363637
19805,4.517241379310345
47189,4.3076923076923075
105108,4.583333333333333
95600,4.117647058823529
95169,4.3023255813953485
103163,4.538461538461538
96452,4.448275862068965
83486,4.433333333333334
87990,4.472527472527473
102255,4.166666666666667
4568,4.514285714285714
88862,4.730769230769231
46984,4.59375
104514,4.2407407407407405
78044,4.625
86130,4.681818181818182
58164,4.310344827586207
100570,4.454545454545454
86969,4.642857142857143
104073,4.628571428571429
104041,4.16
71991,4.461538461538462
81448,4.804878048780488
106486,4.193548387096774
32319,4.457516339869281
30732,4.754310344827586
45081,4.889655172413793
46799,4.6525423728813555
86522,4.655172413793103
91554,4.625
43360,4.860294117647059
57678,4.742574257425742
77842,4.472222222222222
102427,4.384615384615385
9377,4.34375
11531,4.341772151898734
2320,4.431578947368421
95335,4.454545454545454
91083,4.7272727272727275
92390,4.490566037735849
108595,4.844444444444444
76877,4.546511627906977
75843,4.225806451612903
19496,4.72
30933,4.28
91006,4.476190476190476
21935,4.387096774193548
19036,4.767441860465116
85785,4.5588235294117645
105519,4.538461538461538
83028,4.8076923076923075
104752,4.468085106382978
71576,4.693251533742331
59328,4.6395348837209305
92178,4.536585365853658
99925,4.4324324324324325
5147,4.111702127659575
54319,4.594594594594595
56118,4.6923076923076925
37604,4.280575539568345
27647,4.574712643678161
25975,4.621848739495798
29431,4.597402597402597
31133,4.388888888888889
77359,4.305084745762712
85039,4.739726027397261
105671,4.23404255319149
45466,4.435897435897436
99083,4.712121212121212
18084,4.613207547169812
36556,4.535885167464115
61982,4.739583333333333
81432,4.804878048780488
87099,4.793103448275862
97868,4.245283018867925
16186,4.5
105984,4.323529411764706
28780,4.433333333333334
86177,4.6976744186046515
53354,4.534883720930233
16069,4.333333333333333
105072,4.076923076923077
50895,4.545454545454546
57532,4.56
85607,4.74468085106383
53151,4.621212121212121
67727,4.416666666666667
50528,4.342105263157895
62644,4.488888888888889
101397,4.42
40099,4.275862068965517
41108,4.404255319148936
36576,4.535885167464115
57000,4.107692307692307
90878,3.96875
106452,4.769230769230769
11857,4.21875
5683,4.630434782608695
14701,4.258064516129032
66669,4.037037037037037
79288,4.446428571428571
70756,4.705882352941177
22517,4.660714285714286
17262,4.463768115942029
64790,4.512195121951219
19077,4.767441860465116
4003,4.73469387755102
86623,4.75
75100,4.64
95009,4.535211267605634
29062,4.628865979381444
104641,4.214285714285714
71768,4.440677966101695
19518,4.72
21809,4.409090909090909
34183,4.517241379310345
15494,4.483606557377049
25006,4.3076923076923075
17810,4.377358490566038
99375,4.6415094339622645
28894,4.628865979381444
9917,4.68141592920354
6031,4.488372093023256
75191,4.882352941176471
4115,4.636363636363637
53811,4.398058252427185
10526,4.462264150943396
31337,4.503875968992248
94128,4.67741935483871
1359,4.5
26984,4.394736842105263
82538,4.642857142857143
105704,4.545454545454546
1397,4.5
34954,4.582608695652174
78792,3.986666666666667
31468,4.439024390243903
39639,4.846456692913386
13032,4.6
29363,4.5
33406,4.35
66613,4.621212121212121
70853,4.225806451612903
60311,4.4
13007,4.580357142857143
16888,4.492957746478873
3676,4.162162162162162
76078,4.079365079365079
53891,4.723404255319149
94728,4.481481481481482
5832,4.6875
26495,4.601941747572815
60394,4.684210526315789
107552,4.575757575757576
9461,4.363636363636363
45789,4.581818181818182
64918,4.300970873786408
56975,4.107692307692307
82084,4.6
97691,4.270833333333333
60095,4.516129032258065
51131,4.434782608695652
54869,4.411764705882353
60216,4.391304347826087
100265,4.0
63038,4.597560975609756
22170,4.805555555555555
41759,4.6020408163265305
92244,4.536585365853658
106173,4.440476190476191
21186,4.4868421052631575
29190,4.628865979381444
59371,4.6395348837209305
2626,4.526315789473684
20055,4.712765957446808
14656,4.741935483870968
37101,4.48051948051948
10903,4.5054945054945055
48144,4.621951219512195
19856,4.517241379310345
72681,4.531914893617022
8241,4.256410256410256
76558,4.827338129496403
68605,4.7317073170731705
46302,4.456310679611651
66904,4.25
93327,4.758620689655173
101055,4.388888888888889
50660,4.545454545454546
14153,4.752688172043011
74614,4.52
106974,4.4772727272727275
35054,4.582608695652174
31409,4.503875968992248
104383,4.564102564102564
81433,4.804878048780488
3612,4.444444444444445
27610,4.574712643678161
53293,4.534883720930233
78872,3.986666666666667
83369,4.194444444444445
35191,4.728155339805825
72624,4.831325301204819
95674,4.482758620689655
719,4.442622950819672
80998,4.391304347826087
45855,4.581818181818182
2904,4.659090909090909
51453,4.506024096385542
53584,4.520833333333333
7637,4.303030303030303
66988,4.548387096774194
100073,4.0
6104,4.352941176470588
68037,4.357142857142857
33186,4.6
53657,4.043478260869565
70616,4.622641509433962
85312,4.4
14416,4.704545454545454
45122,4.3076923076923075
81495,4.551724137931035
75540,4.32
64445,4.405172413793103
22346,4.3478260869565215
58848,4.52760736196319
72250,4.414634146341464
91553,4.625
45584,4.435897435897436
40643,4.26
93990,4.423076923076923
71202,4.56140350877193
49611,4.457142857142857
28099,4.3896103896103895
33878,4.62962962962963
1718,4.304347826086956
31287,4.503875968992248
20921,4.638888888888889
30523,4.754310344827586
83902,4.662650602409639
20253,4.620689655172414
82055,4.68
40540,4.654545454545454
78900,3.986666666666667
78395,4.538461538461538
62743,4.163265306122449
75278,4.882352941176471
104065,4.628571428571429
73666,4.205128205128205
85053,4.739726027397261
107602,4.575757575757576
44606,4.575418994413408
12178,4.317880794701987
98836,4.5
77639,4.5
33640,4.411764705882353
26190,4.490566037735849
28325,4.589743589743589
49285,4.4324324324324325
65416,4.6875
79549,4.571428571428571
71472,4.693251533742331
84046,4.625
101130,3.6956521739130435
13415,4.142857142857143
9057,4.673076923076923
68374,4.3776223776223775
57839,4.204545454545454
87565,4.54054054054054
47383,4.081967213114754
2825,4.557142857142857
94453,4.375
52195,4.459016393442623
52093,4.285714285714286
8669,4.684210526315789
56983,4.107692307692307
13265,4.64
208,4.538461538461538
95691,4.482758620689655
41617,4.610921501706485
73553,4.553719008264463
96165,4.5
7810,4.743243243243243
90358,4.53125
94187,4.354166666666667
78679,4.583333333333333
80093,4.5675675675675675
46593,4.440944881889764
38644,4.341269841269841
81690,4.511627906976744
13688,4.333333333333333
94283,4.606060606060606
63093,4.597560975609756
76022,4.079365079365079
3484,4.521739130434782
88584,4.818181818181818
85030,4.739726027397261
11051,4.4222222222222225
87040,4.634146341463414
23872,4.848314606741573
51498,4.506024096385542
28777,4.433333333333334
3656,4.162162162162162
10450,4.545454545454546
45074,4.889655172413793
9757,4.68141592920354
31142,4.388888888888889
44802,4.575418994413408
105573,4.384615384615385
16152,4.5
85340,4.4
50476,4.08
65168,4.579439252336448
21071,4.7
64773,4.630434782608695
96981,4.515151515151516
59552,4.728813559322034
39272,4.846456692913386
48320,4.171428571428572
103151,4.414634146341464
30951,4.28
80008,4.666666666666667
40144,4.357142857142857
28424,4.285714285714286
21664,4.433962264150943
47400,4.081967213114754
39494,4.846456692913386
101172,4.304347826086956
85814,4.540983606557377
62142,4.428571428571429
61891,4.739583333333333
101368,4.42
33995,4.345864661654136
11671,4.72
80714,3.9
13644,4.333333333333333
95045,4.535211267605634
97858,4.245283018867925
17197,4.474226804123711
90476,4.666666666666667
50702,4.545454545454546
51486,4.506024096385542
2057,4.436842105263158
97062,4.466666666666667
107095,4.583333333333333
75884,4.079365079365079
43479,4.860294117647059
51460,4.506024096385542
7988,4.544303797468355
3745,4.285714285714286
76018,4.079365079365079
98229,4.12
14745,4.575342465753424
31746,4.619047619047619
62479,4.130434782608695
23977,4.848314606741573
26749,4.661764705882353
88834,4.730769230769231
76085,4.079365079365079
108262,4.625
21804,4.409090909090909
16499,4.177777777777778
13775,4.709677419354839
94706,4.481481481481482
67985,4.666666666666667
63165,4.534883720930233
3435,4.521739130434782
48112,4.433333333333334
86443,4.7727272727272725
77409,4.305084745762712
103131,4.414634146341464
59256,4.6395348837209305
63715,4.348837209302325
467,4.464285714285714
27727,4.5928571428571425
87871,4.738095238095238
20295,4.579787234042553
7626,4.303030303030303
82499,4.8743169398907105
36322,4.535885167464115
36742,4.7105263157894735
780,4.605263157894737
69576,4.653846153846154
27488,4.574712643678161
98423,4.6521739130434785
56694,3.98
61256,4.616279069767442
79120,4.83
12983,4.580357142857143
99791,4.623529411764705
67331,4.587209302325581
6118,4.352941176470588
78778,3.986666666666667
20726,4.719512195121951
78620,4.456521739130435
41450,4.610921501706485
49991,4.102564102564102
8909,4.3858267716535435
99335,4.6415094339622645
71661,4.113636363636363
82314,4.8743169398907105
23597,4.78974358974359
37895,4.835164835164835
59290,4.6395348837209305
90965,4.471698113207547
32117,4.303030303030303
45053,4.889655172413793
94660,4.269230769230769
21542,4.297872340425532
20904,4.14
58797,4.52760736196319
6490,4.354838709677419
62773,4.163265306122449
97125,4.414634146341464
102375,4.7368421052631575
83110,4.1923076923076925
40756,4.8161764705882355
46504,4.440944881889764
60731,4.647058823529412
3261,4.176470588235294
30988,4.62
104782,4.468085106382978
32493,4.741007194244604
6030,4.488372093023256
84767,4.575757575757576
58307,4.494623655913978
44358,4.497607655502392
33344,4.594594594594595
36152,4.086956521739131
95768,3.96875
9050,4.673076923076923
74946,4.375
90658,4.157894736842105
10399,4.483870967741935
14024,4.222222222222222
24728,4.382978723404255
58841,4.52760736196319
2289,4.431578947368421
78718,4.375
46627,4.637362637362638
29707,4.628205128205129
78182,4.619047619047619
100087,4.290322580645161
26172,4.490566037735849
34265,4.317460317460317
6190,4.440677966101695
34459,4.2
83835,4.662650602409639
48129,4.433333333333334
70180,4.483870967741935
21827,4.409090909090909
25667,4.793103448275862
24366,4.379310344827586
99272,4.793103448275862
9567,4.7407407407407405
29939,4.402298850574713
49817,4.476744186046512
8552,4.6976744186046515
77656,4.5
62854,3.9272727272727272
5617,4.630434782608695
30955,4.28
37813,4.835164835164835
74899,4.583333333333333
61930,4.739583333333333
4417,4.102941176470588
7095,4.552238805970149
57976,4.28125
22302,4.717948717948718
82434,4.8743169398907105
25305,4.625
89885,4.48936170212766
60513,4.630769230769231
60923,4.541284403669724
24816,4.2727272727272725
16650,4.475
102672,4.684684684684685
80122,4.5675675675675675
97926,4.245283018867925
105237,4.8125
67524,4.0588235294117645
53621,4.520833333333333
30926,4.28
11334,4.264150943396227
14280,4.923076923076923
37383,4.4655172413793105
12297,4.203125
94753,3.9375
30804,4.28
72634,4.531914893617022
52375,4.645833333333333
10393,4.483870967741935
26373,4.678571428571429
71223,4.56140350877193
73704,4.205128205128205
67126,4.297872340425532
107276,4.358974358974359
76173,4.814285714285714
19288,4.780487804878049
39585,4.846456692913386
89607,4.571428571428571
30729,4.754310344827586
35937,4.338983050847458
67816,4.46969696969697
51428,4.506024096385542
95706,4.482758620689655
105010,4.269230769230769
61103,3.739130434782609
79378,4.5
96771,4.592592592592593
99505,4.407407407407407
22579,4.660714285714286
87746,4.729166666666667
101544,4.793103448275862
72407,4.615384615384615
19262,4.318181818181818
72547,4.831325301204819
47528,4.302631578947368
7283,4.648148148148148
47460,4.302631578947368
80513,4.619047619047619
5502,4.486111111111111
34729,4.778688524590164
36579,4.535885167464115
65949,4.791666666666667
94879,4.173913043478261
35521,4.7368421052631575
107284,4.358974358974359
34762,4.15625
46529,4.440944881889764
27694,4.574712643678161
60859,4.458333333333333
88660,4.314285714285714
44016,4.1875
15092,4.333333333333333
15778,4.111111111111111
7297,4.648148148148148
35958,4.338983050847458
95258,4.454545454545454
14384,3.9285714285714284
92071,4.875
73189,4.398230088495575
82826,4.422535211267606
75121,4.64
66017,4.625
13521,4.861538461538461
12253,4.575
77072,4.717948717948718
46803,4.6525423728813555
45575,4.435897435897436
67298,4.587209302325581
7096,4.552238805970149
17737,4.377358490566038
36587,4.535885167464115
73886,4.384615384615385
12715,4.571428571428571
15017,4.329670329670329
83256,4.657894736842105
68182,4.3776223776223775
32303,4.457516339869281
80702,3.9
75489,4.423728813559322
72259,4.414634146341464
59350,4.6395348837209305
64385,4.405172413793103
55715,3.6129032258064515
15504,3.9361702127659575
49957,4.40625
71303,4.0
42831,4.478260869565218
17976,4.613207547169812
100767,4.086956521739131
61101,3.739130434782609
10182,4.7889908256880735
58753,4.52760736196319
15440,4.483606557377049
43147,4.642487046632124
92065,4.875
7738,4.743243243243243
18304,4.613207547169812
52768,3.9038461538461537
47250,4.3076923076923075
46021,4.666666666666667
57899,4.393939393939394
23853,4.78974358974359
70039,4.663461538461538
93316,4.758620689655173
24184,4.848314606741573
70760,4.705882352941177
84608,4.453125
91344,4.484210526315789
3575,4.444444444444445
44082,4.602739726027397
56482,4.720588235294118
92495,4.564102564102564
34699,4.778688524590164
13496,4.861538461538461
78218,4.619047619047619
38527,4.244897959183674
50440,4.08
90073,4.657894736842105
29829,4.155172413793103
74752,4.361111111111111
34083,4.345864661654136
41252,4.610921501706485
24888,4.5625
77250,4.86
38485,4.244897959183674
20690,4.719512195121951
99672,4.541666666666667
79958,4.310344827586207
68060,4.357142857142857
97026,4.173913043478261
91041,4.476190476190476
15990,3.9615384615384617
41333,4.610921501706485
52640,4.454545454545454
74898,4.583333333333333
77122,4.25
49162,4.469565217391304
38280,4.2809917355371905
82310,4.8743169398907105
11771,4.46875
90677,4.6923076923076925
31103,4.388888888888889
22271,4.717948717948718
106955,4.4772727272727275
4483,4.102941176470588
73572,4.553719008264463
99411,4.363636363636363
41063,4.404255319148936
77737,4.611111111111111
2601,4.526315789473684
45371,4.707964601769912
64134,4.359375
71125,4.598214285714286
103376,4.4423076923076925
100477,4.454545454545454
77103,4.717948717948718
46226,4.456310679611651
71672,4.113636363636363
76609,4.491525423728813
75067,4.534883720930233
16549,4.7368421052631575
105997,4.848484848484849
55239,4.466666666666667
59173,4.712765957446808
41525,4.610921501706485
82449,4.8743169398907105
48078,3.757575757575758
104664,4.205128205128205
15742,4.111111111111111
60889,4.541284403669724
60487,4.4186046511627906
75060,4.534883720930233
32089,4.303030303030303
56326,4.476923076923077
91271,4.314285714285714
36675,4.333333333333333
27473,4.574712643678161
88317,4.67741935483871
29189,4.628865979381444
44220,4.497607655502392
44078,4.602739726027397
97624,4.698630136986301
98501,4.775
75155,4.64
89642,4.571428571428571
52191,4.459016393442623
5428,4.821428571428571
66869,4.205128205128205
25970,4.621848739495798
93166,4.48
63132,4.534883720930233
67066,4.51063829787234
24477,4.54
25320,4.806451612903226
44469,4.497607655502392
100663,4.391304347826087
71078,4.598214285714286
26663,4.601941747572815
73,4.58
38072,4.6938775510204085
481,4.464285714285714
40503,4.75
95935,4.283018867924528
10718,4.443298969072165
96576,4.564102564102564
92566,4.634146341463414
65591,4.647058823529412
52591,4.478260869565218
29361,4.5
3120,4.075
48294,4.171428571428572
4762,4.5701754385964914
44062,4.602739726027397
44898,4.889655172413793
94441,4.375
36857,4.7105263157894735
13483,4.861538461538461
54835,4.623376623376624
95577,3.911764705882353
107548,4.575757575757576
107903,4.590909090909091
34733,4.778688524590164
32733,4.318181818181818
20413,4.579787234042553
90523,4.666666666666667
88979,4.609756097560975
71815,4.412698412698413
93890,4.258064516129032
98733,4.328947368421052
58048,4.310344827586207
26136,4.621848739495798
88796,4.730769230769231
17761,4.377358490566038
32798,4.534883720930233
51640,4.651515151515151
35077,4.582608695652174
56029,4.327272727272727
75311,4.580645161290323
93959,4.586206896551724
56801,4.5
96332,4.324324324324325
73069,4.655172413793103
75470,4.423728813559322
58458,4.438356164383562
82711,4.433333333333334
81219,4.375
82280,4.8743169398907105
37116,4.48051948051948
61391,4.627659574468085
5513,4.486111111111111
24545,4.275862068965517
88014,4.472527472527473
101975,4.636363636363637
75263,4.882352941176471
79800,4.862068965517241
103795,4.27906976744186
45367,4.707964601769912
68455,4.0754716981132075
74644,4.483870967741935
10024,4.607142857142857
11797,4.46875
29535,4.597402597402597
75811,4.285714285714286
49546,4.4324324324324325
64429,4.405172413793103
104067,4.628571428571429
4136,4.636363636363637
75545,4.32
33812,4.62962962962963
73240,4.398230088495575
9016,4.673076923076923
13353,4.82051282051282
91576,4.507692307692308
100004,4.344827586206897
97833,4.365853658536586
17968,4.613207547169812
49333,4.4324324324324325
48856,4.6521739130434785
69395,4.588235294117647
28845,4.433333333333334
3627,4.444444444444445
91980,4.745454545454545
71132,4.598214285714286
67509,4.428571428571429
82441,4.8743169398907105
25053,4.08
62259,4.6
1480,4.5
62713,4.488888888888889
54224,4.271186440677966
65049,4.468085106382978
85830,4.540983606557377
82331,4.8743169398907105
91616,4.507692307692308
60066,4.516129032258065
54941,4.410958904109589
84042,4.625
105465,4.655172413793103
94271,4.606060606060606
24585,4.0638297872340425
95163,4.3023255813953485
3949,4.827586206896552
28312,4.589743589743589
97268,4.542857142857143
9219,4.5
93334,4.758620689655173
41620,4.610921501706485
36810,4.7105263157894735
55048,4.410958904109589
89491,4.6909090909090905
104520,4.2407407407407405
25555,4.760869565217392
3212,4.176470588235294
76903,4.546511627906977
75097,4.64
19985,4.178571428571429
10712,4.443298969072165
69523,4.21875
55518,4.632911392405063
47648,4.704918032786885
24029,4.848314606741573
53665,4.043478260869565
1850,4.436842105263158
40024,4.5
11559,4.341772151898734
10911,4.5054945054945055
83451,4.411764705882353
98516,4.685714285714286
99859,4.375
69116,4.626373626373627
105623,4.23404255319149
34303,4.317460317460317
5518,4.486111111111111
66422,4.704433497536946
38570,4.341269841269841
30256,4.2727272727272725
101555,4.793103448275862
95497,4.153846153846154
27659,4.574712643678161
30824,4.28
74155,4.785714285714286
39358,4.846456692913386
44751,4.575418994413408
30622,4.754310344827586
68202,4.3776223776223775
80186,4.5675675675675675
83871,4.662650602409639
10054,4.607142857142857
91820,4.705882352941177
92834,4.815789473684211
356,4.389380530973451
23104,4.590909090909091
85892,4.540983606557377
103390,4.4423076923076925
95589,3.911764705882353
93028,4.459016393442623
18729,4.673267326732673
57244,4.622641509433962
228,4.389380530973451
104888,4.844444444444444
98530,4.685714285714286
85389,4.4
29112,4.628865979381444
50692,4.545454545454546
58707,4.52760736196319
84392,4.490566037735849
50014,4.102564102564102
106993,4.4772727272727275
39550,4.846456692913386
30168,4.5625
78742,4.64
55591,4.632911392405063
38516,4.244897959183674
14518,3.953488372093023
5692,4.630434782608695
79556,4.571428571428571
30713,4.754310344827586
746,4.605263157894737
79023,4.449275362318841
19441,4.625
71124,4.598214285714286
20764,4.719512195121951
47275,4.3076923076923075
43923,4.6440677966101696
46027,4.666666666666667
33375,4.594594594594595
90831,3.96875
4538,4.514285714285714
10018,4.607142857142857
61068,4.541284403669724
53437,4.4423076923076925
83567,4.684210526315789
78151,4.619047619047619
68822,4.309523809523809
36039,3.739130434782609
11555,4.341772151898734
62051,4.71875
41555,4.610921501706485
29597,4.444444444444445
80263,4.60655737704918
91048,4.476190476190476
41669,4.610921501706485
43796,4.6440677966101696
64949,4.300970873786408
30684,4.754310344827586
45423,4.707964601769912
4394,4.0754716981132075
72070,4.27027027027027
24767,4.2727272727272725
41069,4.404255319148936
24513,4.423076923076923
3223,4.176470588235294
83107,4.1923076923076925
12653,4.544303797468355
90397,4.515151515151516
2869,4.557142857142857
78705,4.375
86823,4.857142857142857
23321,4.4739336492890995
46331,4.456310679611651
32068,4.303030303030303
45743,4.581818181818182
36123,4.62962962962963
97355,4.068965517241379
92807,4.666666666666667
106927,4.458333333333333
17156,4.474226804123711
73335,4.53125
26933,4.142857142857143
21844,4.739130434782608
45503,4.435897435897436
74728,4.361111111111111
71984,4.461538461538462
89820,4.43859649122807
64258,3.5161290322580645
104802,4.615384615384615
98063,4.618181818181818
104864,4.844444444444444
46020,4.666666666666667
86663,4.681818181818182
3847,4.03030303030303
66719,4.392857142857143
76795,4.546511627906977
85253,4.868421052631579
37692,4.485714285714286
105556,4.538461538461538
87261,4.162162162162162
71391,4.693251533742331
32771,4.318181818181818
85046,4.739726027397261
55486,4.632911392405063
64248,4.487804878048781
11627,4.730769230769231
101127,3.6956521739130435
75281,4.882352941176471
79926,4.310344827586207
74709,4.361111111111111
93829,4.709677419354839
107470,4.666666666666667
89323,4.647058823529412
3260,4.176470588235294
97523,4.698630136986301
4730,4.5701754385964914
11836,4.21875
57116,4.107692307692307
2277,4.431578947368421
97449,4.56
61608,4.379310344827586
29500,4.597402597402597
100309,4.0
52822,4.435897435897436
99519,4.407407407407407
16828,4.492957746478873
72965,4.521739130434782
50389,4.21875
85211,4.3088235294117645
61127,4.616279069767442
29870,4.155172413793103
24280,4.442622950819672
12834,4.580357142857143
90399,4.515151515151516
60973,4.541284403669724
76359,4.827338129496403
93128,4.48
75924,4.079365079365079
104803,4.615384615384615
8622,4.6976744186046515
107189,4.5625
80863,4.3076923076923075
29623,4.444444444444445
21803,4.409090909090909
23651,4.78974358974359
55494,4.632911392405063
90922,4.471698113207547
80010,4.666666666666667
102528,4.684684684684685
46207,4.456310679611651
11423,4.528301886792453
90776,3.96875
48073,3.757575757575758
90844,3.96875
32862,4.534883720930233
70772,4.705882352941177
34896,4.171428571428572
13494,4.861538461538461
11190,4.585106382978723
96846,4.56
48927,3.8095238095238093
43164,4.642487046632124
5615,4.630434782608695
18402,4.773584905660377
97954,4.764705882352941
96503,4.4
95940,4.283018867924528
71712,4.440677966101695
38341,4.2809917355371905
99238,4.8076923076923075
24711,4.382978723404255
38366,4.2809917355371905
84456,4.490566037735849
93735,4.695652173913044
49773,4.476744186046512
40406,4.75
38006,4.6938775510204085
26780,4.661764705882353
106687,4.523809523809524
49673,4.439024390243903
38140,4.150943396226415
2537,4.526315789473684
71278,4.0
100800,4.732142857142857
71894,4.412698412698413
7550,4.72
66175,4.666666666666667
75542,4.32
57458,3.8620689655172415
2244,4.431578947368421
73609,4.553719008264463
44148,4.602739726027397
8582,4.6976744186046515
53494,4.4423076923076925
96624,3.9344262295081966
50127,4.583333333333333
98937,4.461538461538462
67652,4.357142857142857
103255,4.096774193548387
61680,4.236363636363636
31262,4.503875968992248
20054,4.712765957446808
52028,3.962962962962963
35669,4.421875
6673,4.530769230769231
96738,4.3
42346,4.6125
105483,4.655172413793103
85037,4.739726027397261
12789,4.65625
32031,4.303030303030303
91784,4.705882352941177
56279,4.6923076923076925
26954,4.142857142857143
83235,4.657894736842105
27623,4.574712643678161
3370,4.12987012987013
8532,4.6976744186046515
49511,4.4324324324324325
30022,4.402298850574713
79564,4.571428571428571
75235,4.882352941176471
24080,4.848314606741573
102900,4.485714285714286
89830,4.43859649122807
97971,4.764705882352941
70277,4.371428571428571
96442,4.448275862068965
84249,4.855421686746988
81080,4.413793103448276
22873,4.265822784810126
58230,4.494623655913978
26267,4.782608695652174
39278,4.846456692913386
35248,4.728155339805825
78189,4.619047619047619
106715,4.166666666666667
75180,4.882352941176471
40130,4.357142857142857
20720,4.719512195121951
105990,4.848484848484849
43361,4.860294117647059
62151,4.428571428571429
37395,4.4655172413793105
61960,4.739583333333333
53456,4.4423076923076925
28543,4.84375
102050,4.038461538461538
82092,4.6
2191,4.431578947368421
30658,4.754310344827586
30367,4.714285714285714
63069,4.597560975609756
97527,4.698630136986301
10230,4.7889908256880735
41554,4.610921501706485
69363,4.565217391304348
74124,4.785714285714286
41294,4.610921501706485
62050,4.71875
31225,4.503875968992248
105832,4.928571428571429
94348,4.257142857142857
4529,4.102941176470588
91237,4.314285714285714
35268,4.728155339805825
93048,4.459016393442623
56049,4.525
65928,4.791666666666667
86870,4.857142857142857
2400,4.673267326732673
24855,4.2727272727272725
56459,3.71875
82338,4.8743169398907105
11154,4.585106382978723
39246,4.684210526315789
104911,4.844444444444444
26843,4.475
39006,4.664893617021277
51571,4.678571428571429
78653,4.583333333333333
23655,4.78974358974359
107964,4.590909090909091
103539,4.463414634146342
100339,4.419354838709677
74166,4.785714285714286
28878,4.628865979381444
97356,4.068965517241379
87326,4.518518518518518
23723,4.78974358974359
95264,4.454545454545454
28581,4.2368421052631575
73670,4.205128205128205
8870,4.3858267716535435
76615,4.491525423728813
102579,4.684684684684685
1616,4.673076923076923
65627,4.509090909090909
95776,3.96875
108599,4.844444444444444
102140,4.433333333333334
103097,4.414634146341464
21274,4.769230769230769
65075,4.468085106382978
93031,4.459016393442623
60883,4.541284403669724
81367,4.682926829268292
101391,4.42
43929,4.6440677966101696
29354,4.5
68967,4.75
58251,4.494623655913978
7863,4.743243243243243
76358,4.827338129496403
25579,4.760869565217392
54365,3.4242424242424243
55226,4.466666666666667
82684,4.423076923076923
48812,4.6521739130434785
39170,4.664893617021277
32914,4.659574468085107
101832,4.3125
56553,4.720588235294118
2941,4.659090909090909
9526,4.363636363636363
74669,4.483870967741935
70476,4.682926829268292
96646,3.9344262295081966
61805,4.464285714285714
5716,4.630434782608695
41209,4.525
69467,4.357142857142857
1192,4.633333333333334
42452,4.504424778761062
106929,4.458333333333333
90389,4.515151515151516
71611,4.113636363636363
18640,4.673267326732673
51743,4.461538461538462
62018,4.739583333333333
100030,4.344827586206897
2411,4.673267326732673
98566,4.685714285714286
87606,4.54054054054054
53708,4.398058252427185
9463,4.363636363636363
85065,4.739726027397261
90219,4.371428571428571
94214,4.354166666666667
2467,4.673267326732673
98315,4.083333333333333
5633,4.630434782608695
75418,4.423728813559322
79472,4.666666666666667
35422,4.479166666666667
60746,4.647058823529412
30497,4.754310344827586
62549,4.530612244897959
31356,4.503875968992248
30674,4.754310344827586
99315,4.6415094339622645
53814,4.398058252427185
108115,4.423076923076923
90873,3.96875
40173,4.357142857142857
37705,4.485714285714286
10434,4.545454545454546
37984,4.6938775510204085
50192,4.149606299212598
66563,4.621212121212121
60287,4.354838709677419
23206,4.4739336492890995
7160,4.648148148148148
108232,4.625
12849,4.580357142857143
1511,4.5
72985,4.285714285714286
53838,4.398058252427185
48439,4.090909090909091
105891,4.862068965517241
58816,4.52760736196319
37275,4.6
83126,4.1923076923076925
50839,4.545454545454546
34972,4.582608695652174
86661,4.681818181818182
83939,4.6923076923076925
58989,4.16
65278,4.579439252336448
45638,3.9
67180,4.587209302325581
11307,4.264150943396227
13140,4.6923076923076925
3767,4.538461538461538
32831,4.534883720930233
85515,4.617647058823529
74788,4.361111111111111
63620,4.7637795275590555
31405,4.503875968992248
17129,4.474226804123711
18504,4.773584905660377
54708,4.416666666666667
47857,4.073170731707317
91205,4.314285714285714
6063,4.352941176470588
100200,4.764705882352941
6876,4.391304347826087
46317,4.456310679611651
87025,4.634146341463414
28301,4.589743589743589
87575,4.54054054054054
13564,4.861538461538461
97666,4.391304347826087
55274,4.388888888888889
103562,4.463414634146342
78726,4.64
99779,4.623529411764705
105587,4.384615384615385
12431,4.368421052631579
88076,4.472527472527473
44588,4.575418994413408
12760,4.571428571428571
75925,4.079365079365079
45324,4.707964601769912
4384,4.0754716981132075
303,4.389380530973451
11678,4.72
81230,3.896551724137931
33852,4.62962962962963
99789,4.623529411764705
2668,4.428571428571429
73245,4.398230088495575
25051,4.08
47076,4.32
21412,4.851851851851852
23588,4.78974358974359
17470,4.416666666666667
32209,4.457516339869281
55473,4.632911392405063
69173,4.626373626373627
3600,4.444444444444445
28539,4.84375
34480,4.758620689655173
43058,4.642487046632124
61757,4.236363636363636
1411,4.5
8000,4.544303797468355
14741,4.575342465753424
39389,4.846456692913386
79474,4.666666666666667
98962,4.0
50643,4.545454545454546
76143,4.814285714285714
61618,4.379310344827586
15205,4.346938775510204
42069,4.6020408163265305
36941,4.7105263157894735
46397,4.440944881889764
19685,4.711538461538462
2600,4.526315789473684
37205,4.018867924528302
101637,4.655172413793103
41609,4.610921501706485
101423,4.42
52577,4.478260869565218
85653,4.583333333333333
55293,4.388888888888889
93521,4.709677419354839
54530,4.0
15258,4.346938775510204
22798,4.662650602409639
3470,4.521739130434782
53491,4.4423076923076925
103779,4.375
83134,4.1923076923076925
70302,4.371428571428571
97642,4.391304347826087
54540,4.0
98601,4.428571428571429
77046,4.944444444444445
26122,4.621848739495798
38273,4.2809917355371905
6967,4.391304347826087
45580,4.435897435897436
41469,4.610921501706485
30531,4.754310344827586
10786,4.443298969072165
52688,4.413793103448276
83463,4.411764705882353
57437,4.53125
62760,4.163265306122449
23051,4.636363636363637
73966,4.384615384615385
20467,4.579787234042553
55089,4.466666666666667
47168,4.3076923076923075
363,4.389380530973451
100082,4.290322580645161
69060,4.626373626373627
34454,4.2
75326,4.580645161290323
78987,4.449275362318841
95082,4.172413793103448
72828,4.4603174603174605
80839,4.3076923076923075
4728,4.5701754385964914
47003,4.59375
78723,4.375
52034,3.962962962962963
50208,4.149606299212598
85569,4.74468085106383
50195,4.149606299212598
226,4.389380530973451
89473,4.6909090909090905
54124,4.314285714285714
96996,4.515151515151516
57381,4.53125
18760,4.673267326732673
20415,4.579787234042553
91555,4.625
93508,4.233766233766234
37819,4.835164835164835
28696,4.433333333333334
76874,4.546511627906977
58941,4.16
98023,4.618181818181818
20143,4.712765957446808
55992,4.327272727272727
84952,3.652173913043478
60952,4.541284403669724
63823,4.485714285714286
24843,4.2727272727272725
55343,4.632911392405063
95054,4.535211267605634
78982,4.449275362318841
97693,4.270833333333333
64607,4.257142857142857
106008,4.848484848484849
37708,4.485714285714286
105537,4.538461538461538
59723,4.456521739130435
36098,4.533333333333333
108127,4.423076923076923
36893,4.7105263157894735
92898,4.923076923076923
59715,4.456521739130435
45634,3.9
44978,4.889655172413793
106388,4.64
50035,4.102564102564102
72833,4.4603174603174605
61434,4.627659574468085
66859,4.205128205128205
7077,4.552238805970149
48946,4.185185185185185
77224,4.535714285714286
37184,4.018867924528302
70287,4.371428571428571
57151,4.107692307692307
106706,4.166666666666667
21981,4.621621621621622
27896,4.5928571428571425
101888,4.458333333333333
61047,4.541284403669724
15850,4.481012658227848
38833,4.594594594594595
30452,4.754310344827586
31741,4.619047619047619
23948,4.848314606741573
53131,4.621212121212121
22655,4.517241379310345
67069,4.51063829787234
12014,4.317880794701987
13168,4.6923076923076925
80605,4.647058823529412
53935,4.723404255319149
76369,4.827338129496403
27964,4.846153846153846
61584,4.379310344827586
50845,4.545454545454546
91644,4.507692307692308
104568,4.538461538461538
21756,4.409090909090909
47101,4.32
72844,4.4603174603174605
941,4.189473684210526
100883,4.578947368421052
107079,4.583333333333333
79242,4.83
88733,4.780487804878049
14773,4.575342465753424
89462,4.6909090909090905
35448,4.479166666666667
44628,4.575418994413408
54022,4.833333333333333
102124,4.433333333333334
35533,4.7368421052631575
91131,4.517241379310345
59764,4.25
104401,4.513513513513513
7833,4.743243243243243
30200,4.233333333333333
64965,4.300970873786408
3772,4.538461538461538
722,4.442622950819672
31527,4.439024390243903
23964,4.848314606741573
55407,4.632911392405063
58415,4.185185185185185
2218,4.431578947368421
12363,4.203125
81127,4.631578947368421
72736,4.653846153846154
2104,4.436842105263158
86286,4.595238095238095
103425,4.607142857142857
15209,4.346938775510204
58488,4.438356164383562
42952,4.5675675675675675
175,4.538461538461538
81559,4.413333333333333
50132,4.583333333333333
105418,4.071428571428571
56643,4.102564102564102
23329,4.4739336492890995
79794,4.340909090909091
3954,4.827586206896552
49691,4.439024390243903
86584,4.8
84405,4.490566037735849
58715,4.52760736196319
49054,4.130434782608695
49123,4.469565217391304
63592,4.7637795275590555
11647,4.730769230769231
26631,4.601941747572815
85265,4.868421052631579
25295,4.625
16112,4.5
86239,4.595238095238095
92648,4.8
52809,4.435897435897436
66004,4.625
108517,4.641025641025641
12116,4.317880794701987
69989,4.663461538461538
39432,4.846456692913386
76862,4.546511627906977
61140,4.616279069767442
53320,4.534883720930233
76320,4.454545454545454
42817,4.478260869565218
98916,4.461538461538462
11730,4.46875
49790,4.476744186046512
55469,4.632911392405063
1015,4.333333333333333
26727,4.661764705882353
28111,4.3896103896103895
105488,4.655172413793103
82420,4.8743169398907105
91235,4.314285714285714
56437,3.71875
80455,4.619047619047619
30413,4.754310344827586
19543,4.72
33493,4.35
19950,3.9322033898305087
56573,4.720588235294118
81728,4.511627906976744
104446,4.513513513513513
54721,4.623376623376624
22998,4.636363636363637
16254,4.5
61772,4.464285714285714
97880,4.245283018867925
91800,4.705882352941177
22096,4.350877192982456
46854,4.6525423728813555
23269,4.4739336492890995
3844,4.03030303030303
106597,4.363636363636363
73474,4.553719008264463
37925,4.6938775510204085
48786,3.7142857142857144
28628,4.2368421052631575
751,4.605263157894737
78175,4.619047619047619
97542,4.698630136986301
41698,4.610921501706485
27362,4.53125
36703,4.333333333333333
97232,4.487804878048781
28006,4.3896103896103895
39390,4.846456692913386
24696,4.382978723404255
100383,4.509090909090909
83842,4.662650602409639
30303,4.260869565217392
22889,4.265822784810126
54607,4.365853658536586
56755,4.4
94975,4.535211267605634
54653,4.416666666666667
50913,4.545454545454546
27038,4.394736842105263
45461,4.435897435897436
22380,4.662650602409639
61171,4.616279069767442
102976,4.68
29289,4.366197183098592
59161,4.712765957446808
21812,4.409090909090909
27950,4.846153846153846
47020,4.59375
48880,3.8095238095238093
38,4.333333333333333
8366,4.714285714285714
75667,4.583333333333333
23875,4.848314606741573
59919,4.529411764705882
86368,4.771428571428571
2547,4.526315789473684
29701,4.628205128205129
67462,4.587209302325581
46011,4.666666666666667
22742,4.662650602409639
69777,4.395348837209302
45049,4.889655172413793
41697,4.610921501706485
82595,4.642857142857143
39381,4.846456692913386
1145,4.633333333333334
76727,4.608695652173913
33151,4.348837209302325
70828,4.225806451612903
54231,4.271186440677966
18642,4.673267326732673
15091,4.333333333333333
67998,4.666666666666667
47766,4.1
103757,4.375
4954,4.651162790697675
50790,4.545454545454546
56319,4.476923076923077
103475,4.621621621621622
6007,4.488372093023256
60575,4.630769230769231
46174,4.666666666666667
31140,4.388888888888889
20601,4.579787234042553
74936,4.375
101336,4.681818181818182
55555,4.632911392405063
35485,4.7368421052631575
52575,4.478260869565218
16803,4.714285714285714
44533,4.575418994413408
85353,4.4
2950,4.659090909090909
14350,3.9285714285714284
95468,4.153846153846154
90022,4.717391304347826
72839,4.4603174603174605
5558,4.486111111111111
8326,4.541666666666667
89589,4.589285714285714
39238,4.684210526315789
105835,4.928571428571429
67642,4.357142857142857
62428,4.5125
14316,4.346153846153846
67843,4.46969696969697
98037,4.618181818181818
49664,4.439024390243903
82810,4.422535211267606
33143,4.348837209302325
95934,4.283018867924528
98351,4.083333333333333
19068,4.767441860465116
64477,4.405172413793103
102043,4.363636363636363
84285,4.855421686746988
48965,4.185185185185185
80709,3.9
106348,4.64
34636,4.778688524590164
60966,4.541284403669724
62885,3.9272727272727272
50093,4.405405405405405
91829,4.705882352941177
9979,4.607142857142857
10508,4.462264150943396
55406,4.632911392405063
20196,4.548387096774194
5960,4.6875
74459,4.685714285714286
33408,4.35
48733,4.35
35449,4.479166666666667
44247,4.497607655502392
50297,4.149606299212598
56744,3.98
81362,4.682926829268292
12604,4.544303797468355
47608,4.704918032786885
44222,4.497607655502392
91522,4.851851851851852
46762,4.6525423728813555
78101,4.625
51385,4.506024096385542
22905,4.265822784810126
1941,4.436842105263158
68249,4.3776223776223775
53082,4.066666666666666
31338,4.503875968992248
94792,3.9375
55925,4.375
92835,4.815789473684211
11621,4.341772151898734
87947,4.076923076923077
69760,4.395348837209302
89373,4.37037037037037
3304,4.12987012987013
31010,4.62
64029,4.230769230769231
67463,4.587209302325581
21152,4.4868421052631575
2857,4.557142857142857
89929,4.48936170212766
36940,4.7105263157894735
100553,4.454545454545454
86930,4.571428571428571
104170,4.425
56461,3.71875
41093,4.404255319148936
25460,4.586666666666667
19146,4.818181818181818
67547,4.0588235294117645
49516,4.4324324324324325
37236,4.6
55314,4.388888888888889
61777,4.464285714285714
80939,4.628571428571429
65652,4.509090909090909
95203,3.88
90371,4.53125
95364,4.6571428571428575
34863,4.171428571428572
37523,4.280575539568345
104134,4.666666666666667
92195,4.536585365853658
103944,4.933333333333334
45365,4.707964601769912
25000,4.3076923076923075
19802,4.517241379310345
78953,4.449275362318841
94917,4.628571428571429
20633,4.719512195121951
14663,4.741935483870968
79895,4.435897435897436
14706,4.258064516129032
33519,4.35
83002,4.8076923076923075
69150,4.626373626373627
27539,4.574712643678161
105574,4.384615384615385
89817,4.43859649122807
81585,4.413333333333333
67600,4.0588235294117645
49451,4.344262295081967
61370,4.627659574468085
49705,4.439024390243903
4387,4.0754716981132075
78194,4.619047619047619
20073,4.712765957446808
105116,4.583333333333333
17894,4.585365853658536
103750,4.375
107565,4.575757575757576
97677,4.391304347826087
84193,4.604651162790698
60944,4.541284403669724
49294,4.4324324324324325
77761,4.611111111111111
21482,4.068965517241379
21714,4.433962264150943
76116,4.814285714285714
104672,4.205128205128205
61876,4.739583333333333
3032,4.8
108377,4.610169491525424
23897,4.848314606741573
13986,4.222222222222222
50580,4.545454545454546
98556,4.685714285714286
7541,4.32258064516129
31496,4.439024390243903
46115,4.666666666666667
22494,4.662650602409639
26680,4.661764705882353
99545,4.166666666666667
9923,4.68141592920354
20111,4.712765957446808
105433,4.071428571428571
77662,4.5
26521,4.601941747572815
84447,4.490566037735849
74138,4.785714285714286
27636,4.574712643678161
36668,4.333333333333333
74237,4.785714285714286
91611,4.507692307692308
27007,4.394736842105263
67287,4.587209302325581
21652,4.433962264150943
40237,4.754385964912281
103357,4.4423076923076925
58311,4.494623655913978
27932,4.5928571428571425
44065,4.602739726027397
108231,4.625
14621,4.741935483870968
46755,4.637362637362638
21833,4.409090909090909
24200,4.442622950819672
22503,4.662650602409639
1625,4.673076923076923
32465,4.741007194244604
79282,4.446428571428571
81017,4.391304347826087
92394,4.490566037735849
78322,4.653333333333333
52261,4.459016393442623
14563,4.410256410256411
75847,4.225806451612903
71600,4.693251533742331
23847,4.78974358974359
44864,4.889655172413793
75754,4.285714285714286
41088,4.404255319148936
10092,4.541666666666667
76122,4.814285714285714
102511,4.684684684684685
68966,4.75
99975,4.6521739130434785
95153,4.3023255813953485
77275,4.86
81703,4.511627906976744
71807,4.412698412698413
28611,4.2368421052631575
79665,4.378378378378378
40295,4.754385964912281
75675,4.583333333333333
86330,4.568181818181818
90149,4.346153846153846
63996,3.9565217391304346
48763,3.7142857142857144
39453,4.846456692913386
56831,4.5
89429,4.6909090909090905
9149,4.27027027027027
81694,4.511627906976744
74182,4.785714285714286
48844,4.6521739130434785
15615,4.642857142857143
73904,4.384615384615385
91973,4.745454545454545
75405,4.423728813559322
64170,4.359375
10082,4.607142857142857
86847,4.857142857142857
8139,4.0
15647,4.757575757575758
68815,4.704545454545454
291,4.389380530973451
92228,4.536585365853658
38991,4.664893617021277
85103,4.739726027397261
84108,4.296296296296297
68583,4.7317073170731705
67245,4.587209302325581
43320,4.642487046632124
92939,4.923076923076923
99044,4.712121212121212
45419,4.707964601769912
100535,4.454545454545454
68354,4.3776223776223775
67550,4.0588235294117645
31814,4.619047619047619
35454,4.479166666666667
56504,4.720588235294118
11988,4.317880794701987
97950,4.764705882352941
13456,4.142857142857143
89351,4.647058823529412
28663,4.433333333333334
909,4.189473684210526
87938,4.076923076923077
104275,4.739130434782608
95430,4.608695652173913
99630,4.535714285714286
61135,4.616279069767442
74835,4.341463414634147
41462,4.610921501706485
13012,4.580357142857143
106290,4.689655172413793
22677,4.662650602409639
41801,4.6020408163265305
45826,4.581818181818182
580,4.647058823529412
26461,4.7
59766,4.25
43801,4.6440677966101696
101717,4.608695652173913
9515,4.363636363636363
8806,4.3858267716535435
19400,4.625
35595,4.7368421052631575
4849,4.651162790697675
102612,4.684684684684685
18889,4.379310344827586
93007,4.459016393442623
29216,4.366197183098592
19940,3.9322033898305087
22853,4.265822784810126
82283,4.8743169398907105
67215,4.587209302325581
30195,4.233333333333333
67583,4.0588235294117645
85156,4.3088235294117645
87184,4.269230769230769
87004,4.634146341463414
80639,4.730769230769231
85477,4.617647058823529
35061,4.582608695652174
43261,4.642487046632124
8824,4.3858267716535435
26693,4.661764705882353
14729,4.575342465753424
6510,4.354838709677419
46791,4.6525423728813555
33873,4.62962962962963
79807,4.862068965517241
18118,4.613207547169812
92412,4.490566037735849
45533,4.435897435897436
1133,4.633333333333334
87340,4.518518518518518
34659,4.778688524590164
103878,4.32
66675,4.037037037037037
97754,4.270833333333333
5745,4.630434782608695
52453,4.2
5811,4.6875
16898,4.492957746478873
18878,4.379310344827586
75476,4.423728813559322
82059,4.68
3,4.333333333333333
61624,4.714285714285714
77899,4.7
12658,4.544303797468355
34143,4.517241379310345
53571,4.520833333333333
10926,4.5054945054945055
49388,4.344262295081967
71962,4.461538461538462
60557,4.630769230769231
62317,4.6
95863,4.283018867924528
84181,4.604651162790698
105404,4.5
87689,4.695652173913044
107345,4.696969696969697
21422,4.851851851851852
45278,4.707964601769912
54867,4.411764705882353
95594,3.911764705882353
37010,4.48051948051948
30386,4.754310344827586
50340,4.149606299212598
36257,4.535885167464115
14132,4.752688172043011
4664,4.5701754385964914
75340,4.580645161290323
94643,4.269230769230769
24165,4.848314606741573
41573,4.610921501706485
62925,4.333333333333333
49799,4.476744186046512
54936,4.411764705882353
27140,4.576923076923077
54154,4.379310344827586
25286,4.625
86470,4.7727272727272725
16248,4.5
48575,4.419642857142857
32425,4.457516339869281
61411,4.627659574468085
99007,4.712121212121212
31460,4.439024390243903
64186,4.487804878048781
34313,4.317460317460317
72225,4.414634146341464
39055,4.664893617021277
26108,4.621848739495798
76056,4.079365079365079
60637,4.125
75454,4.423728813559322
31055,4.388888888888889
31047,4.62
25457,4.586666666666667
39134,4.664893617021277
30571,4.754310344827586
92554,4.634146341463414
22048,4.350877192982456
31999,4.303030303030303
10384,4.483870967741935
100067,4.0
71179,4.56140350877193
78128,4.625
36205,4.428571428571429
20668,4.719512195121951
96239,4.115384615384615
96438,4.448275862068965
37724,4.485714285714286
50874,4.545454545454546
10137,4.541666666666667
55794,4.576923076923077
18455,4.773584905660377
63289,3.979591836734694
102709,4.426229508196721
14291,4.346153846153846
15322,4.483606557377049
69779,4.395348837209302
53457,4.4423076923076925
35228,4.728155339805825
26496,4.601941747572815
23608,4.78974358974359
83344,4.371428571428571
99458,4.2592592592592595
93657,4.733333333333333
25670,4.793103448275862
39201,4.684210526315789
58636,4.386363636363637
93272,4.714285714285714
105820,4.4
70012,4.663461538461538
107539,4.575757575757576
53613,4.520833333333333
43941,4.6440677966101696
46633,4.637362637362638
83148,4.529411764705882
58935,4.16
71838,4.412698412698413
89206,4.5
69255,4.607142857142857
65535,4.205882352941177
85970,4.404040404040404
60031,4.076923076923077
82758,4.433333333333334
104605,4.214285714285714
65546,4.205882352941177
5457,4.821428571428571
68178,4.3776223776223775
102456,4.814814814814815
99731,4.623529411764705
23790,4.78974358974359
23917,4.848314606741573
21574,4.297872340425532
41728,4.610921501706485
20868,4.14
96131,4.611111111111111
83735,4.321428571428571
12350,4.203125
2189,4.431578947368421
46178,4.666666666666667
39927,4.483870967741935
91291,4.314285714285714
59688,4.456521739130435
71920,3.869565217391304
22969,4.636363636363637
46924,4.6525423728813555
38522,4.244897959183674
59006,4.16
45378,4.707964601769912
5286,4.111702127659575
44345,4.497607655502392
53608,4.520833333333333
53165,4.621212121212121
49112,4.469565217391304
100968,4.578947368421052
72055,4.037037037037037
88350,4.67741935483871
77717,4.611111111111111
14882,4.714285714285714
47555,4.704918032786885
50354,4.149606299212598
79352,4.5
90454,4.666666666666667
10412,4.483870967741935
103465,4.621621621621622
101194,4.5
44147,4.602739726027397
97149,4.414634146341464
91504,4.851851851851852
88129,4.472527472527473
77996,4.625
61972,4.739583333333333
71056,4.598214285714286
21674,4.433962264150943
72361,4.633333333333334
49506,4.1875
95690,4.482758620689655
79510,4.666666666666667
40026,4.5
36657,4.25
9545,4.7407407407407405
11718,4.46875
79837,4.862068965517241
38218,4.2809917355371905
84681,4.72
76664,4.491525423728813
47689,4.526315789473684
24900,4.5625
31159,4.478260869565218
14311,4.346153846153846
102977,4.68
37042,4.48051948051948
52321,4.266666666666667
25128,4.673469387755102
67961,4.666666666666667
31449,4.439024390243903
12285,4.203125
45251,4.084745762711864
27577,4.574712643678161
29638,4.444444444444445
41967,4.6020408163265305
7289,4.648148148148148
29661,4.444444444444445
97251,4.487804878048781
29796,4.628205128205129
16200,4.5
79201,4.83
104092,4.628571428571429
3852,4.03030303030303
104269,4.739130434782608
100161,4.571428571428571
45777,4.581818181818182
65047,4.468085106382978
47546,4.704918032786885
71247,4.56140350877193
64747,4.630434782608695
96183,4.5
44341,4.497607655502392
72953,4.521739130434782
21064,4.7
31438,4.439024390243903
4508,4.102941176470588
100982,4.45945945945946
91084,4.7272727272727275
105570,4.384615384615385
6478,4.280701754385965
22060,4.350877192982456
12835,4.580357142857143
15044,4.329670329670329
1364,4.5
106917,4.458333333333333
65751,4.411764705882353
43527,4.860294117647059
70568,4.6
66960,4.548387096774194
15438,4.483606557377049
50386,4.21875
86357,4.568181818181818
93127,4.48
81236,3.896551724137931
94633,4.25
88597,4.818181818181818
6263,4.440677966101695
107442,4.666666666666667
62289,4.6
11103,4.352941176470588
71563,4.693251533742331
19108,4.767441860465116
28365,4.285714285714286
105551,4.538461538461538
34932,4.582608695652174
10208,4.7889908256880735
102864,4.485714285714286
33684,4.442622950819672
50479,4.08
70125,4.663461538461538
81443,4.804878048780488
70332,4.338983050847458
72034,4.037037037037037
32824,4.534883720930233
75678,4.583333333333333
83573,4.684210526315789
1429,4.5
20786,4.708333333333333
51581,4.678571428571429
3514,4.521739130434782
90518,4.666666666666667
106438,4.769230769230769
24392,4.379310344827586
92516,4.564102564102564
24593,4.0638297872340425
75947,4.079365079365079
92841,4.815789473684211
23403,4.4739336492890995
74934,4.375
64488,4.405172413793103
82341,4.8743169398907105
45628,3.9
28566,4.84375
77800,4.472222222222222
98182,4.12
11087,4.352941176470588
61814,4.464285714285714
24552,4.275862068965517
57401,4.53125
15842,4.481012658227848
107035,4.484848484848484
35124,4.728155339805825
84626,4.453125
39524,4.846456692913386
79989,4.666666666666667
48469,4.419642857142857
83103,4.1923076923076925
15674,4.757575757575758
51049,4.4375
8785,4.3858267716535435
55421,4.632911392405063
4104,4.636363636363637
86780,4.4411764705882355
26927,4.142857142857143
54837,4.623376623376624
96242,4.115384615384615
98313,4.083333333333333
27874,4.5928571428571425
78134,4.625
77683,4.5
12250,4.575
44096,4.602739726027397
16662,4.705882352941177
73299,4.53125
20107,4.712765957446808
15968,4.481012658227848
76342,4.827338129496403
86659,4.681818181818182
51862,4.695652173913044
15468,4.483606557377049
74991,4.375
93682,4.478260869565218
24850,4.2727272727272725
52148,4.285714285714286
91,4.58
90761,4.423076923076923
21061,4.7
97959,4.764705882352941
76138,4.814285714285714
29453,4.597402597402597
73846,4.384615384615385
70122,4.663461538461538
85165,4.3088235294117645
32467,4.741007194244604
60945,4.541284403669724
102435,4.384615384615385
25569,4.760869565217392
8100,4.544303797468355
72504,4.831325301204819
43873,4.6440677966101696
104813,4.615384615384615
28691,4.433333333333334
61766,4.236363636363636
20136,4.712765957446808
71550,4.693251533742331
86884,4.571428571428571
79499,4.666666666666667
72842,4.4603174603174605
101532,4.793103448275862
5036,4.111702127659575
46350,4.456310679611651
87101,4.793103448275862
32839,4.534883720930233
24540,4.275862068965517
87348,4.518518518518518
56267,4.6923076923076925
80418,4.60655737704918
105395,4.5
29784,4.628205128205129
100730,4.086956521739131
78696,4.375
43895,4.6440677966101696
42361,4.6125
49887,4.40625
17807,4.377358490566038
39736,4.044943820224719
7645,4.303030303030303
73258,4.398230088495575
7278,4.648148148148148
65189,4.579439252336448
62790,4.163265306122449
73806,4.384615384615385
62731,4.163265306122449
18919,4.379310344827586
53735,4.398058252427185
37670,4.280575539568345
66600,4.621212121212121
77408,4.305084745762712
15969,4.481012658227848
33358,4.594594594594595
96134,4.611111111111111
67606,4.0588235294117645
9780,4.68141592920354
55727,3.6129032258064515
94562,4.6923076923076925
97308,4.542857142857143
8181,4.285714285714286
86723,4.583333333333333
57206,4.514285714285714
33048,4.631578947368421
53945,4.576923076923077
77127,4.25
29928,4.402298850574713
79154,4.83
43134,4.642487046632124
81991,4.640718562874252
83070,4.636363636363637
65232,4.579439252336448
68198,4.3776223776223775
76789,4.546511627906977
82500,4.8743169398907105
30121,4.5625
6055,4.488372093023256
61405,4.627659574468085
10997,4.4222222222222225
94494,4.461538461538462
96879,4.56
45416,4.707964601769912
75629,4.32
61265,4.616279069767442
18370,4.627906976744186
31567,4.560975609756097
32234,4.457516339869281
4932,4.651162790697675
45068,4.889655172413793
75344,4.580645161290323
106650,4.523809523809524
31791,4.619047619047619
39365,4.846456692913386
11501,4.341772151898734
24653,4.0638297872340425
87170,4.793103448275862
13271,4.64
18041,4.613207547169812
92753,4.724137931034483
86390,4.771428571428571
70674,4.622641509433962
33649,4.442622950819672
73905,4.384615384615385
92723,4.724137931034483
52589,4.478260869565218
74678,4.361111111111111
23193,4.4739336492890995
87907,4.738095238095238
69199,4.16
89502,4.589285714285714
55682,3.891891891891892
52632,4.454545454545454
70990,4.598214285714286
20242,4.548387096774194
97578,4.698630136986301
9920,4.68141592920354
67311,4.587209302325581
76005,4.079365079365079
79235,4.83
11014,4.4222222222222225
30503,4.754310344827586
57737,4.848484848484849
105365,4.541666666666667
93846,4.709677419354839
17051,4.588235294117647
3978,4.73469387755102
97267,4.542857142857143
77686,4.5
13993,4.222222222222222
86534,4.655172413793103
69437,4.588235294117647
9666,4.714285714285714
38036,4.6938775510204085
104117,4.628571428571429
3621,4.444444444444445
26517,4.601941747572815
93850,4.709677419354839
11998,4.317880794701987
41056,4.175438596491228
49198,4.469565217391304
43042,4.642487046632124
59527,3.8214285714285716
44513,4.497607655502392
102705,4.426229508196721
92307,4.730769230769231
38413,4.244897959183674
18677,4.673267326732673
1888,4.436842105263158
87219,4.162162162162162
1871,4.436842105263158
88167,4.162162162162162
36329,4.535885167464115
51700,4.651515151515151
89388,4.37037037037037
57287,4.622641509433962
14144,4.752688172043011
46073,4.666666666666667
8255,4.256410256410256
51855,4.695652173913044
49878,4.40625
74659,4.483870967741935
88260,4.766666666666667
5131,4.111702127659575
894,4.189473684210526
89241,4.857142857142857
54806,4.623376623376624
99100,4.712121212121212
25405,4.586666666666667
29264,4.366197183098592
96431,4.448275862068965
60907,4.541284403669724
16754,4.576923076923077
57615,4.742574257425742
58349,4.494623655913978
68593,4.7317073170731705
10927,4.5054945054945055
53975,4.576923076923077
37268,4.6
103029,4.151515151515151
50823,4.545454545454546
71399,4.693251533742331
46537,4.440944881889764
70975,4.598214285714286
72775,4.181818181818182
81118,4.631578947368421
99450,4.2592592592592595
52617,4.454545454545454
30510,4.754310344827586
69572,4.653846153846154
28235,4.62
36446,4.535885167464115
17016,4.588235294117647
45936,4.581818181818182
73508,4.553719008264463
94560,4.6923076923076925
84492,4.518518518518518
26346,4.678571428571429
57328,4.622641509433962
25819,4.77027027027027
37829,4.835164835164835
97436,4.56
53228,4.534883720930233
58681,4.52760736196319
105845,4.928571428571429
54805,4.623376623376624
16027,4.333333333333333
17052,4.588235294117647
33871,4.62962962962963
79606,4.2926829268292686
99,4.58
19407,4.625
94475,4.375
32296,4.457516339869281
94680,4.269230769230769
11122,4.352941176470588
90953,4.471698113207547
55955,4.327272727272727
50988,4.4375
28133,4.5
49994,4.102564102564102
20371,4.579787234042553
100049,4.0
23741,4.78974358974359
23049,4.636363636363637
32524,4.741007194244604
26195,4.490566037735849
31297,4.503875968992248
95226,3.88
90843,3.96875
102867,4.485714285714286
59147,4.712765957446808
59765,4.25
105203,4.703703703703703
99628,4.535714285714286
90159,4.580645161290323
33743,4.442622950819672
42713,4.4646464646464645
45465,4.435897435897436
80073,4.666666666666667
7830,4.743243243243243
27239,4.516129032258065
10192,4.7889908256880735
78599,4.456521739130435
94218,4.354166666666667
27171,4.714285714285714
99941,4.4324324324324325
100675,4.391304347826087
67092,4.297872340425532
45487,4.435897435897436
16581,4.7368421052631575
57124,4.107692307692307
79597,4.2926829268292686
47691,4.526315789473684
93177,4.48
104569,4.538461538461538
3833,4.03030303030303
105970,4.323529411764706
31783,4.619047619047619
29986,4.402298850574713
88295,4.766666666666667
58293,4.494623655913978
88311,4.67741935483871
27220,4.516129032258065
63198,4.230769230769231
42653,4.4646464646464645
98959,4.0
84056,4.625
77057,4.717948717948718
14976,4.329670329670329
91391,4.484210526315789
7649,4.303030303030303
64704,4.630434782608695
74304,4.4125
14491,3.953488372093023
12119,4.317880794701987
67012,4.51063829787234
21057,4.7
54582,4.365853658536586
100278,4.0
59984,4.076923076923077
107267,3.75
23840,4.78974358974359
17967,4.613207547169812
293,4.389380530973451
18237,4.613207547169812
12738,4.571428571428571
8292,4.256410256410256
20841,4.14
24260,4.442622950819672
103427,4.607142857142857
97115,4.414634146341464
48345,4.171428571428572
84024,4.4411764705882355
25626,4.560975609756097
78601,4.456521739130435
48107,4.433333333333334
31870,4.619047619047619
77941,4.56
76681,4.491525423728813
83328,4.371428571428571
35269,4.728155339805825
62372,4.5125
29504,4.597402597402597
106063,4.440476190476191
25102,4.673469387755102
95521,4.153846153846154
105765,4.4
37905,4.835164835164835
56630,4.102564102564102
51956,4.148148148148148
68679,4.7317073170731705
43602,4.586206896551724
65464,4.6875
104920,4.844444444444444
24985,4.5625
68509,4.0754716981132075
41167,4.525
43407,4.860294117647059
86878,4.857142857142857
24265,4.442622950819672
56691,3.98
10566,4.462264150943396
22090,4.350877192982456
87548,4.54054054054054
69548,4.21875
61273,4.470588235294118
77349,4.305084745762712
34515,4.758620689655173
42098,4.6125
41762,4.6020408163265305
13310,4.821428571428571
3887,4.827586206896552
103089,4.414634146341464
39490,4.846456692913386
12026,4.317880794701987
37582,4.280575539568345
36444,4.535885167464115
54752,4.623376623376624
51718,4.651515151515151
20482,4.579787234042553
50920,4.545454545454546
99334,4.6415094339622645
26079,4.621848739495798
100166,4.571428571428571
64275,3.5161290322580645
26788,4.475
56296,4.476923076923077
99092,4.712121212121212
100782,4.732142857142857
56073,4.525
26859,4.303030303030303
20221,4.548387096774194
78625,4.456521739130435
93246,4.714285714285714
26225,4.490566037735849
108610,4.844444444444444
52975,4.25
30348,4.714285714285714
48200,4.621951219512195
81983,4.640718562874252
107916,4.590909090909091
73035,4.655172413793103
56921,4.257142857142857
74133,4.785714285714286
58101,4.310344827586207
20983,4.448275862068965
55064,4.410958904109589
37930,4.6938775510204085
53212,4.621212121212121
24187,4.442622950819672
19292,4.780487804878049
45590,4.435897435897436
63107,4.534883720930233
26240,4.490566037735849
21199,4.4868421052631575
52731,3.9038461538461537
1198,4.633333333333334
57095,4.107692307692307
75786,4.285714285714286
95094,4.172413793103448
36722,4.7105263157894735
58170,4.310344827586207
65665,4.509090909090909
39424,4.846456692913386
92580,4.634146341463414
71010,4.598214285714286
12318,4.203125
7050,4.552238805970149
43780,4.6440677966101696
66944,4.548387096774194
63022,4.597560975609756
92752,4.724137931034483
77123,4.25
8921,4.3858267716535435
5945,4.6875
5759,4.6875
30096,4.5625
13235,4.634146341463414
35363,4.1454545454545455
43170,4.642487046632124
36427,4.535885167464115
39130,4.664893617021277
30119,4.5625
106914,4.458333333333333
99151,4.173913043478261
104072,4.628571428571429
86318,4.568181818181818
94657,4.269230769230769
29276,4.366197183098592
55608,4.6521739130434785
38015,4.6938775510204085
12394,4.368421052631579
96547,4.564102564102564
98584,4.428571428571429
74583,4.52
87995,4.472527472527473
3478,4.521739130434782
99763,4.623529411764705
63215,4.230769230769231
18907,4.379310344827586
98029,4.618181818181818
34821,4.36
30962,4.28
5075,4.111702127659575
77967,4.56
82521,4.8743169398907105
77731,4.611111111111111
1915,4.436842105263158
8252,4.256410256410256
104584,4.538461538461538
94561,4.6923076923076925
70465,4.682926829268292
40750,4.8161764705882355
17362,4.463768115942029
32366,4.457516339869281
36307,4.535885167464115
31927,4.303030303030303
14825,4.575342465753424
52525,3.951219512195122
69789,4.395348837209302
86392,4.771428571428571
12928,4.580357142857143
24436,4.54
98998,4.0
68437,4.363636363636363
27582,4.574712643678161
27803,4.5928571428571425
105299,4.541666666666667
79720,4.340909090909091
83214,4.529411764705882
18861,4.379310344827586
55583,4.632911392405063
33935,4.345864661654136
14643,4.741935483870968
78420,4.538461538461538
70213,4.538461538461538
90835,3.96875
32335,4.457516339869281
29745,4.628205128205129
92217,4.536585365853658
4497,4.102941176470588
77071,4.717948717948718
97089,4.466666666666667
53869,4.723404255319149
25810,4.92
102536,4.684684684684685
90778,3.96875
47519,4.302631578947368
45021,4.889655172413793
57703,4.742574257425742
38895,4.664893617021277
108410,4.571428571428571
68824,4.309523809523809
45887,4.581818181818182
83712,4.627450980392157
30638,4.754310344827586
41517,4.610921501706485
69792,4.395348837209302
18342,4.627906976744186
7905,4.743243243243243
48567,4.419642857142857
36325,4.535885167464115
44813,4.575418994413408
107379,4.696969696969697
98430,4.6521739130434785
95393,4.6571428571428575
77596,4.5
71925,3.869565217391304
36378,4.535885167464115
74464,4.787878787878788
25259,4.673469387755102
93613,4.586206896551724
89402,4.37037037037037
74904,4.583333333333333
24404,4.54
50641,4.545454545454546
28241,4.62
57727,4.848484848484849
79605,4.2926829268292686
57145,4.107692307692307
85453,4.617647058823529
95003,4.535211267605634
83642,4.627450980392157
51880,3.857142857142857
42803,4.478260869565218
95517,4.153846153846154
32561,4.741007194244604
85833,4.540983606557377
28159,4.5
38097,4.150943396226415
87085,4.793103448275862
27495,4.574712643678161
93214,4.714285714285714
57345,4.53125
49802,4.476744186046512
105809,4.4
86903,4.571428571428571
63839,4.485714285714286
56867,4.5
4465,4.102941176470588
62124,4.086956521739131
79251,4.446428571428571
24278,4.442622950819672
48491,4.419642857142857
29644,4.444444444444445
87688,4.695652173913044
2733,4.527777777777778
96677,3.9344262295081966
100726,4.391304347826087
91444,4.484210526315789
78641,4.583333333333333
42542,4.504424778761062
41276,4.610921501706485
52493,4.2
19994,4.178571428571429
13384,4.82051282051282
64677,4.630434782608695
17412,4.416666666666667
31224,4.503875968992248
77081,4.717948717948718
49547,4.4324324324324325
82400,4.8743169398907105
72645,4.531914893617022
42819,4.478260869565218
22410,4.662650602409639
63717,4.348837209302325
107943,4.590909090909091
6107,4.352941176470588
28053,4.3896103896103895
81204,4.375
40558,4.654545454545454
85746,4.71875
31254,4.503875968992248
38350,4.2809917355371905
29428,4.5
1136,4.633333333333334
47034,4.32
54351,4.594594594594595
91191,4.314285714285714
34727,4.778688524590164
66152,4.666666666666667
97784,4.365853658536586
42485,4.504424778761062
77939,4.56
98969,4.0
79354,4.5
58850,4.52760736196319
77,4.58
49513,4.4324324324324325
90470,4.666666666666667
38432,4.244897959183674
93102,4.459016393442623
39651,4.846456692913386
98775,4.54054054054054
96658,3.9344262295081966
16110,4.5
18053,4.613207547169812
8127,4.0
30475,4.754310344827586
23788,4.78974358974359
55448,4.632911392405063
84955,3.652173913043478
9071,4.673076923076923
25721,4.689655172413793
91585,4.507692307692308
54725,4.623376623376624
74665,4.483870967741935
22391,4.662650602409639
37522,4.280575539568345
22375,4.662650602409639
106612,4.363636363636363
84107,4.296296296296297
67151,4.297872340425532
21866,4.739130434782608
30207,4.233333333333333
49586,4.457142857142857
15386,4.483606557377049
79599,4.2926829268292686
30206,4.233333333333333
62297,4.6
53175,4.621212121212121
25397,4.586666666666667
61069,4.541284403669724
20952,4.638888888888889
95075,4.172413793103448
6140,4.352941176470588
82723,4.433333333333334
2768,4.557142857142857
34744,4.15625
71977,4.461538461538462
15486,4.483606557377049
29311,4.366197183098592
81064,4.413793103448276
27960,4.846153846153846
70055,4.663461538461538
18096,4.613207547169812
43907,4.6440677966101696
9172,4.27027027027027
15471,4.483606557377049
83994,4.4411764705882355
106665,4.523809523809524
37736,4.485714285714286
65395,4.811320754716981
96711,4.3
90046,4.657894736842105
87923,4.738095238095238
70325,4.371428571428571
29429,4.5
75150,4.64
54654,4.416666666666667
57515,4.56
38116,4.150943396226415
38425,4.244897959183674
4793,4.5701754385964914
29347,4.5
93101,4.459016393442623
73567,4.553719008264463
54003,4.833333333333333
32845,4.534883720930233
79783,4.340909090909091
96104,4.611111111111111
47222,4.3076923076923075
70256,4.538461538461538
61284,4.470588235294118
83203,4.529411764705882
84842,4.660377358490566
85752,4.5588235294117645
82764,4.433333333333334
81258,3.896551724137931
30816,4.28
92593,4.634146341463414
21530,4.068965517241379
93742,4.695652173913044
67407,4.587209302325581
726,4.605263157894737
95254,4.454545454545454
45238,4.084745762711864
74786,4.361111111111111
38548,4.244897959183674
79025,4.6923076923076925
32480,4.741007194244604
50965,4.428571428571429
98482,4.775
76089,4.079365079365079
37714,4.485714285714286
40049,4.5
40595,4.654545454545454
35966,3.8
75115,4.64
17311,4.463768115942029
39220,4.684210526315789
94297,4.606060606060606
83452,4.411764705882353
72129,4.414634146341464
63396,3.9555555555555557
13028,4.6
61274,4.470588235294118
25517,4.760869565217392
68488,4.0754716981132075
27005,4.394736842105263
14259,4.923076923076923
81834,4.640718562874252
97238,4.487804878048781
21548,4.297872340425532
2967,4.8
4603,4.5701754385964914
61889,4.739583333333333
558,4.647058823529412
3588,4.444444444444445
37822,4.835164835164835
108452,4.791666666666667
47297,4.081967213114754
25836,4.77027027027027
31150,4.478260869565218
26692,4.661764705882353
63881,4.485714285714286
70112,4.663461538461538
99051,4.712121212121212
85319,4.4
31038,4.62
12722,4.571428571428571
5703,4.630434782608695
29055,4.628865979381444
100502,4.454545454545454
35107,4.728155339805825
33902,4.345864661654136
46737,4.637362637362638
19803,4.517241379310345
28612,4.2368421052631575
52501,4.2
48847,4.6521739130434785
8138,4.0
1260,4.5
52124,4.285714285714286
74802,4.361111111111111
38743,4.341269841269841
68387,4.3776223776223775
15431,4.483606557377049
38099,4.150943396226415
90449,4.666666666666667
94636,4.25
63402,3.9555555555555557
42142,4.6125
63298,3.979591836734694
49843,4.476744186046512
15809,4.5
102231,4.166666666666667
19583,4.5396825396825395
52656,4.413793103448276
9820,4.68141592920354
72855,4.4603174603174605
32381,4.457516339869281
79459,4.735294117647059
1913,4.436842105263158
7659,4.606060606060606
88963,4.609756097560975
98389,4.269230769230769
20825,4.14
17859,4.585365853658536
44579,4.575418994413408
1188,4.633333333333334
54040,4.0
91512,4.851851851851852
20856,4.14
90201,4.580645161290323
104795,4.468085106382978
27427,4.574712643678161
80587,4.647058823529412
67064,4.51063829787234
27979,4.846153846153846
50209,4.149606299212598
87582,4.54054054054054
18910,4.379310344827586
92766,4.666666666666667
33386,4.35
18492,4.773584905660377
3962,4.73469387755102
73024,4.285714285714286
21013,4.448275862068965
4132,4.636363636363637
96331,4.324324324324325
2381,4.673267326732673
48179,4.621951219512195
37882,4.835164835164835
3708,4.285714285714286
36529,4.535885167464115
32346,4.457516339869281
92711,4.724137931034483
6887,4.391304347826087
31511,4.439024390243903
66036,4.625
81190,4.375
53227,4.534883720930233
65691,4.509090909090909
80849,4.3076923076923075
107430,4.666666666666667
5076,4.111702127659575
680,4.442622950819672
76547,4.827338129496403
68776,4.704545454545454
60519,4.630769230769231
29229,4.366197183098592
89851,4.43859649122807
7554,4.72
58122,4.310344827586207
107877,4.5
102586,4.684684684684685
89159,4.5
93900,4.258064516129032
52989,4.25
69944,4.419354838709677
40663,4.26
107707,4.826086956521739
71386,4.693251533742331
101186,4.5
80512,4.619047619047619
45215,4.084745762711864
35174,4.728155339805825
12338,4.203125
82463,4.8743169398907105
15374,4.483606557377049
106285,4.452830188679245
93763,4.310344827586207
58211,4.310344827586207
53339,4.534883720930233
86218,4.595238095238095
18235,4.613207547169812
45995,4.666666666666667
19509,4.72
69459,4.357142857142857
80551,4.619047619047619
30796,4.28
68484,4.0754716981132075
36031,3.739130434782609
9418,4.363636363636363
63634,4.7637795275590555
61078,3.739130434782609
54522,4.0
35655,4.421875
48602,4.419642857142857
75468,4.423728813559322
74295,4.4125
63016,4.597560975609756
78791,3.986666666666667
100289,4.0
72075,4.27027027027027
56764,4.4
98785,4.54054054054054
69407,4.588235294117647
39354,4.846456692913386
38640,4.341269841269841
27323,4.53125
81308,4.541666666666667
91341,4.484210526315789
18191,4.613207547169812
15349,4.483606557377049
90406,4.515151515151516
3238,4.176470588235294
102909,4.478260869565218
106493,4.193548387096774
94726,4.481481481481482
2530,4.673267326732673
93820,4.709677419354839
46986,4.59375
29078,4.628865979381444
89394,4.37037037037037
63268,3.979591836734694
2257,4.431578947368421
18617,4.673267326732673
24725,4.382978723404255
60941,4.541284403669724
785,4.605263157894737
18476,4.773584905660377
55916,4.375
65593,4.647058823529412
56818,4.5
103595,4.530612244897959
32579,4.741007194244604
13382,4.82051282051282
10079,4.607142857142857
13935,4.743589743589744
59954,4.529411764705882
96193,4.44
68189,4.3776223776223775
13872,4.743589743589744
100192,4.571428571428571
61929,4.739583333333333
4406,4.0754716981132075
48053,3.757575757575758
953,4.189473684210526
9906,4.68141592920354
3947,4.827586206896552
91397,4.484210526315789
98922,4.461538461538462
96534,4.564102564102564
29897,4.155172413793103
104973,4.666666666666667
100222,4.764705882352941
66840,4.205128205128205
3181,4.1923076923076925
74906,4.583333333333333
6541,4.478260869565218
42983,4.5675675675675675
38071,4.6938775510204085
38491,4.244897959183674
28246,4.62
13171,4.634146341463414
70268,4.371428571428571
26475,4.7
105458,4.071428571428571
96993,4.515151515151516
38414,4.244897959183674
13917,4.743589743589744
100290,4.0
8438,4.714285714285714
45738,4.581818181818182
75267,4.882352941176471
28414,4.285714285714286
106599,4.363636363636363
85372,4.4
16682,4.705882352941177
42777,4.478260869565218
100342,4.419354838709677
1580,4.673076923076923
31253,4.503875968992248
68081,4.590909090909091
87249,4.162162162162162
89384,4.37037037037037
76112,4.814285714285714
17184,4.474226804123711
42414,4.504424778761062
31712,4.619047619047619
74270,4.4125
16354,4.60655737704918
15459,4.483606557377049
55451,4.632911392405063
88319,4.67741935483871
52948,4.46
92831,4.815789473684211
52585,4.478260869565218
33707,4.442622950819672
83621,4.684210526315789
15024,4.329670329670329
20808,4.708333333333333
3115,4.075
31777,4.619047619047619
11452,4.528301886792453
19521,4.72
78245,4.619047619047619
47202,4.3076923076923075
67692,4.081081081081081
55263,4.388888888888889
67118,4.297872340425532
29422,4.5
92019,4.745454545454545
61571,4.379310344827586
29130,4.628865979381444
32057,4.303030303030303
97924,4.245283018867925
83109,4.1923076923076925
13823,4.625
79469,4.735294117647059
93709,4.478260869565218
50723,4.545454545454546
60099,4.516129032258065
37028,4.48051948051948
88734,4.780487804878049
30041,4.402298850574713
108330,4.610169491525424
35022,4.582608695652174
73805,4.384615384615385
66450,4.704433497536946
91937,4.468085106382978
5045,4.111702127659575
70937,4.5
8619,4.6976744186046515
51186,4.163934426229508
62929,4.333333333333333
3565,4.444444444444445
68847,4.309523809523809
49407,4.344262295081967
18057,4.613207547169812
32123,4.303030303030303
34155,4.517241379310345
92895,4.815789473684211
57667,4.742574257425742
87203,4.269230769230769
52201,4.459016393442623
100365,4.509090909090909
35300,4.1454545454545455
948,4.189473684210526
59488,4.112903225806452
9305,4.520833333333333
53813,4.398058252427185
79598,4.2926829268292686
70186,4.483870967741935
62875,3.9272727272727272
107760,4.689655172413793
60834,4.333333333333333
78095,4.625
46710,4.637362637362638
33693,4.442622950819672
108488,4.641025641025641
77413,4.305084745762712
72496,4.831325301204819
53305,4.534883720930233
72294,4.571428571428571
55940,4.327272727272727
15811,4.5
29258,4.366197183098592
38899,4.664893617021277
37144,4.018867924528302
14566,4.410256410256411
102040,4.363636363636363
57848,4.204545454545454
9792,4.68141592920354
36968,4.7105263157894735
42853,4.478260869565218
90960,4.471698113207547
6560,4.478260869565218
33813,4.62962962962963
106968,4.4772727272727275
33999,4.345864661654136
53378,4.4423076923076925
71967,4.461538461538462
102944,4.68
83583,4.684210526315789
12945,4.580357142857143
6844,4.391304347826087
16275,4.60655737704918
58078,4.310344827586207
88957,4.609756097560975
20871,4.14
42507,4.504424778761062
67050,4.51063829787234
59783,4.529411764705882
93117,4.48
92118,4.875
82604,4.714285714285714
62906,3.9272727272727272
270,4.389380530973451
97014,4.173913043478261
93050,4.459016393442623
38730,4.341269841269841
107936,4.590909090909091
72556,4.831325301204819
58830,4.52760736196319
39503,4.846456692913386
54668,4.416666666666667
2501,4.673267326732673
16569,4.7368421052631575
35972,3.8
54254,4.271186440677966
86486,4.7727272727272725
4953,4.651162790697675
18499,4.773584905660377
4271,4.423076923076923
46889,4.6525423728813555
23901,4.848314606741573
32041,4.303030303030303
11210,4.585106382978723
6655,4.530769230769231
22216,4.548387096774194
107509,4.666666666666667
83056,4.636363636363637
74425,4.685714285714286
98624,4.428571428571429
5554,4.486111111111111
36369,4.535885167464115
9454,4.363636363636363
107745,4.689655172413793
60967,4.541284403669724
57112,4.107692307692307
88623,4.818181818181818
36458,4.535885167464115
89611,4.571428571428571
31014,4.62
56341,4.476923076923077
17335,4.463768115942029
21725,4.409090909090909
47582,4.704918032786885
54338,4.594594594594595
98179,4.12
103239,4.096774193548387
86048,4.404040404040404
69088,4.626373626373627
77459,4.611940298507463
88287,4.766666666666667
70942,4.5
32460,4.457516339869281
60153,4.52
47790,4.1
51187,4.163934426229508
63706,4.348837209302325
34807,4.36
19321,4.780487804878049
69508,4.21875
65488,4.6875
71191,4.56140350877193
82791,4.433333333333334
22470,4.662650602409639
40869,4.8161764705882355
36448,4.535885167464115
16900,4.492957746478873
83216,4.529411764705882
91288,4.314285714285714
54058,4.0
98006,4.618181818181818
6456,4.280701754385965
92812,4.666666666666667
3391,4.12987012987013
84934,4.783783783783784
33304,4.594594594594595
60769,4.647058823529412
50449,4.08
97473,4.393939393939394
106316,4.689655172413793
30488,4.754310344827586
80189,4.5675675675675675
83758,4.321428571428571
55624,4.6521739130434785
53800,4.398058252427185
1115,4.214285714285714
40597,4.654545454545454
68572,4.7317073170731705
89513,4.589285714285714
76062,4.079365079365079
10295,4.7889908256880735
107234,3.75
14006,4.222222222222222
94535,4.6923076923076925
83995,4.4411764705882355
61465,4.627659574468085
50305,4.149606299212598
47475,4.302631578947368
97547,4.698630136986301
34651,4.778688524590164
105258,4.8125
97767,4.365853658536586
20130,4.712765957446808
1196,4.633333333333334
97548,4.698630136986301
15290,4.483606557377049
104081,4.628571428571429
19205,4.318181818181818
7144,4.648148148148148
7707,4.606060606060606
100945,4.578947368421052
86134,4.681818181818182
46239,4.456310679611651
61200,4.616279069767442
69654,4.653846153846154
33679,4.442622950819672
21686,4.433962264150943
43635,4.1466666666666665
33932,4.345864661654136
95591,3.911764705882353
46520,4.440944881889764
85534,4.74468085106383
73470,4.553719008264463
7430,4.591549295774648
27640,4.574712643678161
12010,4.317880794701987
96877,4.56
37844,4.835164835164835
68461,4.0754716981132075
74272,4.4125
89723,4.46969696969697
86955,4.642857142857143
84857,4.660377358490566
9389,4.34375
75612,4.32
54101,4.314285714285714
20791,4.708333333333333
11714,4.46875
32177,4.303030303030303
51742,4.461538461538462
60223,4.391304347826087
12322,4.203125
34983,4.582608695652174
24131,4.848314606741573
6294,4.181818181818182
45916,4.581818181818182
35881,4.338983050847458
12362,4.203125
30681,4.754310344827586
27064,4.324324324324325
75896,4.079365079365079
73094,4.398230088495575
10775,4.443298969072165
55838,4.2926829268292686
73911,4.384615384615385
16759,4.576923076923077
84256,4.855421686746988
17044,4.588235294117647
38804,4.594594594594595
46036,4.666666666666667
86252,4.595238095238095
6320,4.181818181818182
105818,4.4
19387,4.625
89544,4.589285714285714
60709,4.647058823529412
98376,4.269230769230769
37115,4.48051948051948
99073,4.712121212121212
78575,4.456521739130435
39641,4.846456692913386
3911,4.827586206896552
81188,4.375
12077,4.317880794701987
68875,4.309523809523809
82406,4.8743169398907105
20273,4.620689655172414
91152,4.56
104182,4.425
20292,4.620689655172414
60160,4.391304347826087
3104,4.075
43385,4.860294117647059
79144,4.83
58857,4.52760736196319
23615,4.78974358974359
76642,4.491525423728813
27315,4.53125
70738,4.705882352941177
36841,4.7105263157894735
32906,4.659574468085107
58997,4.16
22586,4.660714285714286
48781,3.7142857142857144
64880,4.300970873786408
5343,4.111702127659575
33694,4.442622950819672
84069,4.625
70503,4.682926829268292
104716,4.468085106382978
1027,4.333333333333333
3279,4.12987012987013
53669,4.043478260869565
9555,4.7407407407407405
44696,4.575418994413408
65791,4.121621621621622
64296,3.5161290322580645
62625,4.391304347826087
80904,4.3076923076923075
3306,4.12987012987013
65418,4.6875
60710,4.647058823529412
1732,4.304347826086956
87466,4.3076923076923075
65288,4.579439252336448
101755,4.695652173913044
81899,4.640718562874252
24555,4.275862068965517
86502,4.7727272727272725
103172,4.538461538461538
2745,4.527777777777778
54242,4.271186440677966
85634,4.583333333333333
32552,4.741007194244604
72738,4.653846153846154
693,4.442622950819672
2137,4.436842105263158
101153,4.304347826086956
100500,4.454545454545454
81391,4.682926829268292
54714,4.623376623376624
11444,4.528301886792453
79914,4.435897435897436
36418,4.535885167464115
57832,4.204545454545454
32756,4.318181818181818
66609,4.621212121212121
64815,4.512195121951219
16052,4.333333333333333
58515,4.438356164383562
50253,4.149606299212598
13201,4.634146341463414
28996,4.628865979381444
64013,3.9565217391304346
36223,4.428571428571429
31504,4.439024390243903
18399,4.627906976744186
86162,4.6976744186046515
96896,4.0
11880,4.21875
82220,4.8743169398907105
72258,4.414634146341464
22167,4.805555555555555
78088,4.625
8969,4.673076923076923
43399,4.860294117647059
7857,4.743243243243243
47526,4.302631578947368
37651,4.280575539568345
18214,4.613207547169812
47113,4.3076923076923075
67393,4.587209302325581
71655,4.113636363636363
59636,4.728813559322034
102844,4.485714285714286
65903,4.121621621621622
65943,4.791666666666667
68133,4.590909090909091
60749,4.647058823529412
97972,4.764705882352941
28986,4.628865979381444
41317,4.610921501706485
26348,4.678571428571429
17633,4.857142857142857
24878,4.2727272727272725
83771,4.321428571428571
29886,4.155172413793103
90768,4.423076923076923
38380,4.2809917355371905
25510,4.760869565217392
92066,4.875
103761,4.375
11237,4.585106382978723
99341,4.6415094339622645
82839,4.422535211267606
101320,4.642857142857143
27540,4.574712643678161
11250,4.585106382978723
8344,4.714285714285714
19070,4.767441860465116
9019,4.673076923076923
71642,4.113636363636363
6231,4.440677966101695
25883,4.77027027027027
86721,4.583333333333333
69680,4.653846153846154
79343,4.446428571428571
86508,4.7727272727272725
70430,4.338983050847458
42971,4.5675675675675675
65984,4.28
46638,4.637362637362638
2069,4.436842105263158
55353,4.632911392405063
6614,4.530769230769231
108540,4.641025641025641
98435,4.6521739130434785
25566,4.760869565217392
93753,4.310344827586207
22590,4.660714285714286
35207,4.728155339805825
27549,4.574712643678161
94910,4.628571428571429
66107,4.333333333333333
87747,4.729166666666667
95235,3.88
79040,4.6923076923076925
52905,4.46
10907,4.5054945054945055
19822,4.517241379310345
67776,4.46969696969697
80366,4.60655737704918
83825,4.662650602409639
62366,4.5125
87496,4.54054054054054
60076,4.516129032258065
21157,4.4868421052631575
95960,3.923076923076923
8466,4.714285714285714
47071,4.32
49959,4.40625
52570,3.951219512195122
98253,4.12
20192,4.548387096774194
95900,4.283018867924528
75028,4.534883720930233
77083,4.717948717948718
45900,4.581818181818182
6080,4.352941176470588
63345,4.58
54996,4.410958904109589
78945,4.449275362318841
96830,4.826086956521739
73442,4.553719008264463
4776,4.5701754385964914
76236,4.212121212121212
52107,4.285714285714286
2952,4.659090909090909
57635,4.742574257425742
27908,4.5928571428571425
43589,4.586206896551724
14075,4.769230769230769
94143,4.67741935483871
62265,4.6
67003,4.51063829787234
83149,4.529411764705882
85218,4.3088235294117645
70596,4.6
18969,4.379310344827586
36584,4.535885167464115
4112,4.636363636363637
102802,4.913043478260869
25720,4.689655172413793
5810,4.6875
42097,4.6125
35766,4.338983050847458
51425,4.506024096385542
107770,4.576923076923077
21343,4.27906976744186
9908,4.68141592920354
10578,4.462264150943396
84105,4.296296296296297
68196,4.3776223776223775
3081,4.913043478260869
64844,4.512195121951219
54759,4.623376623376624
64510,4.405172413793103
51098,4.4375
67530,4.0588235294117645
21598,4.297872340425532
88507,4.679245283018868
77423,4.305084745762712
82531,4.642857142857143
29565,4.597402597402597
8858,4.3858267716535435
43609,4.586206896551724
8027,4.544303797468355
113,4.58
28,4.333333333333333
80744,4.423076923076923
10784,4.443298969072165
69098,4.626373626373627
81207,4.375
41808,4.6020408163265305
101006,4.45945945945946
49788,4.476744186046512
90281,4.53125
101615,4.793103448275862
100510,4.454545454545454
107444,4.666666666666667
43695,4.1466666666666665
99684,4.623529411764705
12067,4.317880794701987
65868,4.121621621621622
96653,3.9344262295081966
81835,4.640718562874252
33233,4.6
7954,4.743243243243243
44239,4.497607655502392
62275,4.6
33577,4.411764705882353
107532,4.575757575757576
54045,4.0
68107,4.590909090909091
60459,4.4186046511627906
54903,4.411764705882353
42515,4.504424778761062
57730,4.848484848484849
57477,3.8620689655172415
42898,4.448275862068965
94684,4.269230769230769
15562,3.9361702127659575
70886,4.5
52550,3.951219512195122
58899,4.52760736196319
8985,4.673076923076923
5527,4.486111111111111
28576,4.84375
58811,4.52760736196319
91961,4.468085106382978
58598,4.386363636363637
87171,4.793103448275862
106529,4.193548387096774
65837,4.121621621621622
98489,4.775
43265,4.642487046632124
51146,4.434782608695652
64112,4.359375
87887,4.738095238095238
64673,4.630434782608695
43141,4.642487046632124
79102,4.83
61710,4.236363636363636
57065,4.107692307692307
29467,4.597402597402597
13428,4.142857142857143
30351,4.714285714285714
81990,4.640718562874252
33470,4.35
42537,4.504424778761062
60577,4.630769230769231
33101,4.348837209302325
5015,4.651162790697675
2172,4.436842105263158
51532,4.506024096385542
11113,4.352941176470588
18864,4.379310344827586
33226,4.6
74439,4.685714285714286
103777,4.375
1899,4.436842105263158
102224,4.166666666666667
12829,4.580357142857143
36879,4.7105263157894735
22047,4.350877192982456
106351,4.64
8592,4.6976744186046515
36464,4.535885167464115
89514,4.589285714285714
59425,4.112903225806452
80070,4.666666666666667
81843,4.640718562874252
100704,4.391304347826087
68110,4.590909090909091
33257,4.594594594594595
85068,4.739726027397261
42125,4.6125
46728,4.637362637362638
103697,4.27027027027027
48389,4.171428571428572
103167,4.538461538461538
19910,3.9322033898305087
100090,4.290322580645161
39239,4.684210526315789
102021,4.363636363636363
32833,4.534883720930233
7752,4.743243243243243
56441,3.71875
34090,4.345864661654136
71814,4.412698412698413
92595,4.634146341463414
75108,4.64
96044,4.4324324324324325
31122,4.388888888888889
84592,4.453125
10607,4.462264150943396
8031,4.544303797468355
90056,4.657894736842105
32611,4.741007194244604
96781,4.592592592592593
69323,3.8181818181818183
75785,4.285714285714286
103205,4.538461538461538
31628,4.560975609756097
49962,4.40625
105603,4.384615384615385
32289,4.457516339869281
19959,3.9322033898305087
29013,4.628865979381444
21683,4.433962264150943
13721,4.333333333333333
100106,4.290322580645161
82685,4.423076923076923
14363,3.9285714285714284
36798,4.7105263157894735
105028,4.076923076923077
24424,4.54
9878,4.68141592920354
33162,4.6
100063,4.0
37249,4.6
68842,4.309523809523809
26670,4.661764705882353
54373,3.4242424242424243
55458,4.632911392405063
73379,4.53125
42720,4.4646464646464645
76725,4.608695652173913
65685,4.509090909090909
72644,4.531914893617022
10435,4.545454545454546
108386,4.610169491525424
57920,4.708333333333333
68644,4.7317073170731705
67501,4.428571428571429
104310,4.333333333333333
52361,4.645833333333333
7058,4.552238805970149
31065,4.388888888888889
49600,4.457142857142857
68603,4.7317073170731705
81247,3.896551724137931
37466,4.280575539568345
42871,4.448275862068965
1676,4.304347826086956
23834,4.78974358974359
26969,4.142857142857143
25657,4.560975609756097
73538,4.553719008264463
46559,4.440944881889764
69855,4.275862068965517
98209,4.12
73615,4.565217391304348
20805,4.708333333333333
84074,4.296296296296297
42302,4.6125
58444,4.438356164383562
33288,4.594594594594595
84530,4.453125
48473,4.419642857142857
49249,4.469565217391304
62464,4.5125
60707,4.647058823529412
1874,4.436842105263158
94795,3.9615384615384617
98445,4.775
54149,4.379310344827586
49127,4.469565217391304
37118,4.48051948051948
64960,4.300970873786408
98168,4.12
47163,4.3076923076923075
5985,4.488372093023256
12486,3.8333333333333335
2044,4.436842105263158
6940,4.391304347826087
83499,4.433333333333334
59990,4.076923076923077
37516,4.280575539568345
62041,4.71875
26472,4.7
107459,4.666666666666667
102306,4.384615384615385
3719,4.285714285714286
97628,4.698630136986301
92917,4.923076923076923
9726,4.714285714285714
89237,4.857142857142857
29768,4.628205128205129
71514,4.693251533742331
13944,4.222222222222222
98114,4.32
49366,4.344262295081967
70918,4.5
15148,4.782608695652174
47417,4.302631578947368
69185,4.626373626373627
92671,4.521739130434782
67010,4.51063829787234
102634,4.684684684684685
92090,4.875
85928,4.404040404040404
99944,4.6521739130434785
31926,4.303030303030303
103914,4.32
82019,4.640718562874252
18498,4.773584905660377
94389,4.114285714285714
85042,4.739726027397261
98274,4.12
1962,4.436842105263158
44523,4.497607655502392
10845,4.5054945054945055
2724,4.527777777777778
13666,4.333333333333333
60829,4.333333333333333
50854,4.545454545454546
75439,4.423728813559322
16939,4.588235294117647
102070,4.038461538461538
27523,4.574712643678161
77458,4.611940298507463
2681,4.428571428571429
105651,4.23404255319149
84348,4.855421686746988
71393,4.693251533742331
38707,4.341269841269841
71253,4.56140350877193
7203,4.648148148148148
23093,4.590909090909091
82390,4.8743169398907105
79433,4.735294117647059
80506,4.619047619047619
50578,4.545454545454546
86079,4.404040404040404
4423,4.102941176470588
66341,4.704433497536946
49330,4.4324324324324325
72253,4.414634146341464
84744,4.575757575757576
53497,4.4423076923076925
28775,4.433333333333334
63533,4.7637795275590555
73522,4.553719008264463
6372,4.181818181818182
64822,4.512195121951219
20314,4.579787234042553
70620,4.622641509433962
87900,4.738095238095238
98884,4.5
10636,4.462264150943396
47543,4.704918032786885
66474,4.704433497536946
18852,4.379310344827586
13495,4.861538461538461
48385,4.171428571428572
58304,4.494623655913978
105670,4.23404255319149
45945,4.666666666666667
104236,4.739130434782608
76987,4.944444444444445
89171,4.5
45707,4.581818181818182
87686,4.695652173913044
67789,4.46969696969697
16203,4.5
62573,4.530612244897959
31908,4.303030303030303
88870,4.730769230769231
19542,4.72
104104,4.628571428571429
49207,4.469565217391304
35982,3.8
26766,4.661764705882353
56164,4.6923076923076925
89724,4.46969696969697
8146,4.0
33981,4.345864661654136
87369,4.518518518518518
7332,4.591549295774648
22962,4.636363636363637
19863,4.517241379310345
101032,4.45945945945946
79796,4.340909090909091
48147,4.621951219512195
27015,4.394736842105263
59033,4.712765957446808
13188,4.634146341463414
45373,4.707964601769912
43312,4.642487046632124
52009,4.2727272727272725
94185,4.354166666666667
34705,4.778688524590164
83681,4.627450980392157
93211,4.714285714285714
14405,4.704545454545454
36410,4.535885167464115
52019,3.962962962962963
87896,4.738095238095238
1648,4.673076923076923
95484,4.153846153846154
83417,4.194444444444445
105316,4.541666666666667
62851,3.9272727272727272
56546,4.720588235294118
24494,4.423076923076923
105214,4.703703703703703
66237,4.704433497536946
52807,4.435897435897436
49078,4.469565217391304
67506,4.428571428571429
69643,4.653846153846154
53262,4.534883720930233
46259,4.456310679611651
77299,4.86
27996,4.3896103896103895
85382,4.4
66624,4.621212121212121
10776,4.443298969072165
88639,4.818181818181818
34405,4.7105263157894735
26479,4.7
108584,4.844444444444444
6550,4.478260869565218
78348,4.653333333333333
6486,4.354838709677419
71169,4.56140350877193
85194,4.3088235294117645
77188,4.535714285714286
3957,4.827586206896552
84189,4.604651162790698
78335,4.653333333333333
62580,4.530612244897959
35786,4.338983050847458
81568,4.413333333333333
9681,4.714285714285714
93751,4.695652173913044
106787,4.702702702702703
56729,3.98
5153,4.111702127659575
57331,4.622641509433962
99274,4.793103448275862
60639,4.125
83672,4.627450980392157
59690,4.456521739130435
33080,4.631578947368421
42651,4.4646464646464645
8650,4.684210526315789
37270,4.6
102732,4.426229508196721
37243,4.6
83408,4.194444444444445
5132,4.111702127659575
101123,3.6956521739130435
104222,4.425
52517,3.951219512195122
100564,4.454545454545454
93312,4.758620689655173
32857,4.534883720930233
36144,4.62962962962963
23517,4.4739336492890995
107658,4.76
88668,4.314285714285714
80662,4.730769230769231
39556,4.846456692913386
85790,4.5588235294117645
72237,4.414634146341464
90259,4.371428571428571
72449,4.615384615384615
91638,4.507692307692308
78635,4.456521739130435
58813,4.52760736196319
64026,4.230769230769231
41049,4.175438596491228
61212,4.616279069767442
19058,4.767441860465116
87497,4.54054054054054
56763,4.4
107072,4.484848484848484
71203,4.56140350877193
106338,4.689655172413793
87277,4.162162162162162
13029,4.6
19799,4.517241379310345
81209,4.375
5764,4.6875
39809,4.044943820224719
3167,4.1923076923076925
8838,4.3858267716535435
23903,4.848314606741573
62669,4.488888888888889
53601,4.520833333333333
16458,4.177777777777778
31868,4.619047619047619
88222,4.115384615384615
87789,4.729166666666667
96582,3.9344262295081966
86084,4.404040404040404
90541,4.404761904761905
104563,4.538461538461538
87381,4.5
29729,4.628205128205129
65749,4.411764705882353
66308,4.704433497536946
79746,4.340909090909091
101875,4.3125
16657,4.705882352941177
104663,4.205128205128205
40007,4.5
96584,3.9344262295081966
37467,4.280575539568345
58853,4.52760736196319
81349,4.682926829268292
57395,4.53125
41033,4.175438596491228
2685,4.428571428571429
103341,4.4423076923076925
55133,4.466666666666667
99241,4.8076923076923075
104623,4.214285714285714
58301,4.494623655913978
93792,4.310344827586207
34656,4.778688524590164
106087,4.440476190476191
38018,4.6938775510204085
28192,4.5
62158,4.428571428571429
9433,4.363636363636363
62525,4.530612244897959
89290,4.857142857142857
80593,4.647058823529412
26285,4.782608695652174
66172,4.666666666666667
11634,4.730769230769231
92305,4.730769230769231
71976,4.461538461538462
84537,4.453125
106771,4.702702702702703
99856,4.375
85002,4.739726027397261
9291,4.520833333333333
38856,4.594594594594595
44316,4.497607655502392
5846,4.6875
14589,4.410256410256411
27922,4.5928571428571425
95645,4.117647058823529
26815,4.475
78759,4.64
87531,4.54054054054054
71858,4.412698412698413
26050,4.621848739495798
66195,4.704433497536946
43664,4.1466666666666665
25188,4.673469387755102
85687,4.583333333333333
61523,4.487804878048781
102631,4.684684684684685
30848,4.28
31072,4.388888888888889
107156,4.5625
10446,4.545454545454546
4085,4.636363636363637
45925,4.581818181818182
29536,4.597402597402597
69410,4.588235294117647
101177,4.304347826086956
44201,4.497607655502392
74311,4.4125
92155,4.875
44656,4.575418994413408
98353,4.083333333333333
91027,4.476190476190476
49461,4.1875
81750,4.640718562874252
65223,4.579439252336448
78764,4.64
23138,4.590909090909091
12531,3.8333333333333335
28222,4.62
3638,4.444444444444445
77873,4.7
97248,4.487804878048781
32285,4.457516339869281
475,4.464285714285714
613,4.647058823529412
93230,4.714285714285714
36524,4.535885167464115
11205,4.585106382978723
72326,4.571428571428571
62658,4.488888888888889
23174,4.4739336492890995
86266,4.595238095238095
77448,4.611940298507463
37444,4.280575539568345
84515,4.518518518518518
72467,4.615384615384615
72680,4.531914893617022
50158,4.149606299212598
10665,4.443298969072165
29167,4.628865979381444
105726,4.545454545454546
32212,4.457516339869281
100217,4.764705882352941
81034,4.413793103448276
71934,3.869565217391304
77581,4.5
64706,4.630434782608695
64859,4.512195121951219
103829,4.27906976744186
94725,4.481481481481482
105517,4.538461538461538
60385,4.684210526315789
16041,4.333333333333333
60392,4.684210526315789
52231,4.459016393442623
53729,4.398058252427185
74973,4.375
43501,4.860294117647059
80919,4.3076923076923075
5310,4.111702127659575
56447,3.71875
26539,4.601941747572815
41867,4.6020408163265305
56172,4.6923076923076925
18175,4.613207547169812
10482,4.462264150943396
87525,4.54054054054054
35325,4.1454545454545455
63840,4.485714285714286
61511,4.487804878048781
92961,4.566666666666666
41279,4.610921501706485
52380,4.645833333333333
64015,3.9565217391304346
13497,4.861538461538461
541,4.647058823529412
95906,4.283018867924528
90555,4.404761904761905
89054,4.576923076923077
3906,4.827586206896552
102002,4.636363636363637
29763,4.628205128205129
19454,4.625
97847,4.245283018867925
29807,4.155172413793103
65645,4.509090909090909
36400,4.535885167464115
6296,4.181818181818182
103630,4.530612244897959
71889,4.412698412698413
108223,4.608695652173913
89932,4.48936170212766
52998,4.25
18334,4.627906976744186
50561,4.545454545454546
64254,3.5161290322580645
42690,4.4646464646464645
55803,4.576923076923077
83877,4.662650602409639
56851,4.5
47332,4.081967213114754
58063,4.310344827586207
19670,4.5396825396825395
103874,4.32
42510,4.504424778761062
74412,4.685714285714286
31434,4.439024390243903
47558,4.704918032786885
47585,4.704918032786885
100216,4.764705882352941
51510,4.506024096385542
19882,3.9322033898305087
15070,4.333333333333333
15152,4.782608695652174
80808,4.709677419354839
67975,4.666666666666667
14852,4.714285714285714
77974,4.625
39502,4.846456692913386
50936,4.428571428571429
32755,4.318181818181818
76356,4.827338129496403
8575,4.6976744186046515
23648,4.78974358974359
1442,4.5
90189,4.580645161290323
21988,4.621621621621622
21556,4.297872340425532
76306,4.454545454545454
57416,4.53125
5647,4.630434782608695
94823,3.9615384615384617
31526,4.439024390243903
50763,4.545454545454546
49025,4.72
64734,4.630434782608695
12587,4.544303797468355
30062,4.5625
30635,4.754310344827586
62169,4.428571428571429
73409,4.553719008264463
730,4.605263157894737
48083,3.757575757575758
94044,4.478260869565218
65748,4.411764705882353
25454,4.586666666666667
60056,4.516129032258065
34208,4.5588235294117645
40476,4.75
107739,4.689655172413793
86517,4.655172413793103
83632,4.684210526315789
69449,4.357142857142857
18444,4.773584905660377
96288,4.324324324324325
47914,4.209302325581396
94714,4.481481481481482
82367,4.8743169398907105
74689,4.361111111111111
5175,4.111702127659575
23537,4.78974358974359
69399,4.588235294117647
85485,4.617647058823529
102935,4.478260869565218
69541,4.21875
87610,4.54054054054054
30991,4.62
19838,4.517241379310345
63377,4.58
62145,4.428571428571429
84467,4.490566037735849
60165,4.391304347826087
24108,4.848314606741573
53474,4.4423076923076925
38868,4.664893617021277
7057,4.552238805970149
47486,4.302631578947368
19331,4.780487804878049
45355,4.707964601769912
64501,4.405172413793103
79220,4.83
18262,4.613207547169812
15448,4.483606557377049
18615,4.673267326732673
56293,4.476923076923077
52872,4.46
40854,4.8161764705882355
79787,4.340909090909091
64177,4.359375
82530,4.642857142857143
75021,4.534883720930233
22367,4.662650602409639
81087,4.631578947368421
82773,4.433333333333334
15520,3.9361702127659575
89147,4.5
22506,4.662650602409639
48392,4.171428571428572
47856,4.073170731707317
19682,4.711538461538462
99612,4.535714285714286
11267,4.585106382978723
13025,4.580357142857143
78149,4.619047619047619
3395,4.12987012987013
57132,4.107692307692307
28984,4.628865979381444
62969,4.597560975609756
15480,4.483606557377049
27756,4.5928571428571425
71729,4.440677966101695
65087,4.468085106382978
18257,4.613207547169812
69359,4.565217391304348
67922,4.541666666666667
87451,4.3076923076923075
70340,4.338983050847458
5972,4.6875
94166,4.67741935483871
98323,4.083333333333333
80704,3.9
23664,4.78974358974359
50173,4.149606299212598
28356,4.589743589743589
86273,4.595238095238095
35910,4.338983050847458
95847,4.166666666666667
108490,4.641025641025641
18968,4.379310344827586
96562,4.564102564102564
68775,4.704545454545454
82818,4.422535211267606
29917,4.402298850574713
4695,4.5701754385964914
7537,4.32258064516129
90134,4.346153846153846
9133,4.27027027027027
1917,4.436842105263158
39552,4.846456692913386
12790,4.65625
101928,4.458333333333333
56636,4.102564102564102
19403,4.625
66766,4.205128205128205
44680,4.575418994413408
49660,4.439024390243903
68857,4.309523809523809
100609,4.518518518518518
54334,4.594594594594595
20997,4.448275862068965
20598,4.579787234042553
13439,4.142857142857143
27285,4.53125
103410,4.607142857142857
68536,4.0754716981132075
53897,4.723404255319149
107111,4.583333333333333
91793,4.705882352941177
853,4.189473684210526
79801,4.862068965517241
6373,4.181818181818182
52017,4.2727272727272725
48416,4.090909090909091
33706,4.442622950819672
41601,4.610921501706485
32603,4.741007194244604
3346,4.12987012987013
9804,4.68141592920354
67788,4.46969696969697
85191,4.3088235294117645
44702,4.575418994413408
522,4.464285714285714
102476,4.814814814814815
78441,4.71830985915493
82135,4.583333333333333
40314,4.754385964912281
94336,4.257142857142857
76782,4.546511627906977
60700,4.647058823529412
10325,4.7889908256880735
11716,4.46875
96238,4.115384615384615
105036,4.076923076923077
92072,4.875
76159,4.814285714285714
14294,4.346153846153846
68833,4.309523809523809
81731,4.640718562874252
30583,4.754310344827586
68069,4.357142857142857
49732,4.476744186046512
65606,4.647058823529412
24093,4.848314606741573
43785,4.6440677966101696
40648,4.26
101676,4.608695652173913
41547,4.610921501706485
41844,4.6020408163265305
26251,4.782608695652174
50541,4.342105263157895
43326,4.642487046632124
27284,4.53125
96899,4.0
33271,4.594594594594595
107083,4.583333333333333
55853,4.2926829268292686
2225,4.431578947368421
107161,4.5625
93006,4.459016393442623
55096,4.466666666666667
71157,4.598214285714286
56709,3.98
60321,4.4
46942,4.6525423728813555
77548,4.5
31635,4.560975609756097
44466,4.497607655502392
21131,4.4868421052631575
93045,4.459016393442623
32092,4.303030303030303
62787,4.163265306122449
36480,4.535885167464115
83467,4.411764705882353
74987,4.375
23509,4.4739336492890995
90409,4.515151515151516
56111,4.6923076923076925
39268,4.846456692913386
81901,4.640718562874252
48817,4.6521739130434785
47714,4.526315789473684
106953,4.4772727272727275
36334,4.535885167464115
78877,3.986666666666667
18003,4.613207547169812
7679,4.606060606060606
82157,4.583333333333333
14647,4.741935483870968
25929,4.77027027027027
2526,4.673267326732673
45550,4.435897435897436
56086,4.525
658,4.442622950819672
78273,4.653333333333333
29767,4.628205128205129
74612,4.52
6401,4.280701754385965
25636,4.560975609756097
60661,4.647058823529412
37548,4.280575539568345
92598,4.634146341463414
45563,4.435897435897436
96679,3.9344262295081966
60003,4.076923076923077
15746,4.111111111111111
41192,4.525
68072,4.357142857142857
60659,4.647058823529412
61908,4.739583333333333
2933,4.659090909090909
40541,4.654545454545454
17083,4.588235294117647
3443,4.521739130434782
37526,4.280575539568345
96559,4.564102564102564
102359,4.7368421052631575
66062,4.565217391304348
58750,4.52760736196319
85743,4.71875
79344,4.446428571428571
69791,4.395348837209302
107376,4.696969696969697
64096,4.359375
22207,4.548387096774194
2431,4.673267326732673
66565,4.621212121212121
96155,4.5
38685,4.341269841269841
62502,4.130434782608695
79562,4.571428571428571
106095,4.440476190476191
26751,4.661764705882353
49375,4.344262295081967
84221,4.739130434782608
72544,4.831325301204819
6592,4.530769230769231
90635,4.157894736842105
77176,4.25
99269,4.793103448275862
59770,4.25
27105,4.324324324324325
106466,4.769230769230769
13507,4.861538461538461
5029,4.111702127659575
52528,3.951219512195122
40403,4.75
89761,4.46969696969697
64559,4.0344827586206895
6109,4.352941176470588
88066,4.472527472527473
43425,4.860294117647059
99001,4.712121212121212
61734,4.236363636363636
104023,4.16
16179,4.5
70928,4.5
56263,4.6923076923076925
89431,4.6909090909090905
76890,4.546511627906977
105143,3.9166666666666665
4946,4.651162790697675
50970,4.428571428571429
94751,3.9375
23789,4.78974358974359
78520,4.71830985915493
18826,4.575757575757576
90234,4.371428571428571
40970,4.175438596491228
51358,4.506024096385542
64375,4.405172413793103
60681,4.647058823529412
1989,4.436842105263158
69237,4.607142857142857
39085,4.664893617021277
96274,4.115384615384615
87807,4.621621621621622
94088,4.0
34924,4.582608695652174
49255,4.469565217391304
54873,4.411764705882353
70423,4.338983050847458
79566,4.571428571428571
76520,4.827338129496403
60211,4.391304347826087
59260,4.6395348837209305
96777,4.592592592592593
41800,4.6020408163265305
26750,4.661764705882353
70752,4.705882352941177
20113,4.712765957446808
99506,4.407407407407407
74930,4.375
59811,4.529411764705882
77975,4.625
50507,4.342105263157895
9119,4.27027027027027
21966,4.387096774193548
21270,4.769230769230769
6272,4.440677966101695
64245,4.487804878048781
39439,4.846456692913386
85701,4.71875
59377,4.6395348837209305
51080,4.4375
107890,4.5
88411,4.59375
82707,4.433333333333334
8212,4.285714285714286
27476,4.574712643678161
80304,4.60655737704918
46508,4.440944881889764
23327,4.4739336492890995
32513,4.741007194244604
14573,4.410256410256411
105194,4.703703703703703
61182,4.616279069767442
72430,4.615384615384615
104948,4.666666666666667
7578,4.72
15541,3.9361702127659575
66623,4.621212121212121
86992,4.642857142857143
100852,4.732142857142857
36923,4.7105263157894735
37200,4.018867924528302
32262,4.457516339869281
103054,4.260869565217392
49505,4.1875
92350,4.490566037735849
20500,4.579787234042553
32100,4.303030303030303
93691,4.478260869565218
25269,4.625
2766,4.557142857142857
51559,4.506024096385542
81057,4.413793103448276
7916,4.743243243243243
88325,4.67741935483871
53107,4.621212121212121
10608,4.462264150943396
32297,4.457516339869281
82076,4.6
30298,4.260869565217392
21583,4.297872340425532
31152,4.478260869565218
23908,4.848314606741573
83307,4.371428571428571
69922,4.419354838709677
19306,4.780487804878049
107309,4.358974358974359
94055,4.0
81712,4.511627906976744
76046,4.079365079365079
58965,4.16
37681,4.280575539568345
35594,4.7368421052631575
34773,4.15625
55560,4.632911392405063
35622,4.7368421052631575
81375,4.682926829268292
22759,4.662650602409639
77282,4.86
16970,4.588235294117647
42566,4.504424778761062
19808,4.517241379310345
100986,4.45945945945946
96991,4.515151515151516
50659,4.545454545454546
69743,4.395348837209302
94082,4.0
107260,3.75
61463,4.627659574468085
32538,4.741007194244604
68458,4.0754716981132075
50251,4.149606299212598
11280,4.585106382978723
51101,4.4375
11026,4.4222222222222225
75348,4.580645161290323
17098,4.474226804123711
33412,4.35
68892,4.309523809523809
10151,4.541666666666667
33648,4.442622950819672
30547,4.754310344827586
2674,4.428571428571429
30749,4.754310344827586
62999,4.597560975609756
4246,4.423076923076923
35292,4.1454545454545455
83382,4.194444444444445
47244,4.3076923076923075
15599,4.642857142857143
23697,4.78974358974359
14198,4.752688172043011
36533,4.535885167464115
94116,4.67741935483871
27613,4.574712643678161
61649,4.714285714285714
38382,4.2809917355371905
70347,4.338983050847458
67218,4.587209302325581
98263,4.12
71119,4.598214285714286
5044,4.111702127659575
45588,4.435897435897436
12863,4.580357142857143
37323,4.6
33118,4.348837209302325
105725,4.545454545454546
69434,4.588235294117647
62832,3.9272727272727272
18598,4.673267326732673
74413,4.685714285714286
64583,4.257142857142857
7081,4.552238805970149
97782,4.365853658536586
96724,4.3
105295,4.541666666666667
2084,4.436842105263158
52401,4.645833333333333
49501,4.1875
41435,4.610921501706485
2402,4.673267326732673
96640,3.9344262295081966
63409,3.9555555555555557
90699,4.6923076923076925
101106,3.6956521739130435
58828,4.52760736196319
38053,4.6938775510204085
76054,4.079365079365079
47514,4.302631578947368
34786,4.15625
94790,3.9375
77834,4.472222222222222
106504,4.193548387096774
46216,4.456310679611651
55229,4.466666666666667
8081,4.544303797468355
79297,4.446428571428571
74210,4.785714285714286
54011,4.833333333333333
29451,4.597402597402597
22132,4.350877192982456
58755,4.52760736196319
44560,4.575418994413408
89215,4.5
64187,4.487804878048781
57951,4.708333333333333
107843,4.6521739130434785
34670,4.778688524590164
26786,4.475
91139,4.517241379310345
51339,4.506024096385542
10095,4.541666666666667
15573,3.9361702127659575
58039,4.310344827586207
100878,4.578947368421052
24284,4.442622950819672
62198,4.428571428571429
82004,4.640718562874252
66878,4.205128205128205
106353,4.64
98052,4.618181818181818
75291,4.882352941176471
90978,4.476190476190476
4335,4.0754716981132075
69284,3.8181818181818183
36627,4.25
49232,4.469565217391304
22944,4.265822784810126
63950,4.415094339622642
38390,4.2809917355371905
10920,4.5054945054945055
81025,4.391304347826087
53804,4.398058252427185
5363,4.821428571428571
93808,4.709677419354839
37011,4.48051948051948
16225,4.5
32422,4.457516339869281
1716,4.304347826086956
24427,4.54
98334,4.083333333333333
60765,4.647058823529412
105083,4.076923076923077
43008,4.642487046632124
47281,4.3076923076923075
70139,4.663461538461538
7530,4.32258064516129
105685,4.23404255319149
60506,4.630769230769231
84929,4.783783783783784
24998,4.5625
27906,4.5928571428571425
96523,4.564102564102564
78355,4.653333333333333
98567,4.685714285714286
8648,4.684210526315789
57004,4.107692307692307
64808,4.512195121951219
7728,4.743243243243243
62952,4.597560975609756
20959,4.638888888888889
48161,4.621951219512195
80106,4.5675675675675675
26656,4.601941747572815
101162,4.304347826086956
99644,4.541666666666667
104768,4.468085106382978
58580,4.386363636363637
104059,4.628571428571429
33215,4.6
9539,4.7407407407407405
89864,4.43859649122807
66525,4.704433497536946
38045,4.6938775510204085
99347,4.6415094339622645
70284,4.371428571428571
92062,4.875
69629,4.653846153846154
6327,4.181818181818182
56346,4.476923076923077
6334,4.181818181818182
44764,4.575418994413408
10172,4.541666666666667
95316,4.454545454545454
89616,4.571428571428571
74179,4.785714285714286
6177,4.352941176470588
39607,4.846456692913386
92992,4.566666666666666
27937,4.5928571428571425
78185,4.619047619047619
53118,4.621212121212121
27418,4.574712643678161
61261,4.616279069767442
87236,4.162162162162162
35331,4.1454545454545455
86873,4.857142857142857
105047,4.076923076923077
53411,4.4423076923076925
15185,4.791666666666667
51370,4.506024096385542
101723,4.608695652173913
103209,4.096774193548387
66338,4.704433497536946
90162,4.580645161290323
95631,4.117647058823529
32970,4.631578947368421
80387,4.60655737704918
97896,4.245283018867925
46382,4.440944881889764
1354,4.5
22352,4.3478260869565215
92783,4.666666666666667
102173,4.321428571428571
15233,4.346938775510204
75069,4.534883720930233
82458,4.8743169398907105
44968,4.889655172413793
24536,4.275862068965517
65920,4.791666666666667
103639,4.530612244897959
99852,4.375
48092,4.433333333333334
77978,4.625
65935,4.791666666666667
88906,4.653846153846154
91202,4.314285714285714
26318,4.366666666666666
45847,4.581818181818182
6530,4.354838709677419
13369,4.82051282051282
47471,4.302631578947368
77140,4.25
29100,4.628865979381444
63442,3.9555555555555557
70016,4.663461538461538
4875,4.651162790697675
42603,4.4646464646464645
59991,4.076923076923077
63595,4.7637795275590555
33454,4.35
19282,4.318181818181818
63267,3.979591836734694
7856,4.743243243243243
86994,4.642857142857143
102724,4.426229508196721
37808,4.835164835164835
105231,4.8125
29662,4.444444444444445
101232,4.035714285714286
1250,4.5
74383,4.4125
70973,4.598214285714286
58550,4.438356164383562
47813,4.1
23898,4.848314606741573
22531,4.660714285714286
8848,4.3858267716535435
5537,4.486111111111111
12307,4.203125
8196,4.285714285714286
70631,4.622641509433962
52045,3.962962962962963
37545,4.280575539568345
62480,4.130434782608695
91207,4.314285714285714
63180,4.230769230769231
64868,4.300970873786408
12329,4.203125
45073,4.889655172413793
69624,4.653846153846154
73208,4.398230088495575
49203,4.469565217391304
57235,4.514285714285714
99603,4.535714285714286
31332,4.503875968992248
81873,4.640718562874252
37951,4.6938775510204085
68795,4.704545454545454
82066,4.68
22333,4.3478260869565215
80630,4.647058823529412
60806,4.333333333333333
107121,4.583333333333333
48329,4.171428571428572
70834,4.225806451612903
27552,4.574712643678161
54767,4.623376623376624
16501,4.177777777777778
73479,4.553719008264463
961,4.333333333333333
86232,4.595238095238095
1491,4.5
38153,4.150943396226415
30021,4.402298850574713
83357,4.194444444444445
90501,4.666666666666667
39613,4.846456692913386
44069,4.602739726027397
43270,4.642487046632124
47956,4.209302325581396
52474,4.2
78819,3.986666666666667
43680,4.1466666666666665
39804,4.044943820224719
41008,4.175438596491228
6975,4.391304347826087
23075,4.590909090909091
15941,4.481012658227848
23592,4.78974358974359
33821,4.62962962962963
29154,4.628865979381444
41840,4.6020408163265305
11343,4.264150943396227
108525,4.641025641025641
45999,4.666666666666667
27632,4.574712643678161
68238,4.3776223776223775
40145,4.357142857142857
64273,3.5161290322580645
50481,4.08
95017,4.535211267605634
80470,4.619047619047619
55012,4.410958904109589
44921,4.889655172413793
5445,4.821428571428571
4880,4.651162790697675
17672,4.6
34984,4.582608695652174
102556,4.684684684684685
53376,4.4423076923076925
83400,4.194444444444445
102521,4.684684684684685
29220,4.366197183098592
91008,4.476190476190476
35714,4.421875
84896,4.783783783783784
45682,4.581818181818182
94145,4.67741935483871
42969,4.5675675675675675
39089,4.664893617021277
46488,4.440944881889764
11304,4.264150943396227
165,4.538461538461538
90708,4.6923076923076925
12984,4.580357142857143
32439,4.457516339869281
78959,4.449275362318841
91409,4.484210526315789
16978,4.588235294117647
79253,4.446428571428571
44595,4.575418994413408
71206,4.56140350877193
96581,3.9344262295081966
85740,4.71875
71582,4.693251533742331
21722,4.409090909090909
96569,4.564102564102564
68073,4.357142857142857
93412,4.233766233766234
105347,4.541666666666667
25557,4.760869565217392
60380,4.684210526315789
43235,4.642487046632124
44305,4.497607655502392
27335,4.53125
46129,4.666666666666667
92261,4.555555555555555
99605,4.535714285714286
95632,4.117647058823529
35830,4.338983050847458
88922,4.653846153846154
64518,4.0344827586206895
102352,4.7368421052631575
75466,4.423728813559322
58802,4.52760736196319
27156,4.714285714285714
95199,3.88
86000,4.404040404040404
1817,4.67741935483871
13392,4.82051282051282
9337,4.520833333333333
38794,4.594594594594595
95370,4.6571428571428575
32440,4.457516339869281
25650,4.560975609756097
4791,4.5701754385964914
44881,4.889655172413793
67514,4.428571428571429
69439,4.588235294117647
36516,4.535885167464115
64819,4.512195121951219
57006,4.107692307692307
19556,4.72
17390,4.416666666666667
13128,4.6923076923076925
53141,4.621212121212121
81748,4.640718562874252
107198,4.5625
100807,4.732142857142857
7171,4.648148148148148
97567,4.698630136986301
65477,4.6875
53699,4.398058252427185
23080,4.590909090909091
39212,4.684210526315789
91854,4.705882352941177
70832,4.225806451612903
61377,4.627659574468085
77929,4.56
47195,4.3076923076923075
69639,4.653846153846154
73632,4.565217391304348
12622,4.544303797468355
90941,4.471698113207547
78697,4.375
105156,3.9166666666666665
49619,4.457142857142857
15593,4.642857142857143
57469,3.8620689655172415
30086,4.5625
32488,4.741007194244604
80942,4.628571428571429
91903,4.468085106382978
84005,4.4411764705882355
88924,4.653846153846154
61875,4.739583333333333
14318,4.346153846153846
101898,4.458333333333333
78476,4.71830985915493
86747,4.583333333333333
26987,4.394736842105263
75225,4.882352941176471
18996,4.379310344827586
106170,4.440476190476191
83883,4.662650602409639
92420,4.490566037735849
83169,4.529411764705882
14805,4.575342465753424
50987,4.4375
108340,4.610169491525424
92721,4.724137931034483
73325,4.53125
102410,4.384615384615385
6469,4.280701754385965
7647,4.303030303030303
63660,4.7637795275590555
54853,4.411764705882353
42951,4.5675675675675675
4943,4.651162790697675
67113,4.297872340425532
62353,4.5125
46982,4.59375
77293,4.86
54908,4.411764705882353
27260,4.516129032258065
3893,4.827586206896552
96768,4.592592592592593
77910,4.7
34624,4.778688524590164
94075,4.0
101390,4.42
56292,4.476923076923077
21718,4.409090909090909
60848,4.458333333333333
83913,4.662650602409639
49444,4.344262295081967
27180,4.714285714285714
73354,4.53125
84838,4.660377358490566
65092,4.468085106382978
50960,4.428571428571429
91715,4.951219512195122
232,4.389380530973451
22351,4.3478260869565215
48957,4.185185185185185
41616,4.610921501706485
54751,4.623376623376624
90782,3.96875
81161,4.631578947368421
19250,4.318181818181818
106743,4.702702702702703
56491,4.720588235294118
82947,4.393939393939394
38977,4.664893617021277
85797,4.5588235294117645
42923,4.5675675675675675
84552,4.453125
43467,4.860294117647059
72422,4.615384615384615
17367,4.463768115942029
97889,4.245283018867925
2925,4.659090909090909
61393,4.627659574468085
26532,4.601941747572815
36179,4.086956521739131
40133,4.357142857142857
79797,4.340909090909091
71065,4.598214285714286
47429,4.302631578947368
35763,4.338983050847458
96103,4.611111111111111
20989,4.448275862068965
54478,4.0
57995,4.28125
13350,4.82051282051282
15877,4.481012658227848
48231,4.621951219512195
3855,4.03030303030303
25329,4.806451612903226
49337,4.4324324324324325
42218,4.6125
61145,4.616279069767442
75238,4.882352941176471
70348,4.338983050847458
78786,3.986666666666667
78594,4.456521739130435
77926,4.56
92376,4.490566037735849
74617,4.52
16642,4.475
27301,4.53125
103921,4.933333333333334
56146,4.6923076923076925
85715,4.71875
40924,4.8161764705882355
40325,4.754385964912281
11883,4.5
55176,4.466666666666667
37465,4.280575539568345
60800,4.333333333333333
66167,4.666666666666667
18441,4.773584905660377
88573,4.818181818181818
16597,4.475
104107,4.628571428571429
33097,4.348837209302325
27394,4.574712643678161
39894,4.483870967741935
84522,4.518518518518518
65130,4.579439252336448
18605,4.673267326732673
4649,4.5701754385964914
31534,4.439024390243903
427,4.464285714285714
81270,3.896551724137931
43423,4.860294117647059
33992,4.345864661654136
30942,4.28
7686,4.606060606060606
94505,4.461538461538462
47259,4.3076923076923075
71394,4.693251533742331
9670,4.714285714285714
39717,4.044943820224719
7436,4.591549295774648
86848,4.857142857142857
64873,4.300970873786408
61,4.58
63787,4.739130434782608
59297,4.6395348837209305
39035,4.664893617021277
101042,4.388888888888889
10800,4.443298969072165
69514,4.21875
47654,4.526315789473684
102653,4.684684684684685
73763,4.214285714285714
72092,4.27027027027027
15243,4.346938775510204
15278,4.346938775510204
75602,4.32
56675,3.98
78798,3.986666666666667
93766,4.310344827586207
61368,4.627659574468085
34127,4.345864661654136
32166,4.303030303030303
40806,4.8161764705882355
17405,4.416666666666667
5152,4.111702127659575
34007,4.345864661654136
73692,4.205128205128205
68468,4.0754716981132075
29290,4.366197183098592
13653,4.333333333333333
39388,4.846456692913386
82022,4.640718562874252
45741,4.581818181818182
82599,4.642857142857143
937,4.189473684210526
65000,4.300970873786408
33320,4.594594594594595
31576,4.560975609756097
102859,4.485714285714286
5013,4.651162790697675
43681,4.1466666666666665
39038,4.664893617021277
38983,4.664893617021277
47552,4.704918032786885
41993,4.6020408163265305
12161,4.317880794701987
42986,4.5675675675675675
2187,4.431578947368421
75382,4.580645161290323
107661,4.76
107902,4.590909090909091
71759,4.440677966101695
87229,4.162162162162162
59615,4.728813559322034
27776,4.5928571428571425
45840,4.581818181818182
74874,4.341463414634147
3758,4.538461538461538
101215,4.5
85174,4.3088235294117645
26312,4.366666666666666
19035,4.767441860465116
24866,4.2727272727272725
26068,4.621848739495798
15956,4.481012658227848
5966,4.6875
68001,4.666666666666667
72967,4.521739130434782
37224,4.6
18570,4.773584905660377
91947,4.468085106382978
65028,4.300970873786408
27306,4.53125
51476,4.506024096385542
93908,4.258064516129032
58490,4.438356164383562
48803,4.6521739130434785
24915,4.5625
33514,4.35
4825,4.651162790697675
36778,4.7105263157894735
77605,4.5
44050,4.602739726027397
95174,4.3023255813953485
70421,4.338983050847458
89437,4.6909090909090905
77266,4.86
71417,4.693251533742331
107321,4.358974358974359
23247,4.4739336492890995
60213,4.391304347826087
88795,4.730769230769231
97705,4.270833333333333
40470,4.75
105126,4.583333333333333
69013,4.269230769230769
21221,4.586206896551724
88373,4.375
5421,4.821428571428571
38248,4.2809917355371905
107550,4.575757575757576
72033,4.037037037037037
30163,4.5625
84539,4.453125
79660,4.378378378378378
85028,4.739726027397261
98394,4.269230769230769
51100,4.4375
75770,4.285714285714286
92385,4.490566037735849
59296,4.6395348837209305
70731,4.705882352941177
2550,4.526315789473684
99175,4.354838709677419
70622,4.622641509433962
28927,4.628865979381444
8482,4.6976744186046515
105220,4.703703703703703
80352,4.60655737704918
98050,4.618181818181818
56235,4.6923076923076925
43221,4.642487046632124
75054,4.534883720930233
78878,3.986666666666667
29670,4.628205128205129
46853,4.6525423728813555
27361,4.53125
65281,4.579439252336448
5729,4.630434782608695
18274,4.613207547169812
42326,4.6125
10227,4.7889908256880735
80648,4.730769230769231
18039,4.613207547169812
38009,4.6938775510204085
18289,4.613207547169812
20318,4.579787234042553
72180,4.414634146341464
85378,4.4
80612,4.647058823529412
42524,4.504424778761062
22852,4.265822784810126
44689,4.575418994413408
2415,4.673267326732673
54619,4.365853658536586
58736,4.52760736196319
10311,4.7889908256880735
54800,4.623376623376624
36784,4.7105263157894735
95575,3.911764705882353
68396,4.3776223776223775
54405,3.4242424242424243
64806,4.512195121951219
83291,4.657894736842105
86050,4.404040404040404
93432,4.233766233766234
28837,4.433333333333334
99162,4.354838709677419
37035,4.48051948051948
105763,4.4
18217,4.613207547169812
50417,4.21875
41846,4.6020408163265305
39662,4.846456692913386
94358,4.257142857142857
62966,4.597560975609756
108241,4.625
55220,4.466666666666667
23882,4.848314606741573
46807,4.6525423728813555
13411,4.142857142857143
72052,4.037037037037037
13213,4.634146341463414
54240,4.271186440677966
17735,4.377358490566038
89614,4.571428571428571
81408,4.804878048780488
61492,4.627659574468085
36781,4.7105263157894735
59856,4.529411764705882
70356,4.338983050847458
66701,4.037037037037037
32368,4.457516339869281
61798,4.464285714285714
16390,4.135135135135135
28786,4.433333333333334
55375,4.632911392405063
97019,4.173913043478261
39145,4.664893617021277
27923,4.5928571428571425
57273,4.622641509433962
42304,4.6125
18164,4.613207547169812
97664,4.391304347826087
3353,4.12987012987013
32890,4.659574468085107
50815,4.545454545454546
11834,4.21875
101815,4.695652173913044
71374,4.693251533742331
1772,4.09375
34739,4.15625
10112,4.541666666666667
4171,4.371428571428571
79381,4.5
63672,4.7637795275590555
28998,4.628865979381444
33858,4.62962962962963
76579,4.491525423728813
57517,4.56
25960,4.621848739495798
79649,4.2926829268292686
63618,4.7637795275590555
10328,4.7889908256880735
92364,4.490566037735849
64315,4.405172413793103
11947,4.317880794701987
28781,4.433333333333334
98875,4.5
19003,4.379310344827586
91704,4.951219512195122
7600,4.303030303030303
26618,4.601941747572815
8073,4.544303797468355
89777,4.46969696969697
97568,4.698630136986301
98067,4.618181818181818
83097,4.1923076923076925
31565,4.560975609756097
9712,4.714285714285714
54966,4.410958904109589
97665,4.391304347826087
36246,4.428571428571429
18851,4.379310344827586
29716,4.628205128205129
85379,4.4
22019,4.621621621621622
35922,4.338983050847458
45507,4.435897435897436
83532,4.433333333333334
74601,4.52
86085,4.404040404040404
10071,4.607142857142857
42429,4.504424778761062
3497,4.521739130434782
22324,4.717948717948718
58054,4.310344827586207
53025,4.25
17665,4.6
67361,4.587209302325581
67704,4.081081081081081
28321,4.589743589743589
103511,4.463414634146342
70669,4.622641509433962
39963,4.483870967741935
100409,4.509090909090909
74388,4.4125
86962,4.642857142857143
55781,4.576923076923077
15362,4.483606557377049
106224,4.452830188679245
87757,4.729166666666667
89671,4.46969696969697
94100,4.0
98355,4.269230769230769
84481,4.518518518518518
2293,4.431578947368421
21679,4.433962264150943
96406,4.351351351351352
95717,4.260869565217392
17769,4.377358490566038
426,4.464285714285714
61341,4.627659574468085
14639,4.741935483870968
94550,4.6923076923076925
63877,4.485714285714286
90035,4.717391304347826
5281,4.111702127659575
71785,4.440677966101695
77225,4.535714285714286
47279,4.3076923076923075
27689,4.574712643678161
104844,4.615384615384615
56903,4.257142857142857
47960,4.209302325581396
106074,4.440476190476191
6234,4.440677966101695
46445,4.440944881889764
46930,4.6525423728813555
34273,4.317460317460317
13618,4.333333333333333
6671,4.530769230769231
45801,4.581818181818182
42379,4.504424778761062
60423,4.4186046511627906
89894,4.48936170212766
41377,4.610921501706485
29952,4.402298850574713
60342,4.4
80195,4.5675675675675675
6524,4.354838709677419
15929,4.481012658227848
60161,4.391304347826087
45264,4.707964601769912
33251,4.6
26995,4.394736842105263
96048,4.4324324324324325
102441,4.384615384615385
35271,4.728155339805825
89959,4.48936170212766
88217,4.115384615384615
107043,4.484848484848484
103601,4.530612244897959
23067,4.636363636363637
82079,4.6
72155,4.414634146341464
102510,4.684684684684685
98891,4.5
51144,4.434782608695652
16553,4.7368421052631575
91104,4.517241379310345
38314,4.2809917355371905
91225,4.314285714285714
60807,4.333333333333333
10983,4.5054945054945055
104452,4.513513513513513
9062,4.673076923076923
76622,4.491525423728813
96951,4.0
55553,4.632911392405063
81847,4.640718562874252
92925,4.923076923076923
70400,4.338983050847458
35708,4.421875
43991,4.1875
25908,4.77027027027027
103055,4.260869565217392
104206,4.425
55998,4.327272727272727
78929,4.449275362318841
49013,4.72
20682,4.719512195121951
2379,4.673267326732673
18871,4.379310344827586
50773,4.545454545454546
46197,4.456310679611651
47491,4.302631578947368
74482,4.787878787878788
35950,4.338983050847458
96004,3.923076923076923
41433,4.610921501706485
25979,4.621848739495798
74370,4.4125
43493,4.860294117647059
41574,4.610921501706485
69367,4.565217391304348
84027,4.4411764705882355
63726,4.348837209302325
100625,4.518518518518518
83212,4.529411764705882
17033,4.588235294117647
78473,4.71830985915493
96792,4.592592592592593
83891,4.662650602409639
39468,4.846456692913386
87061,4.634146341463414
99308,4.6415094339622645
57427,4.53125
85448,4.617647058823529
16658,4.705882352941177
38740,4.341269841269841
89748,4.46969696969697
36836,4.7105263157894735
39496,4.846456692913386
89780,4.43859649122807
59250,4.6395348837209305
15083,4.333333333333333
43676,4.1466666666666665
79086,4.83
68844,4.309523809523809
86632,4.75
65209,4.579439252336448
42260,4.6125
89243,4.857142857142857
12709,4.571428571428571
106539,4.483870967741935
20706,4.719512195121951
3923,4.827586206896552
63173,4.534883720930233
30699,4.754310344827586
52825,4.435897435897436
1756,4.09375
8338,4.541666666666667
89666,4.46969696969697
103622,4.530612244897959
21771,4.409090909090909
96400,4.351351351351352
17679,4.6
85231,4.3088235294117645
82009,4.640718562874252
336,4.389380530973451
75640,4.32
18106,4.613207547169812
71521,4.693251533742331
94227,4.354166666666667
89797,4.43859649122807
100846,4.732142857142857
14305,4.346153846153846
70376,4.338983050847458
14269,4.923076923076923
53271,4.534883720930233
16378,4.135135135135135
59207,4.346153846153846
80510,4.619047619047619
50521,4.342105263157895
14547,4.410256410256411
38094,4.150943396226415
2644,4.428571428571429
7653,4.606060606060606
81603,4.413333333333333
9527,4.363636363636363
97500,4.393939393939394
76570,4.827338129496403
5052,4.111702127659575
58283,4.494623655913978
14677,4.258064516129032
35127,4.728155339805825
5320,4.111702127659575
83701,4.627450980392157
86875,4.857142857142857
95328,4.454545454545454
35301,4.1454545454545455
23098,4.590909090909091
89112,4.793103448275862
61590,4.379310344827586
78281,4.653333333333333
98683,4.328947368421052
61981,4.739583333333333
56338,4.476923076923077
62376,4.5125
85441,4.617647058823529
14231,4.752688172043011
4403,4.0754716981132075
96186,4.5
70666,4.622641509433962
13097,4.6
79786,4.340909090909091
39891,4.483870967741935
18269,4.613207547169812
44238,4.497607655502392
94098,4.0
96470,4.4
92056,4.745454545454545
51299,4.506024096385542
76151,4.814285714285714
80025,4.666666666666667
30953,4.28
79185,4.83
12081,4.317880794701987
27507,4.574712643678161
20267,4.620689655172414
77035,4.944444444444445
74551,4.787878787878788
85644,4.583333333333333
41745,4.6020408163265305
66421,4.704433497536946
31886,4.619047619047619
43173,4.642487046632124
30135,4.5625
73941,4.384615384615385
7113,4.552238805970149
25558,4.760869565217392
76268,4.212121212121212
24885,4.2727272727272725
22350,4.3478260869565215
30917,4.28
90487,4.666666666666667
104796,4.468085106382978
75500,4.423728813559322
37624,4.280575539568345
66630,4.621212121212121
73272,4.398230088495575
48394,4.171428571428572
1985,4.436842105263158
91431,4.484210526315789
13260,4.64
97747,4.270833333333333
10530,4.462264150943396
48997,4.72
28762,4.433333333333334
45819,4.581818181818182
85274,4.868421052631579
30758,4.754310344827586
41760,4.6020408163265305
52708,3.9038461538461537
10131,4.541666666666667
32693,4.741007194244604
8105,4.544303797468355
68186,4.3776223776223775
16929,4.492957746478873
74485,4.787878787878788
63916,4.415094339622642
77331,4.305084745762712
55640,4.6521739130434785
19225,4.318181818181818
11545,4.341772151898734
42221,4.6125
95156,4.3023255813953485
60754,4.647058823529412
71271,4.0
15790,4.5
77745,4.611111111111111
107873,4.5
90963,4.471698113207547
69951,4.419354838709677
77298,4.86
7357,4.591549295774648
84459,4.490566037735849
40632,4.26
102199,4.166666666666667
30757,4.754310344827586
56159,4.6923076923076925
37561,4.280575539568345
72298,4.571428571428571
104505,4.2407407407407405
82697,4.433333333333334
47462,4.302631578947368
15780,4.111111111111111
76826,4.546511627906977
100231,4.764705882352941
37785,4.835164835164835
77892,4.7
15364,4.483606557377049
71790,4.412698412698413
78005,4.625
101040,4.388888888888889
86767,4.4411764705882355
22371,4.662650602409639
83908,4.662650602409639
45202,4.084745762711864
32363,4.457516339869281
56107,4.525
103869,4.27906976744186
80879,4.3076923076923075
5466,4.486111111111111
54138,4.314285714285714
38289,4.2809917355371905
54886,4.411764705882353
106375,4.64
44845,4.575418994413408
34160,4.517241379310345
56261,4.6923076923076925
59945,4.529411764705882
66621,4.621212121212121
81534,4.413333333333333
65957,4.28
1476,4.5
68467,4.0754716981132075
59171,4.712765957446808
99432,4.363636363636363
69817,4.275862068965517
13936,4.743589743589744
20361,4.579787234042553
108511,4.641025641025641
52181,4.285714285714286
61834,4.464285714285714
17791,4.377358490566038
3668,4.162162162162162
13606,4.333333333333333
62928,4.333333333333333
27338,4.53125
7023,4.552238805970149
29016,4.628865979381444
92392,4.490566037735849
73225,4.398230088495575
6842,4.391304347826087
88068,4.472527472527473
37218,4.6
56492,4.720588235294118
52957,4.46
47109,4.32
18543,4.773584905660377
67693,4.081081081081081
77191,4.535714285714286
68755,4.704545454545454
20299,4.579787234042553
106096,4.440476190476191
8939,4.673076923076923
56552,4.720588235294118
33021,4.631578947368421
9290,4.520833333333333
12205,4.575
96454,4.448275862068965
67641,4.357142857142857
62490,4.130434782608695
103818,4.27906976744186
94032,4.478260869565218
98119,4.32
74645,4.483870967741935
29602,4.444444444444445
31183,4.478260869565218
24066,4.848314606741573
50636,4.545454545454546
74958,4.375
55234,4.466666666666667
51182,4.163934426229508
45885,4.581818181818182
35451,4.479166666666667
48342,4.171428571428572
98795,4.54054054054054
23279,4.4739336492890995
3615,4.444444444444445
96618,3.9344262295081966
24117,4.848314606741573
98191,4.12
90973,4.471698113207547
14511,3.953488372093023
33149,4.348837209302325
50161,4.149606299212598
8186,4.285714285714286
99710,4.623529411764705
70659,4.622641509433962
29777,4.628205128205129
73452,4.553719008264463
97700,4.270833333333333
82308,4.8743169398907105
5944,4.6875
20236,4.548387096774194
18187,4.613207547169812
25217,4.673469387755102
24842,4.2727272727272725
28950,4.628865979381444
97466,4.393939393939394
33597,4.411764705882353
6631,4.530769230769231
61504,4.487804878048781
90067,4.657894736842105
85467,4.617647058823529
26543,4.601941747572815
97437,4.56
40226,4.754385964912281
96514,4.564102564102564
75296,4.580645161290323
89318,4.647058823529412
8861,4.3858267716535435
45341,4.707964601769912
84211,4.739130434782608
7060,4.552238805970149
77115,4.717948717948718
78898,3.986666666666667
67562,4.0588235294117645
59317,4.6395348837209305
33318,4.594594594594595
53273,4.534883720930233
39974,4.483870967741935
87698,4.695652173913044
32519,4.741007194244604
36284,4.535885167464115
12554,3.8333333333333335
27356,4.53125
70520,4.6
52843,4.435897435897436
56074,4.525
41390,4.610921501706485
53639,4.043478260869565
102889,4.485714285714286
19481,4.72
90488,4.666666666666667
65348,4.811320754716981
26234,4.490566037735849
73746,4.214285714285714
76485,4.827338129496403
22322,4.717948717948718
26635,4.601941747572815
96773,4.592592592592593
49251,4.469565217391304
31523,4.439024390243903
28770,4.433333333333334
11454,4.528301886792453
106213,4.452830188679245
50155,4.583333333333333
1738,4.09375
18715,4.673267326732673
70127,4.663461538461538
37536,4.280575539568345
28861,4.628865979381444
67233,4.587209302325581
60845,4.458333333333333
50547,4.342105263157895
88763,4.780487804878049
43757,4.6440677966101696
107928,4.590909090909091
10300,4.7889908256880735
71543,4.693251533742331
101107,3.6956521739130435
75938,4.079365079365079
52498,4.2
53688,4.398058252427185
47358,4.081967213114754
6658,4.530769230769231
50607,4.545454545454546
57826,4.204545454545454
98719,4.328947368421052
11331,4.264150943396227
61997,4.739583333333333
97838,4.245283018867925
80769,4.423076923076923
100334,4.419354838709677
67394,4.587209302325581
45829,4.581818181818182
63846,4.485714285714286
37015,4.48051948051948
94593,4.25
27062,4.324324324324325
41125,4.404255319148936
14064,4.769230769230769
66748,4.392857142857143
69561,4.653846153846154
32817,4.534883720930233
19987,4.178571428571429
28093,4.3896103896103895
72211,4.414634146341464
19218,4.318181818181818
82208,4.8743169398907105
103281,3.5217391304347827
65284,4.579439252336448
7348,4.591549295774648
88179,4.162162162162162
48647,4.419642857142857
74212,4.785714285714286
33548,4.411764705882353
78737,4.64
48013,4.466666666666667
23817,4.78974358974359
72540,4.831325301204819
31902,4.303030303030303
96577,3.9344262295081966
107957,4.590909090909091
20634,4.719512195121951
77180,4.25
40850,4.8161764705882355
37768,4.835164835164835
50037,4.102564102564102
47871,4.073170731707317
100677,4.391304347826087
14122,4.752688172043011
55968,4.327272727272727
40858,4.8161764705882355
56290,4.6923076923076925
33292,4.594594594594595
42865,4.478260869565218
38886,4.664893617021277
43616,4.586206896551724
4676,4.5701754385964914
5901,4.6875
15889,4.481012658227848
60990,4.541284403669724
7331,4.591549295774648
49142,4.469565217391304
89727,4.46969696969697
32173,4.303030303030303
7270,4.648148148148148
21676,4.433962264150943
85101,4.739726027397261
52464,4.2
912,4.189473684210526
53726,4.398058252427185
64948,4.300970873786408
26957,4.142857142857143
82403,4.8743169398907105
80833,4.709677419354839
25385,4.586666666666667
65993,4.28
96233,4.44
68101,4.590909090909091
29364,4.5
63970,4.415094339622642
96422,4.448275862068965
42133,4.6125
37122,4.48051948051948
82848,4.422535211267606
100396,4.509090909090909
3134,4.075
80548,4.619047619047619
70770,4.705882352941177
79893,4.435897435897436
100710,4.391304347826087
39171,4.664893617021277
27445,4.574712643678161
97245,4.487804878048781
62496,4.130434782608695
88928,4.609756097560975
8667,4.684210526315789
33991,4.345864661654136
50637,4.545454545454546
59170,4.712765957446808
131,4.538461538461538
54567,4.365853658536586
27396,4.574712643678161
16189,4.5
102734,4.426229508196721
20998,4.448275862068965
98925,4.461538461538462
43637,4.1466666666666665
14227,4.752688172043011
103989,4.269230769230769
47403,4.081967213114754
82752,4.433333333333334
89277,4.857142857142857
91902,4.468085106382978
59060,4.712765957446808
88269,4.766666666666667
84776,4.575757575757576
60811,4.333333333333333
2009,4.436842105263158
107606,4.575757575757576
101999,4.636363636363637
66818,4.205128205128205
29641,4.444444444444445
85786,4.5588235294117645
90015,4.717391304347826
10161,4.541666666666667
62442,4.5125
107360,4.696969696969697
72515,4.831325301204819
44188,4.497607655502392
29044,4.628865979381444
85580,4.74468085106383
98242,4.12
95993,3.923076923076923
94863,4.173913043478261
71025,4.598214285714286
55851,4.2926829268292686
100629,4.518518518518518
47722,4.526315789473684
59053,4.712765957446808
87543,4.54054054054054
2136,4.436842105263158
14823,4.575342465753424
53269,4.534883720930233
80423,4.60655737704918
94221,4.354166666666667
102619,4.684684684684685
21240,4.586206896551724
17516,4.482758620689655
67322,4.587209302325581
84364,4.855421686746988
23440,4.4739336492890995
23040,4.636363636363637
10452,4.545454545454546
13396,4.82051282051282
104780,4.468085106382978
59450,4.112903225806452
14734,4.575342465753424
103928,4.933333333333334
89368,4.37037037037037
31678,4.619047619047619
42355,4.6125
53355,4.534883720930233
46789,4.6525423728813555
76315,4.454545454545454
18190,4.613207547169812
77541,4.611940298507463
83523,4.433333333333334
21374,4.27906976744186
107514,4.575757575757576
93814,4.709677419354839
15419,4.483606557377049
4945,4.651162790697675
57184,4.514285714285714
80961,4.628571428571429
83554,4.684210526315789
44223,4.497607655502392
54475,4.53125
46576,4.440944881889764
9637,4.619047619047619
32625,4.741007194244604
98288,4.12
65141,4.579439252336448
80920,4.3076923076923075
105014,4.269230769230769
60763,4.647058823529412
1826,4.67741935483871
34925,4.582608695652174
11244,4.585106382978723
107425,4.666666666666667
75396,4.580645161290323
32701,4.741007194244604
56796,4.5
85175,4.3088235294117645
2965,4.8
29490,4.597402597402597
47346,4.081967213114754
58491,4.438356164383562
58247,4.494623655913978
99398,4.6415094339622645
50187,4.149606299212598
28383,4.285714285714286
45432,4.707964601769912
75044,4.534883720930233
69952,4.419354838709677
93172,4.48
75681,4.583333333333333
17680,4.6
7756,4.743243243243243
14195,4.752688172043011
107440,4.666666666666667
65846,4.121621621621622
68716,4.444444444444445
48815,4.6521739130434785
59580,4.728813559322034
68207,4.3776223776223775
51185,4.163934426229508
31528,4.439024390243903
32275,4.457516339869281
105199,4.703703703703703
57068,4.107692307692307
90648,4.157894736842105
9639,4.619047619047619
10202,4.7889908256880735
5329,4.111702127659575
52067,4.285714285714286
66193,4.704433497536946
87432,4.3076923076923075
3405,4.521739130434782
69296,3.8181818181818183
82427,4.8743169398907105
97165,4.414634146341464
57466,3.8620689655172415
47304,4.081967213114754
32036,4.303030303030303
45809,4.581818181818182
75698,4.583333333333333
27811,4.5928571428571425
50193,4.149606299212598
46795,4.6525423728813555
41123,4.404255319148936
78214,4.619047619047619
96607,3.9344262295081966
4099,4.636363636363637
7437,4.591549295774648
100976,4.45945945945946
19230,4.318181818181818
105302,4.541666666666667
3292,4.12987012987013
20926,4.638888888888889
106541,4.483870967741935
7986,4.544303797468355
10267,4.7889908256880735
70573,4.6
60668,4.647058823529412
2112,4.436842105263158
38164,4.150943396226415
17455,4.416666666666667
1304,4.5
94663,4.269230769230769
10899,4.5054945054945055
7133,4.648148148148148
74532,4.787878787878788
56695,3.98
28087,4.3896103896103895
85140,4.3088235294117645
10962,4.5054945054945055
36884,4.7105263157894735
5929,4.6875
28117,4.3896103896103895
71063,4.598214285714286
20576,4.579787234042553
67493,4.428571428571429
16235,4.5
68106,4.590909090909091
6180,4.440677966101695
28853,4.433333333333334
913,4.189473684210526
49926,4.40625
29057,4.628865979381444
7449,3.92
94038,4.478260869565218
94362,4.257142857142857
57475,3.8620689655172415
28572,4.84375
61123,4.616279069767442
13764,4.709677419354839
72815,4.4603174603174605
83524,4.433333333333334
83205,4.529411764705882
56198,4.6923076923076925
733,4.605263157894737
24616,4.0638297872340425
44297,4.497607655502392
13945,4.222222222222222
66420,4.704433497536946
53102,4.621212121212121
73363,4.53125
67065,4.51063829787234
99300,4.793103448275862
100628,4.518518518518518
8039,4.544303797468355
55357,4.632911392405063
37087,4.48051948051948
3955,4.827586206896552
17045,4.588235294117647
101806,4.695652173913044
75359,4.580645161290323
67677,4.081081081081081
69177,4.626373626373627
39315,4.846456692913386
55707,3.891891891891892
19419,4.625
97875,4.245283018867925
44038,4.602739726027397
55861,4.2926829268292686
57186,4.514285714285714
88268,4.766666666666667
6812,4.391304347826087
107214,4.5625
100225,4.764705882352941
67531,4.0588235294117645
102949,4.68
95221,3.88
58286,4.494623655913978
16392,4.135135135135135
4861,4.651162790697675
12472,4.368421052631579
17000,4.588235294117647
33538,4.411764705882353
89660,4.571428571428571
3039,4.8
45212,4.084745762711864
34667,4.778688524590164
67150,4.297872340425532
77721,4.611111111111111
25112,4.673469387755102
85891,4.540983606557377
12302,4.203125
50598,4.545454545454546
58178,4.310344827586207
36534,4.535885167464115
81392,4.682926829268292
98586,4.428571428571429
2076,4.436842105263158
90851,3.96875
22654,4.517241379310345
3857,4.03030303030303
3746,4.285714285714286
24649,4.0638297872340425
86361,4.568181818181818
17177,4.474226804123711
16315,4.60655737704918
46107,4.666666666666667
64220,4.487804878048781
7793,4.743243243243243
67339,4.587209302325581
23559,4.78974358974359
31520,4.439024390243903
48655,4.419642857142857
79529,4.571428571428571
80893,4.3076923076923075
95642,4.117647058823529
103458,4.621621621621622
103684,4.27027027027027
51928,3.857142857142857
70897,4.5
21093,4.4868421052631575
17520,4.482758620689655
46311,4.456310679611651
44176,4.497607655502392
13977,4.222222222222222
74174,4.785714285714286
51947,4.148148148148148
47912,4.209302325581396
43121,4.642487046632124
77443,4.611940298507463
34283,4.317460317460317
42787,4.478260869565218
44508,4.497607655502392
105015,4.269230769230769
12061,4.317880794701987
14801,4.575342465753424
81114,4.631578947368421
26551,4.601941747572815
85780,4.5588235294117645
108160,4.565217391304348
31148,4.388888888888889
18098,4.613207547169812
54268,4.271186440677966
43986,4.1875
24225,4.442622950819672
2564,4.526315789473684
75867,4.079365079365079
11211,4.585106382978723
88477,4.679245283018868
4150,4.636363636363637
71149,4.598214285714286
1151,4.633333333333334
91349,4.484210526315789
80556,4.619047619047619
79189,4.83
59572,4.728813559322034
18986,4.379310344827586
17860,4.585365853658536
10301,4.7889908256880735
36545,4.535885167464115
70343,4.338983050847458
30105,4.5625
53259,4.534883720930233
25728,4.689655172413793
85490,4.617647058823529
6150,4.352941176470588
75509,4.32
82543,4.642857142857143
77405,4.305084745762712
29742,4.628205128205129
83226,4.657894736842105
22774,4.662650602409639
56592,4.102564102564102
106104,4.440476190476191
102646,4.684684684684685
36787,4.7105263157894735
49576,4.457142857142857
41025,4.175438596491228
18216,4.613207547169812
43875,4.6440677966101696
25707,4.793103448275862
86008,4.404040404040404
96396,4.351351351351352
57040,4.107692307692307
90597,4.404761904761905
105017,4.269230769230769
40078,4.275862068965517
37806,4.835164835164835
63545,4.7637795275590555
62718,4.488888888888889
19117,4.818181818181818
86589,4.8
12889,4.580357142857143
65783,4.121621621621622
63986,3.9565217391304346
78678,4.583333333333333
45393,4.707964601769912
62153,4.428571428571429
53627,4.520833333333333
35811,4.338983050847458
44758,4.575418994413408
35672,4.421875
81556,4.413333333333333
10036,4.607142857142857
428,4.464285714285714
75426,4.423728813559322
43654,4.1466666666666665
38433,4.244897959183674
67172,4.587209302325581
72848,4.4603174603174605
49448,4.344262295081967
70646,4.622641509433962
25643,4.560975609756097
49674,4.439024390243903
36621,4.535885167464115
25160,4.673469387755102
97341,4.260869565217392
63301,3.979591836734694
30138,4.5625
57853,4.204545454545454
54850,4.411764705882353
29173,4.628865979381444
96825,4.826086956521739
16819,4.492957746478873
82402,4.8743169398907105
91376,4.484210526315789
52983,4.25
71857,4.412698412698413
106498,4.193548387096774
78916,4.449275362318841
48208,4.621951219512195
43679,4.1466666666666665
26741,4.661764705882353
5374,4.821428571428571
8183,4.285714285714286
55689,3.891891891891892
53636,4.520833333333333
43116,4.642487046632124
87545,4.54054054054054
52513,3.951219512195122
55014,4.410958904109589
1515,4.5
30997,4.62
49223,4.469565217391304
25928,4.77027027027027
63188,4.230769230769231
68899,4.75
89737,4.46969696969697
72476,4.615384615384615
77988,4.625
49964,4.40625
81672,4.511627906976744
20399,4.579787234042553
45785,4.581818181818182
64407,4.405172413793103
87294,4.518518518518518
4967,4.651162790697675
64224,4.487804878048781
76682,4.491525423728813
102825,4.913043478260869
103096,4.414634146341464
38965,4.664893617021277
52455,4.2
75091,4.64
25375,4.586666666666667
65513,4.205882352941177
97282,4.542857142857143
84319,4.855421686746988
85123,4.3088235294117645
74871,4.341463414634147
87135,4.793103448275862
1774,4.09375
15658,4.757575757575758
42696,4.4646464646464645
65311,4.579439252336448
20153,4.712765957446808
12465,4.368421052631579
99322,4.6415094339622645
11431,4.528301886792453
41220,4.610921501706485
39693,4.846456692913386
59851,4.529411764705882
82017,4.640718562874252
45499,4.435897435897436
1909,4.436842105263158
86938,4.571428571428571
18748,4.673267326732673
59186,4.712765957446808
86229,4.595238095238095
86382,4.771428571428571
79485,4.666666666666667
82281,4.8743169398907105
100021,4.344827586206897
108454,4.791666666666667
83940,4.6923076923076925
73677,4.205128205128205
107054,4.484848484848484
66332,4.704433497536946
66126,4.666666666666667
25712,4.793103448275862
7995,4.544303797468355
1843,4.67741935483871
103903,4.32
10683,4.443298969072165
54439,4.53125
67634,4.357142857142857
15875,4.481012658227848
56240,4.6923076923076925
80162,4.5675675675675675
42680,4.4646464646464645
41282,4.610921501706485
221,4.538461538461538
84974,3.652173913043478
88498,4.679245283018868
87844,4.621621621621622
78093,4.625
13889,4.743589743589744
90329,4.53125
92724,4.724137931034483
24659,4.0638297872340425
81951,4.640718562874252
59110,4.712765957446808
49200,4.469565217391304
56697,3.98
69118,4.626373626373627
10481,4.462264150943396
84822,4.660377358490566
31372,4.503875968992248
81959,4.640718562874252
47873,4.073170731707317
1582,4.673076923076923
22297,4.717948717948718
73962,4.384615384615385
15669,4.757575757575758
74301,4.4125
92663,4.8
70578,4.6
60655,4.647058823529412
43327,4.642487046632124
24327,4.379310344827586
85275,4.868421052631579
95953,3.923076923076923
51796,4.423076923076923
23274,4.4739336492890995
34997,4.582608695652174
31959,4.303030303030303
23107,4.590909090909091
42531,4.504424778761062
54269,4.271186440677966
102975,4.68
80394,4.60655737704918
82062,4.68
106893,4.416666666666667
44254,4.497607655502392
53720,4.398058252427185
106265,4.452830188679245
58919,4.52760736196319
101809,4.695652173913044
59458,4.112903225806452
59390,4.112903225806452
54609,4.365853658536586
62565,4.530612244897959
2980,4.8
43393,4.860294117647059
97710,4.270833333333333
79841,4.862068965517241
4285,4.521739130434782
55322,4.632911392405063
41257,4.610921501706485
95302,4.454545454545454
92759,4.724137931034483
87536,4.54054054054054
27142,4.576923076923077
17492,4.416666666666667
32550,4.741007194244604
69831,4.275862068965517
18930,4.379310344827586
97891,4.245283018867925
95185,4.3023255813953485
28141,4.5
6329,4.181818181818182
72051,4.037037037037037
36354,4.535885167464115
40457,4.75
13548,4.861538461538461
36988,4.48051948051948
1081,4.214285714285714
8522,4.6976744186046515
81020,4.391304347826087
87329,4.518518518518518
20240,4.548387096774194
19587,4.5396825396825395
52099,4.285714285714286
23580,4.78974358974359
53607,4.520833333333333
61475,4.627659574468085
26054,4.621848739495798
76478,4.827338129496403
45849,4.581818181818182
9195,4.5
104208,4.425
2818,4.557142857142857
9956,4.607142857142857
100858,4.732142857142857
95525,4.153846153846154
20156,4.712765957446808
58460,4.438356164383562
80786,4.709677419354839
44699,4.575418994413408
104113,4.628571428571429
25325,4.806451612903226
4098,4.636363636363637
68631,4.7317073170731705
52704,4.413793103448276
66466,4.704433497536946
16476,4.177777777777778
84862,4.660377358490566
37382,4.4655172413793105
49276,4.469565217391304
30770,4.754310344827586
25241,4.673469387755102
105462,4.655172413793103
19409,4.625
17648,4.6
1471,4.5
105927,4.862068965517241
1630,4.673076923076923
28323,4.589743589743589
80881,4.3076923076923075
86188,4.6976744186046515
5731,4.630434782608695
96709,4.3
89657,4.571428571428571
74840,4.341463414634147
44225,4.497607655502392
2444,4.673267326732673
83429,4.411764705882353
16428,4.135135135135135
92212,4.536585365853658
12222,4.575
31499,4.439024390243903
16243,4.5
37314,4.6
42438,4.504424778761062
106025,4.848484848484849
33284,4.594594594594595
35208,4.728155339805825
90646,4.157894736842105
95788,3.96875
86071,4.404040404040404
84291,4.855421686746988
51420,4.506024096385542
86528,4.655172413793103
35998,3.8
34756,4.15625
90567,4.404761904761905
84140,4.604651162790698
32814,4.534883720930233
77271,4.86
66397,4.704433497536946
3124,4.075
49308,4.4324324324324325
51115,4.4375
90111,4.657894736842105
99038,4.712121212121212
70217,4.538461538461538
63688,4.7637795275590555
71972,4.461538461538462
52199,4.459016393442623
84009,4.4411764705882355
26420,4.7
38605,4.341269841269841
53436,4.4423076923076925
96987,4.515151515151516
46707,4.637362637362638
23663,4.78974358974359
95550,3.911764705882353
17808,4.377358490566038
82279,4.8743169398907105
65485,4.6875
98440,4.6521739130434785
96065,4.4324324324324325
100563,4.454545454545454
107256,3.75
75082,4.534883720930233
64702,4.630434782608695
52956,4.46
26032,4.621848739495798
88306,4.67741935483871
106347,4.64
56451,3.71875
25803,4.92
63815,4.739130434782608
3765,4.538461538461538
61907,4.739583333333333
75555,4.32
93333,4.758620689655173
19792,4.517241379310345
36629,4.25
52848,4.435897435897436
92664,4.8
85094,4.739726027397261
70960,4.5
11450,4.528301886792453
26044,4.621848739495798
53495,4.4423076923076925
13787,4.709677419354839
58356,4.494623655913978
528,4.647058823529412
62001,4.739583333333333
80229,4.60655737704918
7472,3.92
76350,4.827338129496403
3878,4.827586206896552
17704,4.6
73625,4.565217391304348
33331,4.594594594594595
28733,4.433333333333334
17039,4.588235294117647
53490,4.4423076923076925
7767,4.743243243243243
83893,4.662650602409639
18275,4.613207547169812
10039,4.607142857142857
61741,4.236363636363636
62484,4.130434782608695
107434,4.666666666666667
67779,4.46969696969697
43618,4.586206896551724
87562,4.54054054054054
48508,4.419642857142857
35132,4.728155339805825
60727,4.647058823529412
106809,4.291666666666667
86766,4.4411764705882355
22211,4.548387096774194
87793,4.621621621621622
21265,4.769230769230769
108004,4.590909090909091
7240,4.648148148148148
96597,3.9344262295081966
75996,4.079365079365079
41129,4.404255319148936
73492,4.553719008264463
32473,4.741007194244604
5893,4.6875
17626,4.857142857142857
80118,4.5675675675675675
34296,4.317460317460317
44797,4.575418994413408
47536,4.302631578947368
57731,4.848484848484849
73200,4.398230088495575
106251,4.452830188679245
29418,4.5
91870,4.705882352941177
42746,4.4646464646464645
74261,4.4125
79331,4.446428571428571
104217,4.425
6482,4.354838709677419
43802,4.6440677966101696
82122,4.583333333333333
90850,3.96875
65882,4.121621621621622
49589,4.457142857142857
14192,4.752688172043011
7191,4.648148148148148
99261,4.793103448275862
73651,4.205128205128205
423,4.389380530973451
102850,4.485714285714286
29893,4.155172413793103
76560,4.827338129496403
53500,4.4423076923076925
90090,4.657894736842105
100062,4.0
76124,4.814285714285714
16286,4.60655737704918
79225,4.83
66996,4.548387096774194
104518,4.2407407407407405
20008,4.178571428571429
43132,4.642487046632124
39287,4.846456692913386
74387,4.4125
59394,4.112903225806452
45762,4.581818181818182
46599,4.637362637362638
78465,4.71830985915493
30881,4.28
54046,4.0
79015,4.449275362318841
25706,4.793103448275862
8435,4.714285714285714
101891,4.458333333333333
63685,4.7637795275590555
9293,4.520833333333333
90912,4.471698113207547
68647,4.7317073170731705
51161,4.434782608695652
68854,4.309523809523809
25623,4.560975609756097
15816,4.5
102421,4.384615384615385
42482,4.504424778761062
41986,4.6020408163265305
102840,4.485714285714286
65682,4.509090909090909
36575,4.535885167464115
35775,4.338983050847458
16256,4.5
35516,4.7368421052631575
61516,4.487804878048781
13528,4.861538461538461
79043,4.6923076923076925
108446,4.791666666666667
49860,4.476744186046512
7825,4.743243243243243
39704,4.846456692913386
60376,4.684210526315789
46225,4.456310679611651
33530,4.411764705882353
91505,4.851851851851852
74643,4.483870967741935
72724,4.653846153846154
106445,4.769230769230769
39778,4.044943820224719
90211,4.580645161290323
84096,4.296296296296297
67277,4.587209302325581
70312,4.371428571428571
34746,4.15625
51209,4.163934426229508
102108,4.433333333333334
42110,4.6125
19902,3.9322033898305087
70764,4.705882352941177
71002,4.598214285714286
18947,4.379310344827586
87637,4.695652173913044
48985,4.185185185185185
8224,4.285714285714286
13574,4.333333333333333
78007,4.625
107290,4.358974358974359
66205,4.704433497536946
76731,4.608695652173913
40980,4.175438596491228
62432,4.5125
61400,4.627659574468085
102739,4.426229508196721
6157,4.352941176470588
71740,4.440677966101695
1148,4.633333333333334
28635,4.2368421052631575
86504,4.7727272727272725
14366,3.9285714285714284
76574,4.827338129496403
85873,4.540983606557377
9344,4.520833333333333
40484,4.75
51789,4.423076923076923
24547,4.275862068965517
80561,4.619047619047619
73715,4.205128205128205
32946,4.659574468085107
28557,4.84375
108183,4.565217391304348
37538,4.280575539568345
17214,4.474226804123711
43515,4.860294117647059
50256,4.149606299212598
58003,4.28125
53877,4.723404255319149
71862,4.412698412698413
74768,4.361111111111111
32253,4.457516339869281
26923,4.142857142857143
1759,4.09375
78632,4.456521739130435
86171,4.6976744186046515
81402,4.804878048780488
38448,4.244897959183674
87979,4.472527472527473
45671,4.581818181818182
73708,4.205128205128205
59067,4.712765957446808
77580,4.5
83012,4.8076923076923075
88887,4.653846153846154
45652,4.581818181818182
75501,4.423728813559322
43375,4.860294117647059
92131,4.875
86682,4.681818181818182
100766,4.086956521739131
87726,4.729166666666667
73203,4.398230088495575
38134,4.150943396226415
27459,4.574712643678161
30278,4.2727272727272725
75910,4.079365079365079
29816,4.155172413793103
102994,4.151515151515151
28408,4.285714285714286
28503,4.3061224489795915
5975,4.6875
81740,4.640718562874252
31303,4.503875968992248
89083,4.576923076923077
94621,4.25
108512,4.641025641025641
36256,4.535885167464115
65321,4.811320754716981
30035,4.402298850574713
90417,4.515151515151516
6351,4.181818181818182
78886,3.986666666666667
72593,4.831325301204819
96132,4.611111111111111
1365,4.5
92875,4.815789473684211
79863,4.435897435897436
71901,3.869565217391304
35264,4.728155339805825
86288,4.595238095238095
75635,4.32
84372,4.855421686746988
20846,4.14
58250,4.494623655913978
27824,4.5928571428571425
19144,4.818181818181818
20380,4.579787234042553
25564,4.760869565217392
7158,4.648148148148148
21209,4.4868421052631575
46521,4.440944881889764
99163,4.354838709677419
70422,4.338983050847458
16758,4.576923076923077
40770,4.8161764705882355
56096,4.525
28459,4.3061224489795915
19334,4.780487804878049
22566,4.660714285714286
96585,3.9344262295081966
78788,3.986666666666667
63518,4.7637795275590555
37389,4.4655172413793105
105493,4.655172413793103
979,4.333333333333333
86053,4.404040404040404
47132,4.3076923076923075
31398,4.503875968992248
60263,4.354838709677419
78098,4.625
23096,4.590909090909091
65574,4.647058823529412
40450,4.75
71588,4.693251533742331
22851,4.265822784810126
79335,4.446428571428571
88879,4.730769230769231
106193,4.440476190476191
66958,4.548387096774194
86887,4.571428571428571
31300,4.503875968992248
14045,4.769230769230769
86694,4.681818181818182
40111,4.275862068965517
37076,4.48051948051948
14096,4.752688172043011
50514,4.342105263157895
79183,4.83
52043,3.962962962962963
8970,4.673076923076923
74767,4.361111111111111
21368,4.27906976744186
70980,4.598214285714286
12148,4.317880794701987
62746,4.163265306122449
51342,4.506024096385542
34536,4.778688524590164
71240,4.56140350877193
15181,4.791666666666667
11346,4.264150943396227
21461,4.068965517241379
28109,4.3896103896103895
39430,4.846456692913386
62201,4.6
82524,4.8743169398907105
86475,4.7727272727272725
74539,4.787878787878788
98386,4.269230769230769
70419,4.338983050847458
29702,4.628205128205129
106577,4.483870967741935
70489,4.682926829268292
30321,4.260869565217392
102055,4.038461538461538
5378,4.821428571428571
48312,4.171428571428572
20767,4.719512195121951
65204,4.579439252336448
99783,4.623529411764705
33323,4.594594594594595
101272,4.035714285714286
100028,4.344827586206897
28294,4.589743589743589
83404,4.194444444444445
74536,4.787878787878788
41481,4.610921501706485
68780,4.704545454545454
84429,4.490566037735849
85160,4.3088235294117645
43862,4.6440677966101696
44115,4.602739726027397
76162,4.814285714285714
97434,4.56
20927,4.638888888888889
104131,4.666666666666667
104350,4.564102564102564
11789,4.46875
91880,4.468085106382978
41047,4.175438596491228
100219,4.764705882352941
92006,4.745454545454545
42026,4.6020408163265305
82727,4.433333333333334
23945,4.848314606741573
90127,4.346153846153846
90651,4.157894736842105
108345,4.610169491525424
95371,4.6571428571428575
6335,4.181818181818182
99759,4.623529411764705
104430,4.513513513513513
55913,4.375
61490,4.627659574468085
91126,4.517241379310345
97451,4.393939393939394
4559,4.514285714285714
108089,4.130434782608695
64020,4.230769230769231
11488,4.341772151898734
47439,4.302631578947368
7628,4.303030303030303
43426,4.860294117647059
43935,4.6440677966101696
2540,4.526315789473684
31067,4.388888888888889
92645,4.8
27777,4.5928571428571425
95755,3.96875
63744,4.348837209302325
8413,4.714285714285714
93000,4.459016393442623
49023,4.72
96844,4.826086956521739
64658,4.630434782608695
63665,4.7637795275590555
54053,4.0
17741,4.377358490566038
67132,4.297872340425532
520,4.464285714285714
74384,4.4125
85636,4.583333333333333
83102,4.1923076923076925
87285,4.518518518518518
50472,4.08
8676,4.684210526315789
1897,4.436842105263158
56596,4.102564102564102
53301,4.534883720930233
45726,4.581818181818182
106720,4.166666666666667
72101,4.27027027027027
17459,4.416666666666667
67286,4.587209302325581
97230,4.487804878048781
63044,4.597560975609756
60300,4.4
66463,4.704433497536946
56887,4.257142857142857
74318,4.4125
72377,4.633333333333334
95188,4.3023255813953485
100559,4.454545454545454
71418,4.693251533742331
44889,4.889655172413793
69144,4.626373626373627
68553,4.7317073170731705
38741,4.341269841269841
96912,4.0
87991,4.472527472527473
43739,4.1466666666666665
5342,4.111702127659575
71474,4.693251533742331
100907,4.578947368421052
77515,4.611940298507463
50745,4.545454545454546
28669,4.433333333333334
41589,4.610921501706485
21730,4.409090909090909
107767,4.689655172413793
76134,4.814285714285714
75680,4.583333333333333
23018,4.636363636363637
41721,4.610921501706485
28990,4.628865979381444
93444,4.233766233766234
77147,4.25
48658,4.419642857142857
50486,4.342105263157895
17475,4.416666666666667
64332,4.405172413793103
50369,4.149606299212598
22721,4.662650602409639
106626,4.523809523809524
20849,4.14
24608,4.0638297872340425
30787,4.28
87970,4.076923076923077
71913,3.869565217391304
76321,4.454545454545454
77711,4.611111111111111
106361,4.64
105972,4.323529411764706
87005,4.634146341463414
100929,4.578947368421052
78514,4.71830985915493
732,4.605263157894737
64005,3.9565217391304346
1956,4.436842105263158
103487,4.621621621621622
2992,4.8
60244,4.354838709677419
88051,4.472527472527473
46768,4.6525423728813555
11863,4.21875
80783,4.423076923076923
48481,4.419642857142857
42671,4.4646464646464645
98856,4.5
26677,4.661764705882353
72485,4.831325301204819
65254,4.579439252336448
108291,4.610169491525424
53220,4.534883720930233
1052,4.423076923076923
48323,4.171428571428572
9151,4.27027027027027
59229,4.346153846153846
33593,4.411764705882353
30818,4.28
18369,4.627906976744186
16277,4.60655737704918
76760,4.608695652173913
87279,4.162162162162162
47472,4.302631578947368
77312,4.86
80446,4.619047619047619
91908,4.468085106382978
37851,4.835164835164835
72366,4.633333333333334
56790,4.5
78533,4.71830985915493
75533,4.32
7391,4.591549295774648
59396,4.112903225806452
11751,4.46875
60079,4.516129032258065
28260,4.62
42567,4.504424778761062
2976,4.8
92655,4.8
68942,4.75
26511,4.601941747572815
54133,4.314285714285714
83484,4.433333333333334
53901,4.723404255319149
32259,4.457516339869281
38568,4.341269841269841
31580,4.560975609756097
60226,4.391304347826087
17289,4.463768115942029
92259,4.555555555555555
98523,4.685714285714286
106362,4.64
59013,4.16
34736,4.778688524590164
3732,4.285714285714286
49327,4.4324324324324325
34923,4.582608695652174
2585,4.526315789473684
54493,4.0
76296,4.454545454545454
44945,4.889655172413793
35483,4.7368421052631575
58543,4.438356164383562
50546,4.342105263157895
37093,4.48051948051948
97539,4.698630136986301
31141,4.388888888888889
52057,3.962962962962963
37139,4.018867924528302
104294,4.333333333333333
39121,4.664893617021277
51362,4.506024096385542
71831,4.412698412698413
73037,4.655172413793103
36439,4.535885167464115
8396,4.714285714285714
57285,4.622641509433962
95652,4.117647058823529
42640,4.4646464646464645
79870,4.435897435897436
101800,4.695652173913044
98685,4.328947368421052
8257,4.256410256410256
39385,4.846456692913386
59406,4.112903225806452
53750,4.398058252427185
105770,4.4
33832,4.62962962962963
107355,4.696969696969697
106574,4.483870967741935
65714,4.509090909090909
23893,4.848314606741573
92892,4.815789473684211
97022,4.173913043478261
38249,4.2809917355371905
21757,4.409090909090909
35056,4.582608695652174
57153,4.107692307692307
87175,4.269230769230769
98019,4.618181818181818
6688,4.530769230769231
10843,4.5054945054945055
73334,4.53125
102003,4.636363636363637
27702,4.5928571428571425
102037,4.363636363636363
22881,4.265822784810126
51731,4.651515151515151
65503,4.205882352941177
13407,4.142857142857143
11943,4.317880794701987
98385,4.269230769230769
57888,4.393939393939394
18026,4.613207547169812
1658,4.304347826086956
93495,4.233766233766234
102812,4.913043478260869
45752,4.581818181818182
38763,4.341269841269841
75477,4.423728813559322
13076,4.6
49697,4.439024390243903
103387,4.4423076923076925
94091,4.0
15204,4.346938775510204
18612,4.673267326732673
22782,4.662650602409639
104822,4.615384615384615
8361,4.714285714285714
27166,4.714285714285714
24719,4.382978723404255
72077,4.27027027027027
96948,4.0
2267,4.431578947368421
80997,4.391304347826087
15325,4.483606557377049
11256,4.585106382978723
88798,4.730769230769231
77730,4.611111111111111
42864,4.478260869565218
92324,4.730769230769231
83767,4.321428571428571
63097,4.534883720930233
95794,3.96875
2618,4.526315789473684
33020,4.631578947368421
88171,4.162162162162162
13687,4.333333333333333
102832,4.913043478260869
60795,4.333333333333333
23916,4.848314606741573
100555,4.454545454545454
40043,4.5
87370,4.518518518518518
107044,4.484848484848484
24333,4.379310344827586
104512,4.2407407407407405
89754,4.46969696969697
13647,4.333333333333333
55807,4.576923076923077
15410,4.483606557377049
81713,4.511627906976744
50885,4.545454545454546
54812,4.623376623376624
69887,4.333333333333333
20027,4.712765957446808
7591,4.72
20069,4.712765957446808
30037,4.402298850574713
64243,4.487804878048781
28618,4.2368421052631575
108036,4.130434782608695
45786,4.581818181818182
63714,4.348837209302325
6991,4.391304347826087
57828,4.204545454545454
82,4.58
102387,4.7368421052631575
67976,4.666666666666667
101471,4.333333333333333
46222,4.456310679611651
68788,4.704545454545454
100653,4.391304347826087
91436,4.484210526315789
103536,4.463414634146342
5394,4.821428571428571
64067,4.359375
42649,4.4646464646464645
72806,4.181818181818182
52611,4.478260869565218
66687,4.037037037037037
30960,4.28
31098,4.388888888888889
76160,4.814285714285714
269,4.389380530973451
16791,4.714285714285714
2397,4.673267326732673
97467,4.393939393939394
46074,4.666666666666667
53776,4.398058252427185
55837,4.2926829268292686
86275,4.595238095238095
13231,4.634146341463414
16089,4.5
35954,4.338983050847458
84750,4.575757575757576
44098,4.602739726027397
103077,4.260869565217392
47704,4.526315789473684
32288,4.457516339869281
50266,4.149606299212598
4256,4.423076923076923
44880,4.889655172413793
92996,4.566666666666666
13801,4.625
74476,4.787878787878788
15807,4.5
81688,4.511627906976744
108425,4.571428571428571
77373,4.305084745762712
106536,4.483870967741935
29795,4.628205128205129
19467,4.625
49813,4.476744186046512
5718,4.630434782608695
87373,4.518518518518518
40271,4.754385964912281
91162,4.56
48084,4.433333333333334
51564,4.506024096385542
53026,4.25
94538,4.6923076923076925
67739,4.416666666666667
29514,4.597402597402597
101962,4.636363636363637
38232,4.2809917355371905
33872,4.62962962962963
5226,4.111702127659575
11781,4.46875
12241,4.575
104577,4.538461538461538
105855,4.928571428571429
41188,4.525
93898,4.258064516129032
107087,4.583333333333333
9313,4.520833333333333
86690,4.681818181818182
43243,4.642487046632124
29408,4.5
97822,4.365853658536586
74733,4.361111111111111
101558,4.793103448275862
35636,4.7368421052631575
92466,4.36
40944,4.8161764705882355
26724,4.661764705882353
40521,4.75
99810,4.623529411764705
32130,4.303030303030303
45224,4.084745762711864
64799,4.512195121951219
1457,4.5
42797,4.478260869565218
52046,3.962962962962963
72063,4.27027027027027
83347,4.371428571428571
70216,4.538461538461538
32777,4.318181818181818
39480,4.846456692913386
52759,3.9038461538461537
90958,4.471698113207547
79177,4.83
63287,3.979591836734694
55323,4.632911392405063
91840,4.705882352941177
59313,4.6395348837209305
2784,4.557142857142857
69700,4.653846153846154
72759,4.181818181818182
38487,4.244897959183674
106875,4.416666666666667
36704,4.333333333333333
104331,4.564102564102564
83840,4.662650602409639
11427,4.528301886792453
101883,4.3125
70258,4.538461538461538
77835,4.472222222222222
25272,4.625
38217,4.2809917355371905
89646,4.571428571428571
48436,4.090909090909091
6545,4.478260869565218
8956,4.673076923076923
9803,4.68141592920354
7328,4.591549295774648
54396,3.4242424242424243
67887,4.541666666666667
27252,4.516129032258065
1007,4.333333333333333
54175,4.379310344827586
60486,4.4186046511627906
86824,4.857142857142857
75771,4.285714285714286
42657,4.4646464646464645
2787,4.557142857142857
64169,4.359375
28493,4.3061224489795915
39204,4.684210526315789
40698,4.26
100467,4.454545454545454
56871,4.5
15650,4.757575757575758
36834,4.7105263157894735
93780,4.310344827586207
55156,4.466666666666667
2387,4.673267326732673
83808,4.662650602409639
69202,4.16
65136,4.579439252336448
24026,4.848314606741573
17690,4.6
5644,4.630434782608695
44480,4.497607655502392
38368,4.2809917355371905
74556,4.787878787878788
62503,4.130434782608695
56349,4.476923076923077
80191,4.5675675675675675
49827,4.476744186046512
9687,4.714285714285714
14987,4.329670329670329
35507,4.7368421052631575
14447,4.704545454545454
93869,4.258064516129032
24292,4.442622950819672
107923,4.590909090909091
41679,4.610921501706485
100463,4.454545454545454
22020,4.621621621621622
100794,4.732142857142857
51323,4.506024096385542
23579,4.78974358974359
62675,4.488888888888889
79156,4.83
11580,4.341772151898734
68247,4.3776223776223775
40437,4.75
25562,4.760869565217392
59139,4.712765957446808
3550,4.444444444444445
1820,4.67741935483871
80072,4.666666666666667
53739,4.398058252427185
105902,4.862068965517241
45618,3.9
62755,4.163265306122449
30453,4.754310344827586
76662,4.491525423728813
83411,4.194444444444445
68377,4.3776223776223775
24687,4.382978723404255
46381,4.440944881889764
27617,4.574712643678161
27762,4.5928571428571425
12855,4.580357142857143
8995,4.673076923076923
51638,4.651515151515151
1292,4.5
11664,4.730769230769231
9608,4.619047619047619
40452,4.75
92500,4.564102564102564
85109,4.739726027397261
8828,4.3858267716535435
51627,4.651515151515151
63758,4.348837209302325
96827,4.826086956521739
63250,3.979591836734694
22568,4.660714285714286
37264,4.6
13661,4.333333333333333
44013,4.1875
58263,4.494623655913978
57842,4.204545454545454
105612,4.23404255319149
21754,4.409090909090909
43436,4.860294117647059
12724,4.571428571428571
56641,4.102564102564102
97526,4.698630136986301
70045,4.663461538461538
102550,4.684684684684685
65101,4.468085106382978
31456,4.439024390243903
102837,4.913043478260869
96294,4.324324324324325
93572,4.586206896551724
70534,4.6
2608,4.526315789473684
67100,4.297872340425532
91092,4.7272727272727275
31134,4.388888888888889
31426,4.439024390243903
45092,4.889655172413793
70879,4.225806451612903
39483,4.846456692913386
83690,4.627450980392157
33893,4.62962962962963
91287,4.314285714285714
11841,4.21875
54686,4.416666666666667
101983,4.636363636363637
75618,4.32
68400,4.3776223776223775
53799,4.398058252427185
5360,4.821428571428571
13736,4.333333333333333
46999,4.59375
56442,3.71875
17676,4.6
35762,4.338983050847458
44152,4.602739726027397
1593,4.673076923076923
105257,4.8125
67883,4.46969696969697
19525,4.72
19051,4.767441860465116
95300,4.454545454545454
67102,4.297872340425532
47671,4.526315789473684
60501,4.630769230769231
103615,4.530612244897959
88591,4.818181818181818
65671,4.509090909090909
63079,4.597560975609756
31878,4.619047619047619
18780,4.575757575757576
96729,4.3
15997,3.9615384615384617
47587,4.704918032786885
79627,4.2926829268292686
6135,4.352941176470588
106520,4.193548387096774
68921,4.75
90644,4.157894736842105
45607,3.9
83970,4.4411764705882355
84749,4.575757575757576
6337,4.181818181818182
54308,4.594594594594595
26367,4.678571428571429
100596,4.454545454545454
102392,4.7368421052631575
22675,4.662650602409639
36880,4.7105263157894735
85272,4.868421052631579
72073,4.27027027027027
27288,4.53125
71709,4.440677966101695
107813,4.576923076923077
68732,4.444444444444445
34690,4.778688524590164
1655,4.304347826086956
68105,4.590909090909091
79737,4.340909090909091
87928,4.738095238095238
44049,4.602739726027397
84449,4.490566037735849
104847,4.844444444444444
88545,4.679245283018868
20400,4.579787234042553
104108,4.628571428571429
1796,4.67741935483871
33758,4.62962962962963
104647,4.205128205128205
101346,4.681818181818182
68274,4.3776223776223775
40143,4.357142857142857
75515,4.32
19519,4.72
30436,4.754310344827586
99550,4.166666666666667
78731,4.64
28866,4.628865979381444
100045,4.0
25406,4.586666666666667
96359,4.351351351351352
101733,4.608695652173913
6596,4.530769230769231
42513,4.504424778761062
103264,3.5217391304347827
61642,4.714285714285714
35445,4.479166666666667
14054,4.769230769230769
99071,4.712121212121212
63355,4.58
46695,4.637362637362638
102806,4.913043478260869
42718,4.4646464646464645
1109,4.214285714285714
20685,4.719512195121951
107678,4.826086956521739
7452,3.92
65366,4.811320754716981
58918,4.52760736196319
106726,4.166666666666667
68031,4.357142857142857
56539,4.720588235294118
26339,4.366666666666666
103583,4.530612244897959
102845,4.485714285714286
17552,4.482758620689655
32109,4.303030303030303
99360,4.6415094339622645
7914,4.743243243243243
27121,4.576923076923077
9858,4.68141592920354
87823,4.621621621621622
4526,4.102941176470588
27984,4.846153846153846
29944,4.402298850574713
94426,4.114285714285714
27608,4.574712643678161
69489,4.357142857142857
66494,4.704433497536946
87836,4.621621621621622
89984,4.717391304347826
52129,4.285714285714286
69348,4.565217391304348
88356,4.67741935483871
86282,4.595238095238095
64031,4.230769230769231
68434,4.363636363636363
103675,4.27027027027027
71630,4.113636363636363
69180,4.626373626373627
36807,4.7105263157894735
38101,4.150943396226415
92717,4.724137931034483
14514,3.953488372093023
71910,3.869565217391304
21025,4.7
69656,4.653846153846154
66,4.58
99772,4.623529411764705
88183,4.162162162162162
65781,4.121621621621622
104671,4.205128205128205
92511,4.564102564102564
49596,4.457142857142857
5884,4.6875
85750,4.71875
34366,4.7105263157894735
9441,4.363636363636363
56683,3.98
56557,4.720588235294118
15760,4.111111111111111
47277,4.3076923076923075
12631,4.544303797468355
3542,4.444444444444445
20104,4.712765957446808
105761,4.4
25910,4.77027027027027
10401,4.483870967741935
97061,4.466666666666667
7450,3.92
22133,4.350877192982456
102125,4.433333333333334
88961,4.609756097560975
49661,4.439024390243903
43574,4.586206896551724
76396,4.827338129496403
77425,4.305084745762712
7978,4.544303797468355
106877,4.416666666666667
105058,4.076923076923077
107475,4.666666666666667
10086,4.607142857142857
95910,4.283018867924528
98517,4.685714285714286
99385,4.6415094339622645
74116,4.785714285714286
105153,3.9166666666666665
85069,4.739726027397261
81166,4.631578947368421
35905,4.338983050847458
33848,4.62962962962963
30432,4.754310344827586
93931,4.586206896551724
29827,4.155172413793103
2093,4.436842105263158
47544,4.704918032786885
52985,4.25
88586,4.818181818181818
6878,4.391304347826087
2074,4.436842105263158
49259,4.469565217391304
71067,4.598214285714286
3057,4.913043478260869
4620,4.5701754385964914
100301,4.0
50140,4.583333333333333
75648,4.583333333333333
64870,4.300970873786408
8191,4.285714285714286
83952,4.6923076923076925
95129,4.3023255813953485
1713,4.304347826086956
98120,4.32
15455,4.483606557377049
107583,4.575757575757576
42931,4.5675675675675675
54128,4.314285714285714
52978,4.25
100291,4.0
59836,4.529411764705882
7606,4.303030303030303
34541,4.778688524590164
63263,3.979591836734694
47036,4.32
52896,4.46
76183,4.814285714285714
91861,4.705882352941177
62913,4.333333333333333
89521,4.589285714285714
101147,4.304347826086956
98302,4.12
21324,4.27906976744186
38422,4.244897959183674
23263,4.4739336492890995
37960,4.6938775510204085
44561,4.575418994413408
82191,4.583333333333333
51320,4.506024096385542
90707,4.6923076923076925
37309,4.6
83259,4.657894736842105
69051,4.626373626373627
68610,4.7317073170731705
30963,4.62
63379,4.58
88489,4.679245283018868
16954,4.588235294117647
77655,4.5
100850,4.732142857142857
25991,4.621848739495798
107048,4.484848484848484
85185,4.3088235294117645
94259,4.606060606060606
8898,4.3858267716535435
63027,4.597560975609756
76044,4.079365079365079
38687,4.341269841269841
93648,4.733333333333333
26293,4.366666666666666
63009,4.597560975609756
38059,4.6938775510204085
47360,4.081967213114754
108523,4.641025641025641
41446,4.610921501706485
33141,4.348837209302325
15995,3.9615384615384617
16822,4.492957746478873
34339,4.317460317460317
17548,4.482758620689655
59062,4.712765957446808
4771,4.5701754385964914
104056,4.16
15366,4.483606557377049
91445,4.484210526315789
61763,4.236363636363636
84859,4.660377358490566
69381,4.565217391304348
104562,4.538461538461538
81705,4.511627906976744
101051,4.388888888888889
5053,4.111702127659575
8895,4.3858267716535435
29572,4.444444444444445
28276,4.62
101678,4.608695652173913
83949,4.6923076923076925
23328,4.4739336492890995
30810,4.28
101316,4.642857142857143
81587,4.413333333333333
95457,4.153846153846154
54008,4.833333333333333
99928,4.4324324324324325
85269,4.868421052631579
20524,4.579787234042553
86810,4.4411764705882355
76221,4.212121212121212
18637,4.673267326732673
93188,4.48
26733,4.661764705882353
56568,4.720588235294118
46457,4.440944881889764
55987,4.327272727272727
102627,4.684684684684685
66789,4.205128205128205
3935,4.827586206896552
72885,4.4603174603174605
23146,4.590909090909091
5279,4.111702127659575
73065,4.655172413793103
58089,4.310344827586207
98694,4.328947368421052
29894,4.155172413793103
57012,4.107692307692307
51250,4.163934426229508
36717,4.7105263157894735
8952,4.673076923076923
8015,4.544303797468355
7524,4.32258064516129
95957,3.923076923076923
98495,4.775
92778,4.666666666666667
89592,4.589285714285714
5423,4.821428571428571
75558,4.32
62075,4.71875
59158,4.712765957446808
34247,4.5588235294117645
84331,4.855421686746988
89260,4.857142857142857
52503,3.951219512195122
11585,4.341772151898734
60534,4.630769230769231
38454,4.244897959183674
60411,4.684210526315789
42136,4.6125
65496,4.6875
8914,4.3858267716535435
48914,3.8095238095238093
104578,4.538461538461538
17209,4.474226804123711
3066,4.913043478260869
79929,4.310344827586207
84760,4.575757575757576
16721,4.576923076923077
107802,4.576923076923077
38189,4.2809917355371905
7118,4.552238805970149
60786,4.333333333333333
60565,4.630769230769231
22007,4.621621621621622
93115,4.48
103694,4.27027027027027
91174,4.56
6958,4.391304347826087
20844,4.14
106102,4.440476190476191
8833,4.3858267716535435
8083,4.544303797468355
50338,4.149606299212598
96010,3.923076923076923
11329,4.264150943396227
51747,4.461538461538462
107819,4.6521739130434785
32606,4.741007194244604
18139,4.613207547169812
108616,4.844444444444444
67144,4.297872340425532
73719,4.205128205128205
77374,4.305084745762712
26500,4.601941747572815
48259,4.621951219512195
66819,4.205128205128205
84968,3.652173913043478
96876,4.56
28892,4.628865979381444
71522,4.693251533742331
13262,4.64
4134,4.636363636363637
34094,4.345864661654136
58735,4.52760736196319
100759,4.086956521739131
22200,4.805555555555555
103873,4.32
39647,4.846456692913386
6713,4.530769230769231
99799,4.623529411764705
70570,4.6
69668,4.653846153846154
73890,4.384615384615385
76712,4.608695652173913
49485,4.1875
12649,4.544303797468355
19710,4.711538461538462
32810,4.534883720930233
77514,4.611940298507463
53872,4.723404255319149
36393,4.535885167464115
12071,4.317880794701987
72771,4.181818181818182
92383,4.490566037735849
4738,4.5701754385964914
52717,3.9038461538461537
23867,4.78974358974359
77390,4.305084745762712
88738,4.780487804878049
18255,4.613207547169812
90322,4.53125
20575,4.579787234042553
48319,4.171428571428572
79855,4.435897435897436
54294,4.271186440677966
60142,4.52
53310,4.534883720930233
36450,4.535885167464115
88118,4.472527472527473
28860,4.628865979381444
18108,4.613207547169812
91641,4.507692307692308
65082,4.468085106382978
50082,4.405405405405405
86926,4.571428571428571
4492,4.102941176470588
628,4.442622950819672
78942,4.449275362318841
66276,4.704433497536946
66229,4.704433497536946
84043,4.625
34517,4.758620689655173
14535,3.953488372093023
35596,4.7368421052631575
7046,4.552238805970149
56488,4.720588235294118
50491,4.342105263157895
17136,4.474226804123711
18913,4.379310344827586
66121,4.666666666666667
82322,4.8743169398907105
26916,4.142857142857143
37791,4.835164835164835
71156,4.598214285714286
51516,4.506024096385542
21527,4.068965517241379
95987,3.923076923076923
37758,4.835164835164835
37204,4.018867924528302
90303,4.53125
76932,4.621621621621622
25686,4.793103448275862
73779,4.384615384615385
5397,4.821428571428571
53542,4.4423076923076925
87371,4.518518518518518
31851,4.619047619047619
56089,4.525
24930,4.5625
40715,4.26
17040,4.588235294117647
61197,4.616279069767442
30647,4.754310344827586
53579,4.520833333333333
51316,4.506024096385542
95493,4.153846153846154
41480,4.610921501706485
52979,4.25
81130,4.631578947368421
22858,4.265822784810126
43136,4.642487046632124
9214,4.5
34217,4.5588235294117645
43691,4.1466666666666665
17074,4.588235294117647
63728,4.348837209302325
66137,4.666666666666667
48714,4.35
81320,4.541666666666667
102029,4.363636363636363
10611,4.462264150943396
18557,4.773584905660377
72475,4.615384615384615
14539,3.953488372093023
39300,4.846456692913386
46229,4.456310679611651
100032,4.344827586206897
64141,4.359375
80471,4.619047619047619
22191,4.805555555555555
25276,4.625
42966,4.5675675675675675
44775,4.575418994413408
63955,4.415094339622642
89585,4.589285714285714
43545,4.860294117647059
85742,4.71875
22157,4.805555555555555
63412,3.9555555555555557
79946,4.310344827586207
34344,4.317460317460317
6232,4.440677966101695
39928,4.483870967741935
38016,4.6938775510204085
35051,4.582608695652174
21579,4.297872340425532
3608,4.444444444444445
88968,4.609756097560975
9437,4.363636363636363
81711,4.511627906976744
35065,4.582608695652174
32597,4.741007194244604
67898,4.541666666666667
82077,4.6
98326,4.083333333333333
21492,4.068965517241379
104141,4.666666666666667
101593,4.793103448275862
73278,4.398230088495575
28379,4.285714285714286
70000,4.663461538461538
62761,4.163265306122449
80347,4.60655737704918
97600,4.698630136986301
22749,4.662650602409639
30972,4.62
4975,4.651162790697675
29099,4.628865979381444
44111,4.602739726027397
3265,4.176470588235294
24612,4.0638297872340425
67192,4.587209302325581
3501,4.521739130434782
23959,4.848314606741573
30299,4.260869565217392
78152,4.619047619047619
42889,4.448275862068965
53934,4.723404255319149
41727,4.610921501706485
15179,4.791666666666667
47088,4.32
15144,4.782608695652174
89795,4.43859649122807
44168,4.497607655502392
80960,4.628571428571429
107002,4.4772727272727275
18064,4.613207547169812
52306,4.266666666666667
2151,4.436842105263158
10097,4.541666666666667
76983,4.621621621621622
91100,4.517241379310345
1041,4.423076923076923
16088,4.5
36757,4.7105263157894735
24731,4.382978723404255
2763,4.557142857142857
97799,4.365853658536586
16555,4.7368421052631575
97594,4.698630136986301
23117,4.590909090909091
86333,4.568181818181818
63166,4.534883720930233
62821,3.9272727272727272
75718,4.583333333333333
58584,4.386363636363637
87805,4.621621621621622
54526,4.0
100186,4.571428571428571
62250,4.6
50993,4.4375
73745,4.214285714285714
5371,4.821428571428571
97801,4.365853658536586
70723,4.705882352941177
82350,4.8743169398907105
104877,4.844444444444444
25771,4.92
17641,4.6
47402,4.081967213114754
68322,4.3776223776223775
7880,4.743243243243243
71609,4.113636363636363
17546,4.482758620689655
102978,4.68
72391,4.615384615384615
63936,4.415094339622642
78853,3.986666666666667
1629,4.673076923076923
46028,4.666666666666667
25786,4.92
32251,4.457516339869281
84409,4.490566037735849
23895,4.848314606741573
96944,4.0
39071,4.664893617021277
10837,4.5054945054945055
79060,4.6923076923076925
17501,4.416666666666667
39616,4.846456692913386
64513,4.0344827586206895
81942,4.640718562874252
36631,4.25
82720,4.433333333333334
3040,4.8
86886,4.571428571428571
107448,4.666666666666667
82578,4.642857142857143
82555,4.642857142857143
15992,3.9615384615384617
106007,4.848484848484849
860,4.189473684210526
90262,4.371428571428571
56905,4.257142857142857
107023,4.484848484848484
92538,4.564102564102564
42476,4.504424778761062
53083,4.066666666666666
32103,4.303030303030303
92233,4.536585365853658
75043,4.534883720930233
29838,4.155172413793103
60134,4.52
72661,4.531914893617022
67381,4.587209302325581
64623,4.257142857142857
22658,4.517241379310345
46002,4.666666666666667
57859,4.204545454545454
83448,4.411764705882353
8967,4.673076923076923
52395,4.645833333333333
11956,4.317880794701987
108503,4.641025641025641
80220,4.60655737704918
84248,4.855421686746988
61848,4.464285714285714
52285,4.459016393442623
54859,4.411764705882353
3885,4.827586206896552
48393,4.171428571428572
17577,4.857142857142857
61031,4.541284403669724
34575,4.778688524590164
27199,4.714285714285714
16100,4.5
36987,4.48051948051948
69061,4.626373626373627
34388,4.7105263157894735
40814,4.8161764705882355
35194,4.728155339805825
47634,4.704918032786885
33697,4.442622950819672
103266,3.5217391304347827
98204,4.12
28014,4.3896103896103895
8862,4.3858267716535435
66368,4.704433497536946
28708,4.433333333333334
31393,4.503875968992248
95643,4.117647058823529
16074,4.333333333333333
36541,4.535885167464115
64043,4.230769230769231
67964,4.666666666666667
92337,4.730769230769231
1191,4.633333333333334
12536,3.8333333333333335
99666,4.541666666666667
2535,4.526315789473684
69037,4.626373626373627
41790,4.6020408163265305
32627,4.741007194244604
64629,4.630434782608695
79979,4.666666666666667
94666,4.269230769230769
74996,4.375
72238,4.414634146341464
40761,4.8161764705882355
86043,4.404040404040404
103566,4.463414634146342
93297,4.758620689655173
74860,4.341463414634147
24903,4.5625
4948,4.651162790697675
22273,4.717948717948718
91730,4.951219512195122
50661,4.545454545454546
50454,4.08
54252,4.271186440677966
12237,4.575
25681,4.793103448275862
59386,4.6395348837209305
13488,4.861538461538461
12423,4.368421052631579
78235,4.619047619047619
105290,4.541666666666667
58091,4.310344827586207
107388,4.696969696969697
57423,4.53125
96839,4.826086956521739
103842,4.27906976744186
103933,4.933333333333334
33568,4.411764705882353
27501,4.574712643678161
18867,4.379310344827586
19964,3.9322033898305087
27605,4.574712643678161
55506,4.632911392405063
53445,4.4423076923076925
3138,4.075
104196,4.425
78171,4.619047619047619
24164,4.848314606741573
27096,4.324324324324325
33551,4.411764705882353
88433,4.59375
49980,4.102564102564102
53218,4.534883720930233
75556,4.32
87447,4.3076923076923075
106322,4.689655172413793
95836,4.166666666666667
18488,4.773584905660377
59760,4.25
85361,4.4
84683,4.72
64405,4.405172413793103
28345,4.589743589743589
90455,4.666666666666667
25959,4.621848739495798
86725,4.583333333333333
93957,4.586206896551724
59505,3.8214285714285716
10013,4.607142857142857
103767,4.375
107629,4.575757575757576
45107,4.3076923076923075
84519,4.518518518518518
9742,4.68141592920354
49849,4.476744186046512
41822,4.6020408163265305
689,4.442622950819672
9580,4.619047619047619
24942,4.5625
19174,4.318181818181818
16588,4.475
744,4.605263157894737
68277,4.3776223776223775
102310,4.384615384615385
66032,4.625
104035,4.16
78608,4.456521739130435
97659,4.391304347826087
3593,4.444444444444445
65775,4.411764705882353
32917,4.659574468085107
105633,4.23404255319149
49559,4.4324324324324325
4263,4.423076923076923
62465,4.5125
14258,4.923076923076923
30762,4.754310344827586
47307,4.081967213114754
45538,4.435897435897436
94262,4.606060606060606
26399,4.7
5536,4.486111111111111
60194,4.391304347826087
26845,4.475
48755,3.7142857142857144
45453,4.707964601769912
56075,4.525
54604,4.365853658536586
99636,4.535714285714286
57531,4.56
50302,4.149606299212598
15206,4.346938775510204
27818,4.5928571428571425
95825,4.166666666666667
70725,4.705882352941177
40613,4.654545454545454
85412,4.617647058823529
1840,4.67741935483871
41203,4.525
73370,4.53125
102241,4.166666666666667
11291,4.585106382978723
40359,4.754385964912281
106795,4.702702702702703
55619,4.6521739130434785
32245,4.457516339869281
52775,3.9038461538461537
44444,4.497607655502392
102816,4.913043478260869
20458,4.579787234042553
4596,4.5701754385964914
17723,4.6
70625,4.622641509433962
100,4.58
9449,4.363636363636363
53642,4.043478260869565
39362,4.846456692913386
67202,4.587209302325581
68821,4.309523809523809
43670,4.1466666666666665
63499,4.7637795275590555
62240,4.6
84100,4.296296296296297
99933,4.4324324324324325
51334,4.506024096385542
97455,4.393939393939394
108509,4.641025641025641
33614,4.411764705882353
50102,4.405405405405405
103516,4.463414634146342
25340,4.806451612903226
2153,4.436842105263158
41214,4.525
52906,4.46
97189,4.487804878048781
76605,4.491525423728813
95875,4.283018867924528
82969,4.393939393939394
73431,4.553719008264463
43182,4.642487046632124
71569,4.693251533742331
18012,4.613207547169812
108038,4.130434782608695
14055,4.769230769230769
66833,4.205128205128205
88376,4.375
56419,3.71875
25923,4.77027027027027
24420,4.54
61002,4.541284403669724
9761,4.68141592920354
96025,4.4324324324324325
90980,4.476190476190476
63167,4.534883720930233
56294,4.476923076923077
71439,4.693251533742331
44156,4.497607655502392
87045,4.634146341463414
19913,3.9322033898305087
75314,4.580645161290323
83182,4.529411764705882
21914,4.739130434782608
46394,4.440944881889764
99686,4.623529411764705
29469,4.597402597402597
51053,4.4375
69104,4.626373626373627
91042,4.476190476190476
1520,4.5
22025,4.621621621621622
98721,4.328947368421052
14019,4.222222222222222
97372,4.068965517241379
45095,4.889655172413793
52077,4.285714285714286
76763,4.608695652173913
80151,4.5675675675675675
100327,4.419354838709677
20149,4.712765957446808
40273,4.754385964912281
73893,4.384615384615385
58538,4.438356164383562
85430,4.617647058823529
86062,4.404040404040404
76892,4.546511627906977
77058,4.717948717948718
67324,4.587209302325581
69890,4.333333333333333
24151,4.848314606741573
82373,4.8743169398907105
3445,4.521739130434782
69378,4.565217391304348
35934,4.338983050847458
13729,4.333333333333333
106050,4.440476190476191
65272,4.579439252336448
24017,4.848314606741573
58537,4.438356164383562
8179,4.0
55929,4.375
39648,4.846456692913386
766,4.605263157894737
81934,4.640718562874252
65601,4.647058823529412
67265,4.587209302325581
40487,4.75
11422,4.528301886792453
16953,4.588235294117647
46569,4.440944881889764
78801,3.986666666666667
42475,4.504424778761062
11309,4.264150943396227
8120,4.0
24394,4.379310344827586
104508,4.2407407407407405
101371,4.42
104438,4.513513513513513
43036,4.642487046632124
7799,4.743243243243243
106836,4.291666666666667
1647,4.673076923076923
52320,4.266666666666667
103019,4.151515151515151
99069,4.712121212121212
35779,4.338983050847458
18460,4.773584905660377
31760,4.619047619047619
15757,4.111111111111111
100354,4.419354838709677
53505,4.4423076923076925
108518,4.641025641025641
16910,4.492957746478873
57817,4.204545454545454
80342,4.60655737704918
46843,4.6525423728813555
38982,4.664893617021277
87785,4.729166666666667
40262,4.754385964912281
7721,4.743243243243243
30469,4.754310344827586
62554,4.530612244897959
20094,4.712765957446808
72537,4.831325301204819
84214,4.739130434782608
27455,4.574712643678161
85951,4.404040404040404
10503,4.462264150943396
16842,4.492957746478873
23523,4.78974358974359
82893,4.422535211267606
56741,3.98
27,4.333333333333333
103444,4.607142857142857
108449,4.791666666666667
68710,4.444444444444445
71218,4.56140350877193
65182,4.579439252336448
537,4.647058823529412
57104,4.107692307692307
83043,4.636363636363637
29900,4.155172413793103
101842,4.3125
62807,4.163265306122449
7269,4.648148148148148
11869,4.21875
19141,4.818181818181818
42578,4.4646464646464645
29376,4.5
101285,4.642857142857143
23355,4.4739336492890995
106254,4.452830188679245
20365,4.579787234042553
30215,4.233333333333333
63934,4.415094339622642
32962,4.631578947368421
48137,4.621951219512195
81882,4.640718562874252
27500,4.574712643678161
79558,4.571428571428571
90066,4.657894736842105
96377,4.351351351351352
38234,4.2809917355371905
101870,4.3125
100135,4.571428571428571
14252,4.923076923076923
57301,4.622641509433962
42183,4.6125
81460,4.804878048780488
92301,4.730769230769231
65260,4.579439252336448
33113,4.348837209302325
18872,4.379310344827586
68444,4.363636363636363
75816,4.225806451612903
63779,4.348837209302325
52415,4.645833333333333
81749,4.640718562874252
73589,4.553719008264463
3436,4.521739130434782
56041,4.525
977,4.333333333333333
29722,4.628205128205129
67569,4.0588235294117645
98968,4.0
70108,4.663461538461538
81476,4.551724137931035
323,4.389380530973451
53710,4.398058252427185
31036,4.62
21536,4.068965517241379
70141,4.663461538461538
33336,4.594594594594595
10655,4.443298969072165
101250,4.035714285714286
91955,4.468085106382978
21194,4.4868421052631575
84855,4.660377358490566
79174,4.83
57471,3.8620689655172415
106325,4.689655172413793
86806,4.4411764705882355
84913,4.783783783783784
76375,4.827338129496403
58062,4.310344827586207
76300,4.454545454545454
106028,4.848484848484849
47282,4.3076923076923075
24239,4.442622950819672
81305,4.541666666666667
32827,4.534883720930233
102729,4.426229508196721
83903,4.662650602409639
91595,4.507692307692308
89294,4.857142857142857
84898,4.783783783783784
6449,4.280701754385965
87284,4.162162162162162
32171,4.303030303030303
37836,4.835164835164835
9031,4.673076923076923
40905,4.8161764705882355
20873,4.14
10865,4.5054945054945055
42597,4.4646464646464645
36190,4.428571428571429
31259,4.503875968992248
68760,4.704545454545454
513,4.464285714285714
64335,4.405172413793103
50221,4.149606299212598
2516,4.673267326732673
4755,4.5701754385964914
95630,4.117647058823529
104282,4.333333333333333
33229,4.6
52571,3.951219512195122
9536,4.7407407407407405
72536,4.831325301204819
15518,3.9361702127659575
107236,3.75
25869,4.77027027027027
88154,4.162162162162162
63925,4.415094339622642
84534,4.453125
106521,4.193548387096774
78169,4.619047619047619
32874,4.659574468085107
70718,4.705882352941177
7941,4.743243243243243
45230,4.084745762711864
66515,4.704433497536946
70443,4.682926829268292
87491,4.3076923076923075
78693,4.375
48615,4.419642857142857
2107,4.436842105263158
85505,4.617647058823529
85921,4.404040404040404
103671,4.27027027027027
58332,4.494623655913978
64697,4.630434782608695
28795,4.433333333333334
74794,4.361111111111111
96464,4.4
68682,4.7317073170731705
56922,4.257142857142857
106209,4.452830188679245
42274,4.6125
36578,4.535885167464115
99176,4.354838709677419
64889,4.300970873786408
8153,4.0
27769,4.5928571428571425
65148,4.579439252336448
76172,4.814285714285714
69935,4.419354838709677
102276,4.166666666666667
11306,4.264150943396227
101580,4.793103448275862
17306,4.463768115942029
73759,4.214285714285714
92736,4.724137931034483
52969,4.25
64436,4.405172413793103
42980,4.5675675675675675
33236,4.6
21706,4.433962264150943
74013,4.391304347826087
65623,4.509090909090909
23863,4.78974358974359
91701,4.951219512195122
9870,4.68141592920354
98329,4.083333333333333
64309,4.405172413793103
108338,4.610169491525424
77080,4.717948717948718
11003,4.4222222222222225
88647,4.818181818181818
20186,4.712765957446808
19252,4.318181818181818
80108,4.5675675675675675
61534,4.487804878048781
82670,4.423076923076923
79407,4.5
85798,4.5588235294117645
74091,4.785714285714286
68859,4.309523809523809
63141,4.534883720930233
47622,4.704918032786885
73832,4.384615384615385
47494,4.302631578947368
63261,3.979591836734694
94935,4.628571428571429
14946,4.329670329670329
95016,4.535211267605634
17238,4.474226804123711
99842,4.375
92453,4.36
35169,4.728155339805825
91954,4.468085106382978
74111,4.785714285714286
41548,4.610921501706485
44944,4.889655172413793
31928,4.303030303030303
32411,4.457516339869281
43061,4.642487046632124
21204,4.4868421052631575
8668,4.684210526315789
31533,4.439024390243903
40324,4.754385964912281
100614,4.518518518518518
68293,4.3776223776223775
17105,4.474226804123711
5119,4.111702127659575
28279,4.62
104522,4.2407407407407405
57756,4.848484848484849
106151,4.440476190476191
36814,4.7105263157894735
13475,4.861538461538461
5570,4.486111111111111
95079,4.172413793103448
18687,4.673267326732673
8670,4.684210526315789
55699,3.891891891891892
1764,4.09375
22013,4.621621621621622
90226,4.371428571428571
65375,4.811320754716981
101565,4.793103448275862
78866,3.986666666666667
33482,4.35
52232,4.459016393442623
18583,4.773584905660377
62642,4.391304347826087
80055,4.666666666666667
30194,4.233333333333333
36142,4.62962962962963
47663,4.526315789473684
73934,4.384615384615385
106389,4.64
79572,4.571428571428571
65356,4.811320754716981
94556,4.6923076923076925
44830,4.575418994413408
83609,4.684210526315789
29121,4.628865979381444
36295,4.535885167464115
96115,4.611111111111111
43968,4.1875
87891,4.738095238095238
1669,4.304347826086956
47075,4.32
107109,4.583333333333333
103087,4.414634146341464
84601,4.453125
28427,4.285714285714286
79636,4.2926829268292686
5212,4.111702127659575
74341,4.4125
37263,4.6
95379,4.6571428571428575
55743,3.6129032258064515
82484,4.8743169398907105
29769,4.628205128205129
88857,4.730769230769231
72376,4.633333333333334
95472,4.153846153846154
10806,4.443298969072165
87450,4.3076923076923075
77571,4.5
33575,4.411764705882353
105560,4.384615384615385
76573,4.827338129496403
12415,4.368421052631579
84147,4.604651162790698
85926,4.404040404040404
8987,4.673076923076923
62210,4.6
25981,4.621848739495798
9384,4.34375
2007,4.436842105263158
28999,4.628865979381444
48445,4.090909090909091
103251,4.096774193548387
97854,4.245283018867925
1350,4.5
21590,4.297872340425532
74774,4.361111111111111
67409,4.587209302325581
41829,4.6020408163265305
92780,4.666666666666667
72601,4.831325301204819
103107,4.414634146341464
46337,4.456310679611651
3992,4.73469387755102
27331,4.53125
75573,4.32
7901,4.743243243243243
94513,4.461538461538462
28530,4.84375
11240,4.585106382978723
98654,4.328947368421052
11293,4.585106382978723
32669,4.741007194244604
53142,4.621212121212121
35560,4.7368421052631575
27146,4.576923076923077
13329,4.821428571428571
7783,4.743243243243243
74606,4.52
43844,4.6440677966101696
59366,4.6395348837209305
44400,4.497607655502392
33081,4.631578947368421
69945,4.419354838709677
103101,4.414634146341464
8329,4.541666666666667
32281,4.457516339869281
51423,4.506024096385542
83503,4.433333333333334
68033,4.357142857142857
4955,4.651162790697675
9340,4.520833333333333
60266,4.354838709677419
18624,4.673267326732673
54682,4.416666666666667
55112,4.466666666666667
100949,4.578947368421052
72286,4.571428571428571
7523,4.32258064516129
6163,4.352941176470588
21227,4.586206896551724
6761,4.530769230769231
103544,4.463414634146342
90497,4.666666666666667
75336,4.580645161290323
39247,4.684210526315789
85128,4.3088235294117645
67988,4.666666666666667
19922,3.9322033898305087
76861,4.546511627906977
92946,4.566666666666666
18725,4.673267326732673
91230,4.314285714285714
89580,4.589285714285714
90347,4.53125
15892,4.481012658227848
16367,4.135135135135135
37700,4.485714285714286
15724,3.769230769230769
34098,4.345864661654136
97722,4.270833333333333
86083,4.404040404040404
12994,4.580357142857143
59238,4.6395348837209305
19895,3.9322033898305087
49850,4.476744186046512
25799,4.92
32588,4.741007194244604
99752,4.623529411764705
28143,4.5
99286,4.793103448275862
72820,4.4603174603174605
78283,4.653333333333333
16128,4.5
40341,4.754385964912281
76534,4.827338129496403
10272,4.7889908256880735
49440,4.344262295081967
60131,4.52
6853,4.391304347826087
93855,4.709677419354839
70878,4.225806451612903
96627,3.9344262295081966
88389,4.375
6686,4.530769230769231
101825,4.695652173913044
23743,4.78974358974359
26119,4.621848739495798
86672,4.681818181818182
93772,4.310344827586207
64988,4.300970873786408
83648,4.627450980392157
25561,4.760869565217392
55463,4.632911392405063
83142,4.529411764705882
93681,4.478260869565218
11964,4.317880794701987
52408,4.645833333333333
86560,4.8
42894,4.448275862068965
78221,4.619047619047619
45492,4.435897435897436
91590,4.507692307692308
11744,4.46875
86042,4.404040404040404
55577,4.632911392405063
1263,4.5
51856,4.695652173913044
63581,4.7637795275590555
45184,4.084745762711864
25189,4.673469387755102
47004,4.59375
38451,4.244897959183674
102948,4.68
71705,4.440677966101695
73678,4.205128205128205
85663,4.583333333333333
98466,4.775
93599,4.586206896551724
76660,4.491525423728813
14905,4.329670329670329
23264,4.4739336492890995
58610,4.386363636363637
98770,4.54054054054054
89595,4.589285714285714
85432,4.617647058823529
51593,4.678571428571429
31597,4.560975609756097
23299,4.4739336492890995
21432,4.851851851851852
13103,4.6923076923076925
108307,4.610169491525424
101803,4.695652173913044
93550,4.709677419354839
49632,4.457142857142857
18774,4.575757575757576
66219,4.704433497536946
107690,4.826086956521739
108436,4.571428571428571
67823,4.46969696969697
71382,4.693251533742331
9583,4.619047619047619
50049,4.405405405405405
44406,4.497607655502392
74684,4.361111111111111
90210,4.580645161290323
5516,4.486111111111111
87103,4.793103448275862
77578,4.5
48562,4.419642857142857
102877,4.485714285714286
17132,4.474226804123711
53371,4.4423076923076925
102662,4.684684684684685
89338,4.647058823529412
48188,4.621951219512195
7092,4.552238805970149
102163,4.321428571428571
14454,4.704545454545454
25526,4.760869565217392
75209,4.882352941176471
104403,4.513513513513513
86850,4.857142857142857
38985,4.664893617021277
42404,4.504424778761062
105333,4.541666666666667
91453,4.484210526315789
108019,4.130434782608695
69692,4.653846153846154
26980,4.394736842105263
59001,4.16
85904,4.540983606557377
35959,4.338983050847458
49362,4.344262295081967
56892,4.257142857142857
43604,4.586206896551724
25199,4.673469387755102
59663,4.456521739130435
37244,4.6
93396,4.233766233766234
66141,4.666666666666667
100078,4.290322580645161
51906,3.857142857142857
67007,4.51063829787234
79584,4.2926829268292686
28010,4.3896103896103895
59551,4.728813559322034
34124,4.345864661654136
31734,4.619047619047619
26253,4.782608695652174
21930,4.387096774193548
22530,4.660714285714286
11373,4.264150943396227
90456,4.666666666666667
48038,3.757575757575758
95470,4.153846153846154
107014,4.4772727272727275
34002,4.345864661654136
65142,4.579439252336448
20396,4.579787234042553
72917,4.4603174603174605
63119,4.534883720930233
58788,4.52760736196319
41949,4.6020408163265305
65453,4.6875
82419,4.8743169398907105
75294,4.580645161290323
85417,4.617647058823529
79383,4.5
14851,4.714285714285714
16340,4.60655737704918
38777,4.341269841269841
88330,4.67741935483871
21472,4.068965517241379
12580,4.544303797468355
5493,4.486111111111111
89358,4.37037037037037
82618,4.714285714285714
21316,4.27906976744186
74653,4.483870967741935
32563,4.741007194244604
1249,4.5
98257,4.12
23428,4.4739336492890995
68363,4.3776223776223775
28805,4.433333333333334
6154,4.352941176470588
42327,4.6125
2249,4.431578947368421
58392,4.185185185185185
99502,4.407407407407407
57559,4.742574257425742
10956,4.5054945054945055
101109,3.6956521739130435
14053,4.769230769230769
80303,4.60655737704918
68549,4.7317073170731705
10111,4.541666666666667
10355,4.7889908256880735
32332,4.457516339869281
40947,4.8161764705882355
69218,4.16
47333,4.081967213114754
42121,4.6125
36484,4.535885167464115
76468,4.827338129496403
71295,4.0
99514,4.407407407407407
65061,4.468085106382978
79493,4.666666666666667
31590,4.560975609756097
105964,4.323529411764706
37047,4.48051948051948
48037,3.757575757575758
67216,4.587209302325581
87773,4.729166666666667
124,4.58
48670,4.35
75670,4.583333333333333
10375,4.483870967741935
107808,4.576923076923077
77538,4.611940298507463
57054,4.107692307692307
3237,4.176470588235294
92221,4.536585365853658
10812,4.443298969072165
23644,4.78974358974359
70320,4.371428571428571
16294,4.60655737704918
93207,4.714285714285714
40822,4.8161764705882355
22146,4.805555555555555
3731,4.285714285714286
104928,4.666666666666667
72266,4.414634146341464
11773,4.46875
63364,4.58
86294,4.568181818181818
1275,4.5
12670,4.544303797468355
16940,4.588235294117647
65896,4.121621621621622
18978,4.379310344827586
26174,4.490566037735849
20239,4.548387096774194
49951,4.40625
42314,4.6125
34735,4.778688524590164
81405,4.804878048780488
12654,4.544303797468355
56167,4.6923076923076925
67292,4.587209302325581
86874,4.857142857142857
25671,4.793103448275862
38775,4.341269841269841
93562,4.709677419354839
39346,4.846456692913386
50306,4.149606299212598
70865,4.225806451612903
11015,4.4222222222222225
59620,4.728813559322034
106481,4.193548387096774
106859,4.416666666666667
79628,4.2926829268292686
85230,4.3088235294117645
69014,4.269230769230769
2958,4.8
30479,4.754310344827586
40552,4.654545454545454
83122,4.1923076923076925
96486,4.4
80179,4.5675675675675675
99556,4.166666666666667
58157,4.310344827586207
100977,4.45945945945946
38279,4.2809917355371905
61902,4.739583333333333
102993,4.151515151515151
11386,4.264150943396227
78105,4.625
78992,4.449275362318841
71690,4.440677966101695
55013,4.410958904109589
39353,4.846456692913386
21383,4.27906976744186
22084,4.350877192982456
3556,4.444444444444445
20918,4.638888888888889
104572,4.538461538461538
90735,4.423076923076923
98138,4.12
10281,4.7889908256880735
105414,4.071428571428571
79425,4.735294117647059
833,4.189473684210526
57612,4.742574257425742
63473,3.9555555555555557
94024,4.478260869565218
45771,4.581818181818182
87361,4.518518518518518
42176,4.6125
82068,4.68
18046,4.613207547169812
38479,4.244897959183674
51750,4.461538461538462
66661,4.037037037037037
79844,4.862068965517241
68811,4.704545454545454
65251,4.579439252336448
95475,4.153846153846154
36260,4.535885167464115
59554,4.728813559322034
26294,4.366666666666666
57669,4.742574257425742
20252,4.620689655172414
44959,4.889655172413793
95126,4.3023255813953485
79180,4.83
84441,4.490566037735849
81813,4.640718562874252
89214,4.5
31248,4.503875968992248
80541,4.619047619047619
81170,4.631578947368421
8864,4.3858267716535435
9487,4.363636363636363
83119,4.1923076923076925
30322,4.260869565217392
33506,4.35
48221,4.621951219512195
57677,4.742574257425742
107504,4.666666666666667
33896,4.62962962962963
21947,4.387096774193548
107320,4.358974358974359
75923,4.079365079365079
56996,4.107692307692307
55155,4.466666666666667
64089,4.359375
56929,4.257142857142857
17584,4.857142857142857
5263,4.111702127659575
72499,4.831325301204819
95552,3.911764705882353
7915,4.743243243243243
56984,4.107692307692307
61673,4.236363636363636
80867,4.3076923076923075
96995,4.515151515151516
24686,4.382978723404255
71595,4.693251533742331
1801,4.67741935483871
95380,4.6571428571428575
49439,4.344262295081967
40975,4.175438596491228
35060,4.582608695652174
72173,4.414634146341464
27949,4.846153846153846
60823,4.333333333333333
24577,4.275862068965517
25878,4.77027027027027
72749,4.653846153846154
19120,4.818181818181818
55566,4.632911392405063
24768,4.2727272727272725
67771,4.46969696969697
35286,4.728155339805825
16385,4.135135135135135
108334,4.610169491525424
102052,4.038461538461538
28226,4.62
32316,4.457516339869281
84438,4.490566037735849
64194,4.487804878048781
83872,4.662650602409639
82015,4.640718562874252
39945,4.483870967741935
29204,4.366197183098592
53849,4.398058252427185
24417,4.54
33624,4.411764705882353
5756,4.6875
28538,4.84375
43115,4.642487046632124
71081,4.598214285714286
15538,3.9361702127659575
89072,4.576923076923077
18646,4.673267326732673
66210,4.704433497536946
34929,4.582608695652174
24821,4.2727272727272725
41296,4.610921501706485
45374,4.707964601769912
65976,4.28
102666,4.684684684684685
22454,4.662650602409639
66732,4.392857142857143
23311,4.4739336492890995
25820,4.77027027027027
16005,3.9615384615384617
35034,4.582608695652174
107949,4.590909090909091
95511,4.153846153846154
59630,4.728813559322034
27052,4.324324324324325
20790,4.708333333333333
4046,4.73469387755102
25168,4.673469387755102
69660,4.653846153846154
84460,4.490566037735849
44224,4.497607655502392
103994,4.269230769230769
31723,4.619047619047619
93509,4.233766233766234
43465,4.860294117647059
76241,4.212121212121212
14637,4.741935483870968
57257,4.622641509433962
73018,4.285714285714286
94884,4.628571428571429
4879,4.651162790697675
101310,4.642857142857143
63641,4.7637795275590555
51868,3.857142857142857
59439,4.112903225806452
36250,4.428571428571429
87509,4.54054054054054
13827,4.625
38765,4.341269841269841
23864,4.78974358974359
20372,4.579787234042553
84373,4.855421686746988
29612,4.444444444444445
54912,4.411764705882353
4819,4.651162790697675
107776,4.576923076923077
52799,3.9038461538461537
45149,4.3076923076923075
98843,4.5
87859,4.738095238095238
48506,4.419642857142857
94758,3.9375
66632,4.621212121212121
85424,4.617647058823529
54024,4.833333333333333
97878,4.245283018867925
32745,4.318181818181818
76928,4.621621621621622
107572,4.575757575757576
39467,4.846456692913386
58883,4.52760736196319
42700,4.4646464646464645
7114,4.552238805970149
24959,4.5625
60675,4.647058823529412
81796,4.640718562874252
84998,4.739726027397261
77794,4.472222222222222
37192,4.018867924528302
252,4.389380530973451
46685,4.637362637362638
11733,4.46875
95059,4.535211267605634
20628,4.719512195121951
94853,4.173913043478261
13211,4.634146341463414
84884,4.783783783783784
47964,4.209302325581396
14433,4.704545454545454
26205,4.490566037735849
90512,4.666666666666667
55817,4.2926829268292686
42590,4.4646464646464645
87994,4.472527472527473
61646,4.714285714285714
72232,4.414634146341464
75122,4.64
73849,4.384615384615385
15939,4.481012658227848
91216,4.314285714285714
4575,4.514285714285714
46380,4.440944881889764
39493,4.846456692913386
11805,4.46875
16268,4.60655737704918
29267,4.366197183098592
71402,4.693251533742331
55914,4.375
70479,4.682926829268292
82884,4.422535211267606
22473,4.662650602409639
100635,4.518518518518518
80079,4.666666666666667
45133,4.3076923076923075
95130,4.3023255813953485
21340,4.27906976744186
70594,4.6
73121,4.398230088495575
52918,4.46
81007,4.391304347826087
20923,4.638888888888889
26356,4.678571428571429
36640,4.25
45400,4.707964601769912
17494,4.416666666666667
46130,4.666666666666667
107438,4.666666666666667
84734,4.575757575757576
39199,4.684210526315789
69582,4.653846153846154
36691,4.333333333333333
100806,4.732142857142857
54743,4.623376623376624
76497,4.827338129496403
67808,4.46969696969697
105799,4.4
3458,4.521739130434782
32865,4.534883720930233
30341,4.714285714285714
88083,4.472527472527473
18802,4.575757575757576
73786,4.384615384615385
46389,4.440944881889764
43550,4.860294117647059
103911,4.32
22869,4.265822784810126
74175,4.785714285714286
103981,4.269230769230769
42416,4.504424778761062
38641,4.341269841269841
99705,4.623529411764705
104760,4.468085106382978
9640,4.619047619047619
97199,4.487804878048781
91524,4.851851851851852
39638,4.846456692913386
70144,4.663461538461538
22887,4.265822784810126
64746,4.630434782608695
74062,4.785714285714286
40754,4.8161764705882355
98813,4.54054054054054
67768,4.46969696969697
84128,4.604651162790698
55820,4.2926829268292686
92936,4.923076923076923
91062,4.7272727272727275
88449,4.59375
81085,4.631578947368421
60212,4.391304347826087
76576,4.827338129496403
23090,4.590909090909091
59499,4.112903225806452
108188,4.608695652173913
11071,4.352941176470588
17726,4.6
5379,4.821428571428571
23681,4.78974358974359
93206,4.714285714285714
26590,4.601941747572815
104270,4.739130434782608
34644,4.778688524590164
77366,4.305084745762712
70805,4.28
15720,3.769230769230769
65970,4.28
101277,4.642857142857143
89511,4.589285714285714
88919,4.653846153846154
55693,3.891891891891892
50279,4.149606299212598
93769,4.310344827586207
56220,4.6923076923076925
58402,4.185185185185185
35823,4.338983050847458
54280,4.271186440677966
17674,4.6
104548,4.2407407407407405
55654,3.891891891891892
95554,3.911764705882353
35727,4.421875
101257,4.035714285714286
49280,4.4324324324324325
62194,4.428571428571429
36058,4.533333333333333
48024,4.466666666666667
93499,4.233766233766234
12018,4.317880794701987
55692,3.891891891891892
17551,4.482758620689655
4692,4.5701754385964914
95556,3.911764705882353
20355,4.579787234042553
76518,4.827338129496403
21017,4.448275862068965
86936,4.571428571428571
65173,4.579439252336448
11891,4.5
102397,4.384615384615385
58637,4.386363636363637
35781,4.338983050847458
79046,4.6923076923076925
16265,4.60655737704918
100891,4.578947368421052
85086,4.739726027397261
30694,4.754310344827586
70293,4.371428571428571
791,4.189473684210526
19901,3.9322033898305087
33131,4.348837209302325
18206,4.613207547169812
107331,4.358974358974359
74386,4.4125
82949,4.393939393939394
82475,4.8743169398907105
1590,4.673076923076923
49880,4.40625
100123,4.290322580645161
80021,4.666666666666667
50651,4.545454545454546
10361,4.7889908256880735
11960,4.317880794701987
77616,4.5
87416,4.5
53696,4.398058252427185
70991,4.598214285714286
42266,4.6125
90717,4.6923076923076925
86206,4.6976744186046515
78867,3.986666666666667
7834,4.743243243243243
4020,4.73469387755102
42691,4.4646464646464645
19131,4.818181818181818
31714,4.619047619047619
63549,4.7637795275590555
67033,4.51063829787234
67894,4.541666666666667
42212,4.6125
88043,4.472527472527473
8390,4.714285714285714
34340,4.317460317460317
94654,4.269230769230769
46194,4.456310679611651
39379,4.846456692913386
71907,3.869565217391304
58539,4.438356164383562
57329,4.622641509433962
73021,4.285714285714286
27293,4.53125
55846,4.2926829268292686
31503,4.439024390243903
106156,4.440476190476191
15626,4.642857142857143
26932,4.142857142857143
95102,4.172413793103448
102468,4.814814814814815
91695,4.951219512195122
78157,4.619047619047619
23912,4.848314606741573
10121,4.541666666666667
84271,4.855421686746988
50759,4.545454545454546
42716,4.4646464646464645
96482,4.4
66344,4.704433497536946
45857,4.581818181818182
76234,4.212121212121212
63369,4.58
94730,4.481481481481482
107429,4.666666666666667
80525,4.619047619047619
10245,4.7889908256880735
47357,4.081967213114754
7288,4.648148148148148
65551,4.205882352941177
81241,3.896551724137931
23189,4.4739336492890995
58337,4.494623655913978
66700,4.037037037037037
98882,4.5
23367,4.4739336492890995
87609,4.54054054054054
25069,4.08
24650,4.0638297872340425
91370,4.484210526315789
82095,4.6
29650,4.444444444444445
6913,4.391304347826087
59010,4.16
77012,4.944444444444445
84178,4.604651162790698
62015,4.739583333333333
51122,4.4375
80596,4.647058823529412
32380,4.457516339869281
25879,4.77027027027027
39351,4.846456692913386
95634,4.117647058823529
47895,4.073170731707317
18111,4.613207547169812
98670,4.328947368421052
29148,4.628865979381444
40516,4.75
25842,4.77027027027027
80499,4.619047619047619
96272,4.115384615384615
6746,4.530769230769231
57621,4.742574257425742
89380,4.37037037037037
10945,4.5054945054945055
36229,4.428571428571429
41695,4.610921501706485
24991,4.5625
39508,4.846456692913386
56634,4.102564102564102
73785,4.384615384615385
76045,4.079365079365079
5217,4.111702127659575
8831,4.3858267716535435
107141,4.5625
74749,4.361111111111111
19851,4.517241379310345
36864,4.7105263157894735
33460,4.35
89328,4.647058823529412
52812,4.435897435897436
41113,4.404255319148936
93308,4.758620689655173
41903,4.6020408163265305
25495,4.586666666666667
99146,4.173913043478261
6001,4.488372093023256
52056,3.962962962962963
106381,4.64
10142,4.541666666666667
16459,4.177777777777778
66923,4.25
93100,4.459016393442623
60450,4.4186046511627906
61662,4.714285714285714
36312,4.535885167464115
64144,4.359375
55522,4.632911392405063
13106,4.6923076923076925
93473,4.233766233766234
20695,4.719512195121951
25147,4.673469387755102
95253,4.454545454545454
26507,4.601941747572815
77728,4.611111111111111
11901,4.5
72791,4.181818181818182
82125,4.583333333333333
48446,4.090909090909091
45117,4.3076923076923075
70337,4.338983050847458
42235,4.6125
100917,4.578947368421052
54566,4.365853658536586
5309,4.111702127659575
69383,4.588235294117647
4935,4.651162790697675
98347,4.083333333333333
73033,4.655172413793103
33070,4.631578947368421
27170,4.714285714285714
41412,4.610921501706485
88547,4.679245283018868
50937,4.428571428571429
93413,4.233766233766234
11400,4.528301886792453
75571,4.32
15470,4.483606557377049
41507,4.610921501706485
103831,4.27906976744186
11002,4.4222222222222225
52944,4.46
78364,4.653333333333333
76252,4.212121212121212
63447,3.9555555555555557
6899,4.391304347826087
31131,4.388888888888889
77695,4.611111111111111
61751,4.236363636363636
59872,4.529411764705882
22340,4.3478260869565215
62569,4.530612244897959
85900,4.540983606557377
4599,4.5701754385964914
29813,4.155172413793103
98284,4.12
77270,4.86
13999,4.222222222222222
38184,4.2809917355371905
30927,4.28
44649,4.575418994413408
68148,4.590909090909091
88326,4.67741935483871
42068,4.6020408163265305
20020,4.178571428571429
48173,4.621951219512195
57588,4.742574257425742
3003,4.8
85803,4.5588235294117645
44976,4.889655172413793
101208,4.5
89024,4.576923076923077
84169,4.604651162790698
23434,4.4739336492890995
9811,4.68141592920354
41927,4.6020408163265305
45940,4.581818181818182
46448,4.440944881889764
95660,4.482758620689655
65445,4.6875
71415,4.693251533742331
104652,4.205128205128205
36332,4.535885167464115
37893,4.835164835164835
79955,4.310344827586207
43559,4.860294117647059
34839,4.171428571428572
66079,4.333333333333333
39911,4.483870967741935
30189,4.233333333333333
34369,4.7105263157894735
29385,4.5
10818,4.443298969072165
49533,4.4324324324324325
422,4.389380530973451
30262,4.2727272727272725
83383,4.194444444444445
55539,4.632911392405063
83335,4.371428571428571
62842,3.9272727272727272
70089,4.663461538461538
102116,4.433333333333334
13146,4.6923076923076925
1357,4.5
59702,4.456521739130435
82187,4.583333333333333
28903,4.628865979381444
83720,4.627450980392157
19046,4.767441860465116
7968,4.743243243243243
92750,4.724137931034483
20140,4.712765957446808
9029,4.673076923076923
46227,4.456310679611651
75850,4.225806451612903
68067,4.357142857142857
73232,4.398230088495575
13452,4.142857142857143
91706,4.951219512195122
14453,4.704545454545454
108455,4.791666666666667
104478,4.2407407407407405
75397,4.580645161290323
80224,4.60655737704918
2823,4.557142857142857
9162,4.27027027027027
94275,4.606060606060606
57901,4.393939393939394
81100,4.631578947368421
69912,4.419354838709677
101091,4.388888888888889
9596,4.619047619047619
76454,4.827338129496403
91629,4.507692307692308
106657,4.523809523809524
72831,4.4603174603174605
49099,4.469565217391304
35988,3.8
86383,4.771428571428571
44440,4.497607655502392
61799,4.464285714285714
49107,4.469565217391304
19652,4.5396825396825395
48990,4.185185185185185
101401,4.42
85723,4.71875
53556,4.520833333333333
39027,4.664893617021277
21735,4.409090909090909
5815,4.6875
106764,4.702702702702703
18650,4.673267326732673
38555,4.244897959183674
74150,4.785714285714286
831,4.189473684210526
177,4.538461538461538
94813,3.9615384615384617
101777,4.695652173913044
77193,4.535714285714286
106288,4.452830188679245
40154,4.357142857142857
43876,4.6440677966101696
40880,4.8161764705882355
81516,4.551724137931035
1901,4.436842105263158
33507,4.35
93685,4.478260869565218
25700,4.793103448275862
28652,4.433333333333334
70029,4.663461538461538
43003,4.642487046632124
2129,4.436842105263158
93391,4.233766233766234
38766,4.341269841269841
89930,4.48936170212766
14866,4.714285714285714
63419,3.9555555555555557
81544,4.413333333333333
93878,4.258064516129032
96231,4.44
54335,4.594594594594595
85952,4.404040404040404
56106,4.525
103571,4.463414634146342
106756,4.702702702702703
34326,4.317460317460317
32553,4.741007194244604
55724,3.6129032258064515
92153,4.875
86410,4.771428571428571
10616,4.462264150943396
32930,4.659574468085107
69661,4.653846153846154
48842,4.6521739130434785
5951,4.6875
107660,4.76
73897,4.384615384615385
67395,4.587209302325581
65932,4.791666666666667
78919,4.449275362318841
51562,4.506024096385542
34806,4.36
57626,4.742574257425742
28802,4.433333333333334
42668,4.4646464646464645
39140,4.664893617021277
17532,4.482758620689655
20417,4.579787234042553
60005,4.076923076923077
55301,4.388888888888889
75663,4.583333333333333
41815,4.6020408163265305
39339,4.846456692913386
55959,4.327272727272727
74526,4.787878787878788
24937,4.5625
13893,4.743589743589744
16713,4.705882352941177
102891,4.485714285714286
61851,4.464285714285714
31383,4.503875968992248
90962,4.471698113207547
84935,4.783783783783784
40009,4.5
88931,4.609756097560975
108167,4.565217391304348
104176,4.425
54807,4.623376623376624
102164,4.321428571428571
37461,4.280575539568345
82699,4.433333333333334
97899,4.245283018867925
2220,4.431578947368421
87953,4.076923076923077
7757,4.743243243243243
89995,4.717391304347826
102131,4.433333333333334
72533,4.831325301204819
1889,4.436842105263158
27305,4.53125
2372,4.673267326732673
45160,4.084745762711864
8271,4.256410256410256
6505,4.354838709677419
88661,4.314285714285714
40167,4.357142857142857
76616,4.491525423728813
106930,4.458333333333333
89672,4.46969696969697
97907,4.245283018867925
82886,4.422535211267606
36574,4.535885167464115
87386,4.5
77174,4.25
106199,4.452830188679245
6086,4.352941176470588
381,4.389380530973451
104139,4.666666666666667
52882,4.46
103789,4.375
106090,4.440476190476191
42131,4.6125
21098,4.4868421052631575
40407,4.75
82854,4.422535211267606
3469,4.521739130434782
6204,4.440677966101695
50042,4.102564102564102
69448,4.357142857142857
79825,4.862068965517241
2014,4.436842105263158
51335,4.506024096385542
49374,4.344262295081967
59438,4.112903225806452
18240,4.613207547169812
105688,4.23404255319149
88891,4.653846153846154
102493,4.684684684684685
5529,4.486111111111111
67402,4.587209302325581
72368,4.633333333333334
36761,4.7105263157894735
105309,4.541666666666667
69021,4.269230769230769
46884,4.6525423728813555
84906,4.783783783783784
68659,4.7317073170731705
43046,4.642487046632124
52421,4.645833333333333
97447,4.56
34511,4.758620689655173
48417,4.090909090909091
103501,4.621621621621622
18467,4.773584905660377
25897,4.77027027027027
21910,4.739130434782608
3944,4.827586206896552
6726,4.530769230769231
83355,4.371428571428571
104102,4.628571428571429
66990,4.548387096774194
104982,4.269230769230769
35170,4.728155339805825
6455,4.280701754385965
52609,4.478260869565218
16907,4.492957746478873
79261,4.446428571428571
16825,4.492957746478873
104013,4.269230769230769
99467,4.2592592592592595
519,4.464285714285714
102749,4.426229508196721
30143,4.5625
44974,4.889655172413793
82945,4.393939393939394
63544,4.7637795275590555
79541,4.571428571428571
4969,4.651162790697675
84843,4.660377358490566
24135,4.848314606741573
12627,4.544303797468355
39349,4.846456692913386
45369,4.707964601769912
61381,4.627659574468085
32361,4.457516339869281
45807,4.581818181818182
19665,4.5396825396825395
32948,4.659574468085107
96988,4.515151515151516
79678,4.378378378378378
60018,4.076923076923077
19290,4.780487804878049
39722,4.044943820224719
1687,4.304347826086956
100009,4.344827586206897
104437,4.513513513513513
29982,4.402298850574713
88176,4.162162162162162
3917,4.827586206896552
15897,4.481012658227848
36826,4.7105263157894735
87486,4.3076923076923075
34505,4.758620689655173
104731,4.468085106382978
41378,4.610921501706485
6778,4.530769230769231
103257,4.096774193548387
71592,4.693251533742331
29518,4.597402597402597
3518,4.521739130434782
104936,4.666666666666667
19936,3.9322033898305087
73938,4.384615384615385
52180,4.285714285714286
77823,4.472222222222222
88257,4.766666666666667
50888,4.545454545454546
20283,4.620689655172414
22607,4.660714285714286
12239,4.575
73617,4.565217391304348
48290,4.171428571428572
27054,4.324324324324325
47940,4.209302325581396
102420,4.384615384615385
3876,4.827586206896552
84070,4.625
22884,4.265822784810126
18535,4.773584905660377
70209,4.538461538461538
82967,4.393939393939394
51600,4.678571428571429
75262,4.882352941176471
87835,4.621621621621622
91748,4.951219512195122
13822,4.625
87017,4.634146341463414
16137,4.5
41278,4.610921501706485
32840,4.534883720930233
80288,4.60655737704918
39156,4.664893617021277
89792,4.43859649122807
74176,4.785714285714286
27332,4.53125
76360,4.827338129496403
8999,4.673076923076923
61289,4.470588235294118
99565,4.166666666666667
58368,4.494623655913978
62819,3.9272727272727272
42225,4.6125
15372,4.483606557377049
27092,4.324324324324325
44532,4.575418994413408
4070,4.636363636363637
42710,4.4646464646464645
102912,4.478260869565218
108298,4.610169491525424
20837,4.14
39064,4.664893617021277
13442,4.142857142857143
67490,4.428571428571429
76893,4.546511627906977
90053,4.657894736842105
25904,4.77027027027027
34325,4.317460317460317
38309,4.2809917355371905
78769,3.986666666666667
68177,4.3776223776223775
47310,4.081967213114754
102069,4.038461538461538
30255,4.2727272727272725
35687,4.421875
17217,4.474226804123711
75042,4.534883720930233
97957,4.764705882352941
73109,4.398230088495575
53188,4.621212121212121
51474,4.506024096385542
80697,3.9
32984,4.631578947368421
98049,4.618181818181818
39003,4.664893617021277
104248,4.739130434782608
106584,4.483870967741935
95721,4.260869565217392
82352,4.8743169398907105
82788,4.433333333333334
59331,4.6395348837209305
32294,4.457516339869281
5793,4.6875
58076,4.310344827586207
62312,4.6
49357,4.344262295081967
54872,4.411764705882353
32656,4.741007194244604
22835,4.265822784810126
31548,4.439024390243903
105672,4.23404255319149
82710,4.433333333333334
41962,4.6020408163265305
67578,4.0588235294117645
2195,4.431578947368421
9008,4.673076923076923
103332,4.4423076923076925
64173,4.359375
89418,4.6909090909090905
63678,4.7637795275590555
58605,4.386363636363637
31850,4.619047619047619
20433,4.579787234042553
86215,4.595238095238095
31276,4.503875968992248
69609,4.653846153846154
104068,4.628571428571429
34203,4.5588235294117645
6966,4.391304347826087
15143,4.782608695652174
70387,4.338983050847458
100351,4.419354838709677
103328,4.4423076923076925
25154,4.673469387755102
70134,4.663461538461538
94908,4.628571428571429
58348,4.494623655913978
73365,4.53125
90839,3.96875
60014,4.076923076923077
43563,4.860294117647059
37698,4.485714285714286
65703,4.509090909090909
86811,4.4411764705882355
105545,4.538461538461538
28483,4.3061224489795915
23658,4.78974358974359
93616,4.586206896551724
15730,3.769230769230769
64100,4.359375
46261,4.456310679611651
8847,4.3858267716535435
70615,4.622641509433962
64589,4.257142857142857
58701,4.52760736196319
66083,4.333333333333333
95744,4.260869565217392
2131,4.436842105263158
70065,4.663461538461538
86763,4.4411764705882355
57122,4.107692307692307
64795,4.512195121951219
40579,4.654545454545454
33193,4.6
76373,4.827338129496403
23860,4.78974358974359
13297,4.821428571428571
18631,4.673267326732673
23224,4.4739336492890995
20946,4.638888888888889
24074,4.848314606741573
30101,4.5625
47988,4.466666666666667
39571,4.846456692913386
65350,4.811320754716981
20681,4.719512195121951
7939,4.743243243243243
4078,4.636363636363637
81174,4.631578947368421
70158,4.483870967741935
108585,4.844444444444444
15120,4.782608695652174
87161,4.793103448275862
86257,4.595238095238095
96204,4.44
98500,4.775
87165,4.793103448275862
56197,4.6923076923076925
99145,4.173913043478261
42192,4.6125
18620,4.673267326732673
83180,4.529411764705882
71570,4.693251533742331
13304,4.821428571428571
54519,4.0
35871,4.338983050847458
83033,4.636363636363637
27127,4.576923076923077
68728,4.444444444444445
12370,4.203125
20334,4.579787234042553
80449,4.619047619047619
28261,4.62
3775,4.538461538461538
67967,4.666666666666667
1531,4.5
42709,4.4646464646464645
71949,4.461538461538462
95635,4.117647058823529
52668,4.413793103448276
46893,4.6525423728813555
7342,4.591549295774648
54330,4.594594594594595
99047,4.712121212121212
13798,4.625
23739,4.78974358974359
12727,4.571428571428571
41881,4.6020408163265305
59023,4.712765957446808
51211,4.163934426229508
14628,4.741935483870968
61719,4.236363636363636
63766,4.348837209302325
57419,4.53125
2236,4.431578947368421
63368,4.58
47441,4.302631578947368
39857,4.044943820224719
35008,4.582608695652174
44473,4.497607655502392
34050,4.345864661654136
36206,4.428571428571429
32985,4.631578947368421
23881,4.848314606741573
102588,4.684684684684685
56250,4.6923076923076925
36438,4.535885167464115
65442,4.6875
24115,4.848314606741573
16712,4.705882352941177
13808,4.625
11219,4.585106382978723
29445,4.597402597402597
21233,4.586206896551724
104052,4.16
6106,4.352941176470588
12684,4.544303797468355
36170,4.086956521739131
597,4.647058823529412
30318,4.260869565217392
87221,4.162162162162162
70346,4.338983050847458
20905,4.14
13143,4.6923076923076925
4390,4.0754716981132075
10948,4.5054945054945055
12605,4.544303797468355
84446,4.490566037735849
98269,4.12
101314,4.642857142857143
38576,4.341269841269841
14068,4.769230769230769
103698,4.27027027027027
62252,4.6
51799,4.423076923076923
60030,4.076923076923077
104751,4.468085106382978
29388,4.5
84694,4.72
54391,3.4242424242424243
39653,4.846456692913386
16999,4.588235294117647
91194,4.314285714285714
106411,4.64
27280,4.53125
89284,4.857142857142857
64366,4.405172413793103
38831,4.594594594594595
72970,4.285714285714286
30182,4.233333333333333
62489,4.130434782608695
100953,4.578947368421052
27223,4.516129032258065
52389,4.645833333333333
41009,4.175438596491228
97287,4.542857142857143
52669,4.413793103448276
20525,4.579787234042553
61939,4.739583333333333
13950,4.222222222222222
34804,4.36
42370,4.6125
78615,4.456521739130435
63102,4.534883720930233
13295,4.821428571428571
104846,4.844444444444444
92151,4.875
15947,4.481012658227848
9579,4.619047619047619
33359,4.594594594594595
51056,4.4375
51437,4.506024096385542
14587,4.410256410256411
75387,4.580645161290323
101834,4.3125
22572,4.660714285714286
30737,4.754310344827586
50583,4.545454545454546
96179,4.5
51404,4.506024096385542
69453,4.357142857142857
62716,4.488888888888889
48349,4.171428571428572
2856,4.557142857142857
30117,4.5625
4972,4.651162790697675
27267,4.516129032258065
101543,4.793103448275862
1467,4.5
58216,4.310344827586207
38196,4.2809917355371905
71434,4.693251533742331
52315,4.266666666666667
49960,4.40625
71678,4.113636363636363
94244,4.354166666666667
54117,4.314285714285714
13193,4.634146341463414
38791,4.341269841269841
35074,4.582608695652174
86533,4.655172413793103
27644,4.574712643678161
71520,4.693251533742331
87331,4.518518518518518
46076,4.666666666666667
87728,4.729166666666667
14603,4.410256410256411
27450,4.574712643678161
23293,4.4739336492890995
84414,4.490566037735849
98655,4.328947368421052
75037,4.534883720930233
73590,4.553719008264463
72519,4.831325301204819
93131,4.48
51842,4.695652173913044
1177,4.633333333333334
52343,4.266666666666667
67551,4.0588235294117645
5165,4.111702127659575
102017,4.363636363636363
34885,4.171428571428572
94772,3.9375
3379,4.12987012987013
8557,4.6976744186046515
78522,4.71830985915493
54898,4.411764705882353
30834,4.28
5351,4.111702127659575
66364,4.704433497536946
68632,4.7317073170731705
24995,4.5625
55230,4.466666666666667
40250,4.754385964912281
50061,4.405405405405405
14788,4.575342465753424
35577,4.7368421052631575
17027,4.588235294117647
4892,4.651162790697675
53879,4.723404255319149
71995,4.461538461538462
30236,4.2727272727272725
54963,4.410958904109589
95795,3.96875
20213,4.548387096774194
7755,4.743243243243243
98759,4.328947368421052
77896,4.7
89549,4.589285714285714
28452,4.3061224489795915
99849,4.375
76894,4.546511627906977
36926,4.7105263157894735
20441,4.579787234042553
57081,4.107692307692307
89732,4.46969696969697
42104,4.6125
63718,4.348837209302325
81249,3.896551724137931
62831,3.9272727272727272
3313,4.12987012987013
80529,4.619047619047619
30803,4.28
107046,4.484848484848484
50629,4.545454545454546
107659,4.76
68264,4.3776223776223775
31881,4.619047619047619
3141,4.075
42208,4.6125
69902,4.333333333333333
2682,4.428571428571429
448,4.464285714285714
77588,4.5
78316,4.653333333333333
34703,4.778688524590164
50522,4.342105263157895
67486,4.428571428571429
26416,4.7
70651,4.622641509433962
34421,4.7105263157894735
69896,4.333333333333333
74469,4.787878787878788
95812,4.166666666666667
13155,4.6923076923076925
39674,4.846456692913386
49172,4.469565217391304
50519,4.342105263157895
10400,4.483870967741935
90841,3.96875
36838,4.7105263157894735
8621,4.6976744186046515
52750,3.9038461538461537
12875,4.580357142857143
57804,4.204545454545454
77593,4.5
81973,4.640718562874252
470,4.464285714285714
17653,4.6
9591,4.619047619047619
73756,4.214285714285714
22424,4.662650602409639
75433,4.423728813559322
100198,4.764705882352941
80145,4.5675675675675675
71579,4.693251533742331
72732,4.653846153846154
56570,4.720588235294118
103022,4.151515151515151
48413,4.090909090909091
38281,4.2809917355371905
59996,4.076923076923077
32255,4.457516339869281
36083,4.533333333333333
30670,4.754310344827586
33606,4.411764705882353
8275,4.256410256410256
56430,3.71875
35406,4.479166666666667
107179,4.5625
59901,4.529411764705882
36468,4.535885167464115
31975,4.303030303030303
71819,4.412698412698413
96271,4.115384615384615
107580,4.575757575757576
63200,4.230769230769231
74989,4.375
32626,4.741007194244604
77497,4.611940298507463
82502,4.8743169398907105
69973,4.663461538461538
100390,4.509090909090909
18523,4.773584905660377
40587,4.654545454545454
79129,4.83
50169,4.149606299212598
61594,4.379310344827586
71198,4.56140350877193
42775,4.478260869565218
46361,4.456310679611651
46240,4.456310679611651
65921,4.791666666666667
53559,4.520833333333333
14194,4.752688172043011
19196,4.318181818181818
65894,4.121621621621622
17326,4.463768115942029
2008,4.436842105263158
67500,4.428571428571429
33009,4.631578947368421
95119,4.172413793103448
21244,4.586206896551724
63761,4.348837209302325
84485,4.518518518518518
87189,4.269230769230769
54178,4.379310344827586
105711,4.545454545454546
47023,4.32
107880,4.5
85207,4.3088235294117645
88601,4.818181818181818
37508,4.280575539568345
107220,4.5625
81116,4.631578947368421
69696,4.653846153846154
39013,4.664893617021277
27835,4.5928571428571425
30306,4.260869565217392
11828,4.21875
5857,4.6875
77993,4.625
21273,4.769230769230769
12027,4.317880794701987
24760,4.2727272727272725
78386,4.538461538461538
77321,4.86
85139,4.3088235294117645
94698,4.481481481481482
600,4.647058823529412
58224,4.494623655913978
35160,4.728155339805825
20009,4.178571428571429
61603,4.379310344827586
93969,4.423076923076923
854,4.189473684210526
99918,4.4324324324324325
66663,4.037037037037037
29242,4.366197183098592
107905,4.590909090909091
106849,4.291666666666667
52382,4.645833333333333
37390,4.4655172413793105
7490,3.92
90255,4.371428571428571
63303,3.979591836734694
46513,4.440944881889764
29653,4.444444444444445
31763,4.619047619047619
67710,4.081081081081081
33462,4.35
55777,4.576923076923077
90369,4.53125
51941,4.148148148148148
108106,4.423076923076923
45828,4.581818181818182
87648,4.695652173913044
95739,4.260869565217392
85418,4.617647058823529
23498,4.4739336492890995
56180,4.6923076923076925
82293,4.8743169398907105
35511,4.7368421052631575
12564,3.8333333333333335
31659,4.619047619047619
60873,4.458333333333333
9271,4.520833333333333
69122,4.626373626373627
49458,4.1875
67288,4.587209302325581
38990,4.664893617021277
94412,4.114285714285714
18341,4.627906976744186
41512,4.610921501706485
93636,4.733333333333333
34414,4.7105263157894735
58189,4.310344827586207
107706,4.826086956521739
8407,4.714285714285714
14652,4.741935483870968
27709,4.5928571428571425
42426,4.504424778761062
102319,4.384615384615385
62817,3.9272727272727272
32662,4.741007194244604
39867,4.044943820224719
70062,4.663461538461538
32184,4.303030303030303
13738,4.333333333333333
43987,4.1875
25640,4.560975609756097
105491,4.655172413793103
101589,4.793103448275862
30058,4.402298850574713
81092,4.631578947368421
832,4.189473684210526
80787,4.709677419354839
104725,4.468085106382978
101768,4.695652173913044
53503,4.4423076923076925
25781,4.92
105844,4.928571428571429
79658,4.378378378378378
73507,4.553719008264463
104581,4.538461538461538
103024,4.151515151515151
10271,4.7889908256880735
30555,4.754310344827586
30128,4.5625
55976,4.327272727272727
34268,4.317460317460317
27532,4.574712643678161
65596,4.647058823529412
835,4.189473684210526
27665,4.574712643678161
94188,4.354166666666667
64902,4.300970873786408
75767,4.285714285714286
48318,4.171428571428572
63596,4.7637795275590555
46915,4.6525423728813555
75585,4.32
57129,4.107692307692307
29307,4.366197183098592
17160,4.474226804123711
25547,4.760869565217392
41222,4.610921501706485
68266,4.3776223776223775
61887,4.739583333333333
79145,4.83
86684,4.681818181818182
76001,4.079365079365079
56105,4.525
108024,4.130434782608695
910,4.189473684210526
65586,4.647058823529412
7453,3.92
623,4.442622950819672
87732,4.729166666666667
87721,4.729166666666667
38278,4.2809917355371905
5184,4.111702127659575
100357,4.419354838709677
53748,4.398058252427185
49909,4.40625
81520,4.413333333333333
90006,4.717391304347826
70799,4.28
37271,4.6
35721,4.421875
75236,4.882352941176471
66770,4.205128205128205
91962,4.468085106382978
87312,4.518518518518518
20607,4.579787234042553
81833,4.640718562874252
4262,4.423076923076923
40674,4.26
58285,4.494623655913978
3224,4.176470588235294
42119,4.6125
107292,4.358974358974359
41175,4.525
38269,4.2809917355371905
68038,4.357142857142857
38589,4.341269841269841
12884,4.580357142857143
51503,4.506024096385542
28901,4.628865979381444
31415,4.503875968992248
10512,4.462264150943396
21502,4.068965517241379
38431,4.244897959183674
48991,4.72
28227,4.62
8281,4.256410256410256
18847,4.379310344827586
43896,4.6440677966101696
84556,4.453125
32660,4.741007194244604
105192,4.703703703703703
68674,4.7317073170731705
78448,4.71830985915493
55826,4.2926829268292686
45025,4.889655172413793
31774,4.619047619047619
74535,4.787878787878788
97883,4.245283018867925
75300,4.580645161290323
23288,4.4739336492890995
10592,4.462264150943396
68530,4.0754716981132075
53731,4.398058252427185
47694,4.526315789473684
5773,4.6875
22785,4.662650602409639
16818,4.492957746478873
28173,4.5
56042,4.525
29094,4.628865979381444
105020,4.269230769230769
94122,4.67741935483871
14476,3.953488372093023
65579,4.647058823529412
50114,4.583333333333333
107676,4.826086956521739
66232,4.704433497536946
49244,4.469565217391304
68614,4.7317073170731705
79898,4.435897435897436
54005,4.833333333333333
27061,4.324324324324325
32076,4.303030303030303
44331,4.497607655502392
4805,4.651162790697675
59881,4.529411764705882
30218,4.233333333333333
45052,4.889655172413793
73282,4.53125
17770,4.377358490566038
51440,4.506024096385542
45790,4.581818181818182
25919,4.77027027027027
17248,4.474226804123711
101241,4.035714285714286
85598,4.74468085106383
42074,4.6020408163265305
92080,4.875
69240,4.607142857142857
7340,4.591549295774648
33435,4.35
50277,4.149606299212598
61938,4.739583333333333
59929,4.529411764705882
9106,4.673076923076923
107945,4.590909090909091
76973,4.621621621621622
46667,4.637362637362638
12562,3.8333333333333335
78740,4.64
2656,4.428571428571429
9469,4.363636363636363
18805,4.575757575757576
72938,4.521739130434782
95482,4.153846153846154
91928,4.468085106382978
35128,4.728155339805825
80856,4.3076923076923075
98303,4.12
20404,4.579787234042553
64580,4.257142857142857
12361,4.203125
34376,4.7105263157894735
22674,4.662650602409639
99015,4.712121212121212
15379,4.483606557377049
94759,3.9375
52469,4.2
40604,4.654545454545454
24809,4.2727272727272725
2744,4.527777777777778
18168,4.613207547169812
96199,4.44
63148,4.534883720930233
13313,4.821428571428571
20349,4.579787234042553
44287,4.497607655502392
50941,4.428571428571429
65686,4.509090909090909
95938,4.283018867924528
85806,4.5588235294117645
59073,4.712765957446808
11546,4.341772151898734
94991,4.535211267605634
11937,4.317880794701987
92665,4.8
38185,4.2809917355371905
49096,4.469565217391304
45412,4.707964601769912
9794,4.68141592920354
106367,4.64
68287,4.3776223776223775
21608,4.297872340425532
40949,4.8161764705882355
107433,4.666666666666667
34462,4.2
89906,4.48936170212766
92206,4.536585365853658
65660,4.509090909090909
84633,4.453125
86819,4.4411764705882355
98281,4.12
28498,4.3061224489795915
44672,4.575418994413408
10783,4.443298969072165
47099,4.32
64769,4.630434782608695
11506,4.341772151898734
41072,4.404255319148936
76668,4.491525423728813
68465,4.0754716981132075
50422,4.21875
12912,4.580357142857143
47756,4.1
107019,4.484848484848484
89464,4.6909090909090905
108424,4.571428571428571
108346,4.610169491525424
32147,4.303030303030303
62485,4.130434782608695
83782,4.662650602409639
78274,4.653333333333333
18391,4.627906976744186
589,4.647058823529412
65974,4.28
9574,4.7407407407407405
77106,4.717948717948718
34189,4.5588235294117645
51164,4.434782608695652
76490,4.827338129496403
59341,4.6395348837209305
50576,4.545454545454546
15526,3.9361702127659575
71593,4.693251533742331
17162,4.474226804123711
40327,4.754385964912281
87423,4.5
60431,4.4186046511627906
41180,4.525
60386,4.684210526315789
102717,4.426229508196721
65135,4.579439252336448
10720,4.443298969072165
93366,4.758620689655173
105062,4.076923076923077
14710,4.258064516129032
35045,4.582608695652174
1583,4.673076923076923
42238,4.6125
62100,4.086956521739131
939,4.189473684210526
37792,4.835164835164835
17094,4.474226804123711
76318,4.454545454545454
102482,4.814814814814815
57245,4.622641509433962
23613,4.78974358974359
24449,4.54
96474,4.4
48427,4.090909090909091
45474,4.435897435897436
51218,4.163934426229508
103584,4.530612244897959
4913,4.651162790697675
60560,4.630769230769231
91566,4.625
57555,4.742574257425742
67756,4.416666666666667
97414,4.56
84417,4.490566037735849
61311,4.470588235294118
10991,4.4222222222222225
17147,4.474226804123711
86353,4.568181818181818
72521,4.831325301204819
46846,4.6525423728813555
9244,4.36
102527,4.684684684684685
92148,4.875
20005,4.178571428571429
64764,4.630434782608695
82038,4.68
71809,4.412698412698413
78937,4.449275362318841
74573,4.787878787878788
35274,4.728155339805825
69078,4.626373626373627
105250,4.8125
107307,4.358974358974359
81880,4.640718562874252
82045,4.68
59747,4.25
50091,4.405405405405405
52545,3.951219512195122
43113,4.642487046632124
105895,4.862068965517241
77805,4.472222222222222
65648,4.509090909090909
94129,4.67741935483871
17488,4.416666666666667
90983,4.476190476190476
45414,4.707964601769912
32852,4.534883720930233
57493,3.8620689655172415
30366,4.714285714285714
103446,4.621621621621622
107416,4.666666666666667
9604,4.619047619047619
90758,4.423076923076923
105256,4.8125
60135,4.52
100647,4.391304347826087
18513,4.773584905660377
70286,4.371428571428571
70159,4.483870967741935
35931,4.338983050847458
1799,4.67741935483871
40427,4.75
101652,4.655172413793103
85306,4.868421052631579
75189,4.882352941176471
17061,4.588235294117647
35350,4.1454545454545455
92984,4.566666666666666
15432,4.483606557377049
71610,4.113636363636363
58382,4.494623655913978
102577,4.684684684684685
41786,4.6020408163265305
12438,4.368421052631579
90609,4.157894736842105
26317,4.366666666666666
74026,4.391304347826087
103670,4.530612244897959
71068,4.598214285714286
34323,4.317460317460317
60926,4.541284403669724
18563,4.773584905660377
51739,4.461538461538462
102212,4.166666666666667
93416,4.233766233766234
95797,3.96875
107838,4.6521739130434785
30721,4.754310344827586
96121,4.611111111111111
5749,4.630434782608695
106939,4.4772727272727275
8268,4.256410256410256
24079,4.848314606741573
15021,4.329670329670329
29456,4.597402597402597
18377,4.627906976744186
79022,4.449275362318841
59918,4.529411764705882
4034,4.73469387755102
67326,4.587209302325581
26928,4.142857142857143
51076,4.4375
36550,4.535885167464115
49906,4.40625
78748,4.64
106609,4.363636363636363
46669,4.637362637362638
11130,4.585106382978723
11367,4.264150943396227
16669,4.705882352941177
48687,4.35
5669,4.630434782608695
62754,4.163265306122449
41667,4.610921501706485
8054,4.544303797468355
34927,4.582608695652174
53682,4.398058252427185
82820,4.422535211267606
72879,4.4603174603174605
38102,4.150943396226415
21285,4.769230769230769
91605,4.507692307692308
40995,4.175438596491228
54820,4.623376623376624
64743,4.630434782608695
73641,4.565217391304348
34378,4.7105263157894735
105476,4.655172413793103
35253,4.728155339805825
43690,4.1466666666666665
75137,4.64
6008,4.488372093023256
102778,4.426229508196721
91390,4.484210526315789
4878,4.651162790697675
26405,4.7
23812,4.78974358974359
100870,4.578947368421052
37583,4.280575539568345
58912,4.52760736196319
45782,4.581818181818182
68079,4.590909090909091
83271,4.657894736842105
68056,4.357142857142857
49515,4.4324324324324325
47320,4.081967213114754
42247,4.6125
43997,4.1875
92839,4.815789473684211
4161,4.636363636363637
73041,4.655172413793103
98441,4.775
48131,4.433333333333334
98390,4.269230769230769
69757,4.395348837209302
22395,4.662650602409639
24195,4.442622950819672
78837,3.986666666666667
5620,4.630434782608695
1461,4.5
4296,4.521739130434782
83285,4.657894736842105
94251,4.354166666666667
96870,4.56
19107,4.767441860465116
70707,4.705882352941177
54277,4.271186440677966
51952,4.148148148148148
78350,4.653333333333333
106068,4.440476190476191
60116,4.52
51249,4.163934426229508
46736,4.637362637362638
106263,4.452830188679245
58018,4.310344827586207
94213,4.354166666666667
14827,4.575342465753424
50669,4.545454545454546
2316,4.431578947368421
45931,4.581818181818182
94029,4.478260869565218
79029,4.6923076923076925
32622,4.741007194244604
97603,4.698630136986301
105662,4.23404255319149
37166,4.018867924528302
21767,4.409090909090909
107185,4.5625
65431,4.6875
23190,4.4739336492890995
94487,4.461538461538462
54715,4.623376623376624
9837,4.68141592920354
27063,4.324324324324325
68555,4.7317073170731705
67833,4.46969696969697
17086,4.474226804123711
69436,4.588235294117647
34156,4.517241379310345
100185,4.571428571428571
86045,4.404040404040404
33923,4.345864661654136
72618,4.831325301204819
100685,4.391304347826087
83726,4.321428571428571
7320,4.648148148148148
27217,4.516129032258065
99177,4.354838709677419
92813,4.666666666666667
94194,4.354166666666667
101380,4.42
1621,4.673076923076923
13089,4.6
84585,4.453125
13931,4.743589743589744
8834,4.3858267716535435
629,4.442622950819672
13556,4.861538461538461
57680,4.742574257425742
43553,4.860294117647059
63912,4.415094339622642
87649,4.695652173913044
76517,4.827338129496403
47952,4.209302325581396
72867,4.4603174603174605
21083,4.4868421052631575
49196,4.469565217391304
18973,4.379310344827586
104913,4.844444444444444
40193,4.754385964912281
73957,4.384615384615385
50107,4.405405405405405
36276,4.535885167464115
51957,4.148148148148148
98297,4.12
4073,4.636363636363637
14893,4.714285714285714
59249,4.6395348837209305
65555,4.205882352941177
36809,4.7105263157894735
12019,4.317880794701987
19027,4.379310344827586
18413,4.773584905660377
81997,4.640718562874252
25043,4.3076923076923075
35400,4.479166666666667
65740,4.411764705882353
105401,4.5
34894,4.171428571428572
79727,4.340909090909091
364,4.389380530973451
66586,4.621212121212121
14671,4.258064516129032
69516,4.21875
58553,4.438356164383562
16274,4.60655737704918
48493,4.419642857142857
13104,4.6923076923076925
23453,4.4739336492890995
40872,4.8161764705882355
95548,3.911764705882353
67377,4.587209302325581
13305,4.821428571428571
46278,4.456310679611651
88743,4.780487804878049
5563,4.486111111111111
63792,4.739130434782608
20074,4.712765957446808
69800,4.395348837209302
4056,4.636363636363637
106017,4.848484848484849
101505,4.333333333333333
72138,4.414634146341464
93171,4.48
17571,4.857142857142857
12406,4.368421052631579
105271,4.8125
95057,4.535211267605634
66109,4.333333333333333
9686,4.714285714285714
55548,4.632911392405063
30976,4.62
62214,4.6
70755,4.705882352941177
33279,4.594594594594595
49824,4.476744186046512
73481,4.553719008264463
69205,4.16
59201,4.346153846153846
21041,4.7
82924,4.422535211267606
47683,4.526315789473684
72964,4.521739130434782
4062,4.636363636363637
14001,4.222222222222222
106314,4.689655172413793
19807,4.517241379310345
361,4.389380530973451
277,4.389380530973451
8408,4.714285714285714
45196,4.084745762711864
43983,4.1875
52732,3.9038461538461537
60842,4.458333333333333
105901,4.862068965517241
33931,4.345864661654136
106454,4.769230769230769
56398,4.476923076923077
81909,4.640718562874252
82418,4.8743169398907105
25052,4.08
82493,4.8743169398907105
9226,4.36
54894,4.411764705882353
51531,4.506024096385542
107531,4.575757575757576
69568,4.653846153846154
82242,4.8743169398907105
41972,4.6020408163265305
83991,4.4411764705882355
78804,3.986666666666667
48829,4.6521739130434785
93181,4.48
85036,4.739726027397261
59435,4.112903225806452
13433,4.142857142857143
104019,4.16
16785,4.714285714285714
66588,4.621212121212121
4057,4.636363636363637
78160,4.619047619047619
97143,4.414634146341464
82664,4.423076923076923
99906,4.4324324324324325
100952,4.578947368421052
61796,4.464285714285714
36027,3.739130434782609
40195,4.754385964912281
51848,4.695652173913044
87527,4.54054054054054
60209,4.391304347826087
104,4.58
41237,4.610921501706485
54291,4.271186440677966
16334,4.60655737704918
69322,3.8181818181818183
10198,4.7889908256880735
57732,4.848484848484849
73141,4.398230088495575
34113,4.345864661654136
16285,4.60655737704918
24306,4.379310344827586
76084,4.079365079365079
14995,4.329670329670329
58699,4.52760736196319
104985,4.269230769230769
32474,4.741007194244604
39923,4.483870967741935
83319,4.371428571428571
50009,4.102564102564102
20697,4.719512195121951
29326,4.366197183098592
85652,4.583333333333333
88145,4.162162162162162
87079,4.793103448275862
88708,4.314285714285714
84834,4.660377358490566
58871,4.52760736196319
37457,4.280575539568345
1524,4.5
44339,4.497607655502392
21863,4.739130434782608
86259,4.595238095238095
74136,4.785714285714286
51303,4.506024096385542
5547,4.486111111111111
36002,3.8
99775,4.623529411764705
49129,4.469565217391304
38956,4.664893617021277
76944,4.621621621621622
49759,4.476744186046512
21523,4.068965517241379
70870,4.225806451612903
75781,4.285714285714286
29554,4.597402597402597
104680,4.205128205128205
53081,4.066666666666666
12579,4.544303797468355
12211,4.575
103663,4.530612244897959
80660,4.730769230769231
44981,4.889655172413793
6417,4.280701754385965
4347,4.0754716981132075
13122,4.6923076923076925
37799,4.835164835164835
58561,4.438356164383562
19537,4.72
59174,4.712765957446808
74297,4.4125
16130,4.5
71214,4.56140350877193
3652,4.162162162162162
22077,4.350877192982456
42675,4.4646464646464645
78488,4.71830985915493
69697,4.653846153846154
102534,4.684684684684685
15862,4.481012658227848
65929,4.791666666666667
67279,4.587209302325581
105315,4.541666666666667
84136,4.604651162790698
53129,4.621212121212121
49404,4.344262295081967
96021,4.4324324324324325
86591,4.8
55523,4.632911392405063
13803,4.625
82285,4.8743169398907105
22877,4.265822784810126
21040,4.7
100420,4.509090909090909
67870,4.46969696969697
80953,4.628571428571429
108353,4.610169491525424
1324,4.5
108143,4.565217391304348
80367,4.60655737704918
41271,4.610921501706485
80308,4.60655737704918
13239,4.634146341463414
36938,4.7105263157894735
36632,4.25
18319,4.613207547169812
71643,4.113636363636363
9196,4.5
85049,4.739726027397261
75216,4.882352941176471
45403,4.707964601769912
94670,4.269230769230769
42502,4.504424778761062
42341,4.6125
78406,4.538461538461538
11606,4.341772151898734
85163,4.3088235294117645
17938,4.576923076923077
20154,4.712765957446808
26171,4.490566037735849
34037,4.345864661654136
93740,4.695652173913044
93254,4.714285714285714
53132,4.621212121212121
51291,4.506024096385542
51016,4.4375
63802,4.739130434782608
103936,4.933333333333334
96234,4.44
73375,4.53125
5592,4.630434782608695
105489,4.655172413793103
42008,4.6020408163265305
46431,4.440944881889764
34302,4.317460317460317
24368,4.379310344827586
27518,4.574712643678161
47376,4.081967213114754
99510,4.407407407407407
81768,4.640718562874252
119,4.58
18347,4.627906976744186
42556,4.504424778761062
40818,4.8161764705882355
33942,4.345864661654136
39604,4.846456692913386
80295,4.60655737704918
13518,4.861538461538461
12414,4.368421052631579
77077,4.717948717948718
44578,4.575418994413408
75708,4.583333333333333
68664,4.7317073170731705
78862,3.986666666666667
65462,4.6875
91406,4.484210526315789
9699,4.714285714285714
97298,4.542857142857143
80410,4.60655737704918
90586,4.404761904761905
43194,4.642487046632124
6246,4.440677966101695
81295,4.541666666666667
39345,4.846456692913386
13780,4.709677419354839
8807,4.3858267716535435
77325,4.305084745762712
49523,4.4324324324324325
44925,4.889655172413793
90049,4.657894736842105
39851,4.044943820224719
4667,4.5701754385964914
91841,4.705882352941177
25324,4.806451612903226
104814,4.615384615384615
44844,4.575418994413408
5661,4.630434782608695
78402,4.538461538461538
82163,4.583333333333333
73064,4.655172413793103
16837,4.492957746478873
56236,4.6923076923076925
61752,4.236363636363636
3728,4.285714285714286
10635,4.462264150943396
22137,4.350877192982456
40158,4.357142857142857
37409,4.4655172413793105
42915,4.448275862068965
15392,4.483606557377049
107281,4.358974358974359
40330,4.754385964912281
103256,4.096774193548387
107911,4.590909090909091
3661,4.162162162162162
91711,4.951219512195122
74159,4.785714285714286
35377,4.1454545454545455
25649,4.560975609756097
29029,4.628865979381444
35917,4.338983050847458
61416,4.627659574468085
14651,4.741935483870968
107371,4.696969696969697
62334,4.5125
108282,4.610169491525424
60084,4.516129032258065
29682,4.628205128205129
88212,4.115384615384615
6874,4.391304347826087
62318,4.6
84921,4.783783783783784
75838,4.225806451612903
60296,4.4
53823,4.398058252427185
21167,4.4868421052631575
69802,4.395348837209302
7760,4.743243243243243
40892,4.8161764705882355
13621,4.333333333333333
22158,4.805555555555555
2268,4.431578947368421
102708,4.426229508196721
25145,4.673469387755102
22804,4.662650602409639
26722,4.661764705882353
1516,4.5
70969,4.598214285714286
78186,4.619047619047619
30614,4.754310344827586
45704,4.581818181818182
88349,4.67741935483871
4301,4.521739130434782
48955,4.185185185185185
104175,4.425
108113,4.423076923076923
63638,4.7637795275590555
21193,4.4868421052631575
4990,4.651162790697675
96423,4.448275862068965
108037,4.130434782608695
22729,4.662650602409639
87439,4.3076923076923075
54695,4.416666666666667
45080,4.889655172413793
103298,3.5217391304347827
61161,4.616279069767442
43233,4.642487046632124
10038,4.607142857142857
75375,4.580645161290323
90954,4.471698113207547
20533,4.579787234042553
46365,4.456310679611651
63360,4.58
19689,4.711538461538462
12694,4.544303797468355
60114,4.52
51802,4.423076923076923
55528,4.632911392405063
81493,4.551724137931035
11050,4.4222222222222225
9005,4.673076923076923
77991,4.625
105166,3.9166666666666665
16800,4.714285714285714
74178,4.785714285714286
23857,4.78974358974359
100124,4.290322580645161
45301,4.707964601769912
74407,4.685714285714286
2926,4.659090909090909
13423,4.142857142857143
1846,4.67741935483871
77727,4.611111111111111
99716,4.623529411764705
9473,4.363636363636363
72374,4.633333333333334
64688,4.630434782608695
41921,4.6020408163265305
41610,4.610921501706485
63602,4.7637795275590555
6049,4.488372093023256
16890,4.492957746478873
89283,4.857142857142857
11879,4.21875
55575,4.632911392405063
57753,4.848484848484849
61001,4.541284403669724
9152,4.27027027027027
90683,4.6923076923076925
44393,4.497607655502392
16537,4.7368421052631575
10905,4.5054945054945055
60844,4.458333333333333
80154,4.5675675675675675
2471,4.673267326732673
13953,4.222222222222222
15353,4.483606557377049
79533,4.571428571428571
64922,4.300970873786408
101134,3.6956521739130435
84689,4.72
68292,4.3776223776223775
66879,4.205128205128205
7200,4.648148148148148
98752,4.328947368421052
14112,4.752688172043011
28969,4.628865979381444
73286,4.53125
81073,4.413793103448276
17971,4.613207547169812
9238,4.36
41792,4.6020408163265305
59775,4.25
67418,4.587209302325581
52218,4.459016393442623
92846,4.815789473684211
38014,4.6938775510204085
61730,4.236363636363636
48570,4.419642857142857
69553,4.653846153846154
45244,4.084745762711864
84363,4.855421686746988
44085,4.602739726027397
54321,4.594594594594595
48552,4.419642857142857
75703,4.583333333333333
8372,4.714285714285714
23458,4.4739336492890995
46879,4.6525423728813555
13840,4.625
59247,4.6395348837209305
92422,4.490566037735849
14971,4.329670329670329
39302,4.846456692913386
61895,4.739583333333333
8768,4.3858267716535435
86354,4.568181818181818
13996,4.222222222222222
54947,4.410958904109589
90816,3.96875
26471,4.7
24789,4.2727272727272725
39705,4.846456692913386
81434,4.804878048780488
57083,4.107692307692307
91894,4.468085106382978
25173,4.673469387755102
93440,4.233766233766234
77887,4.7
81067,4.413793103448276
101187,4.5
62444,4.5125
57377,4.53125
101998,4.636363636363637
55381,4.632911392405063
3586,4.444444444444445
13578,4.333333333333333
106085,4.440476190476191
104336,4.564102564102564
94773,3.9375
90898,4.471698113207547
66858,4.205128205128205
28045,4.3896103896103895
92999,4.459016393442623
24314,4.379310344827586
6959,4.391304347826087
68179,4.3776223776223775
272,4.389380530973451
74615,4.52
16827,4.492957746478873
11426,4.528301886792453
76904,4.546511627906977
16681,4.705882352941177
4694,4.5701754385964914
100103,4.290322580645161
33103,4.348837209302325
9404,4.34375
77984,4.625
29053,4.628865979381444
84925,4.783783783783784
41716,4.610921501706485
54550,4.0
103405,4.607142857142857
3078,4.913043478260869
98920,4.461538461538462
41232,4.610921501706485
44375,4.497607655502392
62605,4.391304347826087
14676,4.258064516129032
80438,4.619047619047619
43698,4.1466666666666665
79014,4.449275362318841
1375,4.5
8499,4.6976744186046515
42815,4.478260869565218
71150,4.598214285714286
77981,4.625
31079,4.388888888888889
108010,4.590909090909091
107595,4.575757575757576
35275,4.728155339805825
26556,4.601941747572815
46230,4.456310679611651
102648,4.684684684684685
27367,4.53125
16845,4.492957746478873
105004,4.269230769230769
66221,4.704433497536946
60220,4.391304347826087
82202,4.8743169398907105
90242,4.371428571428571
28406,4.285714285714286
47902,4.209302325581396
60530,4.630769230769231
88641,4.818181818181818
28633,4.2368421052631575
70171,4.483870967741935
51126,4.434782608695652
12076,4.317880794701987
71430,4.693251533742331
95074,4.172413793103448
63694,4.7637795275590555
43272,4.642487046632124
73804,4.384615384615385
2386,4.673267326732673
88784,4.780487804878049
84508,4.518518518518518
29792,4.628205128205129
6103,4.352941176470588
60257,4.354838709677419
87297,4.518518518518518
59533,3.8214285714285716
60460,4.4186046511627906
17059,4.588235294117647
100273,4.0
98277,4.12
103174,4.538461538461538
33861,4.62962962962963
98102,4.32
87875,4.738095238095238
79568,4.571428571428571
67371,4.587209302325581
47760,4.1
98981,4.0
104212,4.425
28911,4.628865979381444
3547,4.444444444444445
65227,4.579439252336448
27881,4.5928571428571425
107108,4.583333333333333
39211,4.684210526315789
53900,4.723404255319149
91833,4.705882352941177
47601,4.704918032786885
44206,4.497607655502392
11285,4.585106382978723
38407,4.244897959183674
95064,4.535211267605634
50197,4.149606299212598
96866,4.56
102143,4.433333333333334
12261,4.575
27751,4.5928571428571425
44887,4.889655172413793
86696,4.583333333333333
74691,4.361111111111111
27449,4.574712643678161
24503,4.423076923076923
88816,4.730769230769231
36074,4.533333333333333
81998,4.640718562874252
66063,4.565217391304348
44467,4.497607655502392
35564,4.7368421052631575
94705,4.481481481481482
26476,4.7
60000,4.076923076923077
99798,4.623529411764705
85929,4.404040404040404
79083,4.83
45165,4.084745762711864
97849,4.245283018867925
17092,4.474226804123711
33402,4.35
52112,4.285714285714286
87602,4.54054054054054
106753,4.702702702702703
106327,4.689655172413793
91322,4.484210526315789
83836,4.662650602409639
70087,4.663461538461538
53421,4.4423076923076925
34277,4.317460317460317
8817,4.3858267716535435
36715,4.7105263157894735
92559,4.634146341463414
38749,4.341269841269841
81662,4.511627906976744
22411,4.662650602409639
76427,4.827338129496403
55731,3.6129032258064515
58083,4.310344827586207
105268,4.8125
14099,4.752688172043011
64649,4.630434782608695
72044,4.037037037037037
38781,4.341269841269841
6656,4.530769230769231
77619,4.5
80726,3.9
46412,4.440944881889764
99080,4.712121212121212
73889,4.384615384615385
26647,4.601941747572815
71291,4.0
32249,4.457516339869281
101139,3.6956521739130435
7242,4.648148148148148
101684,4.608695652173913
11700,4.72
98611,4.428571428571429
50821,4.545454545454546
6769,4.530769230769231
104774,4.468085106382978
107193,4.5625
78577,4.456521739130435
49371,4.344262295081967
28330,4.589743589743589
75590,4.32
51698,4.651515151515151
22972,4.636363636363637
94026,4.478260869565218
38674,4.341269841269841
56460,3.71875
5102,4.111702127659575
12621,4.544303797468355
101155,4.304347826086956
48757,3.7142857142857144
101861,4.3125
74381,4.4125
71160,4.598214285714286
83916,4.662650602409639
87314,4.518518518518518
5971,4.6875
63270,3.979591836734694
33913,4.345864661654136
10395,4.483870967741935
2574,4.526315789473684
7001,4.391304347826087
54134,4.314285714285714
79404,4.5
94383,4.114285714285714
61517,4.487804878048781
22125,4.350877192982456
15783,4.111111111111111
51595,4.678571428571429
104457,4.2407407407407405
38007,4.6938775510204085
37922,4.6938775510204085
9667,4.714285714285714
47978,4.466666666666667
2701,4.527777777777778
98438,4.6521739130434785
15535,3.9361702127659575
61007,4.541284403669724
55295,4.388888888888889
99935,4.4324324324324325
88093,4.472527472527473
13427,4.142857142857143
50435,4.21875
55149,4.466666666666667
73568,4.553719008264463
87164,4.793103448275862
45921,4.581818181818182
65032,4.300970873786408
85937,4.404040404040404
84324,4.855421686746988
102583,4.684684684684685
50229,4.149606299212598
77156,4.25
87664,4.695652173913044
15893,4.481012658227848
76775,4.546511627906977
93034,4.459016393442623
38780,4.341269841269841
10976,4.5054945054945055
76695,4.608695652173913
80642,4.730769230769231
23838,4.78974358974359
97394,4.068965517241379
33771,4.62962962962963
57237,4.514285714285714
50027,4.102564102564102
29526,4.597402597402597
74520,4.787878787878788
94889,4.628571428571429
47708,4.526315789473684
47967,4.209302325581396
38842,4.594594594594595
97734,4.270833333333333
64926,4.300970873786408
52791,3.9038461538461537
97185,4.487804878048781
88859,4.730769230769231
27219,4.516129032258065
30349,4.714285714285714
98750,4.328947368421052
60597,4.630769230769231
11374,4.264150943396227
573,4.647058823529412
66486,4.704433497536946
90671,4.157894736842105
32958,4.631578947368421
34195,4.5588235294117645
7300,4.648148148148148
96818,4.826086956521739
38682,4.341269841269841
88028,4.472527472527473
20616,4.579787234042553
102128,4.433333333333334
73138,4.398230088495575
101658,4.655172413793103
102625,4.684684684684685
94361,4.257142857142857
70558,4.6
2593,4.526315789473684
61316,4.470588235294118
104324,4.564102564102564
56020,4.327272727272727
98897,4.5
6623,4.530769230769231
79196,4.83
69920,4.419354838709677
35558,4.7368421052631575
91509,4.851851851851852
66937,4.25
97241,4.487804878048781
16357,4.60655737704918
64573,4.257142857142857
21517,4.068965517241379
27119,4.576923076923077
104308,4.333333333333333
54384,3.4242424242424243
99663,4.541666666666667
67299,4.587209302325581
99190,4.354838709677419
26358,4.678571428571429
68507,4.0754716981132075
64034,4.230769230769231
92934,4.923076923076923
19277,4.318181818181818
67936,4.666666666666667
102500,4.684684684684685
58234,4.494623655913978
53422,4.4423076923076925
105599,4.384615384615385
36222,4.428571428571429
15839,4.481012658227848
17307,4.463768115942029
100152,4.571428571428571
97254,4.542857142857143
66026,4.625
24130,4.848314606741573
59448,4.112903225806452
12118,4.317880794701987
42773,4.478260869565218
101238,4.035714285714286
46185,4.666666666666667
34238,4.5588235294117645
75958,4.079365079365079
63968,4.415094339622642
62123,4.086956521739131
77435,4.611940298507463
100006,4.344827586206897
81380,4.682926829268292
31884,4.619047619047619
68961,4.75
66828,4.205128205128205
46458,4.440944881889764
67390,4.587209302325581
16076,4.333333333333333
46423,4.440944881889764
107801,4.576923076923077
76925,4.621621621621622
55404,4.632911392405063
42267,4.6125
93925,4.586206896551724
28479,4.3061224489795915
49206,4.469565217391304
33744,4.442622950819672
55131,4.466666666666667
106554,4.483870967741935
24807,4.2727272727272725
23564,4.78974358974359
93650,4.733333333333333
16154,4.5
57072,4.107692307692307
108243,4.625
37562,4.280575539568345
51421,4.506024096385542
65625,4.509090909090909
86427,4.771428571428571
56206,4.6923076923076925
79934,4.310344827586207
93148,4.48
62990,4.597560975609756
20848,4.14
90319,4.53125
54738,4.623376623376624
25384,4.586666666666667
24246,4.442622950819672
30491,4.754310344827586
54390,3.4242424242424243
3155,4.075
6039,4.488372093023256
40404,4.75
93546,4.709677419354839
43704,4.1466666666666665
20517,4.579787234042553
70863,4.225806451612903
71495,4.693251533742331
30562,4.754310344827586
80397,4.60655737704918
14135,4.752688172043011
56833,4.5
51178,4.163934426229508
72421,4.615384615384615
99248,4.8076923076923075
45679,4.581818181818182
57255,4.622641509433962
100845,4.732142857142857
96710,4.3
2324,4.431578947368421
75516,4.32
99581,4.166666666666667
56847,4.5
91969,4.745454545454545
105136,3.9166666666666665
91637,4.507692307692308
52982,4.25
35167,4.728155339805825
19474,4.72
102308,4.384615384615385
96863,4.56
22958,4.636363636363637
30772,4.754310344827586
75490,4.423728813559322
89527,4.589285714285714
409,4.389380530973451
8725,4.3858267716535435
78489,4.71830985915493
106060,4.440476190476191
71328,4.693251533742331
103382,4.4423076923076925
68917,4.75
9561,4.7407407407407405
24924,4.5625
10598,4.462264150943396
107456,4.666666666666667
63512,4.7637795275590555
11365,4.264150943396227
57452,3.8620689655172415
8976,4.673076923076923
36624,4.25
12298,4.203125
90736,4.423076923076923
52216,4.459016393442623
67244,4.587209302325581
71347,4.693251533742331
101609,4.793103448275862
88081,4.472527472527473
84722,4.72
95250,4.454545454545454
94406,4.114285714285714
20606,4.579787234042553
48676,4.35
78153,4.619047619047619
12816,4.65625
35821,4.338983050847458
55017,4.410958904109589
33015,4.631578947368421
97087,4.466666666666667
12355,4.203125
92801,4.666666666666667
2493,4.673267326732673
92587,4.634146341463414
79813,4.862068965517241
3718,4.285714285714286
10366,4.7889908256880735
89411,4.6909090909090905
102843,4.485714285714286
94512,4.461538461538462
9041,4.673076923076923
95646,4.117647058823529
58186,4.310344827586207
3590,4.444444444444445
94926,4.628571428571429
47643,4.704918032786885
105298,4.541666666666667
67466,4.587209302325581
7467,3.92
19841,4.517241379310345
83846,4.662650602409639
197,4.538461538461538
87483,4.3076923076923075
2846,4.557142857142857
55582,4.632911392405063
13608,4.333333333333333
79000,4.449275362318841
77856,4.7
67825,4.46969696969697
64536,4.0344827586206895
84061,4.625
68462,4.0754716981132075
56108,4.6923076923076925
65493,4.6875
81976,4.640718562874252
79430,4.735294117647059
92237,4.536585365853658
38967,4.664893617021277
48648,4.419642857142857
69937,4.419354838709677
44095,4.602739726027397
856,4.189473684210526
62779,4.163265306122449
15978,3.9615384615384617
74599,4.52
57391,4.53125
89301,4.647058823529412
33799,4.62962962962963
4089,4.636363636363637
95299,4.454545454545454
102740,4.426229508196721
24500,4.423076923076923
48513,4.419642857142857
19544,4.72
106179,4.440476190476191
63292,3.979591836734694
60468,4.4186046511627906
53643,4.043478260869565
107710,4.826086956521739
63713,4.348837209302325
32042,4.303030303030303
74830,4.341463414634147
106924,4.458333333333333
42362,4.6125
41713,4.610921501706485
22708,4.662650602409639
1851,4.436842105263158
89496,4.6909090909090905
9658,4.714285714285714
21900,4.739130434782608
57082,4.107692307692307
5169,4.111702127659575
83943,4.6923076923076925
103969,4.269230769230769
2121,4.436842105263158
25760,4.689655172413793
41000,4.175438596491228
106652,4.523809523809524
99258,4.793103448275862
50626,4.545454545454546
65081,4.468085106382978
3084,4.913043478260869
6697,4.530769230769231
19440,4.625
44100,4.602739726027397
42848,4.478260869565218
5305,4.111702127659575
79861,4.435897435897436
101525,4.793103448275862
46723,4.637362637362638
58005,4.28125
4063,4.636363636363637
7484,3.92
72081,4.27027027027027
58697,4.52760736196319
814,4.189473684210526
18015,4.613207547169812
17640,4.6
2865,4.557142857142857
99631,4.535714285714286
45379,4.707964601769912
13923,4.743589743589744
20984,4.448275862068965
87250,4.162162162162162
23535,4.78974358974359
69845,4.275862068965517
25521,4.760869565217392
17357,4.463768115942029
55209,4.466666666666667
74910,4.583333333333333
37232,4.6
13175,4.634146341463414
9325,4.520833333333333
5601,4.630434782608695
59101,4.712765957446808
72789,4.181818181818182
92034,4.745454545454545
104765,4.468085106382978
67992,4.666666666666667
77460,4.611940298507463
43853,4.6440677966101696
27830,4.5928571428571425
28074,4.3896103896103895
21297,4.769230769230769
59635,4.728813559322034
18755,4.673267326732673
64624,4.257142857142857
83623,4.684210526315789
36086,4.533333333333333
82381,4.8743169398907105
14581,4.410256410256411
11635,4.730769230769231
651,4.442622950819672
40347,4.754385964912281
78766,4.64
86057,4.404040404040404
95715,4.260869565217392
56272,4.6923076923076925
54637,4.416666666666667
20014,4.178571428571429
95036,4.535211267605634
74631,4.483870967741935
56850,4.5
6111,4.352941176470588
37155,4.018867924528302
52614,4.478260869565218
47773,4.1
104857,4.844444444444444
104126,4.666666666666667
56510,4.720588235294118
40444,4.75
50257,4.149606299212598
57837,4.204545454545454
53428,4.4423076923076925
55119,4.466666666666667
59320,4.6395348837209305
34884,4.171428571428572
35064,4.582608695652174
51575,4.678571428571429
51711,4.651515151515151
5185,4.111702127659575
15265,4.346938775510204
91122,4.517241379310345
52610,4.478260869565218
53264,4.534883720930233
76261,4.212121212121212
108580,4.844444444444444
5508,4.486111111111111
34028,4.345864661654136
59285,4.6395348837209305
102851,4.485714285714286
94342,4.257142857142857
23172,4.4739336492890995
10936,4.5054945054945055
1437,4.5
7403,4.591549295774648
6725,4.530769230769231
13814,4.625
42209,4.6125
43872,4.6440677966101696
69131,4.626373626373627
73744,4.214285714285714
31288,4.503875968992248
62547,4.530612244897959
41704,4.610921501706485
101657,4.655172413793103
70032,4.663461538461538
101519,4.793103448275862
29417,4.5
34520,4.758620689655173
27598,4.574712643678161
27572,4.574712643678161
78850,3.986666666666667
24163,4.848314606741573
73752,4.214285714285714
26075,4.621848739495798
90557,4.404761904761905
57291,4.622641509433962
77063,4.717948717948718
45191,4.084745762711864
97150,4.414634146341464
66400,4.704433497536946
100237,4.764705882352941
53536,4.4423076923076925
101628,4.655172413793103
100578,4.454545454545454
62093,4.71875
38751,4.341269841269841
45713,4.581818181818182
64881,4.300970873786408
53316,4.534883720930233
4340,4.0754716981132075
42134,4.6125
1036,4.423076923076923
32350,4.457516339869281
37453,4.280575539568345
2834,4.557142857142857
21874,4.739130434782608
82821,4.422535211267606
78460,4.71830985915493
4450,4.102941176470588
78069,4.625
72908,4.4603174603174605
68761,4.704545454545454
60268,4.354838709677419
80281,4.60655737704918
17675,4.6
44697,4.575418994413408
107176,4.5625
38421,4.244897959183674
62114,4.086956521739131
14256,4.923076923076923
104123,4.666666666666667
20446,4.579787234042553
48907,3.8095238095238093
51025,4.4375
57009,4.107692307692307
41976,4.6020408163265305
27580,4.574712643678161
108337,4.610169491525424
36543,4.535885167464115
45197,4.084745762711864
73156,4.398230088495575
62204,4.6
102575,4.684684684684685
8901,4.3858267716535435
62431,4.5125
105919,4.862068965517241
13109,4.6923076923076925
61695,4.236363636363636
105867,4.928571428571429
103322,4.4423076923076925
95778,3.96875
68305,4.3776223776223775
46725,4.637362637362638
58213,4.310344827586207
65174,4.579439252336448
24065,4.848314606741573
58074,4.310344827586207
17304,4.463768115942029
2028,4.436842105263158
72002,4.461538461538462
97012,4.173913043478261
49238,4.469565217391304
55907,4.375
93194,4.48
47201,4.3076923076923075
54198,4.271186440677966
45168,4.084745762711864
14403,4.704545454545454
51840,4.695652173913044
2705,4.527777777777778
52007,4.2727272727272725
80450,4.619047619047619
60219,4.391304347826087
47488,4.302631578947368
50083,4.405405405405405
94829,3.9615384615384617
66267,4.704433497536946
47593,4.704918032786885
88820,4.730769230769231
40867,4.8161764705882355
5495,4.486111111111111
58602,4.386363636363637
9982,4.607142857142857
23136,4.590909090909091
38668,4.341269841269841
7516,4.32258064516129
20000,4.178571428571429
99130,4.173913043478261
87946,4.076923076923077
28254,4.62
47893,4.073170731707317
43295,4.642487046632124
86580,4.8
86881,4.857142857142857
93485,4.233766233766234
62471,4.5125
36212,4.428571428571429
2994,4.8
52258,4.459016393442623
9767,4.68141592920354
68417,4.363636363636363
102379,4.7368421052631575
86340,4.568181818181818
27169,4.714285714285714
81743,4.640718562874252
13158,4.6923076923076925
31292,4.503875968992248
31436,4.439024390243903
6480,4.280701754385965
35431,4.479166666666667
56789,4.4
2919,4.659090909090909
67482,4.428571428571429
43667,4.1466666666666665
36383,4.535885167464115
77415,4.305084745762712
5180,4.111702127659575
97486,4.393939393939394
12990,4.580357142857143
88515,4.679245283018868
98760,4.54054054054054
102811,4.913043478260869
4580,4.514285714285714
55604,4.6521739130434785
87512,4.54054054054054
5952,4.6875
57585,4.742574257425742
24822,4.2727272727272725
93733,4.695652173913044
6289,4.181818181818182
25239,4.673469387755102
91014,4.476190476190476
63574,4.7637795275590555
97387,4.068965517241379
14607,4.410256410256411
79182,4.83
55894,4.375
61048,4.541284403669724
102756,4.426229508196721
17450,4.416666666666667
77881,4.7
15274,4.346938775510204
72974,4.285714285714286
61776,4.464285714285714
10892,4.5054945054945055
3490,4.521739130434782
30434,4.754310344827586
86651,4.75
60312,4.4
105608,4.23404255319149
105060,4.076923076923077
59544,3.8214285714285716
26580,4.601941747572815
66059,4.565217391304348
41001,4.175438596491228
95419,4.608695652173913
51554,4.506024096385542
102194,4.321428571428571
82290,4.8743169398907105
63181,4.230769230769231
57430,4.53125
21442,4.068965517241379
50771,4.545454545454546
21087,4.4868421052631575
80325,4.60655737704918
61322,4.470588235294118
25399,4.586666666666667
89067,4.576923076923077
46730,4.637362637362638
7266,4.648148148148148
61617,4.379310344827586
15050,4.329670329670329
10695,4.443298969072165
50050,4.405405405405405
99045,4.712121212121212
5854,4.6875
30219,4.233333333333333
52253,4.459016393442623
69767,4.395348837209302
13614,4.333333333333333
45725,4.581818181818182
28567,4.84375
61760,4.236363636363636
83034,4.636363636363637
35181,4.728155339805825
47155,4.3076923076923075
98832,4.5
74856,4.341463414634147
52965,4.25
33774,4.62962962962963
30039,4.402298850574713
67195,4.587209302325581
26010,4.621848739495798
33179,4.6
105954,4.323529411764706
56862,4.5
96982,4.515151515151516
11098,4.352941176470588
66197,4.704433497536946
31177,4.478260869565218
60265,4.354838709677419
101437,4.42
105325,4.541666666666667
37080,4.48051948051948
37483,4.280575539568345
57556,4.742574257425742
67746,4.416666666666667
101,4.58
101630,4.655172413793103
22236,4.548387096774194
55883,4.375
33892,4.62962962962963
52895,4.46
12226,4.575
12024,4.317880794701987
61789,4.464285714285714
69170,4.626373626373627
20426,4.579787234042553
36819,4.7105263157894735
33837,4.62962962962963
99866,4.375
11198,4.585106382978723
61809,4.464285714285714
33955,4.345864661654136
71585,4.693251533742331
63021,4.597560975609756
14489,3.953488372093023
68735,4.444444444444445
47607,4.704918032786885
4639,4.5701754385964914
41662,4.610921501706485
90654,4.157894736842105
92241,4.536585365853658
92104,4.875
33742,4.442622950819672
59894,4.529411764705882
105985,4.323529411764706
62082,4.71875
4479,4.102941176470588
100580,4.454545454545454
58663,4.52760736196319
100000,4.344827586206897
40753,4.8161764705882355
62267,4.6
64442,4.405172413793103
102251,4.166666666666667
14353,3.9285714285714284
17381,4.416666666666667
64876,4.300970873786408
37214,4.018867924528302
70868,4.225806451612903
46743,4.637362637362638
42454,4.504424778761062
33199,4.6
43087,4.642487046632124
35914,4.338983050847458
8075,4.544303797468355
92276,4.555555555555555
103394,4.4423076923076925
2370,4.673267326732673
34112,4.345864661654136
4346,4.0754716981132075
61521,4.487804878048781
42989,4.642487046632124
101772,4.695652173913044
39512,4.846456692913386
37208,4.018867924528302
13602,4.333333333333333
36797,4.7105263157894735
38239,4.2809917355371905
51311,4.506024096385542
67156,4.297872340425532
84769,4.575757575757576
9156,4.27027027027027
48894,3.8095238095238093
35777,4.338983050847458
48653,4.419642857142857
23932,4.848314606741573
28023,4.3896103896103895
5814,4.6875
45060,4.889655172413793
55453,4.632911392405063
64800,4.512195121951219
16120,4.5
42956,4.5675675675675675
57952,4.708333333333333
37136,4.018867924528302
49044,4.130434782608695
45,4.58
59611,4.728813559322034
17594,4.857142857142857
34801,4.36
80168,4.5675675675675675
9768,4.68141592920354
36548,4.535885167464115
31727,4.619047619047619
84708,4.72
46623,4.637362637362638
37356,4.4655172413793105
35517,4.7368421052631575
77784,4.611111111111111
60157,4.391304347826087
75919,4.079365079365079
13598,4.333333333333333
47822,4.1
89167,4.5
105856,4.928571428571429
54183,4.379310344827586
39449,4.846456692913386
12865,4.580357142857143
68245,4.3776223776223775
11899,4.5
60793,4.333333333333333
63420,3.9555555555555557
86401,4.771428571428571
47676,4.526315789473684
31812,4.619047619047619
32721,4.318181818181818
75364,4.580645161290323
27364,4.53125
49526,4.4324324324324325
59226,4.346153846153846
1975,4.436842105263158
3387,4.12987012987013
90352,4.53125
43274,4.642487046632124
8664,4.684210526315789
50185,4.149606299212598
87437,4.3076923076923075
101596,4.793103448275862
40969,4.175438596491228
41908,4.6020408163265305
9126,4.27027027027027
95790,3.96875
83086,4.636363636363637
5621,4.630434782608695
95780,3.96875
92547,4.564102564102564
64109,4.359375
60481,4.4186046511627906
85521,4.617647058823529
87435,4.3076923076923075
63552,4.7637795275590555
36275,4.535885167464115
43901,4.6440677966101696
85831,4.540983606557377
80271,4.60655737704918
60711,4.647058823529412
24610,4.0638297872340425
20151,4.712765957446808
71710,4.440677966101695
52661,4.413793103448276
76067,4.079365079365079
59288,4.6395348837209305
21917,4.387096774193548
85950,4.404040404040404
68431,4.363636363636363
7698,4.606060606060606
3725,4.285714285714286
66475,4.704433497536946
98022,4.618181818181818
47184,4.3076923076923075
47072,4.32
105183,4.703703703703703
86007,4.404040404040404
63862,4.485714285714286
98713,4.328947368421052
98439,4.6521739130434785
96433,4.448275862068965
18103,4.613207547169812
38988,4.664893617021277
777,4.605263157894737
70088,4.663461538461538
24671,4.382978723404255
30655,4.754310344827586
40560,4.654545454545454
32043,4.303030303030303
4106,4.636363636363637
102184,4.321428571428571
85881,4.540983606557377
75723,4.583333333333333
55299,4.388888888888889
87409,4.5
34491,4.758620689655173
100714,4.391304347826087
100906,4.578947368421052
68215,4.3776223776223775
41812,4.6020408163265305
18614,4.673267326732673
12819,4.65625
44928,4.889655172413793
87697,4.695652173913044
42523,4.504424778761062
53448,4.4423076923076925
101092,4.388888888888889
24114,4.848314606741573
45180,4.084745762711864
12763,4.571428571428571
3500,4.521739130434782
105370,4.5
104351,4.564102564102564
91691,4.951219512195122
2419,4.673267326732673
30624,4.754310344827586
101955,4.636363636363637
71069,4.598214285714286
20049,4.712765957446808
24713,4.382978723404255
82478,4.8743169398907105
20715,4.719512195121951
100963,4.578947368421052
98678,4.328947368421052
28750,4.433333333333334
23962,4.848314606741573
24426,4.54
93306,4.758620689655173
42053,4.6020408163265305
104304,4.333333333333333
19914,3.9322033898305087
66367,4.704433497536946
46932,4.6525423728813555
52003,4.2727272727272725
29213,4.366197183098592
2775,4.557142857142857
26983,4.394736842105263
58163,4.310344827586207
31936,4.303030303030303
38311,4.2809917355371905
5018,4.651162790697675
100471,4.454545454545454
23088,4.590909090909091
59606,4.728813559322034
45676,4.581818181818182
44355,4.497607655502392
98961,4.0
73784,4.384615384615385
37198,4.018867924528302
12898,4.580357142857143
81932,4.640718562874252
60073,4.516129032258065
33983,4.345864661654136
44109,4.602739726027397
107050,4.484848484848484
27928,4.5928571428571425
82619,4.714285714285714
40887,4.8161764705882355
8340,4.714285714285714
103339,4.4423076923076925
9314,4.520833333333333
65391,4.811320754716981
2502,4.673267326732673
93535,4.709677419354839
102643,4.684684684684685
79461,4.735294117647059
78301,4.653333333333333
72194,4.414634146341464
92416,4.490566037735849
40610,4.654545454545454
2405,4.673267326732673
14425,4.704545454545454
33776,4.62962962962963
1415,4.5
9884,4.68141592920354
87929,4.738095238095238
20347,4.579787234042553
75791,4.285714285714286
59532,3.8214285714285716
97965,4.764705882352941
101022,4.45945945945946
34758,4.15625
66088,4.333333333333333
16201,4.5
55091,4.466666666666667
84555,4.453125
14900,4.329670329670329
101785,4.695652173913044
89844,4.43859649122807
44810,4.575418994413408
20962,4.638888888888889
44755,4.575418994413408
36146,4.62962962962963
39076,4.664893617021277
30335,4.714285714285714
99043,4.712121212121212
28522,4.3061224489795915
44199,4.497607655502392
75134,4.64
79477,4.666666666666667
65319,4.811320754716981
83286,4.657894736842105
18820,4.575757575757576
15904,4.481012658227848
42357,4.6125
107783,4.576923076923077
47520,4.302631578947368
6419,4.280701754385965
90726,4.423076923076923
12914,4.580357142857143
20060,4.712765957446808
78812,3.986666666666667
95433,4.608695652173913
55079,4.466666666666667
15885,4.481012658227848
35500,4.7368421052631575
69431,4.588235294117647
48951,4.185185185185185
21710,4.433962264150943
61739,4.236363636363636
42781,4.478260869565218
786,4.605263157894737
9751,4.68141592920354
70383,4.338983050847458
86432,4.7727272727272725
61595,4.379310344827586
74805,4.341463414634147
63130,4.534883720930233
68016,4.666666666666667
80876,4.3076923076923075
54533,4.0
25715,4.689655172413793
66574,4.621212121212121
23435,4.4739336492890995
67360,4.587209302325581
31953,4.303030303030303
103340,4.4423076923076925
14517,3.953488372093023
97203,4.487804878048781
4815,4.651162790697675
26966,4.142857142857143
23085,4.590909090909091
6664,4.530769230769231
734,4.605263157894737
22663,4.662650602409639
52516,3.951219512195122
60092,4.516129032258065
104157,4.666666666666667
82575,4.642857142857143
59853,4.529411764705882
74962,4.375
22883,4.265822784810126
34941,4.582608695652174
32022,4.303030303030303
53251,4.534883720930233
6619,4.530769230769231
82020,4.640718562874252
53345,4.534883720930233
18762,4.673267326732673
43394,4.860294117647059
21604,4.297872340425532
34468,4.2
70164,4.483870967741935
99331,4.6415094339622645
22689,4.662650602409639
68896,4.75
55741,3.6129032258064515
98115,4.32
44896,4.889655172413793
32590,4.741007194244604
107944,4.590909090909091
93398,4.233766233766234
98465,4.775
102513,4.684684684684685
59151,4.712765957446808
18766,4.673267326732673
96445,4.448275862068965
73550,4.553719008264463
43498,4.860294117647059
80146,4.5675675675675675
71225,4.56140350877193
49449,4.344262295081967
58257,4.494623655913978
99544,4.166666666666667
34391,4.7105263157894735
80094,4.5675675675675675
5194,4.111702127659575
41311,4.610921501706485
58970,4.16
50007,4.102564102564102
53408,4.4423076923076925
59966,4.076923076923077
105630,4.23404255319149
90947,4.471698113207547
40393,4.754385964912281
12759,4.571428571428571
5787,4.6875
31781,4.619047619047619
91471,4.484210526315789
48477,4.419642857142857
42231,4.6125
88381,4.375
31726,4.619047619047619
92974,4.566666666666666
8201,4.285714285714286
8380,4.714285714285714
74668,4.483870967741935
95824,4.166666666666667
100070,4.0
13750,4.709677419354839
5664,4.630434782608695
99127,4.173913043478261
19804,4.517241379310345
83144,4.529411764705882
6622,4.530769230769231
57655,4.742574257425742
18822,4.575757575757576
44582,4.575418994413408
42200,4.6125
56120,4.6923076923076925
31754,4.619047619047619
53153,4.621212121212121
79250,4.446428571428571
1512,4.5
60814,4.333333333333333
101325,4.642857142857143
92512,4.564102564102564
43216,4.642487046632124
41086,4.404255319148936
37901,4.835164835164835
96046,4.4324324324324325
20582,4.579787234042553
104758,4.468085106382978
77599,4.5
6141,4.352941176470588
47778,4.1
65701,4.509090909090909
62230,4.6
54187,4.379310344827586
95641,4.117647058823529
55963,4.327272727272727
45981,4.666666666666667
25338,4.806451612903226
2495,4.673267326732673
108284,4.610169491525424
31205,4.503875968992248
3933,4.827586206896552
73902,4.384615384615385
105112,4.583333333333333
101712,4.608695652173913
91535,4.625
4860,4.651162790697675
6225,4.440677966101695
35884,4.338983050847458
16593,4.475
35235,4.728155339805825
43314,4.642487046632124
91845,4.705882352941177
67901,4.541666666666667
10888,4.5054945054945055
51624,4.651515151515151
68321,4.3776223776223775
26571,4.601941747572815
25067,4.08
60104,4.516129032258065
996,4.333333333333333
8566,4.6976744186046515
91392,4.484210526315789
27492,4.574712643678161
43994,4.1875
23112,4.590909090909091
74372,4.4125
94820,3.9615384615384617
47377,4.081967213114754
103568,4.463414634146342
34427,4.7105263157894735
74834,4.341463414634147
261,4.389380530973451
4581,4.514285714285714
93139,4.48
95680,4.482758620689655
41594,4.610921501706485
18703,4.673267326732673
4231,4.423076923076923
58408,4.185185185185185
41331,4.610921501706485
99937,4.4324324324324325
81413,4.804878048780488
4169,4.371428571428571
849,4.189473684210526
2657,4.428571428571429
24872,4.2727272727272725
42683,4.4646464646464645
90618,4.157894736842105
49391,4.344262295081967
28811,4.433333333333334
26411,4.7
48251,4.621951219512195
26034,4.621848739495798
5855,4.6875
56753,4.4
84404,4.490566037735849
13061,4.6
19533,4.72
28389,4.285714285714286
33550,4.411764705882353
53038,4.25
39429,4.846456692913386
90622,4.157894736842105
64389,4.405172413793103
93629,4.733333333333333
105851,4.928571428571429
75472,4.423728813559322
75763,4.285714285714286
73132,4.398230088495575
64917,4.300970873786408
101079,4.388888888888889
5717,4.630434782608695
36747,4.7105263157894735
62433,4.5125
100058,4.0
62778,4.163265306122449
20911,4.638888888888889
55684,3.891891891891892
20595,4.579787234042553
29869,4.155172413793103
92464,4.36
99727,4.623529411764705
102463,4.814814814814815
43418,4.860294117647059
34178,4.517241379310345
92157,4.875
95891,4.283018867924528
96557,4.564102564102564
77017,4.944444444444445
58430,4.185185185185185
40823,4.8161764705882355
39479,4.846456692913386
30251,4.2727272727272725
85055,4.739726027397261
72201,4.414634146341464
91238,4.314285714285714
26852,4.475
86704,4.583333333333333
8946,4.673076923076923
90408,4.515151515151516
95150,4.3023255813953485
25755,4.689655172413793
107122,4.583333333333333
71497,4.693251533742331
29315,4.366197183098592
28288,4.62
19800,4.517241379310345
62629,4.391304347826087
61134,4.616279069767442
102325,4.384615384615385
56580,4.720588235294118
3798,4.538461538461538
63569,4.7637795275590555
53145,4.621212121212121
9954,4.607142857142857
108383,4.610169491525424
68991,4.269230769230769
94155,4.67741935483871
64178,4.359375
29195,4.628865979381444
103728,4.27027027027027
100136,4.571428571428571
53973,4.576923076923077
71035,4.598214285714286
55252,4.466666666666667
4856,4.651162790697675
11279,4.585106382978723
5946,4.6875
41769,4.6020408163265305
48989,4.185185185185185
75803,4.285714285714286
68895,4.75
46703,4.637362637362638
26268,4.782608695652174
16989,4.588235294117647
108126,4.423076923076923
83688,4.627450980392157
34611,4.778688524590164
68335,4.3776223776223775
83239,4.657894736842105
5868,4.6875
54355,4.594594594594595
40701,4.26
93422,4.233766233766234
26880,4.303030303030303
77829,4.472222222222222
9223,4.36
73400,4.553719008264463
13108,4.6923076923076925
13668,4.333333333333333
2476,4.673267326732673
71344,4.693251533742331
28736,4.433333333333334
47274,4.3076923076923075
195,4.538461538461538
22217,4.548387096774194
21430,4.851851851851852
28069,4.3896103896103895
98628,4.328947368421052
52353,4.266666666666667
49118,4.469565217391304
103867,4.27906976744186
21839,4.739130434782608
36678,4.333333333333333
79367,4.5
61226,4.616279069767442
50955,4.428571428571429
85728,4.71875
34084,4.345864661654136
73857,4.384615384615385
41152,4.525
63072,4.597560975609756
75031,4.534883720930233
36707,4.333333333333333
55109,4.466666666666667
10761,4.443298969072165
25085,4.08
59756,4.25
83745,4.321428571428571
57208,4.514285714285714
76499,4.827338129496403
2478,4.673267326732673
60127,4.52
69055,4.626373626373627
86235,4.595238095238095
68205,4.3776223776223775
27697,4.5928571428571425
47381,4.081967213114754
63389,4.58
24045,4.848314606741573
35014,4.582608695652174
57961,4.28125
16507,4.177777777777778
41068,4.404255319148936
80030,4.666666666666667
63511,4.7637795275590555
90802,3.96875
94387,4.114285714285714
61124,4.616279069767442
91490,4.851851851851852
37293,4.6
30873,4.28
41245,4.610921501706485
77181,4.25
62244,4.6
46661,4.637362637362638
31308,4.503875968992248
89326,4.647058823529412
78085,4.625
15621,4.642857142857143
42826,4.478260869565218
28728,4.433333333333334
76101,4.814285714285714
10565,4.462264150943396
9633,4.619047619047619
106879,4.416666666666667
86159,4.6976744186046515
33979,4.345864661654136
49245,4.469565217391304
100600,4.518518518518518
99695,4.623529411764705
14439,4.704545454545454
14176,4.752688172043011
27349,4.53125
94436,4.114285714285714
14515,3.953488372093023
102217,4.166666666666667
101029,4.45945945945946
65046,4.468085106382978
93349,4.758620689655173
60314,4.4
76019,4.079365079365079
20360,4.579787234042553
70066,4.663461538461538
85878,4.540983606557377
95627,4.117647058823529
38726,4.341269841269841
79751,4.340909090909091
77296,4.86
70567,4.6
33558,4.411764705882353
6937,4.391304347826087
33420,4.35
17014,4.588235294117647
58367,4.494623655913978
50952,4.428571428571429
70530,4.6
16703,4.705882352941177
93525,4.709677419354839
2302,4.431578947368421
96098,4.611111111111111
43697,4.1466666666666665
3312,4.12987012987013
39327,4.846456692913386
101922,4.458333333333333
103189,4.538461538461538
73995,4.391304347826087
56913,4.257142857142857
93041,4.459016393442623
9644,4.619047619047619
41062,4.404255319148936
104412,4.513513513513513
88487,4.679245283018868
93987,4.423076923076923
72479,4.831325301204819
75416,4.423728813559322
8023,4.544303797468355
106324,4.689655172413793
96615,3.9344262295081966
17349,4.463768115942029
59665,4.456521739130435
99579,4.166666666666667
4019,4.73469387755102
106906,4.458333333333333
51219,4.163934426229508
78211,4.619047619047619
3164,4.1923076923076925
68000,4.666666666666667
13336,4.821428571428571
804,4.189473684210526
24409,4.54
51583,4.678571428571429
26737,4.661764705882353
42422,4.504424778761062
36777,4.7105263157894735
11047,4.4222222222222225
44241,4.497607655502392
31175,4.478260869565218
67987,4.666666666666667
66434,4.704433497536946
46776,4.6525423728813555
61000,4.541284403669724
51347,4.506024096385542
94569,4.6923076923076925
107656,4.76
79134,4.83
57011,4.107692307692307
1045,4.423076923076923
47061,4.32
69940,4.419354838709677
64166,4.359375
71774,4.440677966101695
9802,4.68141592920354
100554,4.454545454545454
79782,4.340909090909091
87174,4.269230769230769
96,4.58
12854,4.580357142857143
82429,4.8743169398907105
46992,4.59375
62603,4.391304347826087
67791,4.46969696969697
48684,4.35
22849,4.265822784810126
89091,4.576923076923077
77832,4.472222222222222
75989,4.079365079365079
8943,4.673076923076923
82683,4.423076923076923
79993,4.666666666666667
13779,4.709677419354839
4024,4.73469387755102
58426,4.185185185185185
96715,4.3
16223,4.5
80196,4.5675675675675675
73986,4.391304347826087
70867,4.225806451612903
94142,4.67741935483871
32730,4.318181818181818
6136,4.352941176470588
103941,4.933333333333334
55827,4.2926829268292686
22707,4.662650602409639
45504,4.435897435897436
14333,4.346153846153846
10337,4.7889908256880735
13522,4.861538461538461
106601,4.363636363636363
29495,4.597402597402597
81736,4.640718562874252
76297,4.454545454545454
91208,4.314285714285714
20103,4.712765957446808
102931,4.478260869565218
98593,4.428571428571429
60400,4.684210526315789
96525,4.564102564102564
72020,4.037037037037037
51346,4.506024096385542
56572,4.720588235294118
76182,4.814285714285714
38795,4.594594594594595
96953,4.515151515151516
23796,4.78974358974359
17515,4.482758620689655
105944,4.323529411764706
57558,4.742574257425742
30625,4.754310344827586
19488,4.72
103224,4.096774193548387
26258,4.782608695652174
32429,4.457516339869281
86376,4.771428571428571
48141,4.621951219512195
60041,4.076923076923077
19753,4.711538461538462
96372,4.351351351351352
96848,4.56
23013,4.636363636363637
65338,4.811320754716981
43555,4.860294117647059
87136,4.793103448275862
27324,4.53125
74074,4.785714285714286
1337,4.5
60051,4.076923076923077
97040,4.173913043478261
39690,4.846456692913386
74172,4.785714285714286
100947,4.578947368421052
26290,4.366666666666666
68900,4.75
42029,4.6020408163265305
44504,4.497607655502392
89061,4.576923076923077
12772,4.65625
97397,4.068965517241379
77970,4.625
101362,4.681818181818182
90888,4.471698113207547
18227,4.613207547169812
36051,4.533333333333333
3213,4.176470588235294
58345,4.494623655913978
45156,4.084745762711864
48226,4.621951219512195
43291,4.642487046632124
64117,4.359375
5467,4.486111111111111
87037,4.634146341463414
78414,4.538461538461538
42197,4.6125
63811,4.739130434782608
28402,4.285714285714286
10270,4.7889908256880735
55870,4.2926829268292686
58858,4.52760736196319
60633,4.125
8341,4.714285714285714
53302,4.534883720930233
100914,4.578947368421052
48977,4.185185185185185
2002,4.436842105263158
40011,4.5
97787,4.365853658536586
62056,4.71875
10930,4.5054945054945055
94830,3.9615384615384617
40920,4.8161764705882355
95099,4.172413793103448
30249,4.2727272727272725
49645,4.439024390243903
40594,4.654545454545454
57199,4.514285714285714
11760,4.46875
32322,4.457516339869281
40396,4.75
96015,3.923076923076923
46438,4.440944881889764
99878,4.4324324324324325
88138,4.472527472527473
29951,4.402298850574713
90457,4.666666666666667
19314,4.780487804878049
40619,4.654545454545454
88533,4.679245283018868
51982,4.2727272727272725
39127,4.664893617021277
104387,4.564102564102564
15150,4.782608695652174
95496,4.153846153846154
58768,4.52760736196319
10564,4.462264150943396
24525,4.423076923076923
22723,4.662650602409639
94837,3.9615384615384617
56509,4.720588235294118
95026,4.535211267605634
89226,4.5
72260,4.414634146341464
53829,4.398058252427185
62650,4.488888888888889
70436,4.682926829268292
29922,4.402298850574713
60733,4.647058823529412
34548,4.778688524590164
79902,4.435897435897436
95678,4.482758620689655
68113,4.590909090909091
82748,4.433333333333334
98687,4.328947368421052
100089,4.290322580645161
36368,4.535885167464115
81208,4.375
959,4.189473684210526
86348,4.568181818181818
12221,4.575
13928,4.743589743589744
12613,4.544303797468355
51117,4.4375
36096,4.533333333333333
78141,4.619047619047619
77054,4.717948717948718
71073,4.598214285714286
42023,4.6020408163265305
9375,4.34375
81503,4.551724137931035
99034,4.712121212121212
71272,4.0
93348,4.758620689655173
90556,4.404761904761905
2981,4.8
51710,4.651515151515151
29421,4.5
95038,4.535211267605634
92733,4.724137931034483
73197,4.398230088495575
69688,4.653846153846154
10138,4.541666666666667
84145,4.604651162790698
14399,4.704545454545454
41912,4.6020408163265305
74847,4.341463414634147
48072,3.757575757575758
66058,4.565217391304348
92309,4.730769230769231
64557,4.0344827586206895
38123,4.150943396226415
7082,4.552238805970149
82218,4.8743169398907105
4937,4.651162790697675
20625,4.579787234042553
35258,4.728155339805825
1110,4.214285714285714
3854,4.03030303030303
62606,4.391304347826087
11144,4.585106382978723
28980,4.628865979381444
39976,4.483870967741935
76744,4.608695652173913
1526,4.5
1791,4.09375
52726,3.9038461538461537
50676,4.545454545454546
14527,3.953488372093023
50052,4.405405405405405
96513,4.564102564102564
107138,4.583333333333333
42726,4.4646464646464645
56186,4.6923076923076925
20465,4.579787234042553
81098,4.631578947368421
53211,4.621212121212121
81357,4.682926829268292
23494,4.4739336492890995
34570,4.778688524590164
59914,4.529411764705882
30974,4.62
69111,4.626373626373627
43546,4.860294117647059
91791,4.705882352941177
88282,4.766666666666667
53402,4.4423076923076925
4611,4.5701754385964914
20422,4.579787234042553
44512,4.497607655502392
62867,3.9272727272727272
78485,4.71830985915493
85583,4.74468085106383
107522,4.575757575757576
28942,4.628865979381444
99088,4.712121212121212
26121,4.621848739495798
67464,4.587209302325581
46829,4.6525423728813555
77813,4.472222222222222
76794,4.546511627906977
86088,4.404040404040404
25479,4.586666666666667
99529,4.407407407407407
60540,4.630769230769231
86097,4.681818181818182
35568,4.7368421052631575
28768,4.433333333333334
43041,4.642487046632124
89002,4.576923076923077
84497,4.518518518518518
45964,4.666666666666667
89510,4.589285714285714
101421,4.42
34281,4.317460317460317
79718,4.378378378378378
58678,4.52760736196319
43251,4.642487046632124
94956,4.535211267605634
98751,4.328947368421052
76962,4.621621621621622
8693,4.684210526315789
68125,4.590909090909091
39626,4.846456692913386
102636,4.684684684684685
75182,4.882352941176471
67803,4.46969696969697
91995,4.745454545454545
103949,4.933333333333334
50708,4.545454545454546
30529,4.754310344827586
77000,4.944444444444445
56387,4.476923076923077
91492,4.851851851851852
40811,4.8161764705882355
7925,4.743243243243243
83290,4.657894736842105
81725,4.511627906976744
15291,4.483606557377049
69707,4.653846153846154
82087,4.6
86739,4.583333333333333
98966,4.0
88780,4.780487804878049
98131,4.32
103768,4.375
31216,4.503875968992248
31285,4.503875968992248
10835,4.5054945054945055
11607,4.341772151898734
74892,4.583333333333333
76199,4.814285714285714
40082,4.275862068965517
85003,4.739726027397261
78284,4.653333333333333
39935,4.483870967741935
49752,4.476744186046512
37438,4.280575539568345
24658,4.0638297872340425
18619,4.673267326732673
68071,4.357142857142857
59558,4.728813559322034
100531,4.454545454545454
41958,4.6020408163265305
84377,4.855421686746988
68667,4.7317073170731705
62735,4.163265306122449
91572,4.507692307692308
23388,4.4739336492890995
63272,3.979591836734694
10779,4.443298969072165
16726,4.576923076923077
62775,4.163265306122449
80983,4.628571428571429
43287,4.642487046632124
20402,4.579787234042553
45814,4.581818181818182
46190,4.456310679611651
99681,4.541666666666667
82755,4.433333333333334
104863,4.844444444444444
52540,3.951219512195122
91661,4.507692307692308
43140,4.642487046632124
6576,4.478260869565218
95728,4.260869565217392
76263,4.212121212121212
40108,4.275862068965517
86839,4.857142857142857
5346,4.111702127659575
97669,4.391304347826087
15085,4.333333333333333
21505,4.068965517241379
34716,4.778688524590164
27911,4.5928571428571425
79277,4.446428571428571
47945,4.209302325581396
100779,4.732142857142857
94047,4.478260869565218
55742,3.6129032258064515
67748,4.416666666666667
52136,4.285714285714286
70044,4.663461538461538
82972,4.393939393939394
89767,4.46969696969697
202,4.538461538461538
1340,4.5
90205,4.580645161290323
26901,4.303030303030303
22891,4.265822784810126
2414,4.673267326732673
32486,4.741007194244604
71370,4.693251533742331
24104,4.848314606741573
96663,3.9344262295081966
22551,4.660714285714286
82016,4.640718562874252
74366,4.4125
27463,4.574712643678161
3662,4.162162162162162
25084,4.08
104484,4.2407407407407405
81892,4.640718562874252
93425,4.233766233766234
49126,4.469565217391304
85823,4.540983606557377
32455,4.457516339869281
46766,4.6525423728813555
41419,4.610921501706485
52964,4.25
19350,4.780487804878049
72647,4.531914893617022
70803,4.28
103348,4.4423076923076925
105967,4.323529411764706
96759,4.592592592592593
107368,4.696969696969697
78546,4.71830985915493
53843,4.398058252427185
48804,4.6521739130434785
105310,4.541666666666667
1407,4.5
39762,4.044943820224719
45658,4.581818181818182
30688,4.754310344827586
83252,4.657894736842105
10722,4.443298969072165
64647,4.630434782608695
24771,4.2727272727272725
71948,4.461538461538462
32658,4.741007194244604
84260,4.855421686746988
28749,4.433333333333334
15511,3.9361702127659575
71930,3.869565217391304
79608,4.2926829268292686
30556,4.754310344827586
4780,4.5701754385964914
6635,4.530769230769231
103505,4.621621621621622
54544,4.0
101247,4.035714285714286
24311,4.379310344827586
4048,4.73469387755102
16769,4.714285714285714
95286,4.454545454545454
79959,4.310344827586207
30722,4.754310344827586
49531,4.4324324324324325
76772,4.546511627906977
103372,4.4423076923076925
843,4.189473684210526
98462,4.775
14032,4.222222222222222
46867,4.6525423728813555
90131,4.346153846153846
103828,4.27906976744186
103956,4.933333333333334
49894,4.40625
56168,4.6923076923076925
21736,4.409090909090909
16783,4.714285714285714
79249,4.83
105590,4.384615384615385
3396,4.12987012987013
29890,4.155172413793103
45895,4.581818181818182
75399,4.580645161290323
139,4.538461538461538
91599,4.507692307692308
91901,4.468085106382978
1771,4.09375
24460,4.54
93234,4.714285714285714
67872,4.46969696969697
99790,4.623529411764705
39528,4.846456692913386
52815,4.435897435897436
3307,4.12987012987013
30842,4.28
98682,4.328947368421052
37415,4.4655172413793105
105958,4.323529411764706
48963,4.185185185185185
81841,4.640718562874252
55978,4.327272727272727
68756,4.704545454545454
55371,4.632911392405063
10521,4.462264150943396
28039,4.3896103896103895
37658,4.280575539568345
44068,4.602739726027397
22690,4.662650602409639
73983,4.391304347826087
91086,4.7272727272727275
18832,4.379310344827586
92303,4.730769230769231
66674,4.037037037037037
22441,4.662650602409639
150,4.538461538461538
105691,4.545454545454546
88417,4.59375
48808,4.6521739130434785
97344,4.260869565217392
13727,4.333333333333333
18254,4.613207547169812
30865,4.28
77441,4.611940298507463
89224,4.5
87950,4.076923076923077
86807,4.4411764705882355
92656,4.8
77583,4.5
72794,4.181818181818182
15311,4.483606557377049
40055,4.5
34336,4.317460317460317
54219,4.271186440677966
48085,4.433333333333334
76207,4.814285714285714
24325,4.379310344827586
36465,4.535885167464115
44954,4.889655172413793
99410,4.363636363636363
46747,4.637362637362638
103319,4.4423076923076925
16774,4.714285714285714
33330,4.594594594594595
45207,4.084745762711864
38158,4.150943396226415
40189,4.357142857142857
93023,4.459016393442623
10247,4.7889908256880735
28165,4.5
70067,4.663461538461538
3221,4.176470588235294
37744,4.485714285714286
17569,4.857142857142857
4369,4.0754716981132075
63244,3.979591836734694
69246,4.607142857142857
32066,4.303030303030303
19464,4.625
75208,4.882352941176471
77537,4.611940298507463
93074,4.459016393442623
34347,4.317460317460317
33171,4.6
25328,4.806451612903226
15560,3.9361702127659575
39570,4.846456692913386
23699,4.78974358974359
56837,4.5
106703,4.166666666666667
91149,4.56
10495,4.462264150943396
62556,4.530612244897959
34724,4.778688524590164
46148,4.666666666666667
39612,4.846456692913386
62182,4.428571428571429
106416,4.64
38105,4.150943396226415
28167,4.5
69601,4.653846153846154
54462,4.53125
31682,4.619047619047619
25474,4.586666666666667
20125,4.712765957446808
101695,4.608695652173913
76585,4.491525423728813
31713,4.619047619047619
30755,4.754310344827586
31804,4.619047619047619
30032,4.402298850574713
106603,4.363636363636363
31729,4.619047619047619
997,4.333333333333333
15527,3.9361702127659575
31418,4.439024390243903
15537,3.9361702127659575
52531,3.951219512195122
100737,4.086956521739131
14879,4.714285714285714
65099,4.468085106382978
84261,4.855421686746988
86631,4.75
47889,4.073170731707317
99395,4.6415094339622645
49758,4.476744186046512
38417,4.244897959183674
59407,4.112903225806452
6207,4.440677966101695
974,4.333333333333333
48047,3.757575757575758
76968,4.621621621621622
101951,4.636363636363637
26889,4.303030303030303
10470,4.462264150943396
87476,4.3076923076923075
84008,4.4411764705882355
57413,4.53125
31274,4.503875968992248
34176,4.517241379310345
48178,4.621951219512195
19867,4.517241379310345
30936,4.28
32566,4.741007194244604
25332,4.806451612903226
52645,4.454545454545454
40716,4.26
620,4.442622950819672
101585,4.793103448275862
54186,4.379310344827586
54494,4.0
12812,4.65625
64671,4.630434782608695
93981,4.423076923076923
84076,4.296296296296297
10796,4.443298969072165
78585,4.456521739130435
58906,4.52760736196319
67030,4.51063829787234
8231,4.256410256410256
53947,4.576923076923077
24059,4.848314606741573
47887,4.073170731707317
22201,4.805555555555555
14382,3.9285714285714284
11069,4.352941176470588
85640,4.583333333333333
36820,4.7105263157894735
21447,4.068965517241379
84861,4.660377358490566
7243,4.648148148148148
44325,4.497607655502392
88193,4.162162162162162
77642,4.5
35111,4.728155339805825
246,4.389380530973451
56175,4.6923076923076925
83691,4.627450980392157
88173,4.162162162162162
8381,4.714285714285714
75604,4.32
85581,4.74468085106383
54612,4.365853658536586
70698,4.705882352941177
61882,4.739583333333333
69276,4.607142857142857
44441,4.497607655502392
59889,4.529411764705882
102390,4.7368421052631575
5233,4.111702127659575
77998,4.625
106734,4.166666666666667
22772,4.662650602409639
24138,4.848314606741573
49317,4.4324324324324325
101203,4.5
21165,4.4868421052631575
82869,4.422535211267606
85624,4.583333333333333
18885,4.379310344827586
38271,4.2809917355371905
78087,4.625
1222,4.633333333333334
71591,4.693251533742331
21801,4.409090909090909
30087,4.5625
79708,4.378378378378378
77667,4.5
9859,4.68141592920354
16742,4.576923076923077
68692,4.7317073170731705
89982,4.717391304347826
36896,4.7105263157894735
102247,4.166666666666667
15758,4.111111111111111
25618,4.560975609756097
14800,4.575342465753424
91487,4.851851851851852
9896,4.68141592920354
4402,4.0754716981132075
104492,4.2407407407407405
73812,4.384615384615385
43135,4.642487046632124
23292,4.4739336492890995
89662,4.46969696969697
15795,4.5
50631,4.545454545454546
73834,4.384615384615385
29283,4.366197183098592
97273,4.542857142857143
41286,4.610921501706485
33927,4.345864661654136
37228,4.6
71385,4.693251533742331
54164,4.379310344827586
100065,4.0
30084,4.5625
46464,4.440944881889764
21625,4.433962264150943
100654,4.391304347826087
98400,4.269230769230769
9497,4.363636363636363
17224,4.474226804123711
38156,4.150943396226415
67335,4.587209302325581
90425,4.515151515151516
6396,4.280701754385965
94085,4.0
98947,4.0
7970,4.743243243243243
97196,4.487804878048781
41315,4.610921501706485
15363,4.483606557377049
85256,4.868421052631579
464,4.464285714285714
88574,4.818181818181818
49033,4.72
16472,4.177777777777778
3602,4.444444444444445
75147,4.64
86950,4.642857142857143
81902,4.640718562874252
28388,4.285714285714286
89904,4.48936170212766
95966,3.923076923076923
82567,4.642857142857143
23413,4.4739336492890995
36674,4.333333333333333
100270,4.0
20645,4.719512195121951
12734,4.571428571428571
10243,4.7889908256880735
74572,4.787878787878788
107146,4.5625
12703,4.544303797468355
81280,4.541666666666667
45013,4.889655172413793
74090,4.785714285714286
28797,4.433333333333334
7312,4.648148148148148
101340,4.681818181818182
5722,4.630434782608695
62590,4.530612244897959
37134,4.018867924528302
108381,4.610169491525424
14254,4.923076923076923
3428,4.521739130434782
6823,4.391304347826087
87786,4.729166666666667
104855,4.844444444444444
65905,4.121621621621622
54322,4.594594594594595
1271,4.5
48123,4.433333333333334
102445,4.814814814814815
106998,4.4772727272727275
49833,4.476744186046512
50735,4.545454545454546
67840,4.46969696969697
31924,4.303030303030303
39841,4.044943820224719
91434,4.484210526315789
95257,4.454545454545454
87678,4.695652173913044
2557,4.526315789473684
91729,4.951219512195122
14750,4.575342465753424
38223,4.2809917355371905
48005,4.466666666666667
45798,4.581818181818182
8328,4.541666666666667
71438,4.693251533742331
77239,4.86
24704,4.382978723404255
86445,4.7727272727272725
16485,4.177777777777778
84676,4.72
83553,4.684210526315789
88195,4.162162162162162
25215,4.673469387755102
44419,4.497607655502392
78481,4.71830985915493
34289,4.317460317460317
106947,4.4772727272727275
77186,4.535714285714286
2590,4.526315789473684
70900,4.5
63020,4.597560975609756
14415,4.704545454545454
77810,4.472222222222222
100252,4.764705882352941
26863,4.303030303030303
25054,4.08
65058,4.468085106382978
76012,4.079365079365079
73422,4.553719008264463
4357,4.0754716981132075
22035,4.621621621621622
60491,4.630769230769231
12220,4.575
71282,4.0
29175,4.628865979381444
51034,4.4375
72069,4.27027027027027
20602,4.579787234042553
79274,4.446428571428571
21398,4.851851851851852
80948,4.628571428571429
3951,4.827586206896552
2156,4.436842105263158
98447,4.775
43829,4.6440677966101696
99868,4.375
55057,4.410958904109589
89043,4.576923076923077
92985,4.566666666666666
27002,4.394736842105263
45203,4.084745762711864
81931,4.640718562874252
18329,4.627906976744186
25395,4.586666666666667
2616,4.526315789473684
33142,4.348837209302325
26935,4.142857142857143
94311,4.606060606060606
37385,4.4655172413793105
11709,4.72
11784,4.46875
15218,4.346938775510204
94588,4.25
8160,4.0
52749,3.9038461538461537
26229,4.490566037735849
16418,4.135135135135135
18173,4.613207547169812
40299,4.754385964912281
99358,4.6415094339622645
33031,4.631578947368421
13978,4.222222222222222
74358,4.4125
20148,4.712765957446808
34830,4.36
28527,4.84375
92722,4.724137931034483
7122,4.552238805970149
64597,4.257142857142857
18367,4.627906976744186
73337,4.53125
32560,4.741007194244604
59864,4.529411764705882
40383,4.754385964912281
73740,4.214285714285714
45450,4.707964601769912
35750,4.421875
75357,4.580645161290323
26184,4.490566037735849
27059,4.324324324324325
17001,4.588235294117647
80970,4.628571428571429
3272,4.12987012987013
44443,4.497607655502392
8564,4.6976744186046515
29325,4.366197183098592
42839,4.478260869565218
34206,4.5588235294117645
46905,4.6525423728813555
75420,4.423728813559322
16856,4.492957746478873
43858,4.6440677966101696
22099,4.350877192982456
48330,4.171428571428572
29360,4.5
45868,4.581818181818182
11472,4.528301886792453
52209,4.459016393442623
11424,4.528301886792453
73247,4.398230088495575
35387,4.479166666666667
62369,4.5125
22637,4.517241379310345
54275,4.271186440677966
21861,4.739130434782608
85278,4.868421052631579
57574,4.742574257425742
31,4.333333333333333
3332,4.12987012987013
19775,4.517241379310345
90580,4.404761904761905
63376,4.58
87594,4.54054054054054
76840,4.546511627906977
27713,4.5928571428571425
66497,4.704433497536946
106472,4.769230769230769
71822,4.412698412698413
61806,4.464285714285714
22957,4.636363636363637
13065,4.6
76948,4.621621621621622
76187,4.814285714285714
42643,4.4646464646464645
20543,4.579787234042553
14012,4.222222222222222
16081,4.333333333333333
85518,4.617647058823529
25468,4.586666666666667
36204,4.428571428571429
37659,4.280575539568345
46701,4.637362637362638
53777,4.398058252427185
46309,4.456310679611651
82154,4.583333333333333
100548,4.454545454545454
1900,4.436842105263158
55340,4.632911392405063
32892,4.659574468085107
6266,4.440677966101695
83010,4.8076923076923075
58548,4.438356164383562
7358,4.591549295774648
81293,4.541666666666667
69354,4.565217391304348
19831,4.517241379310345
23062,4.636363636363637
7026,4.552238805970149
90158,4.346153846153846
61998,4.739583333333333
57088,4.107692307692307
68886,4.309523809523809
104420,4.513513513513513
12045,4.317880794701987
106207,4.452830188679245
103743,4.375
36472,4.535885167464115
24208,4.442622950819672
17928,4.576923076923077
35705,4.421875
94503,4.461538461538462
22601,4.660714285714286
102913,4.478260869565218
60725,4.647058823529412
66481,4.704433497536946
34962,4.582608695652174
16851,4.492957746478873
13584,4.333333333333333
14666,4.258064516129032
25005,4.3076923076923075
65584,4.647058823529412
38111,4.150943396226415
26713,4.661764705882353
83624,4.684210526315789
60476,4.4186046511627906
74340,4.4125
18857,4.379310344827586
86541,4.655172413793103
45611,3.9
7441,4.591549295774648
47068,4.32
31921,4.303030303030303
58908,4.52760736196319
99827,4.623529411764705
27770,4.5928571428571425
9873,4.68141592920354
106896,4.458333333333333
66464,4.704433497536946
8797,4.3858267716535435
74492,4.787878787878788
83643,4.627450980392157
60752,4.647058823529412
28186,4.5
47245,4.3076923076923075
64255,3.5161290322580645
14804,4.575342465753424
10887,4.5054945054945055
36922,4.7105263157894735
34598,4.778688524590164
39624,4.846456692913386
32775,4.318181818181818
42673,4.4646464646464645
25637,4.560975609756097
105893,4.862068965517241
75285,4.882352941176471
72348,4.633333333333334
65687,4.509090909090909
61552,4.487804878048781
74127,4.785714285714286
10008,4.607142857142857
3630,4.444444444444445
105122,4.583333333333333
83314,4.371428571428571
40702,4.26
3244,4.176470588235294
102386,4.7368421052631575
86505,4.7727272727272725
48258,4.621951219512195
82572,4.642857142857143
50980,4.428571428571429
27903,4.5928571428571425
32507,4.741007194244604
74715,4.361111111111111
9885,4.68141592920354
56508,4.720588235294118
9281,4.520833333333333
67905,4.541666666666667
89442,4.6909090909090905
51435,4.506024096385542
26242,4.490566037735849
23934,4.848314606741573
37393,4.4655172413793105
72119,4.27027027027027
81106,4.631578947368421
19641,4.5396825396825395
11949,4.317880794701987
8618,4.6976744186046515
107726,4.689655172413793
35303,4.1454545454545455
83658,4.627450980392157
82270,4.8743169398907105
98328,4.083333333333333
28282,4.62
37668,4.280575539568345
59815,4.529411764705882
62167,4.428571428571429
65901,4.121621621621622
32951,4.631578947368421
20508,4.579787234042553
15231,4.346938775510204
103515,4.463414634146342
78454,4.71830985915493
72089,4.27027027027027
67263,4.587209302325581
90272,4.371428571428571
31761,4.619047619047619
40210,4.754385964912281
94331,4.257142857142857
27648,4.574712643678161
97895,4.245283018867925
104477,4.2407407407407405
62094,4.71875
72301,4.571428571428571
99186,4.354838709677419
34976,4.582608695652174
60938,4.541284403669724
43947,4.6440677966101696
20411,4.579787234042553
51670,4.651515151515151
108563,4.844444444444444
32233,4.457516339869281
92033,4.745454545454545
101638,4.655172413793103
1262,4.5
72278,4.571428571428571
11522,4.341772151898734
95981,3.923076923076923
97126,4.414634146341464
68449,4.363636363636363
53521,4.4423076923076925
49071,4.130434782608695
67358,4.587209302325581
79593,4.2926829268292686
96195,4.44
8656,4.684210526315789
23277,4.4739336492890995
34584,4.778688524590164
57862,4.393939393939394
105628,4.23404255319149
101461,4.333333333333333
27553,4.574712643678161
88135,4.472527472527473
103432,4.607142857142857
87658,4.695652173913044
55350,4.632911392405063
52619,4.454545454545454
27344,4.53125
4443,4.102941176470588
14388,4.704545454545454
56559,4.720588235294118
92876,4.815789473684211
7132,4.648148148148148
9673,4.714285714285714
68696,4.444444444444445
83021,4.8076923076923075
94374,4.257142857142857
31582,4.560975609756097
88873,4.730769230769231
35933,4.338983050847458
39832,4.044943820224719
97606,4.698630136986301
105912,4.862068965517241
44737,4.575418994413408
67612,4.357142857142857
77417,4.305084745762712
61449,4.627659574468085
30466,4.754310344827586
26308,4.366666666666666
35171,4.728155339805825
101349,4.681818181818182
55954,4.327272727272727
57462,3.8620689655172415
52203,4.459016393442623
16423,4.135135135135135
83793,4.662650602409639
46369,4.440944881889764
61996,4.739583333333333
39260,4.846456692913386
107891,4.5
93782,4.310344827586207
101114,3.6956521739130435
86402,4.771428571428571
82586,4.642857142857143
103409,4.607142857142857
44200,4.497607655502392
49018,4.72
89104,4.793103448275862
57505,4.56
30394,4.754310344827586
31623,4.560975609756097
26073,4.621848739495798
70560,4.6
31984,4.303030303030303
8439,4.714285714285714
59590,4.728813559322034
9380,4.34375
56003,4.327272727272727
44117,4.602739726027397
66713,4.392857142857143
14956,4.329670329670329
12969,4.580357142857143
106165,4.440476190476191
37493,4.280575539568345
18721,4.673267326732673
77620,4.5
72857,4.4603174603174605
76808,4.546511627906977
80018,4.666666666666667
38398,4.244897959183674
17538,4.482758620689655
14819,4.575342465753424
83200,4.529411764705882
59052,4.712765957446808
69023,4.269230769230769
1131,4.214285714285714
67899,4.541666666666667
6433,4.280701754385965
11018,4.4222222222222225
40678,4.26
84380,4.855421686746988
18582,4.773584905660377
5553,4.486111111111111
28766,4.433333333333334
81157,4.631578947368421
70706,4.705882352941177
85145,4.3088235294117645
26325,4.366666666666666
59387,4.6395348837209305
89131,4.793103448275862
67253,4.587209302325581
94625,4.25
7849,4.743243243243243
5571,4.486111111111111
31437,4.439024390243903
61634,4.714285714285714
2291,4.431578947368421
1370,4.5
92968,4.566666666666666
32912,4.659574468085107
89626,4.571428571428571
19659,4.5396825396825395
49954,4.40625
96757,4.3
10686,4.443298969072165
20384,4.579787234042553
64989,4.300970873786408
75062,4.534883720930233
92914,4.923076923076923
25638,4.560975609756097
100930,4.578947368421052
33158,4.348837209302325
8118,4.0
26398,4.7
92292,4.555555555555555
63576,4.7637795275590555
93646,4.733333333333333
18655,4.673267326732673
81473,4.551724137931035
8428,4.714285714285714
32754,4.318181818181818
83413,4.194444444444445
97464,4.393939393939394
63632,4.7637795275590555
43512,4.860294117647059
70930,4.5
35561,4.7368421052631575
24796,4.2727272727272725
70545,4.6
71878,4.412698412698413
50621,4.545454545454546
82786,4.433333333333334
101496,4.333333333333333
52631,4.454545454545454
43127,4.642487046632124
73234,4.398230088495575
15035,4.329670329670329
85355,4.4
99428,4.363636363636363
37967,4.6938775510204085
19705,4.711538461538462
48802,4.6521739130434785
54782,4.623376623376624
52842,4.435897435897436
31691,4.619047619047619
43497,4.860294117647059
59133,4.712765957446808
93065,4.459016393442623
10522,4.462264150943396
74055,4.391304347826087
23837,4.78974358974359
72460,4.615384615384615
48635,4.419642857142857
16699,4.705882352941177
88701,4.314285714285714
64388,4.405172413793103
66492,4.704433497536946
66447,4.704433497536946
60626,4.125
82110,4.6
4126,4.636363636363637
49775,4.476744186046512
59528,3.8214285714285716
97815,4.365853658536586
28415,4.285714285714286
10748,4.443298969072165
61578,4.379310344827586
82023,4.640718562874252
94850,4.173913043478261
49510,4.1875
95894,4.283018867924528
1767,4.09375
73438,4.553719008264463
66485,4.704433497536946
61553,4.487804878048781
92107,4.875
71528,4.693251533742331
9169,4.27027027027027
80365,4.60655737704918
96311,4.324324324324325
91931,4.468085106382978
57346,4.53125
43705,4.1466666666666665
21429,4.851851851851852
217,4.538461538461538
69790,4.395348837209302
5158,4.111702127659575
90231,4.371428571428571
80498,4.619047619047619
14220,4.752688172043011
43605,4.586206896551724
46830,4.6525423728813555
78332,4.653333333333333
104439,4.513513513513513
27397,4.574712643678161
7066,4.552238805970149
51368,4.506024096385542
84686,4.72
10893,4.5054945054945055
72451,4.615384615384615
92669,4.521739130434782
76869,4.546511627906977
74968,4.375
46678,4.637362637362638
34185,4.517241379310345
84595,4.453125
60953,4.541284403669724
30948,4.28
24036,4.848314606741573
106854,4.416666666666667
51985,4.2727272727272725
19,4.333333333333333
94208,4.354166666666667
5598,4.630434782608695
47428,4.302631578947368
31492,4.439024390243903
20463,4.579787234042553
68231,4.3776223776223775
57479,3.8620689655172415
16895,4.492957746478873
73576,4.553719008264463
76672,4.491525423728813
67956,4.666666666666667
37127,4.018867924528302
92419,4.490566037735849
65187,4.579439252336448
4012,4.73469387755102
58798,4.52760736196319
49787,4.476744186046512
1904,4.436842105263158
28597,4.2368421052631575
69772,4.395348837209302
104461,4.2407407407407405
81562,4.413333333333333
35039,4.582608695652174
45957,4.666666666666667
99468,4.2592592592592595
3064,4.913043478260869
25041,4.3076923076923075
37402,4.4655172413793105
58938,4.16
59368,4.6395348837209305
57567,4.742574257425742
84144,4.604651162790698
21118,4.4868421052631575
101299,4.642857142857143
88917,4.653846153846154
107836,4.6521739130434785
55168,4.466666666666667
44992,4.889655172413793
13099,4.6923076923076925
35632,4.7368421052631575
52884,4.46
86452,4.7727272727272725
105454,4.071428571428571
94970,4.535211267605634
84623,4.453125
67658,4.357142857142857
6311,4.181818181818182
101840,4.3125
89720,4.46969696969697
35347,4.1454545454545455
77700,4.611111111111111
69970,4.663461538461538
22863,4.265822784810126
66413,4.704433497536946
98000,4.618181818181818
44035,4.602739726027397
90340,4.53125
11288,4.585106382978723
95447,4.153846153846154
64292,3.5161290322580645
26583,4.601941747572815
77219,4.535714285714286
102828,4.913043478260869
80032,4.666666666666667
31536,4.439024390243903
10200,4.7889908256880735
104258,4.739130434782608
81483,4.551724137931035
33370,4.594594594594595
45929,4.581818181818182
7712,4.743243243243243
62700,4.488888888888889
20030,4.712765957446808
78990,4.449275362318841
91726,4.951219512195122
77397,4.305084745762712
24533,4.275862068965517
70097,4.663461538461538
54893,4.411764705882353
23772,4.78974358974359
22080,4.350877192982456
31887,4.619047619047619
33024,4.631578947368421
54672,4.416666666666667
90514,4.666666666666667
83454,4.411764705882353
11704,4.72
69893,4.333333333333333
75557,4.32
6735,4.530769230769231
107217,4.5625
43137,4.642487046632124
41417,4.610921501706485
62030,4.739583333333333
56916,4.257142857142857
74027,4.391304347826087
22726,4.662650602409639
90623,4.157894736842105
37469,4.280575539568345
96461,4.448275862068965
90289,4.53125
104500,4.2407407407407405
31246,4.503875968992248
41115,4.404255319148936
67453,4.587209302325581
30467,4.754310344827586
82873,4.422535211267606
62260,4.6
56966,4.107692307692307
28510,4.3061224489795915
43815,4.6440677966101696
3786,4.538461538461538
57736,4.848484848484849
54999,4.410958904109589
87376,4.518518518518518
98630,4.328947368421052
40028,4.5
29085,4.628865979381444
5189,4.111702127659575
71865,4.412698412698413
24221,4.442622950819672
42072,4.6020408163265305
61045,4.541284403669724
92528,4.564102564102564
70933,4.5
21672,4.433962264150943
83539,4.684210526315789
22539,4.660714285714286
98520,4.685714285714286
106952,4.4772727272727275
12753,4.571428571428571
24553,4.275862068965517
10493,4.462264150943396
51845,4.695652173913044
95746,4.260869565217392
39576,4.846456692913386
27243,4.516129032258065
88127,4.472527472527473
79808,4.862068965517241
84757,4.575757575757576
100659,4.391304347826087
7843,4.743243243243243
6694,4.530769230769231
59763,4.25
10551,4.462264150943396
72780,4.181818181818182
87291,4.518518518518518
58152,4.310344827586207
85990,4.404040404040404
97749,4.270833333333333
89304,4.647058823529412
100211,4.764705882352941
24672,4.382978723404255
39409,4.846456692913386
80405,4.60655737704918
62439,4.5125
80747,4.423076923076923
48151,4.621951219512195
100175,4.571428571428571
44798,4.575418994413408
77260,4.86
45204,4.084745762711864
10348,4.7889908256880735
27527,4.574712643678161
24464,4.54
101464,4.333333333333333
67804,4.46969696969697
101440,4.42
87377,4.518518518518518
58668,4.52760736196319
77579,4.5
7672,4.606060606060606
16441,4.177777777777778
5160,4.111702127659575
97211,4.487804878048781
37850,4.835164835164835
87679,4.695652173913044
7926,4.743243243243243
47701,4.526315789473684
44705,4.575418994413408
74619,4.52
18531,4.773584905660377
96392,4.351351351351352
43468,4.860294117647059
105095,4.583333333333333
103076,4.260869565217392
1032,4.333333333333333
73122,4.398230088495575
68134,4.590909090909091
81031,4.391304347826087
13509,4.861538461538461
79644,4.2926829268292686
91498,4.851851851851852
71772,4.440677966101695
14317,4.346153846153846
12409,4.368421052631579
40168,4.357142857142857
54687,4.416666666666667
11254,4.585106382978723
19434,4.625
106664,4.523809523809524
57106,4.107692307692307
50793,4.545454545454546
74985,4.375
2012,4.436842105263158
70523,4.6
32148,4.303030303030303
85863,4.540983606557377
55912,4.375
100903,4.578947368421052
48705,4.35
78451,4.71830985915493
18769,4.673267326732673
90715,4.6923076923076925
52467,4.2
102955,4.68
67532,4.0588235294117645
72170,4.414634146341464
18482,4.773584905660377
61874,4.739583333333333
56314,4.476923076923077
85828,4.540983606557377
95488,4.153846153846154
5874,4.6875
65017,4.300970873786408
37168,4.018867924528302
64467,4.405172413793103
86298,4.568181818181818
81205,4.375
104976,4.666666666666667
23342,4.4739336492890995
70697,4.705882352941177
92014,4.745454545454545
3452,4.521739130434782
26981,4.394736842105263
68430,4.363636363636363
72713,4.653846153846154
108261,4.625
98735,4.328947368421052
13834,4.625
26343,4.678571428571429
59039,4.712765957446808
56771,4.4
31575,4.560975609756097
6173,4.352941176470588
78802,3.986666666666667
103130,4.414634146341464
64232,4.487804878048781
26623,4.601941747572815
97684,4.270833333333333
37471,4.280575539568345
16871,4.492957746478873
83334,4.371428571428571
69196,4.16
80880,4.3076923076923075
28966,4.628865979381444
6617,4.530769230769231
72949,4.521739130434782
71046,4.598214285714286
25317,4.625
50409,4.21875
107837,4.6521739130434785
80248,4.60655737704918
60269,4.354838709677419
17849,4.585365853658536
13279,4.64
22310,4.717948717948718
2283,4.431578947368421
62120,4.086956521739131
84457,4.490566037735849
74039,4.391304347826087
102581,4.684684684684685
95898,4.283018867924528
13870,4.743589743589744
78373,4.653333333333333
53419,4.4423076923076925
72024,4.037037037037037
10184,4.7889908256880735
17805,4.377358490566038
32444,4.457516339869281
26612,4.601941747572815
60102,4.516129032258065
29765,4.628205128205129
8346,4.714285714285714
11169,4.585106382978723
8799,4.3858267716535435
6271,4.440677966101695
60537,4.630769230769231
12273,4.203125
3583,4.444444444444445
3817,4.03030303030303
62003,4.739583333333333
105056,4.076923076923077
337,4.389380530973451
49239,4.469565217391304
66827,4.205128205128205
67496,4.428571428571429
44852,4.889655172413793
25094,4.673469387755102
74020,4.391304347826087
71147,4.598214285714286
51706,4.651515151515151
8239,4.256410256410256
41929,4.6020408163265305
18147,4.613207547169812
23630,4.78974358974359
45138,4.3076923076923075
72660,4.531914893617022
37946,4.6938775510204085
105179,4.703703703703703
93030,4.459016393442623
20947,4.638888888888889
17926,4.576923076923077
99507,4.407407407407407
89300,4.647058823529412
99217,4.8076923076923075
100933,4.578947368421052
49883,4.40625
77705,4.611111111111111
34309,4.317460317460317
51254,4.163934426229508
106833,4.291666666666667
98256,4.12
82186,4.583333333333333
60767,4.647058823529412
11468,4.528301886792453
42269,4.6125
40656,4.26
59352,4.6395348837209305
17204,4.474226804123711
53404,4.4423076923076925
27730,4.5928571428571425
38276,4.2809917355371905
12815,4.65625
37003,4.48051948051948
76834,4.546511627906977
92216,4.536585365853658
94981,4.535211267605634
29851,4.155172413793103
64049,4.230769230769231
90791,3.96875
33440,4.35
44361,4.497607655502392
72548,4.831325301204819
36614,4.535885167464115
44747,4.575418994413408
8927,4.673076923076923
93565,4.709677419354839
21012,4.448275862068965
97507,4.393939393939394
89287,4.857142857142857
23002,4.636363636363637
11788,4.46875
100181,4.571428571428571
46329,4.456310679611651
26072,4.621848739495798
101063,4.388888888888889
45477,4.435897435897436
50254,4.149606299212598
54467,4.53125
105081,4.076923076923077
24621,4.0638297872340425
73243,4.398230088495575
74230,4.785714285714286
8102,4.544303797468355
45240,4.084745762711864
31989,4.303030303030303
6683,4.530769230769231
53381,4.4423076923076925
75111,4.64
68172,4.3776223776223775
40769,4.8161764705882355
61032,4.541284403669724
108002,4.590909090909091
100250,4.764705882352941
2850,4.557142857142857
41287,4.610921501706485
45879,4.581818181818182
65764,4.411764705882353
97820,4.365853658536586
47097,4.32
66078,4.333333333333333
102223,4.166666666666667
35055,4.582608695652174
29409,4.5
91990,4.745454545454545
18985,4.379310344827586
41795,4.6020408163265305
77894,4.7
82260,4.8743169398907105
27573,4.574712643678161
86740,4.583333333333333
29240,4.366197183098592
10504,4.462264150943396
89322,4.647058823529412
6209,4.440677966101695
50572,4.545454545454546
85236,4.3088235294117645
96363,4.351351351351352
48746,3.7142857142857144
53459,4.4423076923076925
64336,4.405172413793103
103218,4.096774193548387
14067,4.769230769230769
67001,4.51063829787234
82948,4.393939393939394
54033,4.0
9684,4.714285714285714
56476,4.720588235294118
26315,4.366666666666666
63965,4.415094339622642
61070,4.541284403669724
94397,4.114285714285714
98879,4.5
27291,4.53125
4757,4.5701754385964914
90279,4.53125
4159,4.636363636363637
58559,4.438356164383562
15971,4.481012658227848
83324,4.371428571428571
84755,4.575757575757576
75207,4.882352941176471
35528,4.7368421052631575
9451,4.363636363636363
39734,4.044943820224719
98099,4.32
57799,4.204545454545454
72414,4.615384615384615
96208,4.44
67035,4.51063829787234
28940,4.628865979381444
52324,4.266666666666667
77522,4.611940298507463
43793,4.6440677966101696
93992,4.423076923076923
10668,4.443298969072165
48008,4.466666666666667
51493,4.506024096385542
33857,4.62962962962963
25019,4.3076923076923075
32018,4.303030303030303
56481,4.720588235294118
6962,4.391304347826087
19674,4.711538461538462
85981,4.404040404040404
61338,4.627659574468085
35364,4.1454545454545455
62337,4.5125
36973,4.7105263157894735
75743,4.583333333333333
43442,4.860294117647059
64849,4.512195121951219
59714,4.456521739130435
61419,4.627659574468085
17634,4.857142857142857
23758,4.78974358974359
24373,4.379310344827586
85019,4.739726027397261
85286,4.868421052631579
17346,4.463768115942029
72564,4.831325301204819
69900,4.333333333333333
17462,4.416666666666667
958,4.189473684210526
78667,4.583333333333333
10255,4.7889908256880735
56629,4.102564102564102
57300,4.622641509433962
81318,4.541666666666667
50857,4.545454545454546
107673,4.76
7286,4.648148148148148
85654,4.583333333333333
27209,4.714285714285714
72524,4.831325301204819
48102,4.433333333333334
94739,3.9375
11496,4.341772151898734
47114,4.3076923076923075
32799,4.534883720930233
48457,4.090909090909091
52886,4.46
1170,4.633333333333334
14760,4.575342465753424
72890,4.4603174603174605
65831,4.121621621621622
85476,4.617647058823529
77378,4.305084745762712
19973,3.9322033898305087
26483,4.601941747572815
27581,4.574712643678161
77363,4.305084745762712
21649,4.433962264150943
77276,4.86
22691,4.662650602409639
19695,4.711538461538462
36806,4.7105263157894735
64750,4.630434782608695
9605,4.619047619047619
105223,4.703703703703703
66090,4.333333333333333
107841,4.6521739130434785
8059,4.544303797468355
21347,4.27906976744186
76344,4.827338129496403
49471,4.1875
64874,4.300970873786408
58165,4.310344827586207
87318,4.518518518518518
28958,4.628865979381444
84473,4.490566037735849
45022,4.889655172413793
64608,4.257142857142857
9764,4.68141592920354
40300,4.754385964912281
8345,4.714285714285714
51243,4.163934426229508
46356,4.456310679611651
106925,4.458333333333333
14792,4.575342465753424
44006,4.1875
8567,4.6976744186046515
15926,4.481012658227848
66223,4.704433497536946
55380,4.632911392405063
60645,4.125
90306,4.53125
89382,4.37037037037037
57141,4.107692307692307
60038,4.076923076923077
52806,4.435897435897436
60298,4.4
69171,4.626373626373627
62541,4.530612244897959
66470,4.704433497536946
74501,4.787878787878788
35305,4.1454545454545455
69157,4.626373626373627
95223,3.88
76864,4.546511627906977
51549,4.506024096385542
97084,4.466666666666667
72961,4.521739130434782
5006,4.651162790697675
51110,4.4375
9773,4.68141592920354
59719,4.456521739130435
99397,4.6415094339622645
31180,4.478260869565218
41243,4.610921501706485
62941,4.333333333333333
49423,4.344262295081967
79347,4.446428571428571
81113,4.631578947368421
83526,4.433333333333334
4930,4.651162790697675
100487,4.454545454545454
54455,4.53125
93084,4.459016393442623
86736,4.583333333333333
48551,4.419642857142857
62916,4.333333333333333
108274,4.625
88384,4.375
106707,4.166666666666667
72434,4.615384615384615
69175,4.626373626373627
30964,4.62
64941,4.300970873786408
14197,4.752688172043011
30112,4.5625
62727,4.163265306122449
88492,4.679245283018868
64238,4.487804878048781
16731,4.576923076923077
40740,4.8161764705882355
65041,4.300970873786408
60825,4.333333333333333
74115,4.785714285714286
24286,4.442622950819672
31892,4.619047619047619
36004,3.8
9258,4.36
56611,4.102564102564102
11812,4.46875
59175,4.712765957446808
13609,4.333333333333333
27958,4.846153846153846
23640,4.78974358974359
76663,4.491525423728813
10364,4.7889908256880735
34029,4.345864661654136
52849,4.435897435897436
3966,4.73469387755102
89755,4.46969696969697
44099,4.602739726027397
98130,4.32
16123,4.5
12011,4.317880794701987
86413,4.771428571428571
20531,4.579787234042553
92608,4.634146341463414
65895,4.121621621621622
62953,4.597560975609756
20205,4.548387096774194
95754,3.96875
46693,4.637362637362638
5231,4.111702127659575
43404,4.860294117647059
95944,4.283018867924528
11201,4.585106382978723
97076,4.466666666666667
83437,4.411764705882353
52745,3.9038461538461537
371,4.389380530973451
66245,4.704433497536946
28718,4.433333333333334
34943,4.582608695652174
85120,4.3088235294117645
43908,4.6440677966101696
80884,4.3076923076923075
74799,4.361111111111111
99981,4.6521739130434785
72659,4.531914893617022
90203,4.580645161290323
87691,4.695652173913044
42004,4.6020408163265305
61661,4.714285714285714
46997,4.59375
8213,4.285714285714286
7037,4.552238805970149
9299,4.520833333333333
1328,4.5
64840,4.512195121951219
10118,4.541666666666667
88228,4.115384615384615
40893,4.8161764705882355
72939,4.521739130434782
104793,4.468085106382978
40650,4.26
85670,4.583333333333333
19373,4.625
85617,4.583333333333333
50269,4.149606299212598
46089,4.666666666666667
50744,4.545454545454546
70455,4.682926829268292
31845,4.619047619047619
83217,4.529411764705882
12571,4.544303797468355
100744,4.086956521739131
80278,4.60655737704918
57276,4.622641509433962
17817,4.377358490566038
106268,4.452830188679245
18366,4.627906976744186
34591,4.778688524590164
13377,4.82051282051282
12962,4.580357142857143
103457,4.621621621621622
34158,4.517241379310345
46769,4.6525423728813555
83331,4.371428571428571
17794,4.377358490566038
72561,4.831325301204819
18999,4.379310344827586
2912,4.659090909090909
56193,4.6923076923076925
81786,4.640718562874252
15276,4.346938775510204
48143,4.621951219512195
16960,4.588235294117647
64277,3.5161290322580645
80996,4.391304347826087
49076,4.469565217391304
73175,4.398230088495575
97331,4.260869565217392
92094,4.875
33065,4.631578947368421
39555,4.846456692913386
77463,4.611940298507463
103555,4.463414634146342
17117,4.474226804123711
43579,4.586206896551724
17116,4.474226804123711
14373,3.9285714285714284
74692,4.361111111111111
37368,4.4655172413793105
39925,4.483870967741935
71197,4.56140350877193
29370,4.5
10015,4.607142857142857
98214,4.12
72651,4.531914893617022
14873,4.714285714285714
68562,4.7317073170731705
61164,4.616279069767442
59337,4.6395348837209305
16348,4.60655737704918
49958,4.40625
79351,4.5
15359,4.483606557377049
101890,4.458333333333333
64342,4.405172413793103
20199,4.548387096774194
15680,4.757575757575758
7322,4.648148148148148
73372,4.53125
633,4.442622950819672
10449,4.545454545454546
60024,4.076923076923077
61243,4.616279069767442
16487,4.177777777777778
33503,4.35
77292,4.86
18008,4.613207547169812
53908,4.723404255319149
8510,4.6976744186046515
80817,4.709677419354839
101942,4.636363636363637
51696,4.651515151515151
100316,4.419354838709677
57761,4.848484848484849
74740,4.361111111111111
65964,4.28
34949,4.582608695652174
41472,4.610921501706485
41316,4.610921501706485
12503,3.8333333333333335
79208,4.83
23794,4.78974358974359
88270,4.766666666666667
89031,4.576923076923077
47422,4.302631578947368
82446,4.8743169398907105
28835,4.433333333333334
61900,4.739583333333333
23992,4.848314606741573
32879,4.659574468085107
76113,4.814285714285714
51702,4.651515151515151
108098,4.423076923076923
79008,4.449275362318841
63059,4.597560975609756
11826,4.21875
34200,4.5588235294117645
22459,4.662650602409639
101244,4.035714285714286
17416,4.416666666666667
102174,4.321428571428571
62841,3.9272727272727272
10213,4.7889908256880735
104384,4.564102564102564
95665,4.482758620689655
79928,4.310344827586207
41603,4.610921501706485
63628,4.7637795275590555
56775,4.4
101779,4.695652173913044
611,4.647058823529412
71031,4.598214285714286
49490,4.1875
73621,4.565217391304348
66418,4.704433497536946
66736,4.392857142857143
19127,4.818181818181818
53986,4.576923076923077
2061,4.436842105263158
57156,4.107692307692307
83801,4.662650602409639
22633,4.517241379310345
31279,4.503875968992248
78588,4.456521739130435
42555,4.504424778761062
104497,4.2407407407407405
37722,4.485714285714286
67477,4.428571428571429
57311,4.622641509433962
80001,4.666666666666667
26814,4.475
44589,4.575418994413408
95901,4.283018867924528
66816,4.205128205128205
72026,4.037037037037037
36253,4.535885167464115
19648,4.5396825396825395
50057,4.405405405405405
80685,3.9
24245,4.442622950819672
70511,4.6
35903,4.338983050847458
35670,4.421875
12484,3.8333333333333335
73990,4.391304347826087
18158,4.613207547169812
19457,4.625
48288,4.171428571428572
94905,4.628571428571429
100984,4.45945945945946
81091,4.631578947368421
13706,4.333333333333333
79717,4.378378378378378
101038,4.388888888888889
99033,4.712121212121212
86530,4.655172413793103
68280,4.3776223776223775
6445,4.280701754385965
102261,4.166666666666667
28217,4.62
100172,4.571428571428571
30134,4.5625
85259,4.868421052631579
18445,4.773584905660377
84173,4.604651162790698
49048,4.130434782608695
9651,4.714285714285714
32903,4.659574468085107
53757,4.398058252427185
36985,4.48051948051948
79920,4.310344827586207
100122,4.290322580645161
106675,4.523809523809524
35226,4.728155339805825
75599,4.32
92232,4.536585365853658
10785,4.443298969072165
40287,4.754385964912281
68923,4.75
92694,4.521739130434782
104432,4.513513513513513
80958,4.628571428571429
58625,4.386363636363637
8649,4.684210526315789
97993,4.618181818181818
3678,4.162162162162162
14050,4.769230769230769
106132,4.440476190476191
65571,4.647058823529412
17752,4.377358490566038
28149,4.5
28908,4.628865979381444
68894,4.309523809523809
72973,4.285714285714286
103139,4.414634146341464
99539,4.166666666666667
13074,4.6
70253,4.538461538461538
98545,4.685714285714286
108423,4.571428571428571
21372,4.27906976744186
43103,4.642487046632124
7972,4.743243243243243
78423,4.538461538461538
45045,4.889655172413793
97860,4.245283018867925
27537,4.574712643678161
37936,4.6938775510204085
22751,4.662650602409639
70851,4.225806451612903
35788,4.338983050847458
2915,4.659090909090909
43549,4.860294117647059
18916,4.379310344827586
37413,4.4655172413793105
10275,4.7889908256880735
61028,4.541284403669724
77393,4.305084745762712
41502,4.610921501706485
108380,4.610169491525424
48049,3.757575757575758
35423,4.479166666666667
17649,4.6
80520,4.619047619047619
43662,4.1466666666666665
25016,4.3076923076923075
47411,4.302631578947368
16163,4.5
102058,4.038461538461538
83001,4.8076923076923075
49274,4.469565217391304
15697,3.769230769230769
15772,4.111111111111111
74603,4.52
103454,4.621621621621622
34401,4.7105263157894735
13894,4.743589743589744
21249,4.586206896551724
84922,4.783783783783784
13173,4.634146341463414
24369,4.379310344827586
24929,4.5625
36087,4.533333333333333
55297,4.388888888888889
17350,4.463768115942029
18047,4.613207547169812
6716,4.530769230769231
12475,4.368421052631579
10864,4.5054945054945055
69248,4.607142857142857
51290,4.506024096385542
18564,4.773584905660377
68378,4.3776223776223775
92266,4.555555555555555
63621,4.7637795275590555
81361,4.682926829268292
39031,4.664893617021277
37377,4.4655172413793105
18215,4.613207547169812
1094,4.214285714285714
42757,4.478260869565218
70201,4.538461538461538
62767,4.163265306122449
65659,4.509090909090909
54230,4.271186440677966
91199,4.314285714285714
106205,4.452830188679245
12141,4.317880794701987
96540,4.564102564102564
53598,4.520833333333333
9632,4.619047619047619
55159,4.466666666666667
35585,4.7368421052631575
22436,4.662650602409639
4983,4.651162790697675
75274,4.882352941176471
103746,4.375
38835,4.594594594594595
41495,4.610921501706485
74283,4.4125
28098,4.3896103896103895
7252,4.648148148148148
78307,4.653333333333333
92075,4.875
8084,4.544303797468355
87702,4.695652173913044
61401,4.627659574468085
30389,4.754310344827586
72150,4.414634146341464
87778,4.729166666666667
1088,4.214285714285714
2313,4.431578947368421
59383,4.6395348837209305
33881,4.62962962962963
26488,4.601941747572815
44971,4.889655172413793
3651,4.162162162162162
86883,4.571428571428571
43107,4.642487046632124
80000,4.666666666666667
76722,4.608695652173913
72774,4.181818181818182
82188,4.583333333333333
30476,4.754310344827586
46093,4.666666666666667
96336,4.324324324324325
34720,4.778688524590164
23191,4.4739336492890995
91849,4.705882352941177
26166,4.490566037735849
102305,4.384615384615385
92678,4.521739130434782
43395,4.860294117647059
82098,4.6
55945,4.327272727272727
55394,4.632911392405063
96290,4.324324324324325
103480,4.621621621621622
98272,4.12
58774,4.52760736196319
5197,4.111702127659575
3572,4.444444444444445
4302,4.521739130434782
96342,4.324324324324325
45106,4.3076923076923075
76676,4.491525423728813
69337,3.8181818181818183
12443,4.368421052631579
39879,4.483870967741935
48275,4.621951219512195
6733,4.530769230769231
6928,4.391304347826087
100375,4.509090909090909
92760,4.666666666666667
39001,4.664893617021277
22971,4.636363636363637
18961,4.379310344827586
60442,4.4186046511627906
55484,4.632911392405063
48528,4.419642857142857
72506,4.831325301204819
55680,3.891891891891892
12442,4.368421052631579
8045,4.544303797468355
24633,4.0638297872340425
79162,4.83
33077,4.631578947368421
48228,4.621951219512195
79509,4.666666666666667
30794,4.28
5168,4.111702127659575
96578,3.9344262295081966
57535,4.56
9252,4.36
9738,4.714285714285714
49569,4.4324324324324325
91222,4.314285714285714
75864,4.225806451612903
18454,4.773584905660377
85465,4.617647058823529
70304,4.371428571428571
5578,4.486111111111111
11182,4.585106382978723
33183,4.6
33609,4.411764705882353
64847,4.512195121951219
106067,4.440476190476191
27044,4.324324324324325
47851,4.073170731707317
40708,4.26
81726,4.511627906976744
91348,4.484210526315789
71038,4.598214285714286
46722,4.637362637362638
100731,4.086956521739131
70610,4.622641509433962
15970,4.481012658227848
45055,4.889655172413793
2872,4.557142857142857
82648,4.714285714285714
103226,4.096774193548387
84171,4.604651162790698
24320,4.379310344827586
11202,4.585106382978723
3358,4.12987012987013
81081,4.413793103448276
3629,4.444444444444445
92524,4.564102564102564
63898,4.415094339622642
24604,4.0638297872340425
55808,4.576923076923077
54986,4.410958904109589
96379,4.351351351351352
18208,4.613207547169812
65389,4.811320754716981
38764,4.341269841269841
15955,4.481012658227848
90132,4.346153846153846
66369,4.704433497536946
33066,4.631578947368421
76698,4.608695652173913
50031,4.102564102564102
105425,4.071428571428571
42201,4.6125
67341,4.587209302325581
5619,4.630434782608695
20397,4.579787234042553
100787,4.732142857142857
54548,4.0
103273,3.5217391304347827
80715,3.9
1961,4.436842105263158
48245,4.621951219512195
57224,4.514285714285714
45714,4.581818181818182
44187,4.497607655502392
15317,4.483606557377049
51800,4.423076923076923
80738,4.423076923076923
76109,4.814285714285714
7613,4.303030303030303
34237,4.5588235294117645
83078,4.636363636363637
31271,4.503875968992248
200,4.538461538461538
70842,4.225806451612903
108084,4.130434782608695
57316,4.622641509433962
80324,4.60655737704918
10610,4.462264150943396
17489,4.416666666666667
52737,3.9038461538461537
22474,4.662650602409639
23184,4.4739336492890995
72728,4.653846153846154
28639,4.2368421052631575
15469,4.483606557377049
1341,4.5
93943,4.586206896551724
12733,4.571428571428571
93302,4.758620689655173
68998,4.269230769230769
61184,4.616279069767442
52141,4.285714285714286
48430,4.090909090909091
77361,4.305084745762712
40100,4.275862068965517
74420,4.685714285714286
3170,4.1923076923076925
106692,4.523809523809524
11532,4.341772151898734
96489,4.4
63041,4.597560975609756
39043,4.664893617021277
108085,4.130434782608695
89690,4.46969696969697
89313,4.647058823529412
49116,4.469565217391304
69183,4.626373626373627
92689,4.521739130434782
104635,4.214285714285714
78347,4.653333333333333
32269,4.457516339869281
47693,4.526315789473684
94661,4.269230769230769
57926,4.708333333333333
34792,4.15625
85112,4.739726027397261
58886,4.52760736196319
45708,4.581818181818182
104619,4.214285714285714
36994,4.48051948051948
60592,4.630769230769231
23820,4.78974358974359
1217,4.633333333333334
106668,4.523809523809524
48579,4.419642857142857
19561,4.72
13402,4.82051282051282
61569,4.379310344827586
81485,4.551724137931035
45099,4.889655172413793
23823,4.78974358974359
64801,4.512195121951219
89800,4.43859649122807
72115,4.27027027027027
24156,4.848314606741573
61363,4.627659574468085
8314,4.541666666666667
49851,4.476744186046512
27458,4.574712643678161
26140,4.621848739495798
75492,4.423728813559322
103635,4.530612244897959
108234,4.625
51513,4.506024096385542
22953,4.636363636363637
35076,4.582608695652174
64483,4.405172413793103
36518,4.535885167464115
78903,4.449275362318841
105749,4.4
72837,4.4603174603174605
79698,4.378378378378378
107576,4.575757575757576
8544,4.6976744186046515
76336,4.827338129496403
55134,4.466666666666667
34846,4.171428571428572
52836,4.435897435897436
26847,4.475
46034,4.666666666666667
12620,4.544303797468355
42530,4.504424778761062
392,4.389380530973451
56309,4.476923076923077
71487,4.693251533742331
84160,4.604651162790698
30027,4.402298850574713
52676,4.413793103448276
79531,4.571428571428571
10239,4.7889908256880735
51617,4.678571428571429
88696,4.314285714285714
64481,4.405172413793103
52556,3.951219512195122
74148,4.785714285714286
108464,4.791666666666667
5110,4.111702127659575
19836,4.517241379310345
56606,4.102564102564102
33000,4.631578947368421
49560,4.4324324324324325
91187,4.314285714285714
56266,4.6923076923076925
61259,4.616279069767442
7522,4.32258064516129
43881,4.6440677966101696
95104,4.172413793103448
44817,4.575418994413408
60879,4.458333333333333
24289,4.442622950819672
39810,4.044943820224719
41564,4.610921501706485
99200,4.354838709677419
52961,4.25
104038,4.16
55946,4.327272727272727
15530,3.9361702127659575
18801,4.575757575757576
35973,3.8
49250,4.469565217391304
70091,4.663461538461538
55073,4.466666666666667
68675,4.7317073170731705
1749,4.09375
8330,4.541666666666667
90109,4.657894736842105
54437,4.53125
87586,4.54054054054054
12690,4.544303797468355
56828,4.5
87073,4.793103448275862
80058,4.666666666666667
95400,4.6571428571428575
76730,4.608695652173913
25838,4.77027027027027
95436,4.608695652173913
100865,4.732142857142857
59573,4.728813559322034
93129,4.48
66376,4.704433497536946
22149,4.805555555555555
47592,4.704918032786885
76404,4.827338129496403
15799,4.5
71619,4.113636363636363
22188,4.805555555555555
51945,4.148148148148148
78326,4.653333333333333
83989,4.4411764705882355
89133,4.793103448275862
77742,4.611111111111111
62954,4.597560975609756
95113,4.172413793103448
63961,4.415094339622642
30420,4.754310344827586
30786,4.28
36481,4.535885167464115
3476,4.521739130434782
73020,4.285714285714286
48014,4.466666666666667
105381,4.5
82099,4.6
81299,4.541666666666667
44379,4.497607655502392
69219,4.16
74513,4.787878787878788
5324,4.111702127659575
6787,4.530769230769231
52096,4.285714285714286
39009,4.664893617021277
43640,4.1466666666666665
100972,4.45945945945946
31914,4.303030303030303
13915,4.743589743589744
9082,4.673076923076923
14766,4.575342465753424
24147,4.848314606741573
87193,4.269230769230769
1634,4.673076923076923
19934,3.9322033898305087
2853,4.557142857142857
79406,4.5
24383,4.379310344827586
108394,4.571428571428571
10360,4.7889908256880735
12268,4.203125
17567,4.857142857142857
46848,4.6525423728813555
19159,4.818181818181818
45406,4.707964601769912
105023,4.076923076923077
104670,4.205128205128205
36952,4.7105263157894735
92638,4.8
88434,4.59375
17875,4.585365853658536
86397,4.771428571428571
29560,4.597402597402597
80282,4.60655737704918
51200,4.163934426229508
70683,4.622641509433962
90292,4.53125
58764,4.52760736196319
46192,4.456310679611651
97491,4.393939393939394
57472,3.8620689655172415
101321,4.642857142857143
46706,4.637362637362638
79641,4.2926829268292686
85349,4.4
12276,4.203125
72924,4.4603174603174605
26465,4.7
52494,4.2
101702,4.608695652173913
75774,4.285714285714286
30668,4.754310344827586
61773,4.464285714285714
107487,4.666666666666667
42763,4.478260869565218
87226,4.162162162162162
107983,4.590909090909091
96082,4.4324324324324325
40572,4.654545454545454
45960,4.666666666666667
99732,4.623529411764705
15704,3.769230769230769
29739,4.628205128205129
71969,4.461538461538462
79434,4.735294117647059
24386,4.379310344827586
82271,4.8743169398907105
16481,4.177777777777778
21172,4.4868421052631575
45886,4.581818181818182
32986,4.631578947368421
70895,4.5
45802,4.581818181818182
63039,4.597560975609756
57305,4.622641509433962
76416,4.827338129496403
96726,4.3
11586,4.341772151898734
94414,4.114285714285714
51667,4.651515151515151
102408,4.384615384615385
52066,4.285714285714286
106274,4.452830188679245
97582,4.698630136986301
90894,4.471698113207547
81010,4.391304347826087
17055,4.588235294117647
29606,4.444444444444445
8404,4.714285714285714
12474,4.368421052631579
93711,4.478260869565218
6732,4.530769230769231
18151,4.613207547169812
80795,4.709677419354839
53235,4.534883720930233
37537,4.280575539568345
36161,4.086956521739131
43524,4.860294117647059
45739,4.581818181818182
70405,4.338983050847458
13806,4.625
61622,4.714285714285714
43174,4.642487046632124
35123,4.728155339805825
100507,4.454545454545454
63057,4.597560975609756
64266,3.5161290322580645
26304,4.366666666666666
88562,4.818181818181818
99801,4.623529411764705
12365,4.203125
6703,4.530769230769231
103012,4.151515151515151
21351,4.27906976744186
66133,4.666666666666667
48890,3.8095238095238093
104636,4.214285714285714
52770,3.9038461538461537
13836,4.625
84650,4.72
8792,4.3858267716535435
90908,4.471698113207547
80503,4.619047619047619
26435,4.7
2751,4.557142857142857
85539,4.74468085106383
21915,4.739130434782608
16062,4.333333333333333
27182,4.714285714285714
64622,4.257142857142857
107346,4.696969696969697
83420,4.411764705882353
99371,4.6415094339622645
89728,4.46969696969697
66765,4.205128205128205
69056,4.626373626373627
70994,4.598214285714286
62599,4.530612244897959
21709,4.433962264150943
95428,4.608695652173913
20059,4.712765957446808
73821,4.384615384615385
40430,4.75
100532,4.454545454545454
60917,4.541284403669724
35664,4.421875
33929,4.345864661654136
44088,4.602739726027397
48247,4.621951219512195
82379,4.8743169398907105
14204,4.752688172043011
47968,4.209302325581396
94096,4.0
103261,3.5217391304347827
14777,4.575342465753424
34070,4.345864661654136
31315,4.503875968992248
96339,4.324324324324325
104532,4.2407407407407405
64495,4.405172413793103
49065,4.130434782608695
51728,4.651515151515151
45140,4.3076923076923075
28003,4.3896103896103895
97406,4.56
28448,4.3061224489795915
42874,4.448275862068965
7618,4.303030303030303
78771,3.986666666666667
74873,4.341463414634147
97538,4.698630136986301
43655,4.1466666666666665
4010,4.73469387755102
23619,4.78974358974359
101011,4.45945945945946
27298,4.53125
45892,4.581818181818182
73582,4.553719008264463
14117,4.752688172043011
94111,4.0
35736,4.421875
54077,4.0
31540,4.439024390243903
75102,4.64
104333,4.564102564102564
49486,4.1875
21980,4.621621621621622
65203,4.579439252336448
36062,4.533333333333333
80664,4.730769230769231
24038,4.848314606741573
108406,4.571428571428571
68487,4.0754716981132075
6058,4.352941176470588
58523,4.438356164383562
70903,4.5
47292,4.3076923076923075
107997,4.590909090909091
33352,4.594594594594595
28800,4.433333333333334
10069,4.607142857142857
6936,4.391304347826087
26359,4.678571428571429
45593,4.435897435897436
88137,4.472527472527473
21780,4.409090909090909
68953,4.75
52175,4.285714285714286
46584,4.440944881889764
33467,4.35
4174,4.371428571428571
62195,4.428571428571429
55000,4.410958904109589
66431,4.704433497536946
39825,4.044943820224719
31721,4.619047619047619
87661,4.695652173913044
30031,4.402298850574713
8740,4.3858267716535435
46629,4.637362637362638
94993,4.535211267605634
105578,4.384615384615385
50647,4.545454545454546
81376,4.682926829268292
63010,4.597560975609756
86122,4.681818181818182
74731,4.361111111111111
63485,4.7637795275590555
19018,4.379310344827586
65794,4.121621621621622
27698,4.5928571428571425
100150,4.571428571428571
67721,4.081081081081081
19741,4.711538461538462
62681,4.488888888888889
14504,3.953488372093023
79442,4.735294117647059
61266,4.616279069767442
61113,3.739130434782609
32266,4.457516339869281
44545,4.575418994413408
105806,4.4
34614,4.778688524590164
48547,4.419642857142857
4444,4.102941176470588
52387,4.645833333333333
42084,4.6020408163265305
80142,4.5675675675675675
19363,4.625
26164,4.490566037735849
44946,4.889655172413793
4345,4.0754716981132075
6405,4.280701754385965
66300,4.704433497536946
36735,4.7105263157894735
82852,4.422535211267606
104876,4.844444444444444
27198,4.714285714285714
2782,4.557142857142857
73032,4.655172413793103
45108,4.3076923076923075
38627,4.341269841269841
66328,4.704433497536946
53577,4.520833333333333
37117,4.48051948051948
66815,4.205128205128205
12448,4.368421052631579
84963,3.652173913043478
10553,4.462264150943396
56160,4.6923076923076925
101778,4.695652173913044
35796,4.338983050847458
3564,4.444444444444445
11600,4.341772151898734
23204,4.4739336492890995
19975,4.178571428571429
82573,4.642857142857143
103935,4.933333333333334
32574,4.741007194244604
25764,4.689655172413793
76059,4.079365079365079
71032,4.598214285714286
90464,4.666666666666667
4499,4.102941176470588
80969,4.628571428571429
24527,4.423076923076923
106058,4.440476190476191
39464,4.846456692913386
36539,4.535885167464115
3754,4.285714285714286
55859,4.2926829268292686
16922,4.492957746478873
31324,4.503875968992248
63464,3.9555555555555557
31807,4.619047619047619
39032,4.664893617021277
96287,4.324324324324325
40235,4.754385964912281
85560,4.74468085106383
32718,4.318181818181818
57836,4.204545454545454
105547,4.538461538461538
77315,4.86
88970,4.609756097560975
8594,4.6976744186046515
80166,4.5675675675675675
36620,4.535885167464115
69015,4.269230769230769
7742,4.743243243243243
21667,4.433962264150943
82663,4.423076923076923
37929,4.6938775510204085
64304,3.5161290322580645
90853,3.96875
6845,4.391304347826087
940,4.189473684210526
61940,4.739583333333333
41290,4.610921501706485
64143,4.359375
50250,4.149606299212598
81621,4.413333333333333
18253,4.613207547169812
61528,4.487804878048781
86187,4.6976744186046515
55629,4.6521739130434785
67044,4.51063829787234
57881,4.393939393939394
58847,4.52760736196319
1390,4.5
11318,4.264150943396227
38767,4.341269841269841
96197,4.44
2732,4.527777777777778
40241,4.754385964912281
64071,4.359375
98264,4.12
102744,4.426229508196721
92054,4.745454545454545
22570,4.660714285714286
98889,4.5
44966,4.889655172413793
82781,4.433333333333334
100715,4.391304347826087
7307,4.648148148148148
99472,4.2592592592592595
73613,4.565217391304348
99972,4.6521739130434785
62116,4.086956521739131
75894,4.079365079365079
104347,4.564102564102564
63186,4.230769230769231
13303,4.821428571428571
79947,4.310344827586207
67112,4.297872340425532
89979,4.717391304347826
12008,4.317880794701987
37262,4.6
1672,4.304347826086956
66763,4.205128205128205
87899,4.738095238095238
82040,4.68
65190,4.579439252336448
104251,4.739130434782608
92060,4.745454545454545
57930,4.708333333333333
80806,4.709677419354839
82229,4.8743169398907105
48628,4.419642857142857
46572,4.440944881889764
105705,4.545454545454546
97656,4.391304347826087
27942,4.5928571428571425
55412,4.632911392405063
53075,4.066666666666666
106886,4.416666666666667
1528,4.5
59228,4.346153846153846
69336,3.8181818181818183
35003,4.582608695652174
99041,4.712121212121212
12416,4.368421052631579
69750,4.395348837209302
26406,4.7
55587,4.632911392405063
48588,4.419642857142857
64253,3.5161290322580645
565,4.647058823529412
68228,4.3776223776223775
22252,4.548387096774194
85588,4.74468085106383
65755,4.411764705882353
17714,4.6
16683,4.705882352941177
15613,4.642857142857143
62095,4.71875
419,4.389380530973451
101688,4.608695652173913
23159,4.4739336492890995
50891,4.545454545454546
20577,4.579787234042553
68499,4.0754716981132075
15564,3.9361702127659575
16897,4.492957746478873
17247,4.474226804123711
37105,4.48051948051948
41127,4.404255319148936
97554,4.698630136986301
382,4.389380530973451
90175,4.580645161290323
81232,3.896551724137931
19111,4.818181818181818
22567,4.660714285714286
106175,4.440476190476191
30122,4.5625
16217,4.5
72562,4.831325301204819
91996,4.745454545454545
73459,4.553719008264463
19092,4.767441860465116
73468,4.553719008264463
88969,4.609756097560975
80100,4.5675675675675675
10346,4.7889908256880735
51177,4.163934426229508
36928,4.7105263157894735
48524,4.419642857142857
49019,4.72
42594,4.4646464646464645
40735,4.8161764705882355
50711,4.545454545454546
18686,4.673267326732673
16714,4.705882352941177
35993,3.8
3001,4.8
87933,4.076923076923077
89758,4.46969696969697
91365,4.484210526315789
88644,4.818181818181818
34470,4.2
95826,4.166666666666667
78613,4.456521739130435
13003,4.580357142857143
65750,4.411764705882353
18264,4.613207547169812
79640,4.2926829268292686
83636,4.627450980392157
18812,4.575757575757576
57980,4.28125
97210,4.487804878048781
83003,4.8076923076923075
81424,4.804878048780488
64765,4.630434782608695
28126,4.3896103896103895
76181,4.814285714285714
53574,4.520833333333333
91002,4.476190476190476
39929,4.483870967741935
3162,4.075
98015,4.618181818181818
30216,4.233333333333333
1881,4.436842105263158
45265,4.707964601769912
93522,4.709677419354839
63974,4.415094339622642
68126,4.590909090909091
40159,4.357142857142857
990,4.333333333333333
67039,4.51063829787234
50898,4.545454545454546
48036,3.757575757575758
102285,4.384615384615385
51755,4.461538461538462
54343,4.594594594594595
87828,4.621621621621622
12968,4.580357142857143
75669,4.583333333333333
24951,4.5625
45456,4.435897435897436
48082,3.757575757575758
19197,4.318181818181818
79318,4.446428571428571
59806,4.529411764705882
23827,4.78974358974359
94868,4.173913043478261
99327,4.6415094339622645
86316,4.568181818181818
6156,4.352941176470588
23058,4.636363636363637
65519,4.205882352941177
86465,4.7727272727272725
43292,4.642487046632124
69280,4.607142857142857
3902,4.827586206896552
103838,4.27906976744186
19073,4.767441860465116
80515,4.619047619047619
6468,4.280701754385965
82130,4.583333333333333
63321,4.58
54056,4.0
73327,4.53125
71935,3.869565217391304
73093,4.398230088495575
29923,4.402298850574713
99032,4.712121212121212
22703,4.662650602409639
84270,4.855421686746988
64657,4.630434782608695
56836,4.5
91712,4.951219512195122
20712,4.719512195121951
33241,4.6
92799,4.666666666666667
39371,4.846456692913386
61454,4.627659574468085
34998,4.582608695652174
57963,4.28125
52275,4.459016393442623
14496,3.953488372093023
101482,4.333333333333333
29600,4.444444444444445
98250,4.12
7365,4.591549295774648
73691,4.205128205128205
14485,3.953488372093023
78814,3.986666666666667
17919,4.576923076923077
1609,4.673076923076923
31151,4.478260869565218
29125,4.628865979381444
5937,4.6875
10002,4.607142857142857
87595,4.54054054054054
22462,4.662650602409639
19327,4.780487804878049
20078,4.712765957446808
21763,4.409090909090909
78478,4.71830985915493
40998,4.175438596491228
92829,4.666666666666667
13098,4.6
42471,4.504424778761062
23885,4.848314606741573
103519,4.463414634146342
15009,4.329670329670329
10799,4.443298969072165
16631,4.475
40676,4.26
68551,4.7317073170731705
50761,4.545454545454546
27050,4.324324324324325
102700,4.426229508196721
6607,4.530769230769231
80668,4.730769230769231
20662,4.719512195121951
26904,4.303030303030303
14013,4.222222222222222
44636,4.575418994413408
11540,4.341772151898734
101887,4.458333333333333
86249,4.595238095238095
102782,4.426229508196721
46270,4.456310679611651
85315,4.4
13077,4.6
23691,4.78974358974359
14781,4.575342465753424
66998,4.51063829787234
23771,4.78974358974359
17879,4.585365853658536
15606,4.642857142857143
9189,4.5
7042,4.552238805970149
55524,4.632911392405063
104278,4.333333333333333
43083,4.642487046632124
63675,4.7637795275590555
61892,4.739583333333333
8170,4.0
11708,4.72
56316,4.476923076923077
83387,4.194444444444445
27353,4.53125
23180,4.4739336492890995
38457,4.244897959183674
65858,4.121621621621622
5251,4.111702127659575
103988,4.269230769230769
100789,4.732142857142857
34529,4.778688524590164
97743,4.270833333333333
45336,4.707964601769912
49528,4.4324324324324325
10509,4.462264150943396
65738,4.411764705882353
26137,4.621848739495798
6759,4.530769230769231
22900,4.265822784810126
35280,4.728155339805825
105150,3.9166666666666665
98306,4.12
96541,4.564102564102564
19415,4.625
40972,4.175438596491228
56500,4.720588235294118
35541,4.7368421052631575
86139,4.6976744186046515
10662,4.443298969072165
51064,4.4375
23752,4.78974358974359
36199,4.428571428571429
81351,4.682926829268292
14202,4.752688172043011
83925,4.6923076923076925
31859,4.619047619047619
12588,4.544303797468355
22008,4.621621621621622
105455,4.071428571428571
8673,4.684210526315789
102129,4.433333333333334
73158,4.398230088495575
30587,4.754310344827586
55266,4.388888888888889
11163,4.585106382978723
9887,4.68141592920354
72653,4.531914893617022
96950,4.0
94471,4.375
80873,4.3076923076923075
84714,4.72
101987,4.636363636363637
69028,4.626373626373627
66053,4.565217391304348
54166,4.379310344827586
73483,4.553719008264463
38639,4.341269841269841
25279,4.625
88428,4.59375
65704,4.509090909090909
16824,4.492957746478873
82559,4.642857142857143
21643,4.433962264150943
78610,4.456521739130435
103860,4.27906976744186
34612,4.778688524590164
82795,4.433333333333334
42081,4.6020408163265305
86236,4.595238095238095
60606,4.125
52101,4.285714285714286
7143,4.648148148148148
20965,4.638888888888889
49097,4.469565217391304
74085,4.785714285714286
65290,4.579439252336448
49869,4.40625
104118,4.628571428571429
54884,4.411764705882353
27862,4.5928571428571425
28504,4.3061224489795915
90732,4.423076923076923
2232,4.431578947368421
17006,4.588235294117647
20451,4.579787234042553
102601,4.684684684684685
38933,4.664893617021277
78060,4.625
1633,4.673076923076923
79026,4.6923076923076925
38500,4.244897959183674
80400,4.60655737704918
59882,4.529411764705882
79785,4.340909090909091
33394,4.35
97982,4.764705882352941
12337,4.203125
23415,4.4739336492890995
4428,4.102941176470588
61255,4.616279069767442
69712,4.653846153846154
60720,4.647058823529412
69533,4.21875
88611,4.818181818181818
38665,4.341269841269841
39962,4.483870967741935
97158,4.414634146341464
22646,4.517241379310345
14033,4.769230769230769
102196,4.166666666666667
96964,4.515151515151516
99388,4.6415094339622645
45541,4.435897435897436
15958,4.481012658227848
103509,4.621621621621622
77455,4.611940298507463
30846,4.28
6645,4.530769230769231
13639,4.333333333333333
78457,4.71830985915493
36794,4.7105263157894735
81887,4.640718562874252
106134,4.440476190476191
42756,4.478260869565218
68698,4.444444444444445
73161,4.398230088495575
54688,4.416666666666667
677,4.442622950819672
4343,4.0754716981132075
84253,4.855421686746988
23773,4.78974358974359
39721,4.044943820224719
45905,4.581818181818182
90574,4.404761904761905
47033,4.32
87107,4.793103448275862
40637,4.26
10424,4.545454545454546
50682,4.545454545454546
25921,4.77027027027027
69425,4.588235294117647
4981,4.651162790697675
79473,4.666666666666667
75303,4.580645161290323
55195,4.466666666666667
10745,4.443298969072165
72428,4.615384615384615
107439,4.666666666666667
92400,4.490566037735849
3022,4.8
77151,4.25
86492,4.7727272727272725
27006,4.394736842105263
7324,4.591549295774648
61130,4.616279069767442
1394,4.5
60083,4.516129032258065
86341,4.568181818181818
48897,3.8095238095238093
10876,4.5054945054945055
68154,4.590909090909091
17415,4.416666666666667
66244,4.704433497536946
88064,4.472527472527473
63243,3.979591836734694
44397,4.497607655502392
23941,4.848314606741573
19824,4.517241379310345
57928,4.708333333333333
106342,4.64
51522,4.506024096385542
5965,4.6875
58441,4.438356164383562
57410,4.53125
93380,4.233766233766234
108403,4.571428571428571
73781,4.384615384615385
102763,4.426229508196721
34460,4.2
68260,4.3776223776223775
51922,3.857142857142857
81765,4.640718562874252
54732,4.623376623376624
37433,4.4655172413793105
95911,4.283018867924528
101050,4.388888888888889
66171,4.666666666666667
97435,4.56
107940,4.590909090909091
4641,4.5701754385964914
37918,4.6938775510204085
69482,4.357142857142857
39198,4.684210526315789
8701,4.3858267716535435
61106,3.739130434782609
35573,4.7368421052631575
85150,4.3088235294117645
85884,4.540983606557377
89123,4.793103448275862
27490,4.574712643678161
11187,4.585106382978723
85063,4.739726027397261
107651,4.76
83647,4.627450980392157
86304,4.568181818181818
28209,4.62
93980,4.423076923076923
25030,4.3076923076923075
77136,4.25
78068,4.625
54043,4.0
95362,4.6571428571428575
15041,4.329670329670329
691,4.442622950819672
100125,4.290322580645161
71787,4.412698412698413
46281,4.456310679611651
90734,4.423076923076923
90156,4.346153846153846
54380,3.4242424242424243
61482,4.627659574468085
71324,4.693251533742331
42699,4.4646464646464645
7397,4.591549295774648
62352,4.5125
81536,4.413333333333333
79084,4.83
10120,4.541666666666667
42186,4.6125
32572,4.741007194244604
9170,4.27027027027027
24886,4.5625
68773,4.704545454545454
13465,4.861538461538461
9173,4.27027027027027
62635,4.391304347826087
61509,4.487804878048781
76537,4.827338129496403
39619,4.846456692913386
19758,4.711538461538462
28808,4.433333333333334
87862,4.738095238095238
16278,4.60655737704918
22214,4.548387096774194
69208,4.16
63483,4.7637795275590555
107472,4.666666666666667
81535,4.413333333333333
21889,4.739130434782608
7984,4.544303797468355
21225,4.586206896551724
9357,4.34375
24721,4.382978723404255
14418,4.704545454545454
31289,4.503875968992248
49120,4.469565217391304
90590,4.404761904761905
82485,4.8743169398907105
48399,4.171428571428572
41819,4.6020408163265305
53103,4.621212121212121
93899,4.258064516129032
69860,4.275862068965517
1663,4.304347826086956
30241,4.2727272727272725
79128,4.83
88504,4.679245283018868
36647,4.25
55783,4.576923076923077
12341,4.203125
56386,4.476923076923077
70627,4.622641509433962
88244,4.115384615384615
87986,4.472527472527473
89940,4.48936170212766
99380,4.6415094339622645
96703,4.3
84462,4.490566037735849
26052,4.621848739495798
58456,4.438356164383562
5496,4.486111111111111
32822,4.534883720930233
61148,4.616279069767442
23324,4.4739336492890995
3795,4.538461538461538
82275,4.8743169398907105
81907,4.640718562874252
6431,4.280701754385965
52740,3.9038461538461537
106835,4.291666666666667
25400,4.586666666666667
88838,4.730769230769231
51586,4.678571428571429
87116,4.793103448275862
89934,4.48936170212766
70104,4.663461538461538
44479,4.497607655502392
59940,4.529411764705882
87368,4.518518518518518
62012,4.739583333333333
31904,4.303030303030303
4668,4.5701754385964914
81428,4.804878048780488
68556,4.7317073170731705
61039,4.541284403669724
83088,4.636363636363637
80944,4.628571428571429
19093,4.767441860465116
47391,4.081967213114754
91747,4.951219512195122
107274,4.358974358974359
86784,4.4411764705882355
107614,4.575757575757576
11588,4.341772151898734
1185,4.633333333333334
27454,4.574712643678161
1122,4.214285714285714
4607,4.5701754385964914
6295,4.181818181818182
58393,4.185185185185185
37024,4.48051948051948
91081,4.7272727272727275
75887,4.079365079365079
56590,4.102564102564102
15909,4.481012658227848
98202,4.12
28035,4.3896103896103895
22825,4.265822784810126
77370,4.305084745762712
88558,4.818181818181818
85574,4.74468085106383
487,4.464285714285714
36219,4.428571428571429
45172,4.084745762711864
29279,4.366197183098592
26650,4.601941747572815
31121,4.388888888888889
102703,4.426229508196721
25322,4.806451612903226
91676,4.507692307692308
23824,4.78974358974359
91369,4.484210526315789
107431,4.666666666666667
21785,4.409090909090909
70200,4.538461538461538
40424,4.75
67874,4.46969696969697
55419,4.632911392405063
103902,4.32
8890,4.3858267716535435
4017,4.73469387755102
51767,4.461538461538462
80767,4.423076923076923
4460,4.102941176470588
5285,4.111702127659575
35393,4.479166666666667
87260,4.162162162162162
64723,4.630434782608695
37306,4.6
22619,4.517241379310345
105762,4.4
59216,4.346153846153846
54845,4.623376623376624
43383,4.860294117647059
64416,4.405172413793103
70077,4.663461538461538
4527,4.102941176470588
80686,3.9
6867,4.391304347826087
14632,4.741935483870968
52987,4.25
62911,4.333333333333333
45036,4.889655172413793
32417,4.457516339869281
19416,4.625
654,4.442622950819672
20832,4.14
6025,4.488372093023256
87467,4.3076923076923075
26573,4.601941747572815
15866,4.481012658227848
51143,4.434782608695652
65295,4.579439252336448
83998,4.4411764705882355
63133,4.534883720930233
11108,4.352941176470588
52293,4.459016393442623
53085,4.066666666666666
74083,4.785714285714286
31348,4.503875968992248
98373,4.269230769230769
43200,4.642487046632124
98842,4.5
46502,4.440944881889764
58518,4.438356164383562
96913,4.0
88725,4.780487804878049
1029,4.333333333333333
57404,4.53125
63154,4.534883720930233
79952,4.310344827586207
55213,4.466666666666667
57722,4.742574257425742
19575,4.5396825396825395
29571,4.444444444444445
67016,4.51063829787234
59681,4.456521739130435
52240,4.459016393442623
10647,4.462264150943396
60697,4.647058823529412
41985,4.6020408163265305
96778,4.592592592592593
96301,4.324324324324325
55921,4.375
81089,4.631578947368421
71350,4.693251533742331
63616,4.7637795275590555
98921,4.461538461538462
101500,4.333333333333333
81388,4.682926829268292
6693,4.530769230769231
70592,4.6
95889,4.283018867924528
50614,4.545454545454546
34580,4.778688524590164
101190,4.5
80429,4.60655737704918
73348,4.53125
37448,4.280575539568345
80542,4.619047619047619
53946,4.576923076923077
100813,4.732142857142857
99283,4.793103448275862
45600,3.9
27637,4.574712643678161
99696,4.623529411764705
58139,4.310344827586207
74529,4.787878787878788
63626,4.7637795275590555
100426,4.509090909090909
16108,4.5
17407,4.416666666666667
67784,4.46969696969697
58420,4.185185185185185
71163,4.598214285714286
16050,4.333333333333333
72901,4.4603174603174605
56433,3.71875
9918,4.68141592920354
63100,4.534883720930233
13627,4.333333333333333
87408,4.5
100755,4.086956521739131
88944,4.609756097560975
16411,4.135135135135135
86197,4.6976744186046515
23436,4.4739336492890995
62950,4.333333333333333
94309,4.606060606060606
56123,4.6923076923076925
21289,4.769230769230769
97088,4.466666666666667
3053,4.913043478260869
71544,4.693251533742331
29576,4.444444444444445
34233,4.5588235294117645
69542,4.21875
31238,4.503875968992248
99922,4.4324324324324325
87090,4.793103448275862
63737,4.348837209302325
98674,4.328947368421052
65884,4.121621621621622
47792,4.1
77228,4.535714285714286
58278,4.494623655913978
53876,4.723404255319149
46242,4.456310679611651
66350,4.704433497536946
38720,4.341269841269841
98056,4.618181818181818
73444,4.553719008264463
43911,4.6440677966101696
63681,4.7637795275590555
80578,4.619047619047619
72178,4.414634146341464
31696,4.619047619047619
102657,4.684684684684685
77483,4.611940298507463
10284,4.7889908256880735
25815,4.77027027027027
30596,4.754310344827586
45933,4.581818181818182
57136,4.107692307692307
24873,4.2727272727272725
98693,4.328947368421052
64661,4.630434782608695
22283,4.717948717948718
46133,4.666666666666667
71877,4.412698412698413
106660,4.523809523809524
19760,4.711538461538462
39759,4.044943820224719
50493,4.342105263157895
1746,4.09375
40075,4.275862068965517
34097,4.345864661654136
25962,4.621848739495798
69959,4.419354838709677
42276,4.6125
105130,4.583333333333333
80781,4.423076923076923
16802,4.714285714285714
74378,4.4125
94658,4.269230769230769
103188,4.538461538461538
25487,4.586666666666667
4202,4.371428571428571
29025,4.628865979381444
75912,4.079365079365079
88569,4.818181818181818
81515,4.551724137931035
25148,4.673469387755102
19422,4.625
21635,4.433962264150943
47635,4.704918032786885
37754,4.835164835164835
53964,4.576923076923077
58481,4.438356164383562
70695,4.705882352941177
88764,4.780487804878049
31836,4.619047619047619
93078,4.459016393442623
22081,4.350877192982456
35021,4.582608695652174
44760,4.575418994413408
86351,4.568181818181818
74842,4.341463414634147
67769,4.46969696969697
32125,4.303030303030303
29182,4.628865979381444
5088,4.111702127659575
24546,4.275862068965517
43813,4.6440677966101696
76855,4.546511627906977
9097,4.673076923076923
36249,4.428571428571429
34980,4.582608695652174
28410,4.285714285714286
34382,4.7105263157894735
2306,4.431578947368421
92817,4.666666666666667
104136,4.666666666666667
15184,4.791666666666667
56662,3.98
60444,4.4186046511627906
13480,4.861538461538461
46286,4.456310679611651
76307,4.454545454545454
72617,4.831325301204819
46844,4.6525423728813555
21387,4.851851851851852
75076,4.534883720930233
52551,3.951219512195122
67262,4.587209302325581
26226,4.490566037735849
28933,4.628865979381444
6408,4.280701754385965
35335,4.1454545454545455
39937,4.483870967741935
106098,4.440476190476191
78436,4.71830985915493
55785,4.576923076923077
48792,4.6521739130434785
28693,4.433333333333334
106097,4.440476190476191
73183,4.398230088495575
44772,4.575418994413408
95492,4.153846153846154
38770,4.341269841269841
36563,4.535885167464115
90532,4.666666666666667
72856,4.4603174603174605
72776,4.181818181818182
48566,4.419642857142857
36296,4.535885167464115
33473,4.35
42305,4.6125
13607,4.333333333333333
25759,4.689655172413793
33192,4.6
30526,4.754310344827586
49652,4.439024390243903
34676,4.778688524590164
55319,4.388888888888889
40559,4.654545454545454
50411,4.21875
84619,4.453125
19072,4.767441860465116
48852,4.6521739130434785
46071,4.666666666666667
36133,4.62962962962963
54299,4.594594594594595
84772,4.575757575757576
25931,4.77027027027027
26066,4.621848739495798
72663,4.531914893617022
94695,4.481481481481482
26768,4.661764705882353
69934,4.419354838709677
21479,4.068965517241379
51338,4.506024096385542
48938,3.8095238095238093
92490,4.564102564102564
35394,4.479166666666667
47100,4.32
42473,4.504424778761062
33242,4.6
93232,4.714285714285714
63339,4.58
30861,4.28
79671,4.378378378378378
37597,4.280575539568345
102047,4.038461538461538
44816,4.575418994413408
7232,4.648148148148148
39863,4.044943820224719
97942,4.764705882352941
9270,4.520833333333333
55980,4.327272727272727
72122,4.414634146341464
55614,4.6521739130434785
24263,4.442622950819672
19720,4.711538461538462
43415,4.860294117647059
89537,4.589285714285714
54466,4.53125
23412,4.4739336492890995
94936,4.628571428571429
33674,4.442622950819672
21128,4.4868421052631575
59454,4.112903225806452
78438,4.71830985915493
63441,3.9555555555555557
6954,4.391304347826087
63196,4.230769230769231
38802,4.594594594594595
45988,4.666666666666667
71833,4.412698412698413
107731,4.689655172413793
16904,4.492957746478873
74352,4.4125
15611,4.642857142857143
36077,4.533333333333333
5295,4.111702127659575
33553,4.411764705882353
198,4.538461538461538
41247,4.610921501706485
62548,4.530612244897959
63290,3.979591836734694
77074,4.717948717948718
73399,4.553719008264463
19875,3.9322033898305087
6840,4.391304347826087
20442,4.579787234042553
44285,4.497607655502392
62113,4.086956521739131
26799,4.475
88143,4.162162162162162
54356,4.594594594594595
23323,4.4739336492890995
26978,4.394736842105263
93859,4.258064516129032
74394,4.4125
68938,4.75
74908,4.583333333333333
45306,4.707964601769912
14542,4.410256410256411
7952,4.743243243243243
16374,4.135135135135135
34253,4.317460317460317
58876,4.52760736196319
37629,4.280575539568345
86798,4.4411764705882355
67945,4.666666666666667
101708,4.608695652173913
26606,4.601941747572815
22341,4.3478260869565215
15516,3.9361702127659575
12179,4.317880794701987
54600,4.365853658536586
25413,4.586666666666667
2514,4.673267326732673
33056,4.631578947368421
51364,4.506024096385542
79091,4.83
20168,4.712765957446808
35398,4.479166666666667
33324,4.594594594594595
96608,3.9344262295081966
47937,4.209302325581396
48956,4.185185185185185
19136,4.818181818181818
20938,4.638888888888889
27172,4.714285714285714
50464,4.08
85570,4.74468085106383
67231,4.587209302325581
73629,4.565217391304348
57108,4.107692307692307
916,4.189473684210526
15318,4.483606557377049
79422,4.735294117647059
69640,4.653846153846154
97806,4.365853658536586
65494,4.6875
54394,3.4242424242424243
100993,4.45945945945946
90092,4.657894736842105
69044,4.626373626373627
91165,4.56
77527,4.611940298507463
89695,4.46969696969697
27466,4.574712643678161
43759,4.6440677966101696
24624,4.0638297872340425
96865,4.56
101797,4.695652173913044
11281,4.585106382978723
771,4.605263157894737
59933,4.529411764705882
60372,4.684210526315789
101710,4.608695652173913
45082,4.889655172413793
57758,4.848484848484849
93794,4.310344827586207
79313,4.446428571428571
68397,4.3776223776223775
7940,4.743243243243243
90538,4.404761904761905
9256,4.36
96180,4.5
69962,4.663461538461538
86889,4.571428571428571
73506,4.553719008264463
49432,4.344262295081967
70684,4.622641509433962
43091,4.642487046632124
52959,4.46
62555,4.530612244897959
70782,4.705882352941177
61436,4.627659574468085
34292,4.317460317460317
8289,4.256410256410256
35202,4.728155339805825
32317,4.457516339869281
101182,4.5
10602,4.462264150943396
56745,4.4
69257,4.607142857142857
63708,4.348837209302325
45986,4.666666666666667
89126,4.793103448275862
29947,4.402298850574713
33849,4.62962962962963
54662,4.416666666666667
48419,4.090909090909091
107369,4.696969696969697
35417,4.479166666666667
72637,4.531914893617022
5123,4.111702127659575
39786,4.044943820224719
52861,4.435897435897436
28477,4.3061224489795915
45980,4.666666666666667
78452,4.71830985915493
32700,4.741007194244604
13560,4.861538461538461
41966,4.6020408163265305
73191,4.398230088495575
81066,4.413793103448276
5658,4.630434782608695
61067,4.541284403669724
44327,4.497607655502392
49858,4.476744186046512
105390,4.5
39618,4.846456692913386
90499,4.666666666666667
33308,4.594594594594595
100855,4.732142857142857
30869,4.28
95053,4.535211267605634
48840,4.6521739130434785
54049,4.0
99652,4.541666666666667
37540,4.280575539568345
23808,4.78974358974359
98801,4.54054054054054
65271,4.579439252336448
12623,4.544303797468355
105317,4.541666666666667
2654,4.428571428571429
24309,4.379310344827586
6430,4.280701754385965
30538,4.754310344827586
14952,4.329670329670329
106043,4.848484848484849
97951,4.764705882352941
59525,3.8214285714285716
13053,4.6
16585,4.475
107249,3.75
6081,4.352941176470588
5914,4.6875
34543,4.778688524590164
49483,4.1875
106605,4.363636363636363
83765,4.321428571428571
8500,4.6976744186046515
38117,4.150943396226415
49932,4.40625
15954,4.481012658227848
2801,4.557142857142857
93984,4.423076923076923
39387,4.846456692913386
35366,4.1454545454545455
103000,4.151515151515151
6709,4.530769230769231
49339,4.4324324324324325
61306,4.470588235294118
102611,4.684684684684685
81818,4.640718562874252
27743,4.5928571428571425
46184,4.666666666666667
46774,4.6525423728813555
86278,4.595238095238095
73770,4.384615384615385
62612,4.391304347826087
52796,3.9038461538461537
71766,4.440677966101695
67356,4.587209302325581
84699,4.72
51655,4.651515151515151
476,4.464285714285714
103813,4.27906976744186
25849,4.77027027027027
77710,4.611111111111111
89772,4.46969696969697
16764,4.714285714285714
103815,4.27906976744186
22189,4.805555555555555
95012,4.535211267605634
60164,4.391304347826087
65414,4.6875
103930,4.933333333333334
22481,4.662650602409639
29649,4.444444444444445
2127,4.436842105263158
14861,4.714285714285714
55341,4.632911392405063
25596,4.560975609756097
105526,4.538461538461538
95018,4.535211267605634
68872,4.309523809523809
49836,4.476744186046512
78296,4.653333333333333
100601,4.518518518518518
13280,4.64
38230,4.2809917355371905
3653,4.162162162162162
38303,4.2809917355371905
5207,4.111702127659575
12068,4.317880794701987
95542,3.911764705882353
42153,4.6125
45489,4.435897435897436
25828,4.77027027027027
84953,3.652173913043478
1588,4.673076923076923
11238,4.585106382978723
70466,4.682926829268292
101716,4.608695652173913
95852,4.166666666666667
48706,4.35
81602,4.413333333333333
1842,4.67741935483871
65388,4.811320754716981
20462,4.579787234042553
62845,3.9272727272727272
34355,4.317460317460317
94359,4.257142857142857
27948,4.846153846153846
5913,4.6875
59827,4.529411764705882
38690,4.341269841269841
49052,4.130434782608695
59676,4.456521739130435
13821,4.625
2719,4.527777777777778
51354,4.506024096385542
38851,4.594594594594595
73176,4.398230088495575
55065,4.410958904109589
93259,4.714285714285714
79047,4.6923076923076925
41585,4.610921501706485
13740,4.333333333333333
92615,4.634146341463414
2143,4.436842105263158
8665,4.684210526315789
79764,4.340909090909091
83487,4.433333333333334
99770,4.623529411764705
51967,4.148148148148148
80261,4.60655737704918
24252,4.442622950819672
40346,4.754385964912281
85932,4.404040404040404
56838,4.5
88304,4.67741935483871
107640,4.76
6500,4.354838709677419
33759,4.62962962962963
101143,4.304347826086956
2617,4.526315789473684
73607,4.553719008264463
27467,4.574712643678161
97576,4.698630136986301
24635,4.0638297872340425
44842,4.575418994413408
35828,4.338983050847458
59225,4.346153846153846
6720,4.530769230769231
74773,4.361111111111111
67170,4.587209302325581
36429,4.535885167464115
25208,4.673469387755102
27129,4.576923076923077
99730,4.623529411764705
1839,4.67741935483871
72387,4.615384615384615
103214,4.096774193548387
107626,4.575757575757576
7338,4.591549295774648
8610,4.6976744186046515
93224,4.714285714285714
74345,4.4125
94299,4.606060606060606
33671,4.442622950819672
94054,4.0
18309,4.613207547169812
67401,4.587209302325581
92478,4.36
107641,4.76
15886,4.481012658227848
43340,4.860294117647059
107020,4.484848484848484
83852,4.662650602409639
97637,4.698630136986301
90225,4.371428571428571
107313,4.358974358974359
49800,4.476744186046512
32888,4.659574468085107
3831,4.03030303030303
46796,4.6525423728813555
57443,4.53125
80693,3.9
84914,4.783783783783784
29357,4.5
21614,4.297872340425532
81260,3.896551724137931
83062,4.636363636363637
9997,4.607142857142857
17231,4.474226804123711
95766,3.96875
100035,4.0
28507,4.3061224489795915
32770,4.318181818181818
48291,4.171428571428572
11263,4.585106382978723
27360,4.53125
33206,4.6
51824,4.423076923076923
75647,4.583333333333333
74440,4.685714285714286
47232,4.3076923076923075
38103,4.150943396226415
79332,4.446428571428571
43833,4.6440677966101696
67131,4.297872340425532
95344,4.6571428571428575
45086,4.889655172413793
26792,4.475
8823,4.3858267716535435
53191,4.621212121212121
70822,4.28
11950,4.317880794701987
44979,4.889655172413793
57922,4.708333333333333
94584,4.25
35591,4.7368421052631575
9306,4.520833333333333
82198,4.583333333333333
53671,4.043478260869565
55214,4.466666666666667
42015,4.6020408163265305
63789,4.739130434782608
43286,4.642487046632124
81584,4.413333333333333
105875,4.928571428571429
62261,4.6
96809,4.826086956521739
55965,4.327272727272727
62367,4.5125
52862,4.435897435897436
96071,4.4324324324324325
95846,4.166666666666667
21581,4.297872340425532
107573,4.575757575757576
6006,4.488372093023256
28033,4.3896103896103895
60527,4.630769230769231
77937,4.56
61301,4.470588235294118
50555,4.545454545454546
31645,4.619047619047619
21400,4.851851851851852
90119,4.346153846153846
86614,4.75
34290,4.317460317460317
18150,4.613207547169812
108534,4.641025641025641
104943,4.666666666666667
11640,4.730769230769231
23488,4.4739336492890995
78579,4.456521739130435
94287,4.606060606060606
4988,4.651162790697675
6833,4.391304347826087
59695,4.456521739130435
105943,4.323529411764706
25266,4.625
86098,4.681818181818182
108086,4.130434782608695
13573,4.333333333333333
58808,4.52760736196319
74497,4.787878787878788
94424,4.114285714285714
88700,4.314285714285714
100747,4.086956521739131
41764,4.6020408163265305
80251,4.60655737704918
8983,4.673076923076923
85411,4.617647058823529
106733,4.166666666666667
80921,4.3076923076923075
35944,4.338983050847458
16346,4.60655737704918
101443,4.42
43481,4.860294117647059
32534,4.741007194244604
5166,4.111702127659575
22979,4.636363636363637
89897,4.48936170212766
7167,4.648148148148148
74354,4.4125
52724,3.9038461538461537
88397,4.375
27858,4.5928571428571425
64556,4.0344827586206895
59767,4.25
53043,4.25
15210,4.346938775510204
103775,4.375
29540,4.597402597402597
94295,4.606060606060606
56449,3.71875
12895,4.580357142857143
99483,4.2592592592592595
38816,4.594594594594595
7715,4.743243243243243
103623,4.530612244897959
89609,4.571428571428571
76908,4.546511627906977
55032,4.410958904109589
74562,4.787878787878788
75940,4.079365079365079
22560,4.660714285714286
35222,4.728155339805825
12331,4.203125
31143,4.388888888888889
41013,4.175438596491228
8717,4.3858267716535435
11961,4.317880794701987
82661,4.423076923076923
68187,4.3776223776223775
14617,4.741935483870968
49551,4.4324324324324325
8974,4.673076923076923
41138,4.404255319148936
29805,4.155172413793103
57281,4.622641509433962
25501,4.586666666666667
54552,4.0
60403,4.684210526315789
87159,4.793103448275862
78687,4.375
1640,4.673076923076923
49354,4.344262295081967
101254,4.035714285714286
39000,4.664893617021277
54821,4.623376623376624
106598,4.363636363636363
20141,4.712765957446808
67566,4.0588235294117645
44232,4.497607655502392
71706,4.440677966101695
101945,4.636363636363637
77279,4.86
25498,4.586666666666667
92087,4.875
28514,4.3061224489795915
80721,3.9
38917,4.664893617021277
61107,3.739130434782609
79998,4.666666666666667
77114,4.717948717948718
18848,4.379310344827586
7627,4.303030303030303
108071,4.130434782608695
48403,4.171428571428572
5781,4.6875
19274,4.318181818181818
51408,4.506024096385542
54699,4.416666666666667
10404,4.483870967741935
35179,4.728155339805825
108554,4.844444444444444
81933,4.640718562874252
85435,4.617647058823529
43925,4.6440677966101696
106116,4.440476190476191
53896,4.723404255319149
82862,4.422535211267606
70603,4.622641509433962
14890,4.714285714285714
96946,4.0
11759,4.46875
90836,3.96875
106216,4.452830188679245
36340,4.535885167464115
6753,4.530769230769231
3603,4.444444444444445
102765,4.426229508196721
46482,4.440944881889764
15159,4.791666666666667
56859,4.5
34683,4.778688524590164
45997,4.666666666666667
84872,4.660377358490566
39850,4.044943820224719
84192,4.604651162790698
21014,4.448275862068965
95384,4.6571428571428575
103514,4.463414634146342
75693,4.583333333333333
101802,4.695652173913044
14087,4.752688172043011
88646,4.818181818181818
33903,4.345864661654136
76822,4.546511627906977
107486,4.666666666666667
39124,4.664893617021277
59930,4.529411764705882
85635,4.583333333333333
3097,4.075
8875,4.3858267716535435
99535,4.407407407407407
59116,4.712765957446808
60023,4.076923076923077
106887,4.416666666666667
54731,4.623376623376624
46515,4.440944881889764
58665,4.52760736196319
2418,4.673267326732673
20390,4.579787234042553
79881,4.435897435897436
56997,4.107692307692307
4282,4.521739130434782
52160,4.285714285714286
64735,4.630434782608695
17560,4.857142857142857
91640,4.507692307692308
20367,4.579787234042553
33570,4.411764705882353
33638,4.411764705882353
5039,4.111702127659575
21972,4.621621621621622
37636,4.280575539568345
101727,4.608695652173913
98679,4.328947368421052
72312,4.571428571428571
90309,4.53125
105847,4.928571428571429
38338,4.2809917355371905
54620,4.365853658536586
105443,4.071428571428571
102757,4.426229508196721
99942,4.4324324324324325
70233,4.538461538461538
64210,4.487804878048781
15413,4.483606557377049
86474,4.7727272727272725
43777,4.6440677966101696
19624,4.5396825396825395
52692,4.413793103448276
40085,4.275862068965517
97384,4.068965517241379
34829,4.36
26215,4.490566037735849
84103,4.296296296296297
36492,4.535885167464115
62881,3.9272727272727272
46267,4.456310679611651
70117,4.663461538461538
11554,4.341772151898734
106299,4.689655172413793
28247,4.62
88024,4.472527472527473
19339,4.780487804878049
58292,4.494623655913978
62435,4.5125
101227,4.5
19489,4.72
59597,4.728813559322034
107698,4.826086956521739
34481,4.758620689655173
91247,4.314285714285714
43573,4.586206896551724
13673,4.333333333333333
104187,4.425
27080,4.324324324324325
82771,4.433333333333334
41602,4.610921501706485
93524,4.709677419354839
51281,4.506024096385542
41165,4.525
83592,4.684210526315789
49607,4.457142857142857
63440,3.9555555555555557
75783,4.285714285714286
58207,4.310344827586207
87081,4.793103448275862
92332,4.730769230769231
95573,3.911764705882353
86131,4.681818181818182
39416,4.846456692913386
84041,4.625
52626,4.454545454545454
7927,4.743243243243243
51246,4.163934426229508
62902,3.9272727272727272
24167,4.848314606741573
44657,4.575418994413408
47373,4.081967213114754
97713,4.270833333333333
73514,4.553719008264463
57714,4.742574257425742
73302,4.53125
10077,4.607142857142857
40616,4.654545454545454
42358,4.6125
47093,4.32
77820,4.472222222222222
43990,4.1875
107317,4.358974358974359
89947,4.48936170212766
107422,4.666666666666667
33471,4.35
55129,4.466666666666667
50151,4.583333333333333
37563,4.280575539568345
44434,4.497607655502392
86124,4.681818181818182
16741,4.576923076923077
45968,4.666666666666667
9440,4.363636363636363
15502,3.9361702127659575
41960,4.6020408163265305
54890,4.411764705882353
91768,4.705882352941177
60208,4.391304347826087
41725,4.610921501706485
56622,4.102564102564102
24665,4.382978723404255
37735,4.485714285714286
49639,4.439024390243903
39854,4.044943820224719
2964,4.8
87856,4.738095238095238
73560,4.553719008264463
1322,4.5
44938,4.889655172413793
79877,4.435897435897436
106321,4.689655172413793
64869,4.300970873786408
98577,4.428571428571429
82563,4.642857142857143
56603,4.102564102564102
57494,3.8620689655172415
12046,4.317880794701987
23487,4.4739336492890995
49640,4.439024390243903
65904,4.121621621621622
56080,4.525
51318,4.506024096385542
77872,4.7
66657,4.037037037037037
33789,4.62962962962963
4121,4.636363636363637
47878,4.073170731707317
2750,4.527777777777778
5648,4.630434782608695
40588,4.654545454545454
20648,4.719512195121951
10338,4.7889908256880735
14906,4.329670329670329
106920,4.458333333333333
93997,4.423076923076923
26167,4.490566037735849
72906,4.4603174603174605
104395,4.513513513513513
84811,4.660377358490566
2380,4.673267326732673
104698,4.205128205128205
69823,4.275862068965517
42914,4.448275862068965
74141,4.785714285714286
6818,4.391304347826087
85385,4.4
47827,4.073170731707317
101527,4.793103448275862
21759,4.409090909090909
63023,4.597560975609756
50407,4.21875
98218,4.12
40127,4.357142857142857
8574,4.6976744186046515
41104,4.404255319148936
26220,4.490566037735849
87863,4.738095238095238
53250,4.534883720930233
102033,4.363636363636363
79431,4.735294117647059
56520,4.720588235294118
1688,4.304347826086956
99348,4.6415094339622645
14999,4.329670329670329
27081,4.324324324324325
73694,4.205128205128205
50376,4.149606299212598
79996,4.666666666666667
63707,4.348837209302325
17886,4.585365853658536
17166,4.474226804123711
97543,4.698630136986301
34049,4.345864661654136
75479,4.423728813559322
50319,4.149606299212598
62699,4.488888888888889
87737,4.729166666666667
75253,4.882352941176471
14719,4.575342465753424
97055,4.466666666666667
8169,4.0
14426,4.704545454545454
14115,4.752688172043011
91302,4.314285714285714
99431,4.363636363636363
29885,4.155172413793103
16287,4.60655737704918
21155,4.4868421052631575
11670,4.72
84361,4.855421686746988
99982,4.6521739130434785
17099,4.474226804123711
69837,4.275862068965517
27070,4.324324324324325
17699,4.6
44554,4.575418994413408
61497,4.487804878048781
83428,4.411764705882353
30938,4.28
38034,4.6938775510204085
9655,4.714285714285714
74500,4.787878787878788
71527,4.693251533742331
93586,4.586206896551724
23922,4.848314606741573
31050,4.62
48767,3.7142857142857144
57271,4.622641509433962
64038,4.230769230769231
47696,4.526315789473684
14972,4.329670329670329
8168,4.0
31830,4.619047619047619
52446,4.2
23378,4.4739336492890995
38746,4.341269841269841
80575,4.619047619047619
19691,4.711538461538462
9900,4.68141592920354
7801,4.743243243243243
85883,4.540983606557377
6563,4.478260869565218
71475,4.693251533742331
101009,4.45945945945946
57180,4.514285714285714
62217,4.6
61205,4.616279069767442
25402,4.586666666666667
16035,4.333333333333333
72255,4.414634146341464
19566,4.5396825396825395
26061,4.621848739495798
87824,4.621621621621622
33457,4.35
93696,4.478260869565218
5987,4.488372093023256
40911,4.8161764705882355
70488,4.682926829268292
65736,4.411764705882353
60757,4.647058823529412
108594,4.844444444444444
88971,4.609756097560975
25995,4.621848739495798
83077,4.636363636363637
44130,4.602739726027397
88128,4.472527472527473
73129,4.398230088495575
29646,4.444444444444445
41849,4.6020408163265305
13081,4.6
32722,4.318181818181818
99568,4.166666666666667
69346,4.565217391304348
103542,4.463414634146342
37289,4.6
15498,4.483606557377049
44642,4.575418994413408
95202,3.88
76926,4.621621621621622
76123,4.814285714285714
78659,4.583333333333333
105739,4.4
4366,4.0754716981132075
60857,4.458333333333333
24372,4.379310344827586
19873,3.9322033898305087
83308,4.371428571428571
72962,4.521739130434782
32292,4.457516339869281
92023,4.745454545454545
29228,4.366197183098592
102042,4.363636363636363
89449,4.6909090909090905
34767,4.15625
63750,4.348837209302325
98680,4.328947368421052
49463,4.1875
17485,4.416666666666667
63969,4.415094339622642
84549,4.453125
107734,4.689655172413793
75632,4.32
58710,4.52760736196319
73999,4.391304347826087
78578,4.456521739130435
64450,4.405172413793103
16207,4.5
32497,4.741007194244604
23422,4.4739336492890995
26574,4.601941747572815
40062,4.5
39077,4.664893617021277
90899,4.471698113207547
35369,4.1454545454545455
47726,4.526315789473684
83060,4.636363636363637
30702,4.754310344827586
25846,4.77027027027027
96328,4.324324324324325
19483,4.72
6734,4.530769230769231
20618,4.579787234042553
24748,4.382978723404255
66760,4.205128205128205
29750,4.628205128205129
32250,4.457516339869281
106789,4.702702702702703
4141,4.636363636363637
12836,4.580357142857143
93600,4.586206896551724
67637,4.357142857142857
36046,3.739130434782609
51726,4.651515151515151
46503,4.440944881889764
25350,4.806451612903226
38891,4.664893617021277
12231,4.575
74585,4.52
79063,4.6923076923076925
1559,4.5
33369,4.594594594594595
28081,4.3896103896103895
30946,4.28
44383,4.497607655502392
90182,4.580645161290323
31715,4.619047619047619
23272,4.4739336492890995
14516,3.953488372093023
38458,4.244897959183674
5973,4.6875
50906,4.545454545454546
101857,4.3125
77314,4.86
39316,4.846456692913386
24528,4.423076923076923
106407,4.64
100988,4.45945945945946
22384,4.662650602409639
414,4.389380530973451
8274,4.256410256410256
33536,4.411764705882353
32759,4.318181818181818
19627,4.5396825396825395
35657,4.421875
2050,4.436842105263158
91407,4.484210526315789
89055,4.576923076923077
50687,4.545454545454546
16718,4.576923076923077
4218,4.371428571428571
67254,4.587209302325581
89778,4.46969696969697
41301,4.610921501706485
2274,4.431578947368421
3516,4.521739130434782
100346,4.419354838709677
64046,4.230769230769231
64885,4.300970873786408
33715,4.442622950819672
87846,4.621621621621622
58961,4.16
96699,4.3
36892,4.7105263157894735
21474,4.068965517241379
78358,4.653333333333333
48899,3.8095238095238093
87086,4.793103448275862
25777,4.92
83391,4.194444444444445
9511,4.363636363636363
57581,4.742574257425742
77675,4.5
63030,4.597560975609756
96528,4.564102564102564
42528,4.504424778761062
55891,4.375
31751,4.619047619047619
45675,4.581818181818182
100040,4.0
60581,4.630769230769231
85748,4.71875
86599,4.8
35078,4.582608695652174
64425,4.405172413793103
100462,4.454545454545454
98809,4.54054054054054
34241,4.5588235294117645
29381,4.5
56222,4.6923076923076925
4270,4.423076923076923
48572,4.419642857142857
62303,4.6
70644,4.622641509433962
53215,4.621212121212121
73338,4.53125
67857,4.46969696969697
52638,4.454545454545454
75402,4.580645161290323
15182,4.791666666666667
92590,4.634146341463414
73798,4.384615384615385
43094,4.642487046632124
106128,4.440476190476191
101342,4.681818181818182
45982,4.666666666666667
62427,4.5125
106778,4.702702702702703
8919,4.3858267716535435
106345,4.64
89386,4.37037037037037
58303,4.494623655913978
97329,4.260869565217392
6300,4.181818181818182
51620,4.651515151515151
65673,4.509090909090909
52333,4.266666666666667
68497,4.0754716981132075
14458,4.704545454545454
3028,4.8
16326,4.60655737704918
98780,4.54054054054054
96335,4.324324324324325
7610,4.303030303030303
55392,4.632911392405063
34882,4.171428571428572
69856,4.275862068965517
14963,4.329670329670329
17946,4.613207547169812
107674,4.76
71363,4.693251533742331
77687,4.5
87683,4.695652173913044
69035,4.626373626373627
36294,4.535885167464115
81717,4.511627906976744
3797,4.538461538461538
50120,4.583333333333333
69638,4.653846153846154
106100,4.440476190476191
4277,4.521739130434782
50320,4.149606299212598
28579,4.84375
12602,4.544303797468355
53751,4.398058252427185
13680,4.333333333333333
75584,4.32
88099,4.472527472527473
88711,4.314285714285714
92371,4.490566037735849
22353,4.3478260869565215
93831,4.709677419354839
4542,4.514285714285714
104398,4.513513513513513
45670,4.581818181818182
28771,4.433333333333334
15433,4.483606557377049
88407,4.59375
34144,4.517241379310345
105525,4.538461538461538
80051,4.666666666666667
56825,4.5
79497,4.666666666666667
102485,4.814814814814815
32352,4.457516339869281
96593,3.9344262295081966
7233,4.648148148148148
69958,4.419354838709677
85508,4.617647058823529
67089,4.297872340425532
91486,4.851851851851852
33019,4.631578947368421
27109,4.576923076923077
98139,4.12
51930,4.148148148148148
71204,4.56140350877193
54255,4.271186440677966
100547,4.454545454545454
46049,4.666666666666667
45737,4.581818181818182
31032,4.62
41141,4.404255319148936
8716,4.3858267716535435
58433,4.185185185185185
38813,4.594594594594595
87553,4.54054054054054
26207,4.490566037735849
16174,4.5
51556,4.506024096385542
91334,4.484210526315789
91321,4.484210526315789
51085,4.4375
76922,4.621621621621622
88436,4.59375
22184,4.805555555555555
23407,4.4739336492890995
23320,4.4739336492890995
108264,4.625
95398,4.6571428571428575
13005,4.580357142857143
88364,4.375
56374,4.476923076923077
31420,4.439024390243903
70626,4.622641509433962
77739,4.611111111111111
87098,4.793103448275862
5584,4.486111111111111
51915,3.857142857142857
75166,4.64
92373,4.490566037735849
62697,4.488888888888889
48476,4.419642857142857
56628,4.102564102564102
29604,4.444444444444445
21752,4.409090909090909
4623,4.5701754385964914
81526,4.413333333333333
41083,4.404255319148936
52170,4.285714285714286
37406,4.4655172413793105
104656,4.205128205128205
35020,4.582608695652174
46168,4.666666666666667
101588,4.793103448275862
60533,4.630769230769231
38252,4.2809917355371905
13248,4.64
26281,4.782608695652174
1988,4.436842105263158
72149,4.414634146341464
59426,4.112903225806452
42599,4.4646464646464645
2849,4.557142857142857
42393,4.504424778761062
82789,4.433333333333334
67185,4.587209302325581
31403,4.503875968992248
95204,3.88
46647,4.637362637362638
77855,4.7
89757,4.46969696969697
31073,4.388888888888889
53965,4.576923076923077
17509,4.482758620689655
8936,4.673076923076923
85557,4.74468085106383
84741,4.575757575757576
39774,4.044943820224719
15046,4.329670329670329
105890,4.862068965517241
21938,4.387096774193548
21079,4.4868421052631575
24347,4.379310344827586
21650,4.433962264150943
97249,4.487804878048781
67925,4.541666666666667
57914,4.393939393939394
20729,4.719512195121951
92225,4.536585365853658
59411,4.112903225806452
62300,4.6
14717,4.258064516129032
102282,4.384615384615385
5549,4.486111111111111
50710,4.545454545454546
29905,4.402298850574713
86569,4.8
65622,4.509090909090909
63598,4.7637795275590555
491,4.464285714285714
30465,4.754310344827586
99442,4.2592592592592595
69543,4.21875
47505,4.302631578947368
39568,4.846456692913386
88266,4.766666666666667
55090,4.466666666666667
43585,4.586206896551724
82855,4.422535211267606
73002,4.285714285714286
40005,4.5
57802,4.204545454545454
26391,4.7
79816,4.862068965517241
83834,4.662650602409639
23450,4.4739336492890995
65262,4.579439252336448
53842,4.398058252427185
32546,4.741007194244604
58671,4.52760736196319
108169,4.565217391304348
92003,4.745454545454545
66886,4.205128205128205
61635,4.714285714285714
71255,4.56140350877193
94171,4.354166666666667
57407,4.53125
27767,4.5928571428571425
39535,4.846456692913386
11591,4.341772151898734
36995,4.48051948051948
105402,4.5
33289,4.594594594594595
44391,4.497607655502392
69413,4.588235294117647
100849,4.732142857142857
6573,4.478260869565218
20558,4.579787234042553
57658,4.742574257425742
14512,3.953488372093023
96690,4.3
16222,4.5
40054,4.5
71233,4.56140350877193
47141,4.3076923076923075
936,4.189473684210526
13006,4.580357142857143
108255,4.625
49271,4.469565217391304
76052,4.079365079365079
77502,4.611940298507463
107719,4.689655172413793
8888,4.3858267716535435
105393,4.5
63712,4.348837209302325
87035,4.634146341463414
28328,4.589743589743589
96620,3.9344262295081966
95288,4.454545454545454
90223,4.371428571428571
6832,4.391304347826087
79655,4.378378378378378
100113,4.290322580645161
74312,4.4125
30591,4.754310344827586
82479,4.8743169398907105
84765,4.575757575757576
37980,4.6938775510204085
100722,4.391304347826087
37251,4.6
13291,4.821428571428571
86346,4.568181818181818
15360,4.483606557377049
43439,4.860294117647059
70,4.58
63435,3.9555555555555557
28456,4.3061224489795915
70281,4.371428571428571
81180,4.631578947368421
7929,4.743243243243243
6803,4.530769230769231
80576,4.619047619047619
89081,4.576923076923077
85887,4.540983606557377
71757,4.440677966101695
39785,4.044943820224719
17845,4.585365853658536
46831,4.6525423728813555
84250,4.855421686746988
100438,4.509090909090909
81600,4.413333333333333
95277,4.454545454545454
94120,4.67741935483871
83560,4.684210526315789
87448,4.3076923076923075
34364,4.7105263157894735
921,4.189473684210526
18267,4.613207547169812
89985,4.717391304347826
23151,4.4739336492890995
64458,4.405172413793103
61369,4.627659574468085
74433,4.685714285714286
12540,3.8333333333333335
107411,4.666666666666667
90151,4.346153846153846
69184,4.626373626373627
64522,4.0344827586206895
96664,3.9344262295081966
99744,4.623529411764705
90241,4.371428571428571
1033,4.333333333333333
74399,4.685714285714286
5917,4.6875
37817,4.835164835164835
74233,4.785714285714286
27155,4.714285714285714
19727,4.711538461538462
80977,4.628571428571429
79260,4.446428571428571
96978,4.515151515151516
81235,3.896551724137931
16244,4.5
28625,4.2368421052631575
80838,4.709677419354839
72941,4.521739130434782
104416,4.513513513513513
47808,4.1
18753,4.673267326732673
72111,4.27027027027027
82470,4.8743169398907105
88151,4.162162162162162
98580,4.428571428571429
94084,4.0
9205,4.5
31849,4.619047619047619
64887,4.300970873786408
94352,4.257142857142857
61853,4.464285714285714
38496,4.244897959183674
33299,4.594594594594595
80584,4.647058823529412
88432,4.59375
11941,4.317880794701987
105251,4.8125
25770,4.92
104889,4.844444444444444
63963,4.415094339622642
5141,4.111702127659575
71280,4.0
20202,4.548387096774194
9622,4.619047619047619
41944,4.6020408163265305
29545,4.597402597402597
15700,3.769230769230769
74763,4.361111111111111
94727,4.481481481481482
52510,3.951219512195122
92015,4.745454545454545
88393,4.375
75268,4.882352941176471
57583,4.742574257425742
28605,4.2368421052631575
97029,4.173913043478261
8743,4.3858267716535435
103508,4.621621621621622
77699,4.611111111111111
74876,4.341463414634147
87705,4.695652173913044
11846,4.21875
27579,4.574712643678161
75105,4.64
59908,4.529411764705882
3372,4.12987012987013
44576,4.575418994413408
70935,4.5
35608,4.7368421052631575
92864,4.815789473684211
66970,4.548387096774194
90101,4.657894736842105
77451,4.611940298507463
35205,4.728155339805825
19717,4.711538461538462
4537,4.514285714285714
58032,4.310344827586207
2417,4.673267326732673
23862,4.78974358974359
78094,4.625
3825,4.03030303030303
103419,4.607142857142857
18672,4.673267326732673
45686,4.581818181818182
40285,4.754385964912281
106201,4.452830188679245
2736,4.527777777777778
59310,4.6395348837209305
103729,4.27027027027027
100330,4.419354838709677
83233,4.657894736842105
96937,4.0
36792,4.7105263157894735
65279,4.579439252336448
28434,4.285714285714286
22836,4.265822784810126
28815,4.433333333333334
19969,3.9322033898305087
59028,4.712765957446808
77849,4.472222222222222
60900,4.541284403669724
31920,4.303030303030303
62467,4.5125
54843,4.623376623376624
43376,4.860294117647059
92102,4.875
104534,4.2407407407407405
101148,4.304347826086956
20544,4.579787234042553
20999,4.448275862068965
105189,4.703703703703703
98260,4.12
87009,4.634146341463414
48921,3.8095238095238093
91577,4.507692307692308
37645,4.280575539568345
76193,4.814285714285714
97002,4.515151515151516
11248,4.585106382978723
103324,4.4423076923076925
10139,4.541666666666667
3802,4.03030303030303
95118,4.172413793103448
40904,4.8161764705882355
68749,4.704545454545454
84023,4.4411764705882355
51537,4.506024096385542
103187,4.538461538461538
27954,4.846153846153846
97222,4.487804878048781
62109,4.086956521739131
64791,4.512195121951219
100713,4.391304347826087
59007,4.16
33634,4.411764705882353
61334,4.627659574468085
101742,4.608695652173913
82325,4.8743169398907105
39263,4.846456692913386
89472,4.6909090909090905
45318,4.707964601769912
70541,4.6
90078,4.657894736842105
30551,4.754310344827586
77091,4.717948717948718
103352,4.4423076923076925
85502,4.617647058823529
52823,4.435897435897436
1100,4.214285714285714
69272,4.607142857142857
45322,4.707964601769912
88860,4.730769230769231
74161,4.785714285714286
1969,4.436842105263158
31631,4.560975609756097
11447,4.528301886792453
55300,4.388888888888889
55875,4.2926829268292686
53442,4.4423076923076925
61218,4.616279069767442
62404,4.5125
22980,4.636363636363637
87043,4.634146341463414
31957,4.303030303030303
100468,4.454545454545454
4556,4.514285714285714
82277,4.8743169398907105
11914,4.5
5127,4.111702127659575
25876,4.77027027027027
75385,4.580645161290323
66726,4.392857142857143
44634,4.575418994413408
35297,4.1454545454545455
94460,4.375
63175,4.230769230769231
71526,4.693251533742331
80603,4.647058823529412
16053,4.333333333333333
6900,4.391304347826087
44763,4.575418994413408
10147,4.541666666666667
37217,4.6
77852,4.7
23594,4.78974358974359
30546,4.754310344827586
30665,4.754310344827586
88895,4.653846153846154
82829,4.422535211267606
85279,4.868421052631579
57142,4.107692307692307
62271,4.6
59221,4.346153846153846
26515,4.601941747572815
33738,4.442622950819672
90030,4.717391304347826
1804,4.67741935483871
64163,4.359375
82738,4.433333333333334
53889,4.723404255319149
44564,4.575418994413408
27178,4.714285714285714
87619,4.54054054054054
63654,4.7637795275590555
17495,4.416666666666667
21291,4.769230769230769
3567,4.444444444444445
14205,4.752688172043011
2052,4.436842105263158
55070,4.410958904109589
55478,4.632911392405063
7657,4.606060606060606
83165,4.529411764705882
78418,4.538461538461538
63838,4.485714285714286
93027,4.459016393442623
79492,4.666666666666667
49396,4.344262295081967
70145,4.483870967741935
79712,4.378378378378378
48235,4.621951219512195
85971,4.404040404040404
88290,4.766666666666667
64000,3.9565217391304346
31885,4.619047619047619
52772,3.9038461538461537
102366,4.7368421052631575
20088,4.712765957446808
96785,4.592592592592593
6561,4.478260869565218
98914,4.461538461538462
3085,4.913043478260869
79664,4.378378378378378
47271,4.3076923076923075
40624,4.654545454545454
59086,4.712765957446808
24609,4.0638297872340425
106971,4.4772727272727275
89444,4.6909090909090905
36695,4.333333333333333
37158,4.018867924528302
8899,4.3858267716535435
32462,4.457516339869281
4380,4.0754716981132075
67667,4.081081081081081
76566,4.827338129496403
5362,4.821428571428571
26392,4.7
90539,4.404761904761905
42903,4.448275862068965
13752,4.709677419354839
25201,4.673469387755102
25611,4.560975609756097
79918,4.310344827586207
105827,4.928571428571429
51116,4.4375
45473,4.435897435897436
90598,4.404761904761905
41251,4.610921501706485
83419,4.194444444444445
102620,4.684684684684685
10795,4.443298969072165
38277,4.2809917355371905
44800,4.575418994413408
44123,4.602739726027397
33704,4.442622950819672
1863,4.436842105263158
99639,4.535714285714286
90698,4.6923076923076925
64231,4.487804878048781
100386,4.509090909090909
53072,4.066666666666666
86109,4.681818181818182
18284,4.613207547169812
23682,4.78974358974359
64505,4.405172413793103
51386,4.506024096385542
49070,4.130434782608695
73179,4.398230088495575
103347,4.4423076923076925
96037,4.4324324324324325
37320,4.6
17297,4.463768115942029
52063,3.962962962962963
45918,4.581818181818182
94885,4.628571428571429
5963,4.6875
21475,4.068965517241379
20370,4.579787234042553
45873,4.581818181818182
13400,4.82051282051282
36014,3.739130434782609
65315,4.579439252336448
93555,4.709677419354839
81146,4.631578947368421
66293,4.704433497536946
81482,4.551724137931035
106815,4.291666666666667
85859,4.540983606557377
90215,4.371428571428571
101253,4.035714285714286
32667,4.741007194244604
23576,4.78974358974359
108550,4.844444444444444
69673,4.653846153846154
89293,4.857142857142857
31946,4.303030303030303
7772,4.743243243243243
3544,4.444444444444445
21367,4.27906976744186
2034,4.436842105263158
66496,4.704433497536946
100634,4.518518518518518
12896,4.580357142857143
34201,4.5588235294117645
16798,4.714285714285714
49990,4.102564102564102
39136,4.664893617021277
93270,4.714285714285714
49736,4.476744186046512
88727,4.780487804878049
88589,4.818181818181818
74234,4.785714285714286
91103,4.517241379310345
80750,4.423076923076923
68786,4.704545454545454
38811,4.594594594594595
15335,4.483606557377049
47160,4.3076923076923075
58800,4.52760736196319
15946,4.481012658227848
7346,4.591549295774648
101402,4.42
12935,4.580357142857143
95549,3.911764705882353
80864,4.3076923076923075
48650,4.419642857142857
40694,4.26
103399,4.607142857142857
24999,4.5625
90373,4.53125
29898,4.155172413793103
16508,4.177777777777778
107142,4.5625
6220,4.440677966101695
100080,4.290322580645161
71730,4.440677966101695
32694,4.741007194244604
107107,4.583333333333333
12545,3.8333333333333335
63972,4.415094339622642
62197,4.428571428571429
18432,4.773584905660377
47901,4.209302325581396
53398,4.4423076923076925
78203,4.619047619047619
65466,4.6875
5551,4.486111111111111
51978,4.2727272727272725
71583,4.693251533742331
7455,3.92
74081,4.785714285714286
55580,4.632911392405063
70247,4.538461538461538
45263,4.707964601769912
64235,4.487804878048781
92423,4.490566037735849
43971,4.1875
76852,4.546511627906977
24375,4.379310344827586
88986,4.609756097560975
36134,4.62962962962963
103105,4.414634146341464
51536,4.506024096385542
30231,4.2727272727272725
3927,4.827586206896552
76568,4.827338129496403
65337,4.811320754716981
60398,4.684210526315789
13770,4.709677419354839
8571,4.6976744186046515
52647,4.454545454545454
1954,4.436842105263158
19636,4.5396825396825395
45631,3.9
15275,4.346938775510204
59002,4.16
106088,4.440476190476191
86601,4.8
88259,4.766666666666667
46024,4.666666666666667
69145,4.626373626373627
102381,4.7368421052631575
86778,4.4411764705882355
50211,4.149606299212598
39178,4.664893617021277
98756,4.328947368421052
97765,4.365853658536586
93552,4.709677419354839
57379,4.53125
45441,4.707964601769912
136,4.538461538461538
16304,4.60655737704918
32442,4.457516339869281
16022,4.333333333333333
59408,4.112903225806452
63976,4.415094339622642
41923,4.6020408163265305
46649,4.637362637362638
14265,4.923076923076923
26056,4.621848739495798
98036,4.618181818181818
12492,3.8333333333333335
26526,4.601941747572815
27042,4.394736842105263
49933,4.40625
91690,4.951219512195122
82940,4.393939393939394
7385,4.591549295774648
94872,4.173913043478261
108521,4.641025641025641
103153,4.414634146341464
24157,4.848314606741573
25591,4.560975609756097
108026,4.130434782608695
89403,4.6909090909090905
76793,4.546511627906977
1598,4.673076923076923
103246,4.096774193548387
97654,4.391304347826087
46234,4.456310679611651
63053,4.597560975609756
93395,4.233766233766234
14106,4.752688172043011
50425,4.21875
1064,4.423076923076923
22934,4.265822784810126
84411,4.490566037735849
93540,4.709677419354839
50992,4.4375
57706,4.742574257425742
61304,4.470588235294118
5096,4.111702127659575
108576,4.844444444444444
12934,4.580357142857143
34014,4.345864661654136
27236,4.516129032258065
43653,4.1466666666666665
59634,4.728813559322034
22635,4.517241379310345
4434,4.102941176470588
64181,4.487804878048781
60777,4.333333333333333
28258,4.62
46934,4.6525423728813555
75493,4.423728813559322
107778,4.576923076923077
55117,4.466666666666667
16518,4.7368421052631575
104467,4.2407407407407405
99021,4.712121212121212
16991,4.588235294117647
27924,4.5928571428571425
99101,4.712121212121212
3453,4.521739130434782
45309,4.707964601769912
91798,4.705882352941177
38564,4.244897959183674
23182,4.4739336492890995
41238,4.610921501706485
8247,4.256410256410256
62753,4.163265306122449
32276,4.457516339869281
75627,4.32
25184,4.673469387755102
101460,4.333333333333333
93142,4.48
26040,4.621848739495798
97411,4.56
102038,4.363636363636363
53629,4.520833333333333
104968,4.666666666666667
75726,4.583333333333333
4044,4.73469387755102
7304,4.648148148148148
30813,4.28
16422,4.135135135135135
74894,4.583333333333333
59654,4.728813559322034
66411,4.704433497536946
60954,4.541284403669724
22526,4.660714285714286
11962,4.317880794701987
63994,3.9565217391304346
27860,4.5928571428571425
25811,4.77027027027027
43863,4.6440677966101696
18406,4.773584905660377
29786,4.628205128205129
25081,4.08
81427,4.804878048780488
20677,4.719512195121951
97760,4.270833333333333
107756,4.689655172413793
91031,4.476190476190476
85143,4.3088235294117645
2969,4.8
7202,4.648148148148148
44214,4.497607655502392
12091,4.317880794701987
74948,4.375
87794,4.621621621621622
55479,4.632911392405063
59668,4.456521739130435
14218,4.752688172043011
5321,4.111702127659575
22073,4.350877192982456
44667,4.575418994413408
86743,4.583333333333333
80591,4.647058823529412
35272,4.728155339805825
40219,4.754385964912281
36786,4.7105263157894735
46113,4.666666666666667
13059,4.6
80468,4.619047619047619
58219,4.310344827586207
47841,4.073170731707317
25567,4.760869565217392
54031,4.833333333333333
22109,4.350877192982456
53568,4.520833333333333
26593,4.601941747572815
22389,4.662650602409639
84671,4.72
21513,4.068965517241379
90000,4.717391304347826
33089,4.348837209302325
22888,4.265822784810126
62246,4.6
67026,4.51063829787234
108064,4.130434782608695
44923,4.889655172413793
89106,4.793103448275862
25898,4.77027027027027
89629,4.571428571428571
55004,4.410958904109589
95404,4.608695652173913
31556,4.439024390243903
12236,4.575
76311,4.454545454545454
37354,4.4655172413793105
51183,4.163934426229508
34078,4.345864661654136
87212,4.269230769230769
11669,4.72
97253,4.542857142857143
107101,4.583333333333333
4039,4.73469387755102
51222,4.163934426229508
4822,4.651162790697675
37121,4.48051948051948
24495,4.423076923076923
68955,4.75
87187,4.269230769230769
16584,4.475
91696,4.951219512195122
50587,4.545454545454546
10496,4.462264150943396
29974,4.402298850574713
68743,4.704545454545454
27887,4.5928571428571425
97748,4.270833333333333
18929,4.379310344827586
18419,4.773584905660377
78143,4.619047619047619
94854,4.173913043478261
11478,4.528301886792453
16505,4.177777777777778
14128,4.752688172043011
42259,4.6125
53156,4.621212121212121
100508,4.454545454545454
50706,4.545454545454546
65799,4.121621621621622
9944,4.607142857142857
40815,4.8161764705882355
94418,4.114285714285714
21597,4.297872340425532
15578,3.9361702127659575
36164,4.086956521739131
147,4.538461538461538
101923,4.458333333333333
43721,4.1466666666666665
68130,4.590909090909091
33231,4.6
33993,4.345864661654136
82963,4.393939393939394
50904,4.545454545454546
39627,4.846456692913386
102992,4.151515151515151
41051,4.175438596491228
51055,4.4375
4093,4.636363636363637
59412,4.112903225806452
37773,4.835164835164835
63541,4.7637795275590555
36103,4.62962962962963
90043,4.717391304347826
108587,4.844444444444444
73787,4.384615384615385
35902,4.338983050847458
57495,3.8620689655172415
45546,4.435897435897436
25156,4.673469387755102
7079,4.552238805970149
91547,4.625
105428,4.071428571428571
26231,4.490566037735849
90996,4.476190476190476
102954,4.68
40798,4.8161764705882355
49270,4.469565217391304
75819,4.225806451612903
11131,4.585106382978723
46432,4.440944881889764
77895,4.7
104345,4.564102564102564
77030,4.944444444444445
56022,4.327272727272727
49090,4.469565217391304
15857,4.481012658227848
73727,4.214285714285714
103157,4.414634146341464
107867,4.5
34433,4.2
5727,4.630434782608695
44248,4.497607655502392
21671,4.433962264150943
101595,4.793103448275862
28954,4.628865979381444
84220,4.739130434782608
13491,4.861538461538461
54421,3.4242424242424243
67932,4.666666666666667
47410,4.302631578947368
102347,4.7368421052631575
59594,4.728813559322034
59693,4.456521739130435
5679,4.630434782608695
106522,4.193548387096774
21619,4.297872340425532
80794,4.709677419354839
24334,4.379310344827586
1346,4.5
105357,4.541666666666667
44336,4.497607655502392
8704,4.3858267716535435
55869,4.2926829268292686
28422,4.285714285714286
32637,4.741007194244604
69155,4.626373626373627
105374,4.5
24921,4.5625
71513,4.693251533742331
84584,4.453125
100692,4.391304347826087
43388,4.860294117647059
85400,4.4
80555,4.619047619047619
87074,4.793103448275862
26009,4.621848739495798
61725,4.236363636363636
99776,4.623529411764705
18881,4.379310344827586
93295,4.758620689655173
80240,4.60655737704918
101309,4.642857142857143
34477,4.758620689655173
24838,4.2727272727272725
72117,4.27027027027027
11388,4.264150943396227
26666,4.661764705882353
46378,4.440944881889764
16775,4.714285714285714
74228,4.785714285714286
39469,4.846456692913386
37558,4.280575539568345
82952,4.393939393939394
55681,3.891891891891892
44614,4.575418994413408
21191,4.4868421052631575
7290,4.648148148148148
105127,4.583333333333333
65390,4.811320754716981
43429,4.860294117647059
12358,4.203125
25376,4.586666666666667
46214,4.456310679611651
40038,4.5
67662,4.081081081081081
53851,4.398058252427185
40146,4.357142857142857
43683,4.1466666666666665
29860,4.155172413793103
37421,4.4655172413793105
23572,4.78974358974359
12785,4.65625
103575,4.463414634146342
5897,4.6875
30868,4.28
84774,4.575757575757576
1376,4.5
39924,4.483870967741935
56661,3.98
4851,4.651162790697675
8511,4.6976744186046515
54560,4.365853658536586
76758,4.608695652173913
57396,4.53125
94158,4.67741935483871
83854,4.662650602409639
68654,4.7317073170731705
83459,4.411764705882353
59025,4.712765957446808
6875,4.391304347826087
99072,4.712121212121212
96152,4.5
6343,4.181818181818182
44818,4.575418994413408
83372,4.194444444444445
72489,4.831325301204819
19370,4.625
93667,4.733333333333333
82554,4.642857142857143
40228,4.754385964912281
75957,4.079365079365079
56846,4.5
82142,4.583333333333333
75445,4.423728813559322
24337,4.379310344827586
512,4.464285714285714
83339,4.371428571428571
42325,4.6125
103722,4.27027027027027
76030,4.079365079365079
12643,4.544303797468355
25234,4.673469387755102
55202,4.466666666666667
45039,4.889655172413793
54233,4.271186440677966
35504,4.7368421052631575
4631,4.5701754385964914
65255,4.579439252336448
21278,4.769230769230769
56720,3.98
24801,4.2727272727272725
42397,4.504424778761062
103678,4.27027027027027
61481,4.627659574468085
12086,4.317880794701987
9304,4.520833333333333
49073,4.130434782608695
54156,4.379310344827586
81696,4.511627906976744
17776,4.377358490566038
34883,4.171428571428572
22284,4.717948717948718
101317,4.642857142857143
90865,3.96875
29688,4.628205128205129
66617,4.621212121212121
67991,4.666666666666667
70259,4.538461538461538
21044,4.7
45447,4.707964601769912
61793,4.464285714285714
41992,4.6020408163265305
63176,4.230769230769231
18500,4.773584905660377
18830,4.379310344827586
82535,4.642857142857143
52308,4.266666666666667
23266,4.4739336492890995
31161,4.478260869565218
38554,4.244897959183674
43614,4.586206896551724
27826,4.5928571428571425
52900,4.46
75689,4.583333333333333
107609,4.575757575757576
31402,4.503875968992248
46687,4.637362637362638
101057,4.388888888888889
25357,4.806451612903226
74792,4.361111111111111
62187,4.428571428571429
5624,4.630434782608695
68470,4.0754716981132075
54453,4.53125
104561,4.538461538461538
1558,4.5
76501,4.827338129496403
81759,4.640718562874252
83208,4.529411764705882
7873,4.743243243243243
82615,4.714285714285714
44402,4.497607655502392
87122,4.793103448275862
4823,4.651162790697675
87234,4.162162162162162
76683,4.608695652173913
66380,4.704433497536946
70408,4.338983050847458
8784,4.3858267716535435
13036,4.6
76544,4.827338129496403
28245,4.62
84316,4.855421686746988
15257,4.346938775510204
72493,4.831325301204819
48016,4.466666666666667
51763,4.461538461538462
59464,4.112903225806452
41400,4.610921501706485
6183,4.440677966101695
56329,4.476923076923077
83294,4.371428571428571
6042,4.488372093023256
16292,4.60655737704918
58646,4.52760736196319
65253,4.579439252336448
23463,4.4739336492890995
58911,4.52760736196319
99656,4.541666666666667
5894,4.6875
88520,4.679245283018868
43329,4.642487046632124
265,4.389380530973451
23712,4.78974358974359
14913,4.329670329670329
31202,4.503875968992248
72276,4.571428571428571
17862,4.585365853658536
55497,4.632911392405063
96349,4.351351351351352
76033,4.079365079365079
76726,4.608695652173913
88808,4.730769230769231
65387,4.811320754716981
73761,4.214285714285714
54317,4.594594594594595
108275,4.625
77638,4.5
89253,4.857142857142857
60965,4.541284403669724
96511,4.564102564102564
2045,4.436842105263158
105511,4.538461538461538
27419,4.574712643678161
47145,4.3076923076923075
31939,4.303030303030303
40292,4.754385964912281
42748,4.478260869565218
95992,3.923076923076923
48546,4.419642857142857
48902,3.8095238095238093
15466,4.483606557377049
77003,4.944444444444445
17351,4.463768115942029
39205,4.684210526315789
27141,4.576923076923077
98778,4.54054054054054
16510,4.177777777777778
98984,4.0
67247,4.587209302325581
31767,4.619047619047619
100703,4.391304347826087
2238,4.431578947368421
73116,4.398230088495575
62383,4.5125
87059,4.634146341463414
14821,4.575342465753424
42472,4.504424778761062
96144,4.611111111111111
100450,4.509090909090909
54306,4.594594594594595
36119,4.62962962962963
35069,4.582608695652174
46170,4.666666666666667
61099,3.739130434782609
5227,4.111702127659575
73016,4.285714285714286
75643,4.583333333333333
102409,4.384615384615385
21506,4.068965517241379
29782,4.628205128205129
64883,4.300970873786408
54689,4.416666666666667
59076,4.712765957446808
101592,4.793103448275862
99881,4.4324324324324325
51913,3.857142857142857
97597,4.698630136986301
106868,4.416666666666667
96487,4.4
61268,4.470588235294118
30225,4.233333333333333
84274,4.855421686746988
71667,4.113636363636363
38973,4.664893617021277
43845,4.6440677966101696
16598,4.475
24980,4.5625
29303,4.366197183098592
79085,4.83
92621,4.634146341463414
50803,4.545454545454546
4478,4.102941176470588
107401,4.666666666666667
9326,4.520833333333333
74917,4.583333333333333
89522,4.589285714285714
6727,4.530769230769231
60816,4.333333333333333
50289,4.149606299212598
57563,4.742574257425742
52908,4.46
11322,4.264150943396227
5173,4.111702127659575
47600,4.704918032786885
10257,4.7889908256880735
23484,4.4739336492890995
42579,4.4646464646464645
83008,4.8076923076923075
53736,4.398058252427185
27749,4.5928571428571425
31044,4.62
27384,4.53125
82263,4.8743169398907105
49804,4.476744186046512
13539,4.861538461538461
48177,4.621951219512195
50796,4.545454545454546
90669,4.157894736842105
24150,4.848314606741573
65994,4.28
105905,4.862068965517241
81243,3.896551724137931
94484,4.461538461538462
59887,4.529411764705882
91569,4.625
41528,4.610921501706485
23803,4.78974358974359
12878,4.580357142857143
78403,4.538461538461538
65282,4.579439252336448
45091,4.889655172413793
82622,4.714285714285714
25278,4.625
27910,4.5928571428571425
53002,4.25
107052,4.484848484848484
91362,4.484210526315789
23485,4.4739336492890995
22609,4.660714285714286
1051,4.423076923076923
30003,4.402298850574713
22523,4.660714285714286
2989,4.8
48093,4.433333333333334
37535,4.280575539568345
53873,4.723404255319149
71628,4.113636363636363
79228,4.83
26328,4.366666666666666
99174,4.354838709677419
57163,4.107692307692307
83502,4.433333333333334
31215,4.503875968992248
90405,4.515151515151516
7708,4.606060606060606
29468,4.597402597402597
85756,4.5588235294117645
28118,4.3896103896103895
93580,4.586206896551724
9966,4.607142857142857
25063,4.08
79883,4.435897435897436
69357,4.565217391304348
84202,4.739130434782608
36566,4.535885167464115
35011,4.582608695652174
53084,4.066666666666666
102701,4.426229508196721
34065,4.345864661654136
25903,4.77027027027027
19757,4.711538461538462
27415,4.574712643678161
3019,4.8
40555,4.654545454545454
65534,4.205882352941177
28411,4.285714285714286
104616,4.214285714285714
66791,4.205128205128205
24365,4.379310344827586
66680,4.037037037037037
2350,4.431578947368421
46583,4.440944881889764
1610,4.673076923076923
23462,4.4739336492890995
30013,4.402298850574713
108015,4.130434782608695
104839,4.615384615384615
92396,4.490566037735849
4258,4.423076923076923
46282,4.456310679611651
107897,4.590909090909091
35527,4.7368421052631575
7930,4.743243243243243
2004,4.436842105263158
72399,4.615384615384615
56735,3.98
12153,4.317880794701987
31269,4.503875968992248
12600,4.544303797468355
38709,4.341269841269841
98093,4.32
73903,4.384615384615385
70482,4.682926829268292
58887,4.52760736196319
16795,4.714285714285714
85924,4.404040404040404
65861,4.121621621621622
75727,4.583333333333333
89782,4.43859649122807
33414,4.35
80144,4.5675675675675675
4617,4.5701754385964914
106350,4.64
96940,4.0
40916,4.8161764705882355
35752,4.421875
38386,4.2809917355371905
105751,4.4
64757,4.630434782608695
96351,4.351351351351352
43792,4.6440677966101696
35625,4.7368421052631575
15174,4.791666666666667
58930,4.52760736196319
73937,4.384615384615385
19042,4.767441860465116
58417,4.185185185185185
47062,4.32
102969,4.68
22361,4.3478260869565215
51770,4.461538461538462
95114,4.172413793103448
24179,4.848314606741573
63942,4.415094339622642
7900,4.743243243243243
64721,4.630434782608695
6801,4.530769230769231
100333,4.419354838709677
42509,4.504424778761062
40704,4.26
17456,4.416666666666667
45586,4.435897435897436
94948,4.535211267605634
45728,4.581818181818182
103367,4.4423076923076925
74508,4.787878787878788
950,4.189473684210526
22488,4.662650602409639
7097,4.552238805970149
24407,4.54
6302,4.181818181818182
61779,4.464285714285714
2708,4.527777777777778
58825,4.52760736196319
43822,4.6440677966101696
88964,4.609756097560975
91109,4.517241379310345
44332,4.497607655502392
55590,4.632911392405063
17423,4.416666666666667
76365,4.827338129496403
30511,4.754310344827586
42828,4.478260869565218
33747,4.442622950819672
42568,4.504424778761062
15064,4.333333333333333
6852,4.391304347826087
61147,4.616279069767442
6674,4.530769230769231
44908,4.889655172413793
94800,3.9615384615384617
59579,4.728813559322034
65487,4.6875
92255,4.555555555555555
50818,4.545454545454546
80277,4.60655737704918
11074,4.352941176470588
105724,4.545454545454546
14100,4.752688172043011
49059,4.130434782608695
47620,4.704918032786885
9147,4.27027027027027
15596,4.642857142857143
60703,4.647058823529412
93080,4.459016393442623
89164,4.5
25163,4.673469387755102
80354,4.60655737704918
46156,4.666666666666667
79682,4.378378378378378
94272,4.606060606060606
60571,4.630769230769231
50153,4.583333333333333
74362,4.4125
2389,4.673267326732673
76733,4.608695652173913
69754,4.395348837209302
15149,4.782608695652174
44314,4.497607655502392
102614,4.684684684684685
106784,4.702702702702703
42171,4.6125
41210,4.525
22490,4.662650602409639
108316,4.610169491525424
1493,4.5
88510,4.679245283018868
74196,4.785714285714286
61669,4.714285714285714
12516,3.8333333333333335
62279,4.6
55328,4.632911392405063
51677,4.651515151515151
73374,4.53125
64372,4.405172413793103
49176,4.469565217391304
66899,4.25
91094,4.517241379310345
71213,4.56140350877193
32945,4.659574468085107
33655,4.442622950819672
19175,4.318181818181818
11100,4.352941176470588
97616,4.698630136986301
73185,4.398230088495575
63019,4.597560975609756
89869,4.43859649122807
65878,4.121621621621622
44120,4.602739726027397
58379,4.494623655913978
79669,4.378378378378378
98893,4.5
17222,4.474226804123711
48696,4.35
79916,4.435897435897436
20632,4.719512195121951
79519,4.571428571428571
46943,4.6525423728813555
72484,4.831325301204819
87002,4.634146341463414
60405,4.684210526315789
38010,4.6938775510204085
25610,4.560975609756097
65914,4.791666666666667
14571,4.410256410256411
34526,4.778688524590164
106561,4.483870967741935
41619,4.610921501706485
8931,4.673076923076923
7371,4.591549295774648
52942,4.46
85506,4.617647058823529
45342,4.707964601769912
84082,4.296296296296297
56943,4.257142857142857
16124,4.5
54863,4.411764705882353
103045,4.260869565217392
60435,4.4186046511627906
72223,4.414634146341464
9405,4.34375
11642,4.730769230769231
105279,4.8125
73386,4.53125
18308,4.613207547169812
49993,4.102564102564102
58806,4.52760736196319
68982,4.269230769230769
11294,4.264150943396227
42437,4.504424778761062
25514,4.760869565217392
15383,4.483606557377049
61913,4.739583333333333
42167,4.6125
25600,4.560975609756097
67004,4.51063829787234
51392,4.506024096385542
35870,4.338983050847458
90765,4.423076923076923
66404,4.704433497536946
91422,4.484210526315789
3133,4.075
84866,4.660377358490566
43539,4.860294117647059
89715,4.46969696969697
7048,4.552238805970149
72274,4.571428571428571
83564,4.684210526315789
49008,4.72
41640,4.610921501706485
92855,4.815789473684211
14401,4.704545454545454
83924,4.6923076923076925
51035,4.4375
4352,4.0754716981132075
35845,4.338983050847458
104382,4.564102564102564
101463,4.333333333333333
29043,4.628865979381444
22419,4.662650602409639
107158,4.5625
18295,4.613207547169812
64175,4.359375
35692,4.421875
26837,4.475
100505,4.454545454545454
100816,4.732142857142857
44529,4.575418994413408
76324,4.454545454545454
94572,4.25
61901,4.739583333333333
106951,4.4772727272727275
94399,4.114285714285714
70472,4.682926829268292
27707,4.5928571428571425
3496,4.521739130434782
86701,4.583333333333333
19444,4.625
32295,4.457516339869281
12143,4.317880794701987
51686,4.651515151515151
58494,4.438356164383562
60882,4.541284403669724
85699,4.71875
40614,4.654545454545454
19649,4.5396825396825395
53954,4.576923076923077
22573,4.660714285714286
78389,4.538461538461538
10697,4.443298969072165
51207,4.163934426229508
63352,4.58
3199,4.1923076923076925
74146,4.785714285714286
5828,4.6875
72435,4.615384615384615
68662,4.7317073170731705
46441,4.440944881889764
80161,4.5675675675675675
1517,4.5
47802,4.1
38293,4.2809917355371905
87943,4.076923076923077
18507,4.773584905660377
41615,4.610921501706485
66482,4.704433497536946
56438,3.71875
91440,4.484210526315789
83176,4.529411764705882
71565,4.693251533742331
63387,4.58
94252,4.354166666666667
99112,4.712121212121212
685,4.442622950819672
47193,4.3076923076923075
100639,4.518518518518518
97859,4.245283018867925
24168,4.848314606741573
4491,4.102941176470588
98301,4.12
101209,4.5
63938,4.415094339622642
21068,4.7
89858,4.43859649122807
107381,4.696969696969697
70809,4.28
87064,4.634146341463414
2144,4.436842105263158
7399,4.591549295774648
50747,4.545454545454546
66787,4.205128205128205
80834,4.709677419354839
85817,4.540983606557377
63603,4.7637795275590555
22239,4.548387096774194
71829,4.412698412698413
6979,4.391304347826087
90762,4.423076923076923
13943,4.222222222222222
25403,4.586666666666667
89941,4.48936170212766
30572,4.754310344827586
108325,4.610169491525424
88670,4.314285714285714
88202,4.162162162162162
35122,4.728155339805825
94930,4.628571428571429
96005,3.923076923076923
22235,4.548387096774194
9288,4.520833333333333
23711,4.78974358974359
22042,4.350877192982456
1902,4.436842105263158
62033,4.739583333333333
46157,4.666666666666667
30155,4.5625
47207,4.3076923076923075
28774,4.433333333333334
80553,4.619047619047619
51121,4.4375
58820,4.52760736196319
33368,4.594594594594595
85284,4.868421052631579
34686,4.778688524590164
49342,4.4324324324324325
7580,4.72
104328,4.564102564102564
54241,4.271186440677966
62714,4.488888888888889
39777,4.044943820224719
84292,4.855421686746988
88459,4.679245283018868
40279,4.754385964912281
13424,4.142857142857143
98990,4.0
66454,4.704433497536946
57102,4.107692307692307
10518,4.462264150943396
6494,4.354838709677419
5483,4.486111111111111
86113,4.681818181818182
72531,4.831325301204819
22057,4.350877192982456
87854,4.621621621621622
43185,4.642487046632124
23144,4.590909090909091
54926,4.411764705882353
97380,4.068965517241379
63834,4.485714285714286
32953,4.631578947368421
19189,4.318181818181818
8893,4.3858267716535435
23387,4.4739336492890995
21593,4.297872340425532
28442,4.3061224489795915
97608,4.698630136986301
8215,4.285714285714286
3670,4.162162162162162
102856,4.485714285714286
102727,4.426229508196721
106758,4.702702702702703
48238,4.621951219512195
60572,4.630769230769231
64093,4.359375
79304,4.446428571428571
37909,4.6938775510204085
46996,4.59375
22274,4.717948717948718
106394,4.64
8647,4.684210526315789
20564,4.579787234042553
87006,4.634146341463414
17429,4.416666666666667
25603,4.560975609756097
36732,4.7105263157894735
21724,4.409090909090909
82653,4.423076923076923
59280,4.6395348837209305
73509,4.553719008264463
81778,4.640718562874252
43322,4.642487046632124
89209,4.5
38885,4.664893617021277
86094,4.404040404040404
93824,4.709677419354839
8185,4.285714285714286
41171,4.525
22232,4.548387096774194
89525,4.589285714285714
88781,4.780487804878049
35967,3.8
93397,4.233766233766234
56595,4.102564102564102
61355,4.627659574468085
88124,4.472527472527473
2954,4.659090909090909
76029,4.079365079365079
67950,4.666666666666667
93367,4.758620689655173
22418,4.662650602409639
81605,4.413333333333333
37843,4.835164835164835
52274,4.459016393442623
97030,4.173913043478261
2704,4.527777777777778
66288,4.704433497536946
62724,4.163265306122449
80392,4.60655737704918
51986,4.2727272727272725
106565,4.483870967741935
20481,4.579787234042553
101090,4.388888888888889
89458,4.6909090909090905
75442,4.423728813559322
87522,4.54054054054054
32751,4.318181818181818
94157,4.67741935483871
66266,4.704433497536946
103030,4.151515151515151
71539,4.693251533742331
69892,4.333333333333333
10026,4.607142857142857
63308,4.58
92981,4.566666666666666
32111,4.303030303030303
101225,4.5
81930,4.640718562874252
88120,4.472527472527473
90018,4.717391304347826
21840,4.739130434782608
89865,4.43859649122807
5412,4.821428571428571
39122,4.664893617021277
34087,4.345864661654136
91435,4.484210526315789
43183,4.642487046632124
44338,4.497607655502392
43685,4.1466666666666665
4936,4.651162790697675
84627,4.453125
68116,4.590909090909091
1662,4.304347826086956
32952,4.631578947368421
41026,4.175438596491228
28128,4.5
43203,4.642487046632124
9753,4.68141592920354
94314,4.257142857142857
106818,4.291666666666667
93862,4.258064516129032
58975,4.16
32646,4.741007194244604
9128,4.27027027027027
72920,4.4603174603174605
36564,4.535885167464115
93239,4.714285714285714
57856,4.204545454545454
32740,4.318181818181818
45057,4.889655172413793
89824,4.43859649122807
19591,4.5396825396825395
46936,4.6525423728813555
22595,4.660714285714286
68384,4.3776223776223775
97906,4.245283018867925
47740,4.526315789473684
23955,4.848314606741573
38930,4.664893617021277
130,4.538461538461538
17826,4.377358490566038
50278,4.149606299212598
23381,4.4739336492890995
13481,4.861538461538461
215,4.538461538461538
100328,4.419354838709677
9385,4.34375
22151,4.805555555555555
45774,4.581818181818182
11252,4.585106382978723
3311,4.12987012987013
56835,4.5
93017,4.459016393442623
103449,4.621621621621622
75609,4.32
29065,4.628865979381444
6098,4.352941176470588
20642,4.719512195121951
83032,4.636363636363637
39328,4.846456692913386
84661,4.72
57049,4.107692307692307
7102,4.552238805970149
98827,4.5
92352,4.490566037735849
31423,4.439024390243903
45620,3.9
43671,4.1466666666666665
82765,4.433333333333334
58590,4.386363636363637
91060,4.7272727272727275
88020,4.472527472527473
8007,4.544303797468355
98142,4.12
44213,4.497607655502392
69464,4.357142857142857
68104,4.590909090909091
39740,4.044943820224719
73885,4.384615384615385
104686,4.205128205128205
6400,4.280701754385965
13696,4.333333333333333
81947,4.640718562874252
88737,4.780487804878049
44048,4.602739726027397
47751,4.526315789473684
46908,4.6525423728813555
69232,4.16
65529,4.205882352941177
65239,4.579439252336448
53658,4.043478260869565
89847,4.43859649122807
15235,4.346938775510204
45271,4.707964601769912
98195,4.12
79768,4.340909090909091
68841,4.309523809523809
86562,4.8
30072,4.5625
39926,4.483870967741935
17647,4.6
9932,4.68141592920354
70203,4.538461538461538
38735,4.341269841269841
95046,4.535211267605634
36013,3.739130434782609
80851,4.3076923076923075
78965,4.449275362318841
78518,4.71830985915493
60154,4.52
102457,4.814814814814815
71234,4.56140350877193
42109,4.6125
35082,4.582608695652174
99701,4.623529411764705
81194,4.375
18194,4.613207547169812
99415,4.363636363636363
4311,4.521739130434782
63879,4.485714285714286
58085,4.310344827586207
95923,4.283018867924528
34140,4.517241379310345
7273,4.648148148148148
59512,3.8214285714285716
8350,4.714285714285714
76541,4.827338129496403
72355,4.633333333333334
77121,4.25
90193,4.580645161290323
107684,4.826086956521739
88410,4.59375
19655,4.5396825396825395
1243,4.5
24905,4.5625
14875,4.714285714285714
92331,4.730769230769231
93071,4.459016393442623
39189,4.664893617021277
12755,4.571428571428571
27513,4.574712643678161
30979,4.62
63153,4.534883720930233
81586,4.413333333333333
13127,4.6923076923076925
26581,4.601941747572815
90296,4.53125
98425,4.6521739130434785
7072,4.552238805970149
3383,4.12987012987013
93526,4.709677419354839
99809,4.623529411764705
17310,4.463768115942029
19359,4.780487804878049
103983,4.269230769230769
85273,4.868421052631579
890,4.189473684210526
80899,4.3076923076923075
101467,4.333333333333333
32,4.333333333333333
95159,4.3023255813953485
52147,4.285714285714286
1137,4.633333333333334
15869,4.481012658227848
39892,4.483870967741935
89468,4.6909090909090905
108091,4.130434782608695
102180,4.321428571428571
52173,4.285714285714286
86436,4.7727272727272725
71351,4.693251533742331
59977,4.076923076923077
90305,4.53125
81970,4.640718562874252
92542,4.564102564102564
75853,4.225806451612903
74391,4.4125
6467,4.280701754385965
18558,4.773584905660377
108240,4.625
1379,4.5
88422,4.59375
13371,4.82051282051282
41453,4.610921501706485
11539,4.341772151898734
67890,4.541666666666667
22912,4.265822784810126
61558,4.487804878048781
57302,4.622641509433962
54509,4.0
95932,4.283018867924528
11005,4.4222222222222225
22951,4.265822784810126
94744,3.9375
93836,4.709677419354839
33869,4.62962962962963
28995,4.628865979381444
30689,4.754310344827586
18314,4.613207547169812
54113,4.314285714285714
57912,4.393939393939394
107567,4.575757575757576
47473,4.302631578947368
85478,4.617647058823529
70103,4.663461538461538
23448,4.4739336492890995
5124,4.111702127659575
62371,4.5125
67940,4.666666666666667
19631,4.5396825396825395
101459,4.333333333333333
98033,4.618181818181818
25284,4.625
25166,4.673469387755102
35512,4.7368421052631575
73398,4.553719008264463
35976,3.8
102162,4.321428571428571
103653,4.530612244897959
80565,4.619047619047619
22155,4.805555555555555
27815,4.5928571428571425
71896,4.412698412698413
97139,4.414634146341464
25434,4.586666666666667
37085,4.48051948051948
32045,4.303030303030303
76998,4.944444444444445
15745,4.111111111111111
18243,4.613207547169812
55211,4.466666666666667
88502,4.679245283018868
85561,4.74468085106383
55427,4.632911392405063
30731,4.754310344827586
82853,4.422535211267606
6873,4.391304347826087
108598,4.844444444444444
2945,4.659090909090909
21578,4.297872340425532
59680,4.456521739130435
21779,4.409090909090909
40529,4.75
31627,4.560975609756097
58298,4.494623655913978
79320,4.446428571428571
62266,4.6
42977,4.5675675675675675
65902,4.121621621621622
71471,4.693251533742331
62106,4.086956521739131
24956,4.5625
24098,4.848314606741573
71816,4.412698412698413
48375,4.171428571428572
41461,4.610921501706485
87620,4.54054054054054
18928,4.379310344827586
76882,4.546511627906977
56480,4.720588235294118
33601,4.411764705882353
26599,4.601941747572815
81842,4.640718562874252
19952,3.9322033898305087
20392,4.579787234042553
42784,4.478260869565218
96693,4.3
17356,4.463768115942029
55755,3.6129032258064515
51132,4.434782608695652
84956,3.652173913043478
34115,4.345864661654136
10023,4.607142857142857
31512,4.439024390243903
53797,4.398058252427185
30158,4.5625
62395,4.5125
40749,4.8161764705882355
93823,4.709677419354839
79457,4.735294117647059
83330,4.371428571428571
84870,4.660377358490566
87916,4.738095238095238
6611,4.530769230769231
3187,4.1923076923076925
44163,4.497607655502392
44277,4.497607655502392
31153,4.478260869565218
40008,4.5
45565,4.435897435897436
27868,4.5928571428571425
84965,3.652173913043478
30344,4.714285714285714
91771,4.705882352941177
37475,4.280575539568345
91428,4.484210526315789
46498,4.440944881889764
4076,4.636363636363637
11567,4.341772151898734
1894,4.436842105263158
46325,4.456310679611651
89852,4.43859649122807
3063,4.913043478260869
40103,4.275862068965517
107354,4.696969696969697
8713,4.3858267716535435
106804,4.702702702702703
40838,4.8161764705882355
36918,4.7105263157894735
34645,4.778688524590164
81381,4.682926829268292
81071,4.413793103448276
9946,4.607142857142857
77551,4.5
18360,4.627906976744186
88046,4.472527472527473
45605,3.9
672,4.442622950819672
50273,4.149606299212598
59920,4.529411764705882
81524,4.413333333333333
15604,4.642857142857143
15404,4.483606557377049
19479,4.72
48778,3.7142857142857144
49231,4.469565217391304
97626,4.698630136986301
57989,4.28125
93917,4.586206896551724
60912,4.541284403669724
64905,4.300970873786408
49146,4.469565217391304
17852,4.585365853658536
88617,4.818181818181818
58566,4.386363636363637
65199,4.579439252336448
103823,4.27906976744186
38306,4.2809917355371905
32983,4.631578947368421
37868,4.835164835164835
96395,4.351351351351352
103760,4.375
87912,4.738095238095238
22762,4.662650602409639
33661,4.442622950819672
7032,4.552238805970149
106494,4.193548387096774
22106,4.350877192982456
7402,4.591549295774648
74019,4.391304347826087
99949,4.6521739130434785
1356,4.5
38676,4.341269841269841
39987,4.5
22757,4.662650602409639
67178,4.587209302325581
5678,4.630434782608695
10160,4.541666666666667
72272,4.571428571428571
15649,4.757575757575758
7678,4.606060606060606
66595,4.621212121212121
67999,4.666666666666667
49452,4.344262295081967
5213,4.111702127659575
85779,4.5588235294117645
41593,4.610921501706485
8507,4.6976744186046515
94639,4.25
66201,4.704433497536946
376,4.389380530973451
101697,4.608695652173913
95918,4.283018867924528
98086,4.618181818181818
91597,4.507692307692308
97811,4.365853658536586
68825,4.309523809523809
60198,4.391304347826087
39630,4.846456692913386
53263,4.534883720930233
8096,4.544303797468355
65563,4.647058823529412
91076,4.7272727272727275
19451,4.625
100768,4.086956521739131
81133,4.631578947368421
23393,4.4739336492890995
94526,4.6923076923076925
68371,4.3776223776223775
19632,4.5396825396825395
87269,4.162162162162162
39382,4.846456692913386
105145,3.9166666666666665
23596,4.78974358974359
104223,4.425
88215,4.115384615384615
66268,4.704433497536946
53226,4.534883720930233
37933,4.6938775510204085
80538,4.619047619047619
74683,4.361111111111111
22822,4.265822784810126
53443,4.4423076923076925
108159,4.565217391304348
77990,4.625
88136,4.472527472527473
94492,4.461538461538462
81652,4.511627906976744
106615,4.363636363636363
12902,4.580357142857143
17345,4.463768115942029
43187,4.642487046632124
98146,4.12
13853,4.625
80039,4.666666666666667
71669,4.113636363636363
68313,4.3776223776223775
94364,4.257142857142857
64925,4.300970873786408
9741,4.68141592920354
1451,4.5
95343,4.6571428571428575
64648,4.630434782608695
64947,4.300970873786408
9415,4.363636363636363
13379,4.82051282051282
66438,4.704433497536946
92251,4.555555555555555
12997,4.580357142857143
76843,4.546511627906977
72987,4.285714285714286
37284,4.6
93715,4.695652173913044
97533,4.698630136986301
56395,4.476923076923077
106548,4.483870967741935
48889,3.8095238095238093
96376,4.351351351351352
9192,4.5
10663,4.443298969072165
55094,4.466666666666667
8426,4.714285714285714
40485,4.75
52247,4.459016393442623
50104,4.405405405405405
56397,4.476923076923077
49648,4.439024390243903
37584,4.280575539568345
46417,4.440944881889764
19568,4.5396825396825395
41632,4.610921501706485
103104,4.414634146341464
105033,4.076923076923077
93356,4.758620689655173
108460,4.791666666666667
84612,4.453125
16463,4.177777777777778
91559,4.625
50964,4.428571428571429
107008,4.4772727272727275
59234,4.346153846153846
6539,4.478260869565218
36796,4.7105263157894735
54680,4.416666666666667
93208,4.714285714285714
38348,4.2809917355371905
46903,4.6525423728813555
89981,4.717391304347826
37514,4.280575539568345
25339,4.806451612903226
24736,4.382978723404255
52968,4.25
30717,4.754310344827586
91448,4.484210526315789
7884,4.743243243243243
50006,4.102564102564102
51263,4.163934426229508
33159,4.348837209302325
45061,4.889655172413793
56368,4.476923076923077
85671,4.583333333333333
21277,4.769230769230769
51306,4.506024096385542
84313,4.855421686746988
9239,4.36
107113,4.583333333333333
70989,4.598214285714286
44086,4.602739726027397
40725,4.8161764705882355
44495,4.497607655502392
37098,4.48051948051948
101879,4.3125
19089,4.767441860465116
29712,4.628205128205129
51319,4.506024096385542
26675,4.661764705882353
23010,4.636363636363637
70910,4.5
82870,4.422535211267606
25277,4.625
92637,4.8
22461,4.662650602409639
53261,4.534883720930233
6357,4.181818181818182
89556,4.589285714285714
70580,4.6
48338,4.171428571428572
72803,4.181818181818182
78772,3.986666666666667
85496,4.617647058823529
86143,4.6976744186046515
90173,4.580645161290323
74960,4.375
67449,4.587209302325581
51383,4.506024096385542
61748,4.236363636363636
29207,4.366197183098592
26899,4.303030303030303
57592,4.742574257425742
32578,4.741007194244604
10322,4.7889908256880735
7732,4.743243243243243
30683,4.754310344827586
594,4.647058823529412
105993,4.848484848484849
98853,4.5
29478,4.597402597402597
85975,4.404040404040404
22476,4.662650602409639
68981,4.269230769230769
35675,4.421875
97106,4.414634146341464
74052,4.391304347826087
34973,4.582608695652174
51639,4.651515151515151
56959,4.107692307692307
77591,4.5
41504,4.610921501706485
107621,4.575757575757576
84357,4.855421686746988
19239,4.318181818181818
56961,4.107692307692307
17371,4.463768115942029
30827,4.28
97980,4.764705882352941
32119,4.303030303030303
93368,4.758620689655173
18025,4.613207547169812
54002,4.833333333333333
57577,4.742574257425742
61336,4.627659574468085
46161,4.666666666666667
1175,4.633333333333334
102605,4.684684684684685
78904,4.449275362318841
27717,4.5928571428571425
83292,4.657894736842105
95189,4.3023255813953485
71485,4.693251533742331
17173,4.474226804123711
11922,4.5
70780,4.705882352941177
42875,4.448275862068965
42494,4.504424778761062
35808,4.338983050847458
25754,4.689655172413793
1549,4.5
63571,4.7637795275590555
65339,4.811320754716981
42534,4.504424778761062
62379,4.5125
92106,4.875
43699,4.1466666666666665
105983,4.323529411764706
53662,4.043478260869565
32441,4.457516339869281
37690,4.485714285714286
67586,4.0588235294117645
28369,4.285714285714286
86096,4.404040404040404
18325,4.627906976744186
73900,4.384615384615385
65735,4.411764705882353
94599,4.25
96766,4.592592592592593
93640,4.733333333333333
104286,4.333333333333333
56050,4.525
103158,4.414634146341464
58412,4.185185185185185
4199,4.371428571428571
53745,4.398058252427185
106820,4.291666666666667
71982,4.461538461538462
78908,4.449275362318841
42094,4.6125
76119,4.814285714285714
78888,3.986666666666667
25064,4.08
66298,4.704433497536946
105772,4.4
78449,4.71830985915493
99119,4.173913043478261
31591,4.560975609756097
61230,4.616279069767442
26440,4.7
69736,4.395348837209302
18502,4.773584905660377
17308,4.463768115942029
15354,4.483606557377049
51963,4.148148148148148
90937,4.471698113207547
7567,4.72
49024,4.72
64645,4.630434782608695
36116,4.62962962962963
85529,4.74468085106383
42913,4.448275862068965
1018,4.333333333333333
91539,4.625
108539,4.641025641025641
18244,4.613207547169812
63810,4.739130434782608
99541,4.166666666666667
100024,4.344827586206897
85176,4.3088235294117645
6809,4.391304347826087
93633,4.733333333333333
14974,4.329670329670329
56918,4.257142857142857
63981,3.9565217391304346
59208,4.346153846153846
61496,4.487804878048781
86630,4.75
71868,4.412698412698413
26428,4.7
5161,4.111702127659575
14299,4.346153846153846
30371,4.714285714285714
57211,4.514285714285714
57879,4.393939393939394
34921,4.582608695652174
34219,4.5588235294117645
4910,4.651162790697675
11311,4.264150943396227
104274,4.739130434782608
50470,4.08
31740,4.619047619047619
58280,4.494623655913978
83966,4.6923076923076925
22553,4.660714285714286
50730,4.545454545454546
55818,4.2926829268292686
68533,4.0754716981132075
6383,4.280701754385965
73428,4.553719008264463
94249,4.354166666666667
87007,4.634146341463414
1097,4.214285714285714
37878,4.835164835164835
66519,4.704433497536946
84280,4.855421686746988
92477,4.36
49941,4.40625
87516,4.54054054054054
41466,4.610921501706485
78073,4.625
85984,4.404040404040404
71703,4.440677966101695
7768,4.743243243243243
86434,4.7727272727272725
9496,4.363636363636363
88125,4.472527472527473
4167,4.371428571428571
106467,4.769230769230769
68702,4.444444444444445
92513,4.564102564102564
52256,4.459016393442623
52945,4.46
41425,4.610921501706485
104374,4.564102564102564
3096,4.075
95,4.58
85270,4.868421052631579
74844,4.341463414634147
100915,4.578947368421052
99932,4.4324324324324325
15054,4.329670329670329
38875,4.664893617021277
72714,4.653846153846154
97157,4.414634146341464
40319,4.754385964912281
23874,4.848314606741573
29999,4.402298850574713
32712,4.318181818181818
55035,4.410958904109589
106770,4.702702702702703
63643,4.7637795275590555
6410,4.280701754385965
60172,4.391304347826087
93675,4.478260869565218
52579,4.478260869565218
34453,4.2
35889,4.338983050847458
11230,4.585106382978723
16406,4.135135135135135
66723,4.392857142857143
51238,4.163934426229508
48704,4.35
83447,4.411764705882353
17953,4.613207547169812
39921,4.483870967741935
78674,4.583333333333333
46758,4.6525423728813555
40464,4.75
40169,4.357142857142857
103112,4.414634146341464
78790,3.986666666666667
44567,4.575418994413408
30418,4.754310344827586
8853,4.3858267716535435
45273,4.707964601769912
58545,4.438356164383562
23999,4.848314606741573
73011,4.285714285714286
13835,4.625
2620,4.526315789473684
21867,4.739130434782608
23859,4.78974358974359
64911,4.300970873786408
16564,4.7368421052631575
43012,4.642487046632124
86633,4.75
11672,4.72
24964,4.5625
40784,4.8161764705882355
40586,4.654545454545454
89903,4.48936170212766
76866,4.546511627906977
107097,4.583333333333333
88665,4.314285714285714
103308,4.4423076923076925
64063,4.230769230769231
86615,4.75
34534,4.778688524590164
102351,4.7368421052631575
3366,4.12987012987013
104786,4.468085106382978
106390,4.64
28678,4.433333333333334
21090,4.4868421052631575
43926,4.6440677966101696
68258,4.3776223776223775
27641,4.574712643678161
80344,4.60655737704918
88897,4.653846153846154
19907,3.9322033898305087
16099,4.5
26696,4.661764705882353
69651,4.653846153846154
73454,4.553719008264463
60561,4.630769230769231
93944,4.586206896551724
19152,4.818181818181818
55732,3.6129032258064515
89799,4.43859649122807
101480,4.333333333333333
108288,4.610169491525424
12130,4.317880794701987
40635,4.26
49098,4.469565217391304
71015,4.598214285714286
4278,4.521739130434782
28494,4.3061224489795915
83937,4.6923076923076925
91842,4.705882352941177
39436,4.846456692913386
56934,4.257142857142857
96520,4.564102564102564
33780,4.62962962962963
103084,4.260869565217392
86437,4.7727272727272725
77532,4.611940298507463
21239,4.586206896551724
41447,4.610921501706485
3713,4.285714285714286
96889,4.56
71606,4.113636363636363
94525,4.461538461538462
13215,4.634146341463414
88685,4.314285714285714
68200,4.3776223776223775
17541,4.482758620689655
50357,4.149606299212598
101069,4.388888888888889
53152,4.621212121212121
80501,4.619047619047619
69460,4.357142857142857
17380,4.463768115942029
12813,4.65625
64517,4.0344827586206895
25550,4.760869565217392
10513,4.462264150943396
56904,4.257142857142857
76553,4.827338129496403
54525,4.0
13759,4.709677419354839
76486,4.827338129496403
16403,4.135135135135135
8478,4.6976744186046515
88681,4.314285714285714
38173,4.150943396226415
86973,4.642857142857143
89538,4.589285714285714
103474,4.621621621621622
8986,4.673076923076923
24091,4.848314606741573
37423,4.4655172413793105
8755,4.3858267716535435
57121,4.107692307692307
48432,4.090909090909091
29165,4.628865979381444
33303,4.594594594594595
60674,4.647058823529412
80215,4.60655737704918
74281,4.4125
99974,4.6521739130434785
25126,4.673469387755102
70028,4.663461538461538
9796,4.68141592920354
1070,4.423076923076923
15189,4.791666666666667
67751,4.416666666666667
36754,4.7105263157894735
93660,4.733333333333333
93243,4.714285714285714
97243,4.487804878048781
75999,4.079365079365079
61026,4.541284403669724
18586,4.773584905660377
10087,4.607142857142857
16010,3.9615384615384617
70912,4.5
20369,4.579787234042553
89498,4.6909090909090905
66331,4.704433497536946
80776,4.423076923076923
82702,4.433333333333334
39162,4.664893617021277
66098,4.333333333333333
68505,4.0754716981132075
50947,4.428571428571429
66155,4.666666666666667
48774,3.7142857142857144
24470,4.54
3432,4.521739130434782
46251,4.456310679611651
24197,4.442622950819672
216,4.538461538461538
5655,4.630434782608695
40378,4.754385964912281
56718,3.98
25216,4.673469387755102
12206,4.575
60036,4.076923076923077
94169,4.354166666666667
106838,4.291666666666667
4215,4.371428571428571
3892,4.827586206896552
48922,3.8095238095238093
72425,4.615384615384615
35309,4.1454545454545455
43095,4.642487046632124
77332,4.305084745762712
99284,4.793103448275862
38750,4.341269841269841
98378,4.269230769230769
38019,4.6938775510204085
59909,4.529411764705882
64037,4.230769230769231
98298,4.12
97936,4.764705882352941
90528,4.666666666666667
6060,4.352941176470588
74696,4.361111111111111
47874,4.073170731707317
64813,4.512195121951219
88011,4.472527472527473
39398,4.846456692913386
23298,4.4739336492890995
43351,4.860294117647059
77883,4.7
101345,4.681818181818182
77047,4.944444444444445
106637,4.523809523809524
78698,4.375
22718,4.662650602409639
19224,4.318181818181818
22443,4.662650602409639
30967,4.62
12973,4.580357142857143
54773,4.623376623376624
17597,4.857142857142857
63729,4.348837209302325
73716,4.205128205128205
66512,4.704433497536946
83833,4.662650602409639
48845,4.6521739130434785
52215,4.459016393442623
72751,4.653846153846154
87162,4.793103448275862
47639,4.704918032786885
9038,4.673076923076923
70777,4.705882352941177
85466,4.617647058823529
39764,4.044943820224719
85843,4.540983606557377
93439,4.233766233766234
20737,4.719512195121951
53069,4.066666666666666
79448,4.735294117647059
63397,3.9555555555555557
5772,4.6875
50985,4.4375
88793,4.730769230769231
7263,4.648148148148148
9203,4.5
6702,4.530769230769231
50433,4.21875
33064,4.631578947368421
107325,4.358974358974359
18232,4.613207547169812
23449,4.4739336492890995
90952,4.471698113207547
95994,3.923076923076923
49898,4.40625
12818,4.65625
99461,4.2592592592592595
99654,4.541666666666667
18019,4.613207547169812
95332,4.454545454545454
21838,4.739130434782608
96786,4.592592592592593
83618,4.684210526315789
49696,4.439024390243903
21852,4.739130434782608
30507,4.754310344827586
101035,4.388888888888889
57999,4.28125
36683,4.333333333333333
33604,4.411764705882353
64990,4.300970873786408
21267,4.769230769230769
95050,4.535211267605634
49089,4.469565217391304
71104,4.598214285714286
81957,4.640718562874252
90146,4.346153846153846
75952,4.079365079365079
12154,4.317880794701987
22011,4.621621621621622
182,4.538461538461538
92122,4.875
18858,4.379310344827586
38364,4.2809917355371905
55217,4.466666666666667
57874,4.393939393939394
26892,4.303030303030303
8508,4.6976744186046515
46767,4.6525423728813555
78020,4.625
69500,4.21875
94747,3.9375
61923,4.739583333333333
7497,4.32258064516129
84927,4.783783783783784
102168,4.321428571428571
12730,4.571428571428571
67346,4.587209302325581
78825,3.986666666666667
70908,4.5
952,4.189473684210526
108365,4.610169491525424
76432,4.827338129496403
26362,4.678571428571429
91949,4.468085106382978
76581,4.491525423728813
10447,4.545454545454546
9882,4.68141592920354
3034,4.8
93004,4.459016393442623
37911,4.6938775510204085
39223,4.684210526315789
34363,4.7105263157894735
43884,4.6440677966101696
70469,4.682926829268292
44394,4.497607655502392
5860,4.6875
18357,4.627906976744186
63325,4.58
58875,4.52760736196319
54980,4.410958904109589
29543,4.597402597402597
47898,4.209302325581396
26743,4.661764705882353
64593,4.257142857142857
79090,4.83
76002,4.079365079365079
93976,4.423076923076923
94825,3.9615384615384617
68414,4.363636363636363
52318,4.266666666666667
95320,4.454545454545454
19921,3.9322033898305087
14406,4.704545454545454
38324,4.2809917355371905
35630,4.7368421052631575
39897,4.483870967741935
38065,4.6938775510204085
52168,4.285714285714286
28297,4.589743589743589
1116,4.214285714285714
86380,4.771428571428571
47542,4.302631578947368
25748,4.689655172413793
78983,4.449275362318841
98463,4.775
70231,4.538461538461538
13714,4.333333333333333
19643,4.5396825396825395
67487,4.428571428571429
63998,3.9565217391304346
60290,4.354838709677419
98599,4.428571428571429
76982,4.621621621621622
70162,4.483870967741935
59784,4.529411764705882
76463,4.827338129496403
42736,4.4646464646464645
8585,4.6976744186046515
8420,4.714285714285714
26013,4.621848739495798
69532,4.21875
91631,4.507692307692308
31668,4.619047619047619
11172,4.585106382978723
105311,4.541666666666667
72234,4.414634146341464
5630,4.630434782608695
21113,4.4868421052631575
4965,4.651162790697675
61398,4.627659574468085
102440,4.384615384615385
11975,4.317880794701987
98395,4.269230769230769
4114,4.636363636363637
19039,4.767441860465116
106453,4.769230769230769
61663,4.714285714285714
81387,4.682926829268292
26470,4.7
20381,4.579787234042553
97314,4.260869565217392
97281,4.542857142857143
41211,4.525
31530,4.439024390243903
82914,4.422535211267606
89175,4.5
42902,4.448275862068965
65644,4.509090909090909
68587,4.7317073170731705
40946,4.8161764705882355
25545,4.760869565217392
58264,4.494623655913978
93759,4.310344827586207
33098,4.348837209302325
15638,4.757575757575758
102328,4.7368421052631575
26905,4.303030303030303
59568,4.728813559322034
50141,4.583333333333333
51936,4.148148148148148
479,4.464285714285714
104986,4.269230769230769
52754,3.9038461538461537
94528,4.6923076923076925
434,4.464285714285714
57617,4.742574257425742
1320,4.5
73173,4.398230088495575
66541,4.621212121212121
34918,4.582608695652174
73895,4.384615384615385
85997,4.404040404040404
54789,4.623376623376624
105648,4.23404255319149
57352,4.53125
74361,4.4125
32941,4.659574468085107
80915,4.3076923076923075
3658,4.162162162162162
43503,4.860294117647059
14778,4.575342465753424
85092,4.739726027397261
76778,4.546511627906977
24504,4.423076923076923
28266,4.62
4787,4.5701754385964914
9360,4.34375
22197,4.805555555555555
10511,4.462264150943396
76277,4.454545454545454
46136,4.666666666666667
77969,4.625
37978,4.6938775510204085
67928,4.666666666666667
5451,4.821428571428571
60903,4.541284403669724
26672,4.661764705882353
21599,4.297872340425532
101864,4.3125
51446,4.506024096385542
79121,4.83
2722,4.527777777777778
75257,4.882352941176471
20424,4.579787234042553
1169,4.633333333333334
66027,4.625
66540,4.621212121212121
55622,4.6521739130434785
44615,4.575418994413408
15397,4.483606557377049
62803,4.163265306122449
82602,4.714285714285714
57629,4.742574257425742
74850,4.341463414634147
36839,4.7105263157894735
101562,4.793103448275862
38823,4.594594594594595
23032,4.636363636363637
45617,3.9
106253,4.452830188679245
46935,4.6525423728813555
19693,4.711538461538462
61801,4.464285714285714
20112,4.712765957446808
60445,4.4186046511627906
59117,4.712765957446808
10246,4.7889908256880735
30127,4.5625
99939,4.4324324324324325
53233,4.534883720930233
35582,4.7368421052631575
15412,4.483606557377049
88230,4.115384615384615
38023,4.6938775510204085
88575,4.818181818181818
82918,4.422535211267606
48218,4.621951219512195
97482,4.393939393939394
51258,4.163934426229508
12320,4.203125
2124,4.436842105263158
70262,4.538461538461538
23940,4.848314606741573
64786,4.630434782608695
61994,4.739583333333333
12726,4.571428571428571
100266,4.0
96318,4.324324324324325
39732,4.044943820224719
16705,4.705882352941177
30019,4.402298850574713
80253,4.60655737704918
45457,4.435897435897436
60224,4.391304347826087
92997,4.566666666666666
45167,4.084745762711864
64526,4.0344827586206895
3506,4.521739130434782
80125,4.5675675675675675
104937,4.666666666666667
58326,4.494623655913978
106282,4.452830188679245
93394,4.233766233766234
91749,4.951219512195122
83820,4.662650602409639
45472,4.435897435897436
58741,4.52760736196319
95513,4.153846153846154
65998,4.625
47,4.58
39266,4.846456692913386
75747,4.583333333333333
32325,4.457516339869281
27437,4.574712643678161
17499,4.416666666666667
14173,4.752688172043011
46680,4.637362637362638
2758,4.557142857142857
18676,4.673267326732673
16865,4.492957746478873
31002,4.62
105423,4.071428571428571
13064,4.6
73062,4.655172413793103
88284,4.766666666666667
44546,4.575418994413408
79190,4.83
20135,4.712765957446808
9694,4.714285714285714
72385,4.615384615384615
71453,4.693251533742331
90800,3.96875
108588,4.844444444444444
98862,4.5
12467,4.368421052631579
11725,4.46875
42838,4.478260869565218
47684,4.526315789473684
105734,4.4
99289,4.793103448275862
44577,4.575418994413408
52276,4.459016393442623
82168,4.583333333333333
46312,4.456310679611651
104240,4.739130434782608
75440,4.423728813559322
58459,4.438356164383562
82317,4.8743169398907105
35800,4.338983050847458
97590,4.698630136986301
91093,4.517241379310345
14279,4.923076923076923
64060,4.230769230769231
16149,4.5
67761,4.416666666666667
83957,4.6923076923076925
35753,4.421875
49338,4.4324324324324325
49927,4.40625
19896,3.9322033898305087
53910,4.723404255319149
39460,4.846456692913386
65086,4.468085106382978
101744,4.608695652173913
49331,4.4324324324324325
36670,4.333333333333333
97997,4.618181818181818
8110,4.544303797468355
88787,4.780487804878049
87192,4.269230769230769
13309,4.821428571428571
65927,4.791666666666667
31461,4.439024390243903
12002,4.317880794701987
28466,4.3061224489795915
91799,4.705882352941177
49346,4.344262295081967
28893,4.628865979381444
8749,4.3858267716535435
59508,3.8214285714285716
20876,4.14
94946,4.535211267605634
76233,4.212121212121212
98088,4.618181818181818
36767,4.7105263157894735
105710,4.545454545454546
48503,4.419642857142857
26952,4.142857142857143
49080,4.469565217391304
54679,4.416666666666667
105565,4.384615384615385
91342,4.484210526315789
35618,4.7368421052631575
104949,4.666666666666667
33682,4.442622950819672
93720,4.695652173913044
82961,4.393939393939394
16238,4.5
81839,4.640718562874252
77966,4.56
76437,4.827338129496403
67561,4.0588235294117645
82303,4.8743169398907105
77128,4.25
7380,4.591549295774648
77971,4.625
52438,4.645833333333333
72508,4.831325301204819
61682,4.236363636363636
24285,4.442622950819672
73773,4.384615384615385
26212,4.490566037735849
103883,4.32
58463,4.438356164383562
99167,4.354838709677419
20277,4.620689655172414
105769,4.4
93891,4.258064516129032
48610,4.419642857142857
18673,4.673267326732673
95888,4.283018867924528
85788,4.5588235294117645
85178,4.3088235294117645
76135,4.814285714285714
4869,4.651162790697675
90763,4.423076923076923
41904,4.6020408163265305
54441,4.53125
52377,4.645833333333333
95702,4.482758620689655
48261,4.621951219512195
24969,4.5625
92207,4.536585365853658
52304,4.266666666666667
39875,4.483870967741935
56445,3.71875
42832,4.478260869565218
66163,4.666666666666667
81459,4.804878048780488
33702,4.442622950819672
57411,4.53125
5407,4.821428571428571
9070,4.673076923076923
51293,4.506024096385542
81168,4.631578947368421
55543,4.632911392405063
59456,4.112903225806452
39629,4.846456692913386
85223,4.3088235294117645
41691,4.610921501706485
73347,4.53125
61129,4.616279069767442
68408,4.3776223776223775
94878,4.173913043478261
21685,4.433962264150943
7758,4.743243243243243
94458,4.375
84442,4.490566037735849
57827,4.204545454545454
68103,4.590909090909091
46375,4.440944881889764
28146,4.5
21918,4.387096774193548
431,4.464285714285714
73588,4.553719008264463
29926,4.402298850574713
29475,4.597402597402597
100546,4.454545454545454
69872,4.333333333333333
104530,4.2407407407407405
12797,4.65625
29380,4.5
100397,4.509090909090909
107755,4.689655172413793
3816,4.03030303030303
28485,4.3061224489795915
47367,4.081967213114754
84134,4.604651162790698
80276,4.60655737704918
44210,4.497607655502392
77486,4.611940298507463
69720,4.653846153846154
3738,4.285714285714286
102135,4.433333333333334
20519,4.579787234042553
69330,3.8181818181818183
47198,4.3076923076923075
15701,3.769230769230769
104878,4.844444444444444
54055,4.0
38814,4.594594594594595
16138,4.5
52127,4.285714285714286
40857,4.8161764705882355
2597,4.526315789473684
35496,4.7368421052631575
71283,4.0
46995,4.59375
95237,3.88
95530,4.153846153846154
23047,4.636363636363637
35234,4.728155339805825
23482,4.4739336492890995
83198,4.529411764705882
108187,4.608695652173913
20739,4.719512195121951
88640,4.818181818181818
38240,4.2809917355371905
36169,4.086956521739131
13701,4.333333333333333
76433,4.827338129496403
7325,4.591549295774648
73318,4.53125
23713,4.78974358974359
85860,4.540983606557377
15385,4.483606557377049
15731,3.769230769230769
38855,4.594594594594595
80788,4.709677419354839
35481,4.7368421052631575
68742,4.704545454545454
73839,4.384615384615385
104692,4.205128205128205
68229,4.3776223776223775
74005,4.391304347826087
34897,4.171428571428572
646,4.442622950819672
67679,4.081081081081081
5820,4.6875
8889,4.3858267716535435
62412,4.5125
20866,4.14
39763,4.044943820224719
70116,4.663461538461538
49687,4.439024390243903
12053,4.317880794701987
59934,4.529411764705882
71333,4.693251533742331
25289,4.625
26046,4.621848739495798
55250,4.466666666666667
60020,4.076923076923077
62078,4.71875
79880,4.435897435897436
106267,4.452830188679245
106973,4.4772727272727275
77586,4.5
11120,4.352941176470588
78646,4.583333333333333
43159,4.642487046632124
95055,4.535211267605634
64263,3.5161290322580645
81919,4.640718562874252
25954,4.621848739495798
55666,3.891891891891892
38733,4.341269841269841
87572,4.54054054054054
31128,4.388888888888889
20724,4.719512195121951
101958,4.636363636363637
3099,4.075
9374,4.34375
23735,4.78974358974359
19593,4.5396825396825395
73901,4.384615384615385
25834,4.77027027027027
30162,4.5625
18054,4.613207547169812
83468,4.411764705882353
6019,4.488372093023256
63503,4.7637795275590555
20964,4.638888888888889
57195,4.514285714285714
96997,4.515151515151516
7641,4.303030303030303
92998,4.459016393442623
22614,4.517241379310345
76612,4.491525423728813
79041,4.6923076923076925
7194,4.648148148148148
56288,4.6923076923076925
86194,4.6976744186046515
19348,4.780487804878049
5024,4.651162790697675
57917,4.393939393939394
7719,4.743243243243243
37664,4.280575539568345
26797,4.475
81735,4.640718562874252
59799,4.529411764705882
14897,4.714285714285714
89152,4.5
57037,4.107692307692307
66242,4.704433497536946
51,4.58
23429,4.4739336492890995
106237,4.452830188679245
49615,4.457142857142857
51831,4.695652173913044
42662,4.4646464646464645
54603,4.365853658536586
38426,4.244897959183674
1518,4.5
61404,4.627659574468085
4817,4.651162790697675
14417,4.704545454545454
33456,4.35
16318,4.60655737704918
62670,4.488888888888889
40620,4.654545454545454
79516,4.666666666666667
74437,4.685714285714286
80729,3.9
17425,4.416666666666667
32398,4.457516339869281
91719,4.951219512195122
87431,4.3076923076923075
74276,4.4125
9611,4.619047619047619
64457,4.405172413793103
13426,4.142857142857143
91780,4.705882352941177
84903,4.783783783783784
30248,4.2727272727272725
43743,4.1466666666666665
40286,4.754385964912281
107899,4.590909090909091
21969,4.387096774193548
86336,4.568181818181818
101334,4.681818181818182
97262,4.542857142857143
36233,4.428571428571429
74070,4.785714285714286
69475,4.357142857142857
90660,4.157894736842105
76980,4.621621621621622
4480,4.102941176470588
7973,4.544303797468355
37512,4.280575539568345
82033,4.68
28619,4.2368421052631575
93662,4.733333333333333
54761,4.623376623376624
77185,4.535714285714286
8572,4.6976744186046515
78334,4.653333333333333
51568,4.678571428571429
1785,4.09375
100781,4.732142857142857
64423,4.405172413793103
49874,4.40625
47306,4.081967213114754
37577,4.280575539568345
104551,4.2407407407407405
92798,4.666666666666667
78248,4.619047619047619
81637,4.413333333333333
54244,4.271186440677966
24170,4.848314606741573
61637,4.714285714285714
102923,4.478260869565218
54078,4.314285714285714
38910,4.664893617021277
9481,4.363636363636363
99761,4.623529411764705
66111,4.333333333333333
65805,4.121621621621622
4804,4.651162790697675
103524,4.463414634146342
84396,4.490566037735849
98841,4.5
20541,4.579787234042553
67795,4.46969696969697
134,4.538461538461538
78107,4.625
38659,4.341269841269841
85858,4.540983606557377
34860,4.171428571428572
62995,4.597560975609756
10317,4.7889908256880735
810,4.189473684210526
59286,4.6395348837209305
53124,4.621212121212121
94822,3.9615384615384617
40796,4.8161764705882355
55737,3.6129032258064515
54591,4.365853658536586
66912,4.25
107351,4.696969696969697
69994,4.663461538461538
41022,4.175438596491228
73695,4.205128205128205
16490,4.177777777777778
83763,4.321428571428571
45361,4.707964601769912
77534,4.611940298507463
60387,4.684210526315789
103075,4.260869565217392
68337,4.3776223776223775
82185,4.583333333333333
59928,4.529411764705882
48094,4.433333333333334
5595,4.630434782608695
77972,4.625
48336,4.171428571428572
61804,4.464285714285714
84688,4.72
55206,4.466666666666667
50665,4.545454545454546
50361,4.149606299212598
108237,4.625
2086,4.436842105263158
50499,4.342105263157895
8107,4.544303797468355
54385,3.4242424242424243
13462,4.861538461538461
26028,4.621848739495798
102076,4.038461538461538
44721,4.575418994413408
102078,4.038461538461538
14184,4.752688172043011
78155,4.619047619047619
59083,4.712765957446808
58399,4.185185185185185
98558,4.685714285714286
14597,4.410256410256411
78969,4.449275362318841
80111,4.5675675675675675
88322,4.67741935483871
82431,4.8743169398907105
48529,4.419642857142857
49307,4.4324324324324325
42018,4.6020408163265305
77958,4.56
38656,4.341269841269841
32355,4.457516339869281
55219,4.466666666666667
17982,4.613207547169812
77444,4.611940298507463
18804,4.575757575757576
107245,3.75
39735,4.044943820224719
81738,4.640718562874252
67429,4.587209302325581
3266,4.176470588235294
99194,4.354838709677419
102203,4.166666666666667
57919,4.708333333333333
30325,4.714285714285714
63014,4.597560975609756
50012,4.102564102564102
98776,4.54054054054054
100399,4.509090909090909
108327,4.610169491525424
27965,4.846153846153846
74911,4.583333333333333
58325,4.494623655913978
21322,4.27906976744186
61533,4.487804878048781
46493,4.440944881889764
19404,4.625
75827,4.225806451612903
1736,4.304347826086956
89600,4.571428571428571
22946,4.265822784810126
105176,3.9166666666666665
26824,4.475
30779,4.754310344827586
2178,4.436842105263158
72218,4.414634146341464
56056,4.525
11574,4.341772151898734
59420,4.112903225806452
27907,4.5928571428571425
49870,4.40625
58780,4.52760736196319
3595,4.444444444444445
100624,4.518518518518518
43430,4.860294117647059
2205,4.431578947368421
31264,4.503875968992248
102383,4.7368421052631575
68066,4.357142857142857
60356,4.684210526315789
81469,4.551724137931035
88958,4.609756097560975
76279,4.454545454545454
2221,4.431578947368421
93201,4.714285714285714
66076,4.565217391304348
93689,4.478260869565218
26897,4.303030303030303
102475,4.814814814814815
91909,4.468085106382978
18723,4.673267326732673
77689,4.5
41831,4.6020408163265305
12025,4.317880794701987
92886,4.815789473684211
99912,4.4324324324324325
66549,4.621212121212121
64703,4.630434782608695
81453,4.804878048780488
21868,4.739130434782608
104507,4.2407407407407405
29564,4.597402597402597
26721,4.661764705882353
28773,4.433333333333334
44388,4.497607655502392
98757,4.328947368421052
17812,4.377358490566038
106654,4.523809523809524
65422,4.6875
17428,4.416666666666667
55200,4.466666666666667
68451,4.363636363636363
105819,4.4
96298,4.324324324324325
22209,4.548387096774194
72902,4.4603174603174605
41404,4.610921501706485
103009,4.151515151515151
69658,4.653846153846154
80649,4.730769230769231
10588,4.462264150943396
96053,4.4324324324324325
107473,4.666666666666667
62397,4.5125
101448,4.42
11316,4.264150943396227
9129,4.27027027027027
40460,4.75
70577,4.6
82909,4.422535211267606
14979,4.329670329670329
12644,4.544303797468355
7808,4.743243243243243
63805,4.739130434782608
42065,4.6020408163265305
103929,4.933333333333334
76347,4.827338129496403
3364,4.12987012987013
86518,4.655172413793103
107291,4.358974358974359
94916,4.628571428571429
38654,4.341269841269841
52875,4.46
107643,4.76
102401,4.384615384615385
75985,4.079365079365079
106441,4.769230769230769
69726,4.653846153846154
42060,4.6020408163265305
37412,4.4655172413793105
90621,4.157894736842105
82164,4.583333333333333
107701,4.826086956521739
52684,4.413793103448276
80247,4.60655737704918
108559,4.844444444444444
893,4.189473684210526
71006,4.598214285714286
23286,4.4739336492890995
103423,4.607142857142857
19821,4.517241379310345
39364,4.846456692913386
47936,4.209302325581396
68517,4.0754716981132075
97837,4.365853658536586
108483,4.641025641025641
59030,4.712765957446808
102779,4.426229508196721
61694,4.236363636363636
90520,4.666666666666667
82326,4.8743169398907105
18350,4.627906976744186
28088,4.3896103896103895
31656,4.619047619047619
72695,4.531914893617022
28526,4.84375
91039,4.476190476190476
7573,4.72
12385,4.368421052631579
65117,4.468085106382978
72798,4.181818181818182
76372,4.827338129496403
32074,4.303030303030303
34122,4.345864661654136
26802,4.475
89924,4.48936170212766
28101,4.3896103896103895
24668,4.382978723404255
9519,4.363636363636363
41244,4.610921501706485
1259,4.5
96736,4.3
33170,4.6
47091,4.32
2352,4.431578947368421
19586,4.5396825396825395
62874,3.9272727272727272
61762,4.236363636363636
66792,4.205128205128205
90363,4.53125
48882,3.8095238095238093
48300,4.171428571428572
5488,4.486111111111111
87782,4.729166666666667
20688,4.719512195121951
3839,4.03030303030303
82814,4.422535211267606
3979,4.73469387755102
6819,4.391304347826087
13967,4.222222222222222
15346,4.483606557377049
50584,4.545454545454546
2059,4.436842105263158
108161,4.565217391304348
78586,4.456521739130435
100190,4.571428571428571
36726,4.7105263157894735
47370,4.081967213114754
32211,4.457516339869281
37646,4.280575539568345
48674,4.35
52150,4.285714285714286
31816,4.619047619047619
61248,4.616279069767442
44676,4.575418994413408
67328,4.587209302325581
64670,4.630434782608695
31630,4.560975609756097
1812,4.67741935483871
22308,4.717948717948718
107286,4.358974358974359
15040,4.329670329670329
12387,4.368421052631579
36270,4.535885167464115
44404,4.497607655502392
35807,4.338983050847458
38715,4.341269841269841
106538,4.483870967741935
89602,4.571428571428571
89840,4.43859649122807
82232,4.8743169398907105
28946,4.628865979381444
48254,4.621951219512195
19815,4.517241379310345
87000,4.634146341463414
67706,4.081081081081081
106588,4.363636363636363
86309,4.568181818181818
84443,4.490566037735849
64685,4.630434782608695
50844,4.545454545454546
26279,4.782608695652174
31494,4.439024390243903
38669,4.341269841269841
101610,4.793103448275862
86975,4.642857142857143
66901,4.25
43225,4.642487046632124
96094,4.611111111111111
68256,4.3776223776223775
89942,4.48936170212766
59342,4.6395348837209305
35411,4.479166666666667
72560,4.831325301204819
101108,3.6956521739130435
35336,4.1454545454545455
5561,4.486111111111111
5450,4.821428571428571
26529,4.601941747572815
80037,4.666666666666667
28097,4.3896103896103895
2930,4.659090909090909
48297,4.171428571428572
33946,4.345864661654136
67330,4.587209302325581
24549,4.275862068965517
13281,4.64
108447,4.791666666666667
108197,4.608695652173913
78644,4.583333333333333
5195,4.111702127659575
10373,4.483870967741935
17296,4.463768115942029
59404,4.112903225806452
2233,4.431578947368421
13150,4.6923076923076925
75874,4.079365079365079
101894,4.458333333333333
96861,4.56
28971,4.628865979381444
67954,4.666666666666667
16269,4.60655737704918
86643,4.75
36961,4.7105263157894735
66183,4.704433497536946
76961,4.621621621621622
27357,4.53125
37294,4.6
70385,4.338983050847458
81329,4.682926829268292
15591,4.642857142857143
83589,4.684210526315789
73108,4.398230088495575
90410,4.515151515151516
63538,4.7637795275590555
81119,4.631578947368421
62022,4.739583333333333
75484,4.423728813559322
1074,4.423076923076923
1619,4.673076923076923
97103,4.466666666666667
23061,4.636363636363637
68584,4.7317073170731705
24421,4.54
102460,4.814814814814815
78455,4.71830985915493
95983,3.923076923076923
80130,4.5675675675675675
101450,4.42
11766,4.46875
93741,4.695652173913044
57035,4.107692307692307
108095,4.130434782608695
815,4.189473684210526
86627,4.75
94943,4.628571428571429
39805,4.044943820224719
14244,4.923076923076923
101166,4.304347826086956
42822,4.478260869565218
62346,4.5125
98210,4.12
3202,4.1923076923076925
96146,4.611111111111111
24741,4.382978723404255
61692,4.236363636363636
16023,4.333333333333333
89735,4.46969696969697
15006,4.329670329670329
82273,4.8743169398907105
106531,4.483870967741935
58501,4.438356164383562
44943,4.889655172413793
60636,4.125
77636,4.5
4597,4.5701754385964914
107859,4.5
84198,4.739130434782608
91647,4.507692307692308
66039,4.565217391304348
85710,4.71875
105508,4.655172413793103
20843,4.14
60272,4.354838709677419
22386,4.662650602409639
4482,4.102941176470588
104773,4.468085106382978
45375,4.707964601769912
30034,4.402298850574713
91130,4.517241379310345
68855,4.309523809523809
21898,4.739130434782608
29736,4.628205128205129
88662,4.314285714285714
39158,4.664893617021277
89957,4.48936170212766
80609,4.647058823529412
11489,4.341772151898734
107171,4.5625
89019,4.576923076923077
105789,4.4
99528,4.407407407407407
35353,4.1454545454545455
42947,4.5675675675675675
60155,4.391304347826087
1160,4.633333333333334
50753,4.545454545454546
22919,4.265822784810126
78086,4.625
94631,4.25
59902,4.529411764705882
63567,4.7637795275590555
66822,4.205128205128205
42520,4.504424778761062
10442,4.545454545454546
11946,4.317880794701987
81986,4.640718562874252
29942,4.402298850574713
22316,4.717948717948718
14236,4.752688172043011
48722,4.35
17661,4.6
69678,4.653846153846154
87628,4.695652173913044
85450,4.617647058823529
93461,4.233766233766234
20768,4.719512195121951
69869,4.333333333333333
1011,4.333333333333333
13664,4.333333333333333
54606,4.365853658536586
47556,4.704918032786885
91340,4.484210526315789
11777,4.46875
47609,4.704918032786885
2767,4.557142857142857
25922,4.77027027027027
84835,4.660377358490566
31424,4.439024390243903
75572,4.32
15786,4.5
18731,4.673267326732673
50681,4.545454545454546
15422,4.483606557377049
43714,4.1466666666666665
94413,4.114285714285714
28509,4.3061224489795915
55999,4.327272727272727
55312,4.388888888888889
70987,4.598214285714286
37432,4.4655172413793105
11173,4.585106382978723
24857,4.2727272727272725
20990,4.448275862068965
22460,4.662650602409639
67774,4.46969696969697
18296,4.613207547169812
70624,4.622641509433962
9990,4.607142857142857
20824,4.14
93122,4.48
38384,4.2809917355371905
30268,4.2727272727272725
18436,4.773584905660377
76422,4.827338129496403
67564,4.0588235294117645
10479,4.462264150943396
104879,4.844444444444444
96269,4.115384615384615
28621,4.2368421052631575
1459,4.5
1469,4.5
78442,4.71830985915493
17379,4.463768115942029
79389,4.5
74466,4.787878787878788
