asin,title,author,description,text
0007442920,Insurgent,Veronica Roth,,Insurgent by Veronica Roth
0062267159,Clash,Nicole Williams,"The only easy thing about Jude and Lucy's relationship is their love for one another. Everything else is hard. Especially when it comes to reining in Jude's trigger touch temper and Lucy's increasing jealousy of Jude's Spirit Sister on the cheer squad who's attached herself to him in just about every way a girl could. Feeling the stress of trying to hang on to her quintessential bad boy while becoming the foremost dancer in her class, Lucy knows somethings going to break.","Clash by Nicole Williams. The only easy thing about Jude and Lucy's relationship is their love for one another. Everything else is hard. Especially when it comes to reining in Jude's trigger touch temper and Lucy's increasing jealousy of Jude's Spirit Sister on the cheer squad who's attached herself to him in just about every way a girl could. Feeling the stress of trying to hang on to her quintessential bad boy while becoming the foremost dancer in her class, Lucy knows somethings going to break."
0062267175,Crush,Nicole Williams,"""Once again, Jude and Lucy are torn apart by football training and a summer job that creates new tensions. this time Jude's the one with trust issues. Will Lucy's life-changing news bring them back together or end their relationship for good? Can love triumph forever?""--Page of cover.","Crush by Nicole Williams. ""Once again, Jude and Lucy are torn apart by football training and a summer job that creates new tensions. this time Jude's the one with trust issues. Will Lucy's life-changing news bring them back together or end their relationship for good? Can love triumph forever?""--Page of cover."
006226768X,Taking chances,Molly McAdams,,Taking chances by Molly McAdams
0062267728,From ashes,Molly McAdams,"Aside from her dad, Cassidy has only ever trusted one man: her best friend, Tyler. So of course she follows him to Texas when he leaves for college. She just didn't expect to be so drawn to their new roommate, Gage, a gorgeous guy with a husky Southern drawl. The only problem? He's Tyler's cousin. And there's something about Cassi that makes Gage want to give her everything. Too bad Tyler has warned him that she's strictly off-limits. When disaster sends Cassi running into Tyler's arms, she will have to decide whether to face the demons of her past, or burn her chance at a future with Gage.","From ashes by Molly McAdams. Aside from her dad, Cassidy has only ever trusted one man: her best friend, Tyler. So of course she follows him to Texas when he leaves for college. She just didn't expect to be so drawn to their new roommate, Gage, a gorgeous guy with a husky Southern drawl. The only problem? He's Tyler's cousin. And there's something about Cassi that makes Gage want to give her everything. Too bad Tyler has warned him that she's strictly off-limits. When disaster sends Cassi running into Tyler's arms, she will have to decide whether to face the demons of her past, or burn her chance at a future with Gage."
0062267744,Forgiving lies,Molly McAdams,"Logan ""Kash"" Ryan has spent the last three and a half years working undercover in Tampa Bay, Florida. When a case sends him and his partner to Austin, Texas to follow the trail of a serial killer, their soul focus needs to be on finding the guy before he can find another victim. The last thing Kash needs is the distraction of his beautiful new neighbor, but there's something about her guarded nature and feisty attitude that makes it impossible to stay away from her. Rachel Masters has shielded herself from getting hurt again. But when her new neighbor almost takes her door off with his motorcycle, everything changes. He's arrogant, gorgeous, tattooed and pierced. Everything she knows she should stay away from. Despite the warnings her initial impression has raised, she quickly falls for him and the way he works at breaking down all her walls. But he's hiding something, and after everything that has happened in Rachel's life lately, a guy is the last thing she needs. From the moment Rachel and Kash meet, they stress the friendship-only rule and continue to push their feelings for each other aside. But as their friendship advances, lines start blurring, and soon their reasons for keeping the other at a distance are forgotten. Will Kash be able to maintain focus on the investigation while keeping Rachel safe from his real life - or will it all fall apart right in front of him, and will she run when she finds out everything he has been hiding? --","Forgiving lies by Molly McAdams. Logan ""Kash"" Ryan has spent the last three and a half years working undercover in Tampa Bay, Florida. When a case sends him and his partner to Austin, Texas to follow the trail of a serial killer, their soul focus needs to be on finding the guy before he can find another victim. The last thing Kash needs is the distraction of his beautiful new neighbor, but there's something about her guarded nature and feisty attitude that makes it impossible to stay away from her. Rachel Masters has shielded herself from getting hurt again. But when her new neighbor almost takes her door off with his motorcycle, everything changes. He's arrogant, gorgeous, tattooed and pierced. Everything she knows she should stay away from. Despite the warnings her initial impression has raised, she quickly falls for him and the way he works at breaking down all her walls. But he's hiding something, and after everything that has happened in Rachel's life lately, a guy is the last thing she needs. From the moment Rachel and Kash meet, they stress the friendship-only rule and continue to push their feelings for each other aside. But as their friendship advances, lines start blurring, and soon their reasons for keeping the other at a distance are forgotten. Will Kash be able to maintain focus on the investigation while keeping Rachel safe from his real life - or will it all fall apart right in front of him, and will she run when she finds out everything he has been hiding? --"
0062267884,Hard As It Gets,Laura Kaye,"Trouble just walked into Nicholas Rixey's tattoo parlor. Becca Merritt is warm, sexy, wholesome--pure temptation to a very jaded Nick. He's left his military life behind to become co-owner of Hard Ink Tattoo, but Becca is his ex-commander's daughter. Loyalty won't let him turn her away. Lust has plenty to do with it, too.","Hard As It Gets by Laura Kaye. Trouble just walked into Nicholas Rixey's tattoo parlor. Becca Merritt is warm, sexy, wholesome--pure temptation to a very jaded Nick. He's left his military life behind to become co-owner of Hard Ink Tattoo, but Becca is his ex-commander's daughter. Loyalty won't let him turn her away. Lust has plenty to do with it, too."
0062267906,Hard As You Can A Hard Ink Novel,Laura Kaye,,Hard As You Can A Hard Ink Novel by Laura Kaye
0062273248,Losing it,Cora Carmack,,Losing it by Cora Carmack
0062273264,Faking It,Cora Carmack,,Faking It by Cora Carmack
0062273280,Finding it,Cora Carmack,"""Most girls would kill to spend months traveling around Europe after college graduation with no responsibility, no parents, and no limit credit cards. Kelsey Summers is no exception. She's having the time of her life... or that's what she keeps telling herself. It's a lonely business trying to find out who you are, especially when you're afraid you won't like the you that's found. No amount of drinking or dancing can chase away Kelsey's loneliness, but maybe Jackson Hunt can. After a few chance meetings, he convinces her to take a journey of adventure instead of alcohol. With each new city and experience, Kelsey's mind becomes a little clearer, and her heart a little less hers. Hunt helps her unravel her own dreams and desires, but the more she knows about herself, the more she realizes how little she knows about him""--","Finding it by Cora Carmack. ""Most girls would kill to spend months traveling around Europe after college graduation with no responsibility, no parents, and no limit credit cards. Kelsey Summers is no exception. She's having the time of her life... or that's what she keeps telling herself. It's a lonely business trying to find out who you are, especially when you're afraid you won't like the you that's found. No amount of drinking or dancing can chase away Kelsey's loneliness, but maybe Jackson Hunt can. After a few chance meetings, he convinces her to take a journey of adventure instead of alcohol. With each new city and experience, Kelsey's mind becomes a little clearer, and her heart a little less hers. Hunt helps her unravel her own dreams and desires, but the more she knows about herself, the more she realizes how little she knows about him""--"
0062289357,Crave,Monica Murphy,,Crave by Monica Murphy
0062292129,Stealing Harper,Molly McAdams,"""Chase Grayson has never been interested in having a relationship that lasts longer than it takes for him and his date to get dressed again. But then he stumbles into a gray-eyed girl whose innocence pours off her, and everything changes. From the minute Harper opens her mouth to let him know just how much he disgusts her, he's hooked. ... All good intentions go out the window when Harper starts to fall for the guy Chase has come to view as a brother. He wanted to protect her by keeping her away, but he can't stand to see her with anyone else, and he'll do anything to make her his. But when it comes down to Harper choosing between the two, will Chase have the strength to step back from the girl who has become his whole world if it means she's happy?""--Page 4 of cover.","Stealing Harper by Molly McAdams. ""Chase Grayson has never been interested in having a relationship that lasts longer than it takes for him and his date to get dressed again. But then he stumbles into a gray-eyed girl whose innocence pours off her, and everything changes. From the minute Harper opens her mouth to let him know just how much he disgusts her, he's hooked. ... All good intentions go out the window when Harper starts to fall for the guy Chase has come to view as a brother. He wanted to protect her by keeping her away, but he can't stand to see her with anyone else, and he'll do anything to make her his. But when it comes down to Harper choosing between the two, will Chase have the strength to step back from the girl who has become his whole world if it means she's happy?""--Page 4 of cover."
0062294776,Wait for You,J. Lynn,"""Some things are worth waiting for... Traveling thousands of miles from home to enter college is the only way nineteen-year-old Avery Morgansten can escape what happened at the Halloween party five years ago--an event that forever changed her life. All she needs to do is make it to her classes on time, make sure the bracelet on her left wrist stays in place, not draw any attention to herself, and maybe--please God--make a few friends, because surely that would be a nice change of pace. The one thing she didn't need and never planned on was capturing the attention of the one guy who could shatter the precarious future she's building for herself. Some things are worth experiencing... Cameron Hamilton is six feet and three inches of swoon-worthy hotness, complete with a pair of striking blue eyes and a remarkable ability to make her want things she believed were irrevocably stolen from her. She knows she needs to stay away from him, but Cam is freaking everywhere, with his charm, his witty banter, and that damn dimple that's just so... so lickable. Getting involved with him is dangerous, but when ignoring the simmering tension that sparks whenever they are around each other becomes impossible, he brings out a side of her she never knew existed. Some things should never be kept quiet... But when Avery starts receiving threatening emails and phone calls forcing her to face a past she wants silenced, she's has no other choice but to acknowledge that someone is refusing to allow her to let go of that night when everything changed. When the devastating truth comes out, will she resurface this time with one less scar? And can Cam be there to help her or will he be dragged down with her? And some things are worth fighting for..""--","Wait for You by J. Lynn. ""Some things are worth waiting for... Traveling thousands of miles from home to enter college is the only way nineteen-year-old Avery Morgansten can escape what happened at the Halloween party five years ago--an event that forever changed her life. All she needs to do is make it to her classes on time, make sure the bracelet on her left wrist stays in place, not draw any attention to herself, and maybe--please God--make a few friends, because surely that would be a nice change of pace. The one thing she didn't need and never planned on was capturing the attention of the one guy who could shatter the precarious future she's building for herself. Some things are worth experiencing... Cameron Hamilton is six feet and three inches of swoon-worthy hotness, complete with a pair of striking blue eyes and a remarkable ability to make her want things she believed were irrevocably stolen from her. She knows she needs to stay away from him, but Cam is freaking everywhere, with his charm, his witty banter, and that damn dimple that's just so... so lickable. Getting involved with him is dangerous, but when ignoring the simmering tension that sparks whenever they are around each other becomes impossible, he brings out a side of her she never knew existed. Some things should never be kept quiet... But when Avery starts receiving threatening emails and phone calls forcing her to face a past she wants silenced, she's has no other choice but to acknowledge that someone is refusing to allow her to let go of that night when everything changed. When the devastating truth comes out, will she resurface this time with one less scar? And can Cam be there to help her or will he be dragged down with her? And some things are worth fighting for..""--"
0062294784,Be With Me,Jennifer L. Armentrout,,Be With Me by Jennifer L. Armentrout
0062299018,Little Too Far,Lisa Desrochers,,Little Too Far by Lisa Desrochers
0062299271,Keeping her,Cora Carmack,Garrick and Bliss learn that the only thing harder than finding true love is keeping it.,Keeping her by Cora Carmack. Garrick and Bliss learn that the only thing harder than finding true love is keeping it.
006229931X,Deceiving lies,Molly McAdams,"""Rachel is supposed to be planning her wedding to Kash, the love of her life. After the crazy year they've had, she's ready to settle down and live a completely normal life. Well, as normal as it can be. But there's something else waiting--something threatening to tear them apart. Kash is ready for it all with Rachel, especially if ""all"" includes having a football team of babies with his future wife. In his line of work, Kash knows how short life can be and doesn't want to waste another minute of their life together. But now his past as an undercover narcotics agent has come back to haunt him...and it's the girl he loves who's caught in the middle. Trent Cruz's orders are clear: take the girl. But there's something about this girl that has him changing the rules and playing a dangerous game to keep her safe. When his time as Rachel's protector runs out, Trent will turn his back on the only life he's known--and risk everything if it means getting her out alive.""--P. [4] of cover.","Deceiving lies by Molly McAdams. ""Rachel is supposed to be planning her wedding to Kash, the love of her life. After the crazy year they've had, she's ready to settle down and live a completely normal life. Well, as normal as it can be. But there's something else waiting--something threatening to tear them apart. Kash is ready for it all with Rachel, especially if ""all"" includes having a football team of babies with his future wife. In his line of work, Kash knows how short life can be and doesn't want to waste another minute of their life together. But now his past as an undercover narcotics agent has come back to haunt him...and it's the girl he loves who's caught in the middle. Trent Cruz's orders are clear: take the girl. But there's something about this girl that has him changing the rules and playing a dangerous game to keep her safe. When his time as Rachel's protector runs out, Trent will turn his back on the only life he's known--and risk everything if it means getting her out alive.""--P. [4] of cover."
006230240X,Rule,Jay Crownover,,Rule by Jay Crownover
0062302418,Jet,Jay Crownover,"Longing to escape her wild life with bad boys, Southern belle Ayden Cross falls for a man whose dangerous tattooed looks embody her most passionate rock-and-roll fantasies and who holds very different ideas about relationships.","Jet by Jay Crownover. Longing to escape her wild life with bad boys, Southern belle Ayden Cross falls for a man whose dangerous tattooed looks embody her most passionate rock-and-roll fantasies and who holds very different ideas about relationships."
0062302426,Rome,Jay Crownover,,Rome by Jay Crownover
0062304828,Trust In Me,Jennifer L. Armentrout,,Trust In Me by Jennifer L. Armentrout
0062317458,Suddenly royal,Nichole Chase,,Suddenly royal by Nichole Chase
0062326201,All lined up,Cora Carmack,,All lined up by Cora Carmack
0062333038,Nash,Jay Crownover,,Nash by Jay Crownover
0062351893,Better when he's bad,Jay Crownover,"""Sexy, dark, and dangerous, Bax isn't just from the wrong side of the tracks, he is the wrong side of the tracks. A criminal, a thug, and a brawler, he's the master of bad choices, until one such choice landed him in prison for five years. Now Bax is out and looking for answers, and he doesn't care what he has to do or who he has to hurt to get them. But there's a new player in the game, and she's much too innocent, much too soft ... and standing directly in his way. Dovie Pryce knows all about living a hard life and the tough choices that come with it. She's always tried to be good, tried to help others, and tried not to let the darkness pull her down. But the streets are fighting back, things have gone from bad to worse, and the only person who can help her is the scariest, sexiest, most complicated ex-con The Point has ever produced. Bax terrifies her, awakening feelings she never thought she'd have for a guy like him. But it doesn't take Dovie long to realize ... some boys are just better when they're bad""--","Better when he's bad by Jay Crownover. ""Sexy, dark, and dangerous, Bax isn't just from the wrong side of the tracks, he is the wrong side of the tracks. A criminal, a thug, and a brawler, he's the master of bad choices, until one such choice landed him in prison for five years. Now Bax is out and looking for answers, and he doesn't care what he has to do or who he has to hurt to get them. But there's a new player in the game, and she's much too innocent, much too soft ... and standing directly in his way. Dovie Pryce knows all about living a hard life and the tough choices that come with it. She's always tried to be good, tried to help others, and tried not to let the darkness pull her down. But the streets are fighting back, things have gone from bad to worse, and the only person who can help her is the scariest, sexiest, most complicated ex-con The Point has ever produced. Bax terrifies her, awakening feelings she never thought she'd have for a guy like him. But it doesn't take Dovie long to realize ... some boys are just better when they're bad""--"
014219672X,On the island,Tracey Garvis-Graves,,On the island by Tracey Garvis-Graves
0143124544,Me Before You,Jojo Moyes,,Me Before You by Jojo Moyes
0263899403,Waking up Married,Mira Lyn Kelly,,Waking up Married by Mira Lyn Kelly
030758836X,Gone Girl,Gillian Flynn,,Gone Girl by Gillian Flynn
0316404381,The girl in 6E,A. R. Torre,"""I haven't touched a human in three years. That seems like it would be a difficult task, but it's not. Not anymore, thanks to the internet. I am, quite possibly, the most popular recluse ever. Not many shut-ins have a 200-member fan club, a bank account in the seven-figure range, and hundreds of men lining up to pay for undivided attention. They get satisfaction, I get a distraction. Their secret desires are nothing compared to why I hide... my lust for blood, my love of death. Taking their money is easy. Keeping all these secrets... one is bound to escape. What if you hid yourself away because all you could think of was killing? And what if one girl's life depending on you venturing into society? Enter a world of lies, thrills, fears, and all desires, in this original thriller from A. R. Torre""--","The girl in 6E by A. R. Torre. ""I haven't touched a human in three years. That seems like it would be a difficult task, but it's not. Not anymore, thanks to the internet. I am, quite possibly, the most popular recluse ever. Not many shut-ins have a 200-member fan club, a bank account in the seven-figure range, and hundreds of men lining up to pay for undivided attention. They get satisfaction, I get a distraction. Their secret desires are nothing compared to why I hide... my lust for blood, my love of death. Taking their money is easy. Keeping all these secrets... one is bound to escape. What if you hid yourself away because all you could think of was killing? And what if one girl's life depending on you venturing into society? Enter a world of lies, thrills, fears, and all desires, in this original thriller from A. R. Torre""--"
0345544110,Release Me: A Novel,J. Kenner,"An erotic, emotionally charged romance between a powerful man who's never heard ""no"" and a fiery woman who says ""yes"" on her own terms--","Release Me: A Novel by J. Kenner. An erotic, emotionally charged romance between a powerful man who's never heard ""no"" and a fiery woman who says ""yes"" on her own terms--"
0345545834,Claim me,Julie Kenner,,Claim me by Julie Kenner
0345545869,Complete Me A Novel,Julie Kenner,"For fans of Fifty Shades of Grey and Bared to You comes the third novel in the erotic, fast-paced trilogy including Release Me and Claim Me. This sexy, emotionally charged romance continues the story of Damien Stark, the powerful multimillionaire who's never had to take ""no"" for an answer, and Nikki Fairchild, the Southern belle who only says ""yes"" on her own terms.

Beautiful, strong, and commanding, Damien Stark fills a void in Nikki that no other man can touch. His fierce cravings push her beyond the brink of bliss-- and unleash a wild passion that utterly consumes them both. Haunted by a legacy of dark secrets and broken trust, he seeks release in their shared ecstasy, the heat burning stronger each day. Yet not even Damien can run from his ghosts, or shield Nikki from the dangers yet to come.","Complete Me A Novel by Julie Kenner. For fans of Fifty Shades of Grey and Bared to You comes the third novel in the erotic, fast-paced trilogy including Release Me and Claim Me. This sexy, emotionally charged romance continues the story of Damien Stark, the powerful multimillionaire who's never had to take ""no"" for an answer, and Nikki Fairchild, the Southern belle who only says ""yes"" on her own terms.

Beautiful, strong, and commanding, Damien Stark fills a void in Nikki that no other man can touch. His fierce cravings push her beyond the brink of bliss-- and unleash a wild passion that utterly consumes them both. Haunted by a legacy of dark secrets and broken trust, he seeks release in their shared ecstasy, the heat burning stronger each day. Yet not even Damien can run from his ghosts, or shield Nikki from the dangers yet to come."
0345546601,Taking Shots,Toni Aleo,,Taking Shots by Toni Aleo
034554661X,Trying to Score,Toni Aleo,,Trying to Score by Toni Aleo
0345546628,Empty Net : the Assassins Series,Toni Aleo,,Empty Net : the Assassins Series by Toni Aleo
0345546679,,,,0345546679
0345803493,Fifty Shades Darker,E. L. James,,Fifty Shades Darker by E. L. James
0345803507,Fifty Shades Freed,E. L. James,,Fifty Shades Freed by E. L. James
0373210493,"Pushing the Limits (Pushing the Limits Series, Book 1)",Katie McGarry,"Rendered a subject of gossip after a traumatic night that left her with terrible scars on her arms, Echo is dumped by her boyfriend and bonds with bad-boy Noah, whose tough attitude hides an understanding nature and difficult secrets.","Pushing the Limits (Pushing the Limits Series, Book 1) by Katie McGarry. Rendered a subject of gossip after a traumatic night that left her with terrible scars on her arms, Echo is dumped by her boyfriend and bonds with bad-boy Noah, whose tough attitude hides an understanding nature and difficult secrets."
0373210639,"Dare You To (Pushing the Limits Series, Book 2)",Katie McGarry,,"Dare You To (Pushing the Limits Series, Book 2) by Katie McGarry"
037321099X,"Crash Into You (Pushing the Limits Series, Book 3)",Katie McGarry,,"Crash Into You (Pushing the Limits Series, Book 3) by Katie McGarry"
0373211104,White Hot Kiss,Jennifer L. Armentrout,,White Hot Kiss by Jennifer L. Armentrout
0373778287,Blindfolded Innocence,Alessandra Torre,"Still recovering from a failed engagement, law intern 21 year old Julie Campbell keeps warning off the premier divorce attorney at the firm and office playboy, 34 year old Brad De Luca, but as his charm begins to draw her to him, she enters a world of sexual exploration that her heart might not survive.

Brad De Luca is used to getting whatever and whomever he wants. The premier divorce attorney in town, he's a playboy who's bedded half the city-- including his own clients. And when the newest intern at his firm poses a challenge, his seductive prowess goes into overdrive. Pre-law student Julia Campbell is fresh off a failed engagement and happy with her new independence. The last thing she needs is a man who could destroy her job prospects, not to mention her innocence. But before she knows it, his deviant tastes plunge her deep into a forbidden world of sexual exploration ... and her heart may not survive the fall.","Blindfolded Innocence by Alessandra Torre. Still recovering from a failed engagement, law intern 21 year old Julie Campbell keeps warning off the premier divorce attorney at the firm and office playboy, 34 year old Brad De Luca, but as his charm begins to draw her to him, she enters a world of sexual exploration that her heart might not survive.

Brad De Luca is used to getting whatever and whomever he wants. The premier divorce attorney in town, he's a playboy who's bedded half the city-- including his own clients. And when the newest intern at his firm poses a challenge, his seductive prowess goes into overdrive. Pre-law student Julia Campbell is fresh off a failed engagement and happy with her new independence. The last thing she needs is a man who could destroy her job prospects, not to mention her innocence. But before she knows it, his deviant tastes plunge her deep into a forbidden world of sexual exploration ... and her heart may not survive the fall."
0373778295,My Favorite Mistake,Chelsea M. Cameron,,My Favorite Mistake by Chelsea M. Cameron
0373778376,Masked innocence,Alessandra Torre,"Julia Campbell, 21, never knows what to expect with 34 year old win-at-all-costs Brad De Luca. And she's starting to like it that way. She gave up safe, conventional relationships when she let the elite divorce attorney seduce her into his world. Now that he's determined to strip her naked of every inhibition, she's in danger of falling too deep and too fast. But their affair begins to feel even more dangerous when a murder leaves a trail of suspicion that points straight to the mob...and Brad. Trusting a man with a bad reputation and a past full of secrets seems like a mistake. But when she's forced to make a choice, the consequences will take her further than she could ever have imagined.","Masked innocence by Alessandra Torre. Julia Campbell, 21, never knows what to expect with 34 year old win-at-all-costs Brad De Luca. And she's starting to like it that way. She gave up safe, conventional relationships when she let the elite divorce attorney seduce her into his world. Now that he's determined to strip her naked of every inhibition, she's in danger of falling too deep and too fast. But their affair begins to feel even more dangerous when a murder leaves a trail of suspicion that points straight to the mob...and Brad. Trusting a man with a bad reputation and a past full of secrets seems like a mistake. But when she's forced to make a choice, the consequences will take her further than she could ever have imagined."
0425263908,Bared to you,Sylvia Day,,Bared to you by Sylvia Day
0425263916,Reflected In You,Sylvia Day,,Reflected In You by Sylvia Day
0425263924,Entwined with You,Sylvia Day,,Entwined with You by Sylvia Day
0425265951,Gabriels Rapture,Sylvain Reynard,,Gabriels Rapture by Sylvain Reynard
042526596X,Gabriel's inferno,Sylvain Reynard,"Professor Gabriel Emerson is a well respected Dante specialist by day, but by night he devotes himself to an uninhibited life of pleasure.  He uses his notorious good looks and sophisticated charm to gratify his every whim, but is secretly tortured by his dark past and consumed by the profound belief that he is beyond all hope of redemption.  When the sweet and innocent Julia Mitchell enrolls as his graduate student, his attraction and mysterious connection to her not only jeopardizes his career, but sends him on a journey in which his past and his present collide.","Gabriel's inferno by Sylvain Reynard. Professor Gabriel Emerson is a well respected Dante specialist by day, but by night he devotes himself to an uninhibited life of pleasure.  He uses his notorious good looks and sophisticated charm to gratify his every whim, but is secretly tortured by his dark past and consumed by the profound belief that he is beyond all hope of redemption.  When the sweet and innocent Julia Mitchell enrolls as his graduate student, his attraction and mysterious connection to her not only jeopardizes his career, but sends him on a journey in which his past and his present collide."
0425266516,Gabriel's redemption,Sylvain Reynard,"""Professor Gabriel Emerson has left his position at the University of Toronto to embark on a new life with his beloved Julianne. Together, he's confident that they can face any challenge. And he's eager to become a father. But Julianne's graduate program threatens Gabriel's plans, as the pressures of being a student become all consuming. When she is given the honor of presenting an academic lecture at Oxford, Gabriel is forced to confront Julianne about the subject of her presentation--research that conflicts with his own. And in Oxford, several individuals from their past appear, including an old nemesis intent on humiliating Julia and exposing one of Gabriel's darkest secrets. In an effort to confront his remaining demons, Gabriel begins a quest to discover more about his biological parents, beginning a chain of events that has startling repercussions for himself, Julianne, and his hope of having a family""--","Gabriel's redemption by Sylvain Reynard. ""Professor Gabriel Emerson has left his position at the University of Toronto to embark on a new life with his beloved Julianne. Together, he's confident that they can face any challenge. And he's eager to become a father. But Julianne's graduate program threatens Gabriel's plans, as the pressures of being a student become all consuming. When she is given the honor of presenting an academic lecture at Oxford, Gabriel is forced to confront Julianne about the subject of her presentation--research that conflicts with his own. And in Oxford, several individuals from their past appear, including an old nemesis intent on humiliating Julia and exposing one of Gabriel's darkest secrets. In an effort to confront his remaining demons, Gabriel begins a quest to discover more about his biological parents, beginning a chain of events that has startling repercussions for himself, Julianne, and his hope of having a family""--"
0425266745,Easy,Tammara Webber,,Easy by Tammara Webber
0425266869,Breakable,Tammara Webber,,Breakable by Tammara Webber
0425267040,Rush,Maya Banks,"Gabe is wealthy, powerful, and accustomed to getting anything he wants. Anything-- and anyone. For Gabe, it's one particular fantasy with a woman who was forbidden fruit. Now she's ripe for the picking... Mia was his best friend's little sister... but she's not so little any more. Mia knows Gabe is way out of her league, but she's an adult now, and there's no reason not to act on her most secret desires. But she doesn't know how exacting his demands can be...","Rush by Maya Banks. Gabe is wealthy, powerful, and accustomed to getting anything he wants. Anything-- and anyone. For Gabe, it's one particular fantasy with a woman who was forbidden fruit. Now she's ripe for the picking... Mia was his best friend's little sister... but she's not so little any more. Mia knows Gabe is way out of her league, but she's an adult now, and there's no reason not to act on her most secret desires. But she doesn't know how exacting his demands can be..."
0425267067,Fever,Maya Banks,,Fever by Maya Banks
0425267083,Burn,Maya Banks,"Ash, Jace, and Gabe: three of the wealthiest, most powerful men in the country. They are accustomed to getting anything they want. Anything at all. For Ash, it is the woman who changes everything he has ever known about dominance and desire.  When it comes to sex, Ash McIntyre has always explored his wilder side. Extreme and uncompromising, he demands control. And he prefers women who want it like that. Even the women he has shared with his best friend, Jace. But Jace is involved with a woman he has no intention of sharing. And now even Gabe has settled into a relationship with a woman who gives him everything he needs, leaving Ash feeling restless and unfulfilled. Then Ash meets Josie, who seems immune to his charms and his wealth. Intrigued, he begins a relentless pursuit, determined she won't be the one who got away. He never imagined the one woman to tell him no would be the only woman who had ever drive him to the edge of desire.","Burn by Maya Banks. Ash, Jace, and Gabe: three of the wealthiest, most powerful men in the country. They are accustomed to getting anything they want. Anything at all. For Ash, it is the woman who changes everything he has ever known about dominance and desire.  When it comes to sex, Ash McIntyre has always explored his wilder side. Extreme and uncompromising, he demands control. And he prefers women who want it like that. Even the women he has shared with his best friend, Jace. But Jace is involved with a woman he has no intention of sharing. And now even Gabe has settled into a relationship with a woman who gives him everything he needs, leaving Ash feeling restless and unfulfilled. Then Ash meets Josie, who seems immune to his charms and his wealth. Intrigued, he begins a relentless pursuit, determined she won't be the one who got away. He never imagined the one woman to tell him no would be the only woman who had ever drive him to the edge of desire."
0425267806,Wild Ones,M. Leighton,,Wild Ones by M. Leighton
0425267814,Some Like it Wild,M. Leighton,,Some Like it Wild by M. Leighton
0425267822,"There's wild, then there's you",M. Leighton,""" He's someone she can't trust; She's someone he thinks he knows; Violet Wilson is a wallflower. Shy, serious, and accident-prone, she's got a bad habit of being in the wrong place at the wrong time. The night she's forced to pose with her friend might just be the worst time of all-that's when she meets Jet Blevins. She knows better than to get involved with someone like him, but he touches her in ways she never expected, never wanted before. On the outside, Jet is a typical rocker, an arrogant lead guitarist who unapologetically lives a wild lifestyle. But on the inside, he's battling demons and using the stage to escape the troubles of his past and the addictions of his present. Until the night he sees Violet standing at the back of the room. She brings his life into focus. She knows his secrets. She's the girl he can't forget, and the one thing he craves more than his addiction. But can they ever hope to have a future when their very foundation is nothing but lies?""--","There's wild, then there's you by M. Leighton. "" He's someone she can't trust; She's someone he thinks he knows; Violet Wilson is a wallflower. Shy, serious, and accident-prone, she's got a bad habit of being in the wrong place at the wrong time. The night she's forced to pose with her friend might just be the worst time of all-that's when she meets Jet Blevins. She knows better than to get involved with someone like him, but he touches her in ways she never expected, never wanted before. On the outside, Jet is a typical rocker, an arrogant lead guitarist who unapologetically lives a wild lifestyle. But on the inside, he's battling demons and using the stage to escape the troubles of his past and the addictions of his present. Until the night he sees Violet standing at the back of the room. She brings his life into focus. She knows his secrets. She's the girl he can't forget, and the one thing he craves more than his addiction. But can they ever hope to have a future when their very foundation is nothing but lies?""--"
0425269841,Down to you,M. Leighton,,Down to you by M. Leighton
042526985X,Up to me,M. Leighton,,Up to me by M. Leighton
0425269868,Everything for us,M. Leighton,"""  When it comes to passion this hot, it's all or nothing.  Olivia Townsend's wealthy cousin Marissa had everything a girl could ask for-a great job, a privileged life, and all the friends she wanted. Or, at least, all the friends money could buy. But one case of mistaken identity has turned her privileged world upside down.  An abduction gone wrong lands her right in the lap of the sexiest, most dangerous man she's ever met. To Marissa, he's an enigma, but one to whom she's irresistibly, inexplicably drawn.  With him comes a new world of freedom and passion, of dark shadows and dangerous secrets, a world where nothing is what it seems-except for the blind passion that Marissa can't escape-or maybe even survive""--","Everything for us by M. Leighton. ""  When it comes to passion this hot, it's all or nothing.  Olivia Townsend's wealthy cousin Marissa had everything a girl could ask for-a great job, a privileged life, and all the friends she wanted. Or, at least, all the friends money could buy. But one case of mistaken identity has turned her privileged world upside down.  An abduction gone wrong lands her right in the lap of the sexiest, most dangerous man she's ever met. To Marissa, he's an enigma, but one to whom she's irresistibly, inexplicably drawn.  With him comes a new world of freedom and passion, of dark shadows and dangerous secrets, a world where nothing is what it seems-except for the blind passion that Marissa can't escape-or maybe even survive""--"
0425272346,Reaper's legacy,Joanna Wylde,"""Eight years ago, Sophie gave her heart-and her virginity-to Zach Barrett on a night that couldn't have been less romantic or more embarrassing. Zach's step-brother, a steely-muscled, tattooed biker named Ruger, caught them in the act, getting a peep show of Sophie he's never forgotten. She may have lost her dignity that fateful night, but Sophie also gained something precious-her son Noah. Unfortunately, Zach's a deadbeat dad, leaving Ruger to be Noah's only male role model. When he discovers Sophie and his nephew living in near poverty, Ruger takes matters into his own hands-with the help of the Reapers Motorcycle Club-to give them a better life. Living with outlaw bikers wasn't Sophie's plan for her son, but Ruger isn't giving her a choice. He'll be there for Noah, whether she wants him or not. But Sophie does want him, has always wanted him. Now she'll learn that taking a biker to bed can get a girl dirty in every way;""--","Reaper's legacy by Joanna Wylde. ""Eight years ago, Sophie gave her heart-and her virginity-to Zach Barrett on a night that couldn't have been less romantic or more embarrassing. Zach's step-brother, a steely-muscled, tattooed biker named Ruger, caught them in the act, getting a peep show of Sophie he's never forgotten. She may have lost her dignity that fateful night, but Sophie also gained something precious-her son Noah. Unfortunately, Zach's a deadbeat dad, leaving Ruger to be Noah's only male role model. When he discovers Sophie and his nephew living in near poverty, Ruger takes matters into his own hands-with the help of the Reapers Motorcycle Club-to give them a better life. Living with outlaw bikers wasn't Sophie's plan for her son, but Ruger isn't giving her a choice. He'll be there for Noah, whether she wants him or not. But Sophie does want him, has always wanted him. Now she'll learn that taking a biker to bed can get a girl dirty in every way;""--"
0425272354,Devil's game,Joanna Wylde,""" Liam ""Hunter"" Blake hates the Reapers MC. Born and raised a Devil's Jack, he knows his duty. He'll defend his club from their oldest enemies-the Reapers-using whatever weapons he can find. But why use force when the Reapers' president has a daughter who's alone and vulnerable? Hunter has wanted her from the minute he saw her, and now he has an excuse to take her. Em has lived her entire life in the shadow of the Reapers. Her overprotective father, Picnic, is the club's president. The last time she had a boyfriend, Picnic shot him. Now the men in her life are far more interested in keeping her daddy happy than showing her a good time. Then she meets a handsome stranger-a man who isn't afraid to treat her like a real woman. One who isn't afraid of her father. His name is Liam, and he's The One. Or so she thinks. ""--","Devil's game by Joanna Wylde. "" Liam ""Hunter"" Blake hates the Reapers MC. Born and raised a Devil's Jack, he knows his duty. He'll defend his club from their oldest enemies-the Reapers-using whatever weapons he can find. But why use force when the Reapers' president has a daughter who's alone and vulnerable? Hunter has wanted her from the minute he saw her, and now he has an excuse to take her. Em has lived her entire life in the shadow of the Reapers. Her overprotective father, Picnic, is the club's president. The last time she had a boyfriend, Picnic shot him. Now the men in her life are far more interested in keeping her daddy happy than showing her a good time. Then she meets a handsome stranger-a man who isn't afraid to treat her like a real woman. One who isn't afraid of her father. His name is Liam, and he's The One. Or so she thinks. ""--"
0425274462,True,Erin McCarthy,"""When Rory Macintosh's roommates find out that their studious and shy friend has never been with a guy, they decide that, as an act of kindness they'll help her lose her virginity by hiring confident, tattooed bad boy Tyler Mann to do the job...unbeknownst to Rory. Tyler has told Rory that he's not good enough for her. She's smart, doctor smart, while he's barely scraping by at his EMT program, hoping to pull his younger brothers out of the hell their druggy mother has left them in. But he can't seem to stay away from her, and even when Rory knows she should push him away, something about him makes it nearly impossible for her to resist--even though her heart is at stake... Torn between common sense and desire, the two find themselves caught up in a passionate relationship. But when Tyler's broken family threatens to destroy his future, and hers, Rory will need to decide whether to cut her ties to his risky world or follow her heart, no matter what the cost..""--","True by Erin McCarthy. ""When Rory Macintosh's roommates find out that their studious and shy friend has never been with a guy, they decide that, as an act of kindness they'll help her lose her virginity by hiring confident, tattooed bad boy Tyler Mann to do the job...unbeknownst to Rory. Tyler has told Rory that he's not good enough for her. She's smart, doctor smart, while he's barely scraping by at his EMT program, hoping to pull his younger brothers out of the hell their druggy mother has left them in. But he can't seem to stay away from her, and even when Rory knows she should push him away, something about him makes it nearly impossible for her to resist--even though her heart is at stake... Torn between common sense and desire, the two find themselves caught up in a passionate relationship. But when Tyler's broken family threatens to destroy his future, and hers, Rory will need to decide whether to cut her ties to his risky world or follow her heart, no matter what the cost..""--"
0451216954,Dark Lover,J. R. Ward,,Dark Lover by J. R. Ward
0451218043,Lover Eternal,J. R. Ward,,Lover Eternal by J. R. Ward
0451239350,Lover At Last,J. R. Ward,,Lover At Last by J. R. Ward
0451417054,The King,J. R. Ward,"""After turning his back on the throne for centuries, Wrath, son of Wrath, finally assumed his father's mantle--with the help of his beloved mate. But the crown sits heavily on his head. As the war with the Lessening Society rages on, and the threat from the Band of Bastards truly hits home, he is forced to make choices that put everything--and everyone--at risk. Beth Randall thought she knew what she was getting into when she mated with the last pure-blooded vampire on the planet: An easy ride was not it. But when she decides she wants a child, she's unprepared for Wrath's response--or the distance it creates between them. The question is, will true love win out...or will tortured legacy take over?""--","The King by J. R. Ward. ""After turning his back on the throne for centuries, Wrath, son of Wrath, finally assumed his father's mantle--with the help of his beloved mate. But the crown sits heavily on his head. As the war with the Lessening Society rages on, and the threat from the Band of Bastards truly hits home, he is forced to make choices that put everything--and everyone--at risk. Beth Randall thought she knew what she was getting into when she mated with the last pure-blooded vampire on the planet: An easy ride was not it. But when she decides she wants a child, she's unprepared for Wrath's response--or the distance it creates between them. The question is, will true love win out...or will tortured legacy take over?""--"
0451419707,On Dublin Street,Samantha Young,"Jocelyn left her tragic past behind in the States and started over in Scotland, burying her grief, ignoring her demons, and forging ahead without attachments. When she moves into a new apartment on Dublin Street, she meets a man who shakes her carefully guarded world to its core. Braden Carmichael is used to getting what he wants, and he's determined to get Jocelyn into his bed. Knowing how skittish she is about entering a relationship, Braden proposes an arrangement that will satisfy their intense attraction without any strings attached. Jocelyn soon realizes that Braden won't be satisfied with just mind-blowing passion. The stubborn Scotsman is intent on truly knowing her--  down to the very soul...","On Dublin Street by Samantha Young. Jocelyn left her tragic past behind in the States and started over in Scotland, burying her grief, ignoring her demons, and forging ahead without attachments. When she moves into a new apartment on Dublin Street, she meets a man who shakes her carefully guarded world to its core. Braden Carmichael is used to getting what he wants, and he's determined to get Jocelyn into his bed. Knowing how skittish she is about entering a relationship, Braden proposes an arrangement that will satisfy their intense attraction without any strings attached. Jocelyn soon realizes that Braden won't be satisfied with just mind-blowing passion. The stubborn Scotsman is intent on truly knowing her--  down to the very soul..."
0451419715,Down London Road,Samantha Young,"""Four years ago, Jocelyn left her tragic past behind in the States and started over in Scotland, burying her grief, ignoring her demons, and forging ahead without attachments. Her solitary life is working well--until she moves into a new apartment on Dublin Street, where she meets a man who shakes her carefully guarded world to its core. Braden Carmichael is used to getting what he wants, and he's determined to get Jocelyn into his bed. Knowing how skittish she is about entering a relationship, Braden proposes an arrangement that will satisfy their intense attraction without any strings attached. But after an intrigued Jocelyn accepts, she realizes that Braden won't be satisfied with just mind-blowing passion. The stubborn Scotsman is intent on truly knowing her...down to the very soul""--","Down London Road by Samantha Young. ""Four years ago, Jocelyn left her tragic past behind in the States and started over in Scotland, burying her grief, ignoring her demons, and forging ahead without attachments. Her solitary life is working well--until she moves into a new apartment on Dublin Street, where she meets a man who shakes her carefully guarded world to its core. Braden Carmichael is used to getting what he wants, and he's determined to get Jocelyn into his bed. Knowing how skittish she is about entering a relationship, Braden proposes an arrangement that will satisfy their intense attraction without any strings attached. But after an intrigued Jocelyn accepts, she realizes that Braden won't be satisfied with just mind-blowing passion. The stubborn Scotsman is intent on truly knowing her...down to the very soul""--"
0451466225,The Submissive,Tara Sue Me,,The Submissive by Tara Sue Me
0451466233,The dominant,Tara Sue Me,"""Nathaniel West doesn't lose control. As the playboy CEO of West Industries, he governs the boardroom during the day. As a strict dominant with exacting rules, he commands the bedroom at night. He never takes on inexperienced submissives, but when Abigail King's application comes across his desk, he breaks his own restrictions and decides to test her limits. Abby's combination of innocence and willingness is intoxicating, and Nathaniel is soon determined to collar her as his own. As long as she follows his orders and surrenders herself fully to him, no one will get hurt. But when Nathaniel begins falling for Abby on a deeper level, he realizes that the trust must go both ways -- and he has secrets which could bring the foundation of their entire relationship crashing down ...""--Page 4 of cover.","The dominant by Tara Sue Me. ""Nathaniel West doesn't lose control. As the playboy CEO of West Industries, he governs the boardroom during the day. As a strict dominant with exacting rules, he commands the bedroom at night. He never takes on inexperienced submissives, but when Abigail King's application comes across his desk, he breaks his own restrictions and decides to test her limits. Abby's combination of innocence and willingness is intoxicating, and Nathaniel is soon determined to collar her as his own. As long as she follows his orders and surrenders herself fully to him, no one will get hurt. But when Nathaniel begins falling for Abby on a deeper level, he realizes that the trust must go both ways -- and he has secrets which could bring the foundation of their entire relationship crashing down ...""--Page 4 of cover."
0451466659,The Valentine's arrangement,Kelsie Leverich,"""Tattoo artist Ronnie Clark is counting the days until Valentine's Day is over. Ronnie doesn't do romance. She doesn't do flowers or dates, and she sure as hell doesn't do love--not anymore. Love leads to heartbreak, and she's vowed never to let herself get hurt again. Sergeant First Class Kale Emerson is home on his midtour leave from Iraq, but he only has one thing on his mind--returning to his soldiers to finish leading their mission. He's dedicated to his men and to his country, and he's not interested in getting wrapped up in a distracting relationship...but casual sex, that's a different story. From the moment he sees Ronnie, he wants her. And he agrees to her terms: no romance, no fluff--just passion. But as their sexual chemistry ignites, the lines of their arrangement get blurry, and Ronnie starts to push Kale away. And when Kale realizes he's found his match in this gorgeous razor-tongued woman who is hell-bent against love, winning her heart could be the toughest battle he has ever fought""--","The Valentine's arrangement by Kelsie Leverich. ""Tattoo artist Ronnie Clark is counting the days until Valentine's Day is over. Ronnie doesn't do romance. She doesn't do flowers or dates, and she sure as hell doesn't do love--not anymore. Love leads to heartbreak, and she's vowed never to let herself get hurt again. Sergeant First Class Kale Emerson is home on his midtour leave from Iraq, but he only has one thing on his mind--returning to his soldiers to finish leading their mission. He's dedicated to his men and to his country, and he's not interested in getting wrapped up in a distracting relationship...but casual sex, that's a different story. From the moment he sees Ronnie, he wants her. And he agrees to her terms: no romance, no fluff--just passion. But as their sexual chemistry ignites, the lines of their arrangement get blurry, and Ronnie starts to push Kale away. And when Kale realizes he's found his match in this gorgeous razor-tongued woman who is hell-bent against love, winning her heart could be the toughest battle he has ever fought""--"
0451466667,Feel the Rush,Kelsie Leverich,,Feel the Rush by Kelsie Leverich
0451466683,Before Jamaica Lane,Samantha Young,,Before Jamaica Lane by Samantha Young
0451467965,Come to me quietly,A. L. Jackson,"""From the acclaimed bestselling author of Lost to You and When We Collide comes a New Adult novel of one woman's obsession: a man who's as passionate as he is elusive-and as tempting as he is trouble. Aleena Moore is haunted by Jared Holt. It's been six years since she's seen her brother's best friend, the self-destructive bad boy she secretly loved in high school. As the years pass, she knows it's time to move on. Time to decide between a practical nursing degree and her true dream as an artist. Time to get over Jared and give another guy a chance. Just when she opens her heart to her friend, Gabe, Aly returns home to find Jared sleeping on her couch. The teenage boy she loved has grown into a man she can't resist. Covered in tattoos and lost in rage, he's begging to be saved from his demons-the memories of the day he destroyed his family. As the two reconnect, their passion is hot enough to torch Aly's judgment. But can she risk her future for a man who lives on the edge of destruction? ""--","Come to me quietly by A. L. Jackson. ""From the acclaimed bestselling author of Lost to You and When We Collide comes a New Adult novel of one woman's obsession: a man who's as passionate as he is elusive-and as tempting as he is trouble. Aleena Moore is haunted by Jared Holt. It's been six years since she's seen her brother's best friend, the self-destructive bad boy she secretly loved in high school. As the years pass, she knows it's time to move on. Time to decide between a practical nursing degree and her true dream as an artist. Time to get over Jared and give another guy a chance. Just when she opens her heart to her friend, Gabe, Aly returns home to find Jared sleeping on her couch. The teenage boy she loved has grown into a man she can't resist. Covered in tattoos and lost in rage, he's begging to be saved from his demons-the memories of the day he destroyed his family. As the two reconnect, their passion is hot enough to torch Aly's judgment. But can she risk her future for a man who lives on the edge of destruction? ""--"
0451467973,Come to me softly,A. L. Jackson,"Jared Holt never thought he deserved a second chance. Aly has loved Jared for as long as she can remember, and she's more than ready for the future they're making together. But Jared will never forgive himself for what happened to his family. When he decides to face his demons head on, he encounters more than he bargained for: a dangerous mix of jealousy, lies, and dishonest intentions. When those intentions threaten Aly, Jared loses all control, giving into the rage that earned him his bad boy reputation years before.","Come to me softly by A. L. Jackson. Jared Holt never thought he deserved a second chance. Aly has loved Jared for as long as she can remember, and she's more than ready for the future they're making together. But Jared will never forgive himself for what happened to his family. When he decides to face his demons head on, he encounters more than he bargained for: a dangerous mix of jealousy, lies, and dishonest intentions. When those intentions threaten Aly, Jared loses all control, giving into the rage that earned him his bad boy reputation years before."
0451468279,Connected,Kim Karr,,Connected by Kim Karr
0451468287,Torn,Kim Karr,,Torn by Kim Karr
0451469402,Fall from India Place,Samantha Young,"""When Hannah Nichols last saw Marco D'Alesandro five long years ago, he broke her heart. The bad boy with a hidden sweet side was the only guy Hannah ever loved--and the only man she's ever been with. After one intense night of giving in to temptation, Marco took off, leaving Scotland and Hannah behind. Shattered by the consequences of their night together, Hannah has never truly moved on. Leaving Hannah was the biggest mistake of Marco's life--something he has deeply regretted for years. So when fate reunites them, he refuses to let her go without a fight. Determined to make her his, Marco pursues Hannah, reminding her of all the reasons they're meant to be together.... But just when Marco thinks they're committed to a future together, Hannah makes a discovery that unearths the secret pain she's been hiding from him--a secret that could tear them apart before they have a real chance to start over again...""--","Fall from India Place by Samantha Young. ""When Hannah Nichols last saw Marco D'Alesandro five long years ago, he broke her heart. The bad boy with a hidden sweet side was the only guy Hannah ever loved--and the only man she's ever been with. After one intense night of giving in to temptation, Marco took off, leaving Scotland and Hannah behind. Shattered by the consequences of their night together, Hannah has never truly moved on. Leaving Hannah was the biggest mistake of Marco's life--something he has deeply regretted for years. So when fate reunites them, he refuses to let her go without a fight. Determined to make her his, Marco pursues Hannah, reminding her of all the reasons they're meant to be together.... But just when Marco thinks they're committed to a future together, Hannah makes a discovery that unearths the secret pain she's been hiding from him--a secret that could tear them apart before they have a real chance to start over again...""--"
0451470672,Mended,Kim Karr,"""Music has the power to heal, but not all broken hearts can be mended. Always in control, Xander Wilde considered life on the road a perfect fit for him. But when disaster strikes on The Wilde Ones' latest tour, fate intervenes;and a newly single Ivy Taylor, the only girl he ever loved, steps back into his life. After moving past her painful breakup with Xander years ago, Ivy was poised to become the next big name in pop music;when suddenly, she withdrew from the limelight the day she announced her engagement to her controlling agent, Damon Wolf. Xander knows he should keep his distance. But once they're on the road, he can't resist pursuing her for a second chance. Yet a jealous Damon can't let her go-and he's keeping dangerous secrets that could destroy them all. When the three of them come together, everything falls apart. But if Xander and Ivy can hold tight to the bond that connects them, they just might have a chance at reclaiming the powerful love they thought they had lost forever; ""--","Mended by Kim Karr. ""Music has the power to heal, but not all broken hearts can be mended. Always in control, Xander Wilde considered life on the road a perfect fit for him. But when disaster strikes on The Wilde Ones' latest tour, fate intervenes;and a newly single Ivy Taylor, the only girl he ever loved, steps back into his life. After moving past her painful breakup with Xander years ago, Ivy was poised to become the next big name in pop music;when suddenly, she withdrew from the limelight the day she announced her engagement to her controlling agent, Damon Wolf. Xander knows he should keep his distance. But once they're on the road, he can't resist pursuing her for a second chance. Yet a jealous Damon can't let her go-and he's keeping dangerous secrets that could destroy them all. When the three of them come together, everything falls apart. But if Xander and Ivy can hold tight to the bond that connects them, they just might have a chance at reclaiming the powerful love they thought they had lost forever; ""--"
0473240610,,,,0473240610
0578122596,These Men,Andrea Smith,,These Men by Andrea Smith
0578124114,The Do Over,A. L. Zaun,,The Do Over by A. L. Zaun
0578125439,,,,0578125439
0578129965,Freeing,E. K. Blair,,Freeing by E. K. Blair
0578133512,Falling,E.K. Blair,,Falling by E.K. Blair
0578141809,Bang,E.K. Blair,,Bang by E.K. Blair
0615429505,Captive In The Dark,CJ Roberts,,Captive In The Dark by CJ Roberts
0615581927,Reason to Breathe: The Breathing Series (Volume 1),Rebecca Donovan,,Reason to Breathe: The Breathing Series (Volume 1) by Rebecca Donovan
0615608868,Consequences,Aleatha Romig,,Consequences by Aleatha Romig
0615680046,,,,0615680046
061568677X,,,,061568677X
0615694403,Collide,H.M. Ward,,Collide by H.M. Ward
0615741932,In Flight (Up In The Air) (Volume 1),R. K. Lilley,,In Flight (Up In The Air) (Volume 1) by R. K. Lilley
0615748996,,,,0615748996
0615752179,Mile High,R. K. Lilley,,Mile High by R. K. Lilley
0615757375,,,,0615757375
0615764037,Rock chick,alexa riley,"Eddie Chavez has the hots for Jet, but Jet has too many problems to realize that Eddie's interested. Eddie loses patience when Jet ends her night shift at a strip club with a knife at her throat. Since Eddie's a cop, he figures he can help. Jet's used to solving everyone's problems so she doesn't want Eddie's help. The problem is Jet's ne'er-do-well father has got himself in a heap of trouble, and in trying to get him out Jet buys herself even more.","Rock chick by alexa riley. Eddie Chavez has the hots for Jet, but Jet has too many problems to realize that Eddie's interested. Eddie loses patience when Jet ends her night shift at a strip club with a knife at her throat. Since Eddie's a cop, he figures he can help. Jet's used to solving everyone's problems so she doesn't want Eddie's help. The problem is Jet's ne'er-do-well father has got himself in a heap of trouble, and in trying to get him out Jet buys herself even more."
061576567X,Grounded,R. K. Lilley,,Grounded by R. K. Lilley
0615766412,Raid,alexa riley,,Raid by alexa riley
061577041X,Rock Chick (Volume 1),alexa riley,,Rock Chick (Volume 1) by alexa riley
0615771106,Torn,K. A. Robinson,"""Chloe hasn't had the best life. With a mother who is gone more often than not, she has had to raise herself. After graduating high school, she leaves to start a new life away at West Virginia University with her best friends Amber and Logan, determined to leave her demons in the past. On her first day, she meets a stranger who takes her breath away at first sight. Until she met Drake, no one had ever sparked her interest. Now this tattooed and pierced bad boy is all she can think about, no matter how hard she fights it. Falling for Drake was never part of her plans, but when it happens, things seem to do anything but fall into place. Dealing with a tragic past, Drake has never cared about anyone else but himself and his band. But when Chloe takes the empty seat next to him in class, things start to change. Instantly drawn to her, he begins to wonder if one girl can take a cold hearted womanizer and change every part of him? Long hidden feelings are revealed and friendships tested to the brink.""--Page 4 of cover.","Torn by K. A. Robinson. ""Chloe hasn't had the best life. With a mother who is gone more often than not, she has had to raise herself. After graduating high school, she leaves to start a new life away at West Virginia University with her best friends Amber and Logan, determined to leave her demons in the past. On her first day, she meets a stranger who takes her breath away at first sight. Until she met Drake, no one had ever sparked her interest. Now this tattooed and pierced bad boy is all she can think about, no matter how hard she fights it. Falling for Drake was never part of her plans, but when it happens, things seem to do anything but fall into place. Dealing with a tragic past, Drake has never cared about anyone else but himself and his band. But when Chloe takes the empty seat next to him in class, things start to change. Instantly drawn to her, he begins to wonder if one girl can take a cold hearted womanizer and change every part of him? Long hidden feelings are revealed and friendships tested to the brink.""--Page 4 of cover."
0615774237,Renegade,alexa riley,,Renegade by alexa riley
0615782140,Revenge,alexa riley,,Revenge by alexa riley
0615785824,,,,0615785824
0615788084,My Everything,Heidi McLaughlin,,My Everything by Heidi McLaughlin
0615789684,,,,0615789684
061579615X,Damaged,H.M. Ward,,Damaged by H.M. Ward
0615796982,,,,0615796982
0615803830,Knight,alexa riley,,Knight by alexa riley
0615803873,Creed,alexa riley,,Creed by alexa riley
0615810756,Surrender,Melody Anne,,Surrender by Melody Anne
0615822762,Bad Things,R. K. Lilley,,Bad Things by R. K. Lilley
0615822886,Lana,R. K. Lilley,,Lana by R. K. Lilley
0615822991,Submit (Surrender) (Volume 2),Melody Anne,,Submit (Surrender) (Volume 2) by Melody Anne
0615826814,Damaged 2,H. M. Ward,"Home isn't supposed to be dangerous, but for Sidney it is. Returning home means that she has to face her past. It's not just the man who hurt Sidney that makes it horrible, but the family that didn't believe her. They were dead to her, but now that her mom is really dying things seem different. It's a chance to set things right. What Sidney doesn't realize is that she's dragging Peter into a collision course with his past. Peter must deal with the demons haunting him if he wants to move forward with Sidney. He's willing to give up everything for her, even wade deeper into his past life to help her move forward. But, Peter isn't sure if he can get over what happened to him in New York.","Damaged 2 by H. M. Ward. Home isn't supposed to be dangerous, but for Sidney it is. Returning home means that she has to face her past. It's not just the man who hurt Sidney that makes it horrible, but the family that didn't believe her. They were dead to her, but now that her mom is really dying things seem different. It's a chance to set things right. What Sidney doesn't realize is that she's dragging Peter into a collision course with his past. Peter must deal with the demons haunting him if he wants to move forward with Sidney. He's willing to give up everything for her, even wade deeper into his past life to help her move forward. But, Peter isn't sure if he can get over what happened to him in New York."
0615827446,The arrangement,H. M. Ward,"""Sex isn't love, but it feels like it--that is until Sean bolts from the room. For a moment, everything seemed fine. Avery's life didn't feel so impossible. She got the guy and the money, but then everything shifts. The line between reality and fantasy gets hazy. It's impossible to know if her feelings are genuine or just an illusion. To make matters worse something from Sean's past surfaces. Devastated, Avery realizes that Sean isn't the guy that she thought he was. Avery's heart can't take another loss and this time, it looks like she's going to lose everything.""--Page 4 of cover.","The arrangement by H. M. Ward. ""Sex isn't love, but it feels like it--that is until Sean bolts from the room. For a moment, everything seemed fine. Avery's life didn't feel so impossible. She got the guy and the money, but then everything shifts. The line between reality and fantasy gets hazy. It's impossible to know if her feelings are genuine or just an illusion. To make matters worse something from Sean's past surfaces. Devastated, Avery realizes that Sean isn't the guy that she thought he was. Avery's heart can't take another loss and this time, it looks like she's going to lose everything.""--Page 4 of cover."
0615827500,The arrangement,H. M. Ward,"""Avery finds out too late that her heart isn't cut out to be a call girl. She's too attracted to Sean. Avery doesn't just want Sean's body, she wants his heart. When he sent her away, Avery was devastated. Trying to pick up the pieces is hard, especially since she can't get another job. Caught in an impossible position with her employer, everything hinges on making this next client happy, but things don't go as they should. To make matters worse, Sean shows up at the worst time. Avery dreams of a chance to start over, to erase Sean from her life forever and leave her old life behind. But, it's beginning to look more and more like just a dream.""--Page 4 of cover.","The arrangement by H. M. Ward. ""Avery finds out too late that her heart isn't cut out to be a call girl. She's too attracted to Sean. Avery doesn't just want Sean's body, she wants his heart. When he sent her away, Avery was devastated. Trying to pick up the pieces is hard, especially since she can't get another job. Caught in an impossible position with her employer, everything hinges on making this next client happy, but things don't go as they should. To make matters worse, Sean shows up at the worst time. Avery dreams of a chance to start over, to erase Sean from her life forever and leave her old life behind. But, it's beginning to look more and more like just a dream.""--Page 4 of cover."
0615827837,The arrangement,H. M. Ward,"""Avery's emotions are fried, but she doesn't have to think twice about her BFFs Marty and Mel. They mean everything to her. They're the family she doesn't have. In a crisis, they're the people to have by her side, and God knows this is a crisis. Friends like that are worth their weight in gold. If only things with Sean were so simple. Regret is something that is impossible to subdue. There are still things to be said, things to do. Life is too short to live in the past, but when Avery wakes up at the hospital she finds that her world has changed.""--Page 4 of cover.","The arrangement by H. M. Ward. ""Avery's emotions are fried, but she doesn't have to think twice about her BFFs Marty and Mel. They mean everything to her. They're the family she doesn't have. In a crisis, they're the people to have by her side, and God knows this is a crisis. Friends like that are worth their weight in gold. If only things with Sean were so simple. Regret is something that is impossible to subdue. There are still things to be said, things to do. Life is too short to live in the past, but when Avery wakes up at the hospital she finds that her world has changed.""--Page 4 of cover."
0615836968,Saving Us,Jennifer Foor,,Saving Us by Jennifer Foor
061583860X,,,,061583860X
0615840841,Rock Chick Revolution,alexa riley,,Rock Chick Revolution by alexa riley
0615845517,Seduced - Book Three - Surrender Series (Volume 3),Melody Anne,"Arianna Harlow has left Rafe Palazzo and started a new life. She is teaching at a community college and when she asks the class whether they have any questions, Rafe is there and has only one: Will she go on a date with him?","Seduced - Book Three - Surrender Series (Volume 3) by Melody Anne. Arianna Harlow has left Rafe Palazzo and started a new life. She is teaching at a community college and when she asks the class whether they have any questions, Rafe is there and has only one: Will she go on a date with him?"
0615849601,Stripped,H. M. Ward,"There are some relationships that destroy your faith in people. They make you jaded and hard, irrevocably changing you forever. I wish I could say that I hate her, I wish I could walk away and never look back, but I can't ... I have to save her. The woman who stole my heart and crushed it in her hand disappeared from my life 3 years ago. So when I see her at a bachelor party, half naked, rolling around on the floor with another stripper, I'm shocked. I have to know what cracked Cassie Hale's picture perfect world that landed her in this hellhole, and I hope that I'm not so bitter that I can't help her escape.","Stripped by H. M. Ward. There are some relationships that destroy your faith in people. They make you jaded and hard, irrevocably changing you forever. I wish I could say that I hate her, I wish I could walk away and never look back, but I can't ... I have to save her. The woman who stole my heart and crushed it in her hand disappeared from my life 3 years ago. So when I see her at a bachelor party, half naked, rolling around on the floor with another stripper, I'm shocked. I have to know what cracked Cassie Hale's picture perfect world that landed her in this hellhole, and I hope that I'm not so bitter that I can't help her escape."
0615857272,,,,0615857272
0615859763,The arrangement,H. M. Ward,"""When Avery finds out that the cowboy who requested her services for the night is Marty, things take an unexpected turn. If Avery declines her friend, she'll be in trouble with Miss Black, but if she accepts--this could mean a new, normal relationship and saying farewell to Sean forever.""--Page 4 of cover.","The arrangement by H. M. Ward. ""When Avery finds out that the cowboy who requested her services for the night is Marty, things take an unexpected turn. If Avery declines her friend, she'll be in trouble with Miss Black, but if she accepts--this could mean a new, normal relationship and saying farewell to Sean forever.""--Page 4 of cover."
0615860788,The arrangement,H. M. Ward,"""When Avery learns Sean's dark secret, everything changes. His confession blindsides her. Sean has a shady past, she knew that from the beginning, but this is so much worse than she thought. There's a dangerous side to Sean. It's alluring and frightening at the same time. Avery has to decide if love can overcome anything or if she should protect her heart.""--Page 4 of cover.","The arrangement by H. M. Ward. ""When Avery learns Sean's dark secret, everything changes. His confession blindsides her. Sean has a shady past, she knew that from the beginning, but this is so much worse than she thought. There's a dangerous side to Sean. It's alluring and frightening at the same time. Avery has to decide if love can overcome anything or if she should protect her heart.""--Page 4 of cover."
0615860826,The Arrangement 8,H. M. Ward,,The Arrangement 8 by H. M. Ward
0615861326,The arrangement,H. M. Ward,"""Just as Avery thnks she finds balance with her position as a call girl and her relationship with Sean, everything changes. The relationships that she has depended on are suddenly gone. After years of friendship, Avery is forced to face the cold har truth--there is no place for feeings in this kind of business.""--Page 4 of cover.","The arrangement by H. M. Ward. ""Just as Avery thnks she finds balance with her position as a call girl and her relationship with Sean, everything changes. The relationships that she has depended on are suddenly gone. After years of friendship, Avery is forced to face the cold har truth--there is no place for feeings in this kind of business.""--Page 4 of cover."
0615868401,Only for You,Genna Rulon,,Only for You by Genna Rulon
0615885438,,,,0615885438
0615887767,Found in you,Laurelin Paige,,Found in you by Laurelin Paige
061589285X,The arrangement,H. M. Ward,"""When Avery realizes that her latest client wasn't Sean she doesn't know what to do. This person has invaded her life on a personal level and to make matters worse she doesn't even know who he is. The only good thing that came from it has been seeing Sean again, but now that he's in front of her, she doesn't want to let him go. However, it's time for Avery to stop pretending and move on with her life, and she knows that Sean Ferro will not be part of it.""--Page 4 of cover.","The arrangement by H. M. Ward. ""When Avery realizes that her latest client wasn't Sean she doesn't know what to do. This person has invaded her life on a personal level and to make matters worse she doesn't even know who he is. The only good thing that came from it has been seeing Sean again, but now that he's in front of her, she doesn't want to let him go. However, it's time for Avery to stop pretending and move on with her life, and she knows that Sean Ferro will not be part of it.""--Page 4 of cover."
0615894666,Scorched - Book Four - The Surrender Series,Melody Anne,,Scorched - Book Four - The Surrender Series by Melody Anne
0615900305,Razer's Ride,Jamie Begley,,Razer's Ride by Jamie Begley
0615910521,The Arrangement 11,H.M. Ward,,The Arrangement 11 by H.M. Ward
0615911684,Ride,J. C. Emery,,Ride by J. C. Emery
0615913970,Ignite,Tessa Teevan,,Ignite by Tessa Teevan
0615928854,Pieces for You,Genna Rulon,,Pieces for You by Genna Rulon
0615974171,Thrash,JC Emery,,Thrash by JC Emery
0692208879,The Will,alexa riley,,The Will by alexa riley
0692221506,,,,0692221506
0751552615,Redemption Of Callie And Kayden The,Jessica Sorensen,,Redemption Of Callie And Kayden The by Jessica Sorensen
0778313530,Siren,Tiffany Reisz,,Siren by Tiffany Reisz
0778315703,Mistress,Tiffany Reisz,,Mistress by Tiffany Reisz
0778316173,Always On My Mind,Bella Andre,"After a tragic loss three years ago, Grayson Tyler left his life in New York City behind and started over in the rolling hills of the California coast. One day, Lori Sullivan barges into his life and promptly blows his emotionless and solitary world to shreds, driving him crazy as only a woman nicknamed ""Naughty"" can.","Always On My Mind by Bella Andre. After a tragic loss three years ago, Grayson Tyler left his life in New York City behind and started over in the rolling hills of the California coast. One day, Lori Sullivan barges into his life and promptly blows his emotionless and solitary world to shreds, driving him crazy as only a woman nicknamed ""Naughty"" can."
0804176663,Wanted,Julie Kenner,"He is everything I crave, all I desperately want and he is everything I cant have. Evan Black embodies my every fantasy. He is brilliant, fierce, and devastatingly handsome. But he is also headstrong, dangerous, and burdened with secrets.  My family warned me to stay away, that I could never handle Evans dark dealings or scarred past. Maybe I should have listened. Maybe I should have run. But our desire is undeniable, and some temptations you just cant fight and from the moment we touch, the passion between us consuming us both, I know that I will never be the same.","Wanted by Julie Kenner. He is everything I crave, all I desperately want and he is everything I cant have. Evan Black embodies my every fantasy. He is brilliant, fierce, and devastatingly handsome. But he is also headstrong, dangerous, and burdened with secrets.  My family warned me to stay away, that I could never handle Evans dark dealings or scarred past. Maybe I should have listened. Maybe I should have run. But our desire is undeniable, and some temptations you just cant fight and from the moment we touch, the passion between us consuming us both, I know that I will never be the same."
0804176787,One Week Girlfriend,Monica Murphy,"Fable feels like everything in her life is temporary--double shifts at work, raising her little brother, and relationships. She accepts an offer to play the girlfriend of college football legend, Drew Callahan, for a week in exchange for cash and suddenly nothing makes sense anymore. Could things be about to change in her life?","One Week Girlfriend by Monica Murphy. Fable feels like everything in her life is temporary--double shifts at work, raising her little brother, and relationships. She accepts an offer to play the girlfriend of college football legend, Drew Callahan, for a week in exchange for cash and suddenly nothing makes sense anymore. Could things be about to change in her life?"
0804176809,Three broken promises,Monica Murphy,,Three broken promises by Monica Murphy
0804176825,Four years later,Monica Murphy,"""About to start college and trying his best to make his sister proud, Owen Maguire is  stunned when his mother waltzes back into their lives four years after having abandoned  them, as if shes never left. Owen doesn't want to deal with the situation, but finds his  mother a burden he can't shake. Hes afraid all those old bad habits of his will come back  tenfold...until he meets a girl who's ready to show him how to love.  ""--","Four years later by Monica Murphy. ""About to start college and trying his best to make his sister proud, Owen Maguire is  stunned when his mother waltzes back into their lives four years after having abandoned  them, as if shes never left. Owen doesn't want to deal with the situation, but finds his  mother a burden he can't shake. Hes afraid all those old bad habits of his will come back  tenfold...until he meets a girl who's ready to show him how to love.  ""--"
0957496168,Dangerous to Know & Love,Jane Harvey-Berrick,,Dangerous to Know & Love by Jane Harvey-Berrick
0957680368,Sizzle,Lexi Buchanan,,Sizzle by Lexi Buchanan
0981943667,Comfort Food,Kitty Thomas,,Comfort Food by Kitty Thomas
0983157200,"HalfBlood
            
                Covenant",Jennifer L. Armentrout,,"HalfBlood
            
                Covenant by Jennifer L. Armentrout"
0983212546,Playing for Keeps,R. L. Mathewson,,Playing for Keeps by R. L. Mathewson
0983593167,,,,0983593167
0983706352,Masters of the Shadowlands,Cherise Sinclair,,Masters of the Shadowlands by Cherise Sinclair
0984887873,Strings,Kendall Grey,,Strings by Kendall Grey
098488789X,Beats,Kendall Grey,,Beats by Kendall Grey
0985008628,That Boy,Jillian Dodd,,That Boy by Jillian Dodd
0985008660,,,,0985008660
0985008687,Kiss Me,Jillian Dodd,,Kiss Me by Jillian Dodd
0985059133,Conviction,Nicole Edwards,,Conviction by Nicole Edwards
0985059141,Temptation,Nicole Edwards,,Temptation by Nicole Edwards
098505915X,Addicted,Nicole Edwards,,Addicted by Nicole Edwards
0985059168,Seduction,Nicole Edwards,,Seduction by Nicole Edwards
0985059176,Kaleb,Nicole Edwards,,Kaleb by Nicole Edwards
0985817003,If I Were You,Lisa Renée Jones,,If I Were You by Lisa Renée Jones
0985817089,,,,0985817089
0985817097,Infinite Possibilities (The Secret Life of Amy Bensen #2),Lisa Renee Jones,,Infinite Possibilities (The Secret Life of Amy Bensen #2) by Lisa Renee Jones
0985872586,,,,0985872586
0987526111,,,,0987526111
0987526154,Fighting Redemption,Kate McCarthy,,Fighting Redemption by Kate McCarthy
0988264269,,,,0988264269
0988273608,,,,0988273608
0988273632,A Song for Julia,Charles Sheehan-Miles,,A Song for Julia by Charles Sheehan-Miles
0988273683,Last hour,Charles Sheehan-Miles,"Twenty-seven year old Carrie Thompson-Sherman has the life she always wanted: her PhD, a prestigious fellowship, and an amazing husband. Her life begins to unravel as a jealous colleague puts her fellowship in jeopardy and a haunting secret Ray Sherman carried home from Afghanistan comes to light.","Last hour by Charles Sheehan-Miles. Twenty-seven year old Carrie Thompson-Sherman has the life she always wanted: her PhD, a prestigious fellowship, and an amazing husband. Her life begins to unravel as a jealous colleague puts her fellowship in jeopardy and a haunting secret Ray Sherman carried home from Afghanistan comes to light."
0988301318,Fallen Too Far,Abbi Glines,"She is only nineteen.

She is his new stepfather’s daughter. 

She is still naïve and innocent due to spending the last three years taking care of her sick mother. 

But for twenty-four year old Rush Finlay, she is the only thing that has ever been off limits. His famous father’s guilt money, his mother’s desperation to win his love, and his charm are the three reasons he has never been told no.

Blaire Wynn left her small farmhouse in Alabama, after her mother passed away, to move in with her father and his new wife in their sprawling beach house along the Florida gulf coast. She isn’t prepared for the lifestyle change and she knows she’ll never fit into this world. Then there is her sexy stepbrother who her father leaves her with for the summer while he runs off to Paris with his wife. Rush is as spoiled as he is gorgeous. He is also getting under her skin. She knows he is anything but good for her and that he’ll never be faithful to anyone. He is jaded and has secrets Blaire knows she may never uncover but even knowing all of that…

Blaire just may have fallen too far.","Fallen Too Far by Abbi Glines. She is only nineteen.

She is his new stepfather’s daughter. 

She is still naïve and innocent due to spending the last three years taking care of her sick mother. 

But for twenty-four year old Rush Finlay, she is the only thing that has ever been off limits. His famous father’s guilt money, his mother’s desperation to win his love, and his charm are the three reasons he has never been told no.

Blaire Wynn left her small farmhouse in Alabama, after her mother passed away, to move in with her father and his new wife in their sprawling beach house along the Florida gulf coast. She isn’t prepared for the lifestyle change and she knows she’ll never fit into this world. Then there is her sexy stepbrother who her father leaves her with for the summer while he runs off to Paris with his wife. Rush is as spoiled as he is gorgeous. He is also getting under her skin. She knows he is anything but good for her and that he’ll never be faithful to anyone. He is jaded and has secrets Blaire knows she may never uncover but even knowing all of that…

Blaire just may have fallen too far."
0988348268,Jane's melody,Ryan Winfield,"""A grieving mother must decide what boundaries she's willing to cross for true love when she takes in her dead daughter's young boyfriend, a struggling street musician, and finds herself falling for him.""--Page 4 of cover.","Jane's melody by Ryan Winfield. ""A grieving mother must decide what boundaries she's willing to cross for true love when she takes in her dead daughter's young boyfriend, a struggling street musician, and finds herself falling for him.""--Page 4 of cover."
0988489112,Truth;Consequences,Aleatha Romig,,Truth;Consequences by Aleatha Romig
0988489171,Convicted,Aleatha Romig,"There were still lessons to learn and consequences for the truth! Over time, the role of teacher changed, and domination turned to desire. Claire and Tony found their way back to one another, but just when they seemed to have it all the game master exposed the truth. Is her new prison-- a tropical island-- truly less lonely than the prison cell she had inhabited?   Can Tony forgive her for leaving him-- again? Sins of the past and truths are revealed as the game master deals from a stacked deck....","Convicted by Aleatha Romig. There were still lessons to learn and consequences for the truth! Over time, the role of teacher changed, and domination turned to desire. Claire and Tony found their way back to one another, but just when they seemed to have it all the game master exposed the truth. Is her new prison-- a tropical island-- truly less lonely than the prison cell she had inhabited?   Can Tony forgive her for leaving him-- again? Sins of the past and truths are revealed as the game master deals from a stacked deck...."
0988489198,Behind His Eyes - Consequences,Aleatha Romig,,Behind His Eyes - Consequences by Aleatha Romig
0988695103,Forever My Girl,Heidi McLaughlin,,Forever My Girl by Heidi McLaughlin
0988695111,,,,0988695111
098869512X,Love Me,Jillian Dodd,,Love Me by Jillian Dodd
098870742X,Wanted,Kelly Elliott,,Wanted by Kelly Elliott
0988707470,,,,0988707470
0988707489,Broken,Kelly Elliott,"""Layton Morris and his brother Mike grew up not knowing what it would be like to live in a normal home. With no running water or electricity in their home, no parents around to protect them, they quickly learned how to survive and depend only on each other. When a tragic accident takes Mike away from Layton, and the only other person that he ever let into his heart walked away from him, leaving his heart shattered, Layton focuses all of his time and energy into the ranch he and his brother dreamed of. He makes a vow to himself to never let love in again. The last thing Layton needed or wanted was more heartache. Whitley Reynolds grew up in a privileged home in upstate New York. When she landed the star football player in high school no one was surprised, not even Whitley. She dreamed of a life with Roger living in New York City and happily followed him there. The first time Roger hit her for arguing with him about a dinner party, she forgave him. The more it happened, the further Whitley withdrew from her friends and family. One fateful day things go to far. Whitley makes a promise to herself and finds the courage to do the one thing she thought she'd never be able to do. Fleeing with her best friend Courtney, Whitley was determined to put her past behind her and start a new life in the small town of Llano, Texas, where no one would ever find out about her past. Will they both ever learn to trust and love again, or will their pasts come back to haunt them, keeping them both alone and ... Broken""--Page 4 of cover.","Broken by Kelly Elliott. ""Layton Morris and his brother Mike grew up not knowing what it would be like to live in a normal home. With no running water or electricity in their home, no parents around to protect them, they quickly learned how to survive and depend only on each other. When a tragic accident takes Mike away from Layton, and the only other person that he ever let into his heart walked away from him, leaving his heart shattered, Layton focuses all of his time and energy into the ranch he and his brother dreamed of. He makes a vow to himself to never let love in again. The last thing Layton needed or wanted was more heartache. Whitley Reynolds grew up in a privileged home in upstate New York. When she landed the star football player in high school no one was surprised, not even Whitley. She dreamed of a life with Roger living in New York City and happily followed him there. The first time Roger hit her for arguing with him about a dinner party, she forgave him. The more it happened, the further Whitley withdrew from her friends and family. One fateful day things go to far. Whitley makes a promise to herself and finds the courage to do the one thing she thought she'd never be able to do. Fleeing with her best friend Courtney, Whitley was determined to put her past behind her and start a new life in the small town of Llano, Texas, where no one would ever find out about her past. Will they both ever learn to trust and love again, or will their pasts come back to haunt them, keeping them both alone and ... Broken""--Page 4 of cover."
0988715805,,,,0988715805
098871583X,Arouse,Nina Lane,"Struggling with a tormented past, undergraduate Olivia Winter once led a practical but isolated life. Then she met Professor Dean West, a brilliant scholar of medieval history who melted Liv's inhibitions and taught her the meaning of both love and pleasure. But after three years of a blissful, lusty marriage, Liv and Dean now face a crisis that threatens everything they believe about each other. And when dark secrets and temptations rise to the surface, the fallout might break them apart forever.","Arouse by Nina Lane. Struggling with a tormented past, undergraduate Olivia Winter once led a practical but isolated life. Then she met Professor Dean West, a brilliant scholar of medieval history who melted Liv's inhibitions and taught her the meaning of both love and pleasure. But after three years of a blissful, lusty marriage, Liv and Dean now face a crisis that threatens everything they believe about each other. And when dark secrets and temptations rise to the surface, the fallout might break them apart forever."
0988715880,Awaken,Nina Lane,,Awaken by Nina Lane
0988742942,"Tall, Tatted and Tempting",Tammy Falkner,,"Tall, Tatted and Tempting by Tammy Falkner"
0988771373,Him,,,Him by 
098877139X,,,,098877139X
0988812517,Vain,Fisher Amelie,,Vain by Fisher Amelie
0988812541,Greed,Fisher Amelie,,Greed by Fisher Amelie
0989041697,Hustle Me,Jennifer Foor,,Hustle Me by Jennifer Foor
0989104400,Falling Into You,Jasinda Wilder,,Falling Into You by Jasinda Wilder
0989104427,Falling into Us,Jasinda Wilder,,Falling into Us by Jasinda Wilder
0989104478,,,,0989104478
0989108155,Crash Into Me,K.M. Scott,,Crash Into Me by K.M. Scott
0989108171,Fall Into Me (Heart of Stone) (Volume 2),K.M. Scott,,Fall Into Me (Heart of Stone) (Volume 2) by K.M. Scott
0989108198,Give in to Me,K.M. Scott,,Give in to Me by K.M. Scott
0989117375,Double Full,Kindle Alexander,,Double Full by Kindle Alexander
0989138607,Sweet Thing,Renee Carlino,,Sweet Thing by Renee Carlino
0989138631,Sweet Little Thing,Renee Carlino,,Sweet Little Thing by Renee Carlino
0989210987,Adore me,Jillian Dodd,,Adore me by Jillian Dodd
0989246515,,,,0989246515
0989246531,,,,0989246531
0989247910,Undeclared,Jen Frederick,,Undeclared by Jen Frederick
0989247953,,,,0989247953
0989247988,,,,0989247988
0989269833,,,,0989269833
0989269868,,,,0989269868
0989281000,Neanderthal Seeks Human,Penny Reid,,Neanderthal Seeks Human by Penny Reid
0989283410,Worthy of Redemption,L.D. Davis,,Worthy of Redemption by L.D. Davis
0989339211,Addicted to You,Krista Ritchie,,Addicted to You by Krista Ritchie
0989339246,Addicted for Now (Addicted #2),Krista Ritchie,,Addicted for Now (Addicted #2) by Krista Ritchie
0989339270,Ricochet,Krista Ritchie,,Ricochet by Krista Ritchie
0989339289,,,,0989339289
0989353656,Falling Into Infinity (Infinity Series) (Volume 1),Layne Harper,,Falling Into Infinity (Infinity Series) (Volume 1) by Layne Harper
0989373819,,,,0989373819
0989373827,Finding My Forever,Heidi McLaughlin,,Finding My Forever by Heidi McLaughlin
0989373843,Finding my way,"McLaughlin, Heidi (Romance fiction writer)","Liam Westbury has the world at his feet. He's the quintessential golden boy. He's the superstar quarterback for Beaumont High. His girl, Josie, is head cheerleader. He has his choice of colleges just waiting for him. Except he's suffocating from all the pressure he's under and no one understands. Liam Page is the heartthrob he never wanted to be. He's successful, smart and in demand by record companies and his adoring fans. Music is his passion, his love, but something's missing. His nights are lonely and he longs for the girl he left behind. Seeing her in every face in the crowd haunts him with the knowledge that she hates him. Going home has never been an option until now. Be there when Liam Westbury becomes Liam Page and follow the highs and lows of the Quarterback turned rockstar as he finds a way back to Beaumont in this prequel to Forever My Girl.","Finding my way by McLaughlin, Heidi (Romance fiction writer). Liam Westbury has the world at his feet. He's the quintessential golden boy. He's the superstar quarterback for Beaumont High. His girl, Josie, is head cheerleader. He has his choice of colleges just waiting for him. Except he's suffocating from all the pressure he's under and no one understands. Liam Page is the heartthrob he never wanted to be. He's successful, smart and in demand by record companies and his adoring fans. Music is his passion, his love, but something's missing. His nights are lonely and he longs for the girl he left behind. Seeing her in every face in the crowd haunts him with the knowledge that she hates him. Going home has never been an option until now. Be there when Liam Westbury becomes Liam Page and follow the highs and lows of the Quarterback turned rockstar as he finds a way back to Beaumont in this prequel to Forever My Girl."
0989416402,,,,0989416402
0989416410,Off Sides,Sawyer Bennett,,Off Sides by Sawyer Bennett
0989416429,,,,0989416429
0989416496,Off Chance,Sawyer Bennett,,Off Chance by Sawyer Bennett
0989450201,Driven,K. Bromberg,,Driven by K. Bromberg
0989450236,Fueled,K. Bromberg,"""How is it the one thing neither of us wanted - neither of us anticipated that fateful night - has us fighting so hard to keep?  We are driven by need and fueled with desire, but is that enough for us to crash into love?"" -- Back cover.","Fueled by K. Bromberg. ""How is it the one thing neither of us wanted - neither of us anticipated that fateful night - has us fighting so hard to keep?  We are driven by need and fueled with desire, but is that enough for us to crash into love?"" -- Back cover."
0989450252,Crashed,K. Bromberg,"Every single moment prepares you for that one instance that defines your life.... The minute Rylee fell out of that damn storage closet, she made Colton whole when all he thought he could ever be was incomplete. But can they break down walls, learn to trust and heal from their pasts? Will the repercussions make them stronger... or break them apart?","Crashed by K. Bromberg. Every single moment prepares you for that one instance that defines your life.... The minute Rylee fell out of that damn storage closet, she made Colton whole when all he thought he could ever be was incomplete. But can they break down walls, learn to trust and heal from their pasts? Will the repercussions make them stronger... or break them apart?"
0989465004,Hearts in darkness,Laura Kaye,"Makenna James thinks her day can't get any worse, until she finds herself stuck in a pitch-black elevator with a complete stranger. Distracted by a phone call and juggling too much stuff, the pin-striped accountant caught only a glimpse of a dragon tattoo on his hand before the lights went out. Caden Grayson is amused when a redhead literally falls at his feet. His amusement turns to panic when the power fails. Despite his piercings, tats, and vicious scar, he's terrified of the dark and confined spaces. Now, he's trapped in his own worst nightmare. To fight fear, they must both reach out and open up. With no preconceived notions based on looks to hold them back, they discover just how much they have in common. In the warming darkness, attraction grows and sparks fly, but will they feel the same when the lights come back on?","Hearts in darkness by Laura Kaye. Makenna James thinks her day can't get any worse, until she finds herself stuck in a pitch-black elevator with a complete stranger. Distracted by a phone call and juggling too much stuff, the pin-striped accountant caught only a glimpse of a dragon tattoo on his hand before the lights went out. Caden Grayson is amused when a redhead literally falls at his feet. His amusement turns to panic when the power fails. Despite his piercings, tats, and vicious scar, he's terrified of the dark and confined spaces. Now, he's trapped in his own worst nightmare. To fight fear, they must both reach out and open up. With no preconceived notions based on looks to hold them back, they discover just how much they have in common. In the warming darkness, attraction grows and sparks fly, but will they feel the same when the lights come back on?"
0989492508,Eversea,Natasha Boyd,,Eversea by Natasha Boyd
0989492559,"Forever, Jack",Natasha Boyd,,"Forever, Jack by Natasha Boyd"
0989527417,Branded,Abi Ketner,"Fifty years ago the Commander came into power and murdered all who opposed him. In his warped mind, the seven deadly sins were the downfall of society. He created the Hole where sinners are branded according to their sins and might survive a few years. At best. Now LUST wraps around my neck like blue fingers strangling me. I've been accused of a crime I didn't commit and now the Hole is my new home. DARKNESS. DEATH. VIOLENCE. PAIN. Now every day is a fight for survival. But I won't die. I won't let them win. The Hole can't keep me. The Hole can't break me. I am more than my brand I'm a fighter. My name is Lexi Hamilton, and this is my story.","Branded by Abi Ketner. Fifty years ago the Commander came into power and murdered all who opposed him. In his warped mind, the seven deadly sins were the downfall of society. He created the Hole where sinners are branded according to their sins and might survive a few years. At best. Now LUST wraps around my neck like blue fingers strangling me. I've been accused of a crime I didn't commit and now the Hole is my new home. DARKNESS. DEATH. VIOLENCE. PAIN. Now every day is a fight for survival. But I won't die. I won't let them win. The Hole can't keep me. The Hole can't break me. I am more than my brand I'm a fighter. My name is Lexi Hamilton, and this is my story."
0989598403,The Law of Attraction,N.M. Silber,,The Law of Attraction by N.M. Silber
0989668401,Out of Line,Jen McLaughlin,,Out of Line by Jen McLaughlin
0989713482,Raising Ryann,Alyssa Rae Taylor,,Raising Ryann by Alyssa Rae Taylor
0989740617,A Beautiful Mess,T. K. Leigh,,A Beautiful Mess by T. K. Leigh
0989740633,,,,0989740633
0989768406,Hardwired,Meredith Wild,,Hardwired by Meredith Wild
0989769704,,,,0989769704
0989780716,,,,0989780716
0989825086,Night Moves,Andrea Smith,,Night Moves by Andrea Smith
0991105419,,,,0991105419
0991127390,Toxic,Rachel Van Dyken,,Toxic by Rachel Van Dyken
0991192818,Nocturnes,Kendall Grey,,Nocturnes by Kendall Grey
0991309618,Cherished,Kelly Elliott,,Cherished by Kelly Elliott
0991309634,Believe,Kelly Elliott,,Believe by Kelly Elliott
0991309650,Broken dreams,Kelly Elliott,"""Courtney Will always dreamed of finding her Prince Charming and living happily ever after, like in the fairy tales she read as a child. Her dreams were shattered one fateful night when her prince turned out to be her worst nightmare. Burying herself in her job as an editor, Courtney tried to forget her past, and she lost hope of ever finding true love. Reed Moore's past filled his world with guilt and anger, and then a mistake in college deepened these feelings. Fearing he will one day repeat his father's mistakes with the woman he loves, Reed has vowed to never give his heart to anyone. Reed and Courtney have each spent years building walls to guard their hearts; so when their feelings for one another explode into something unexpected, they argue and throw hurtful words at each other in hopes of avoiding the truth. Will Reed end up being the Prince Charming Courtney has dreamed of her entire life? Is Courtney the woman who will help Reed move past the guilt and anger, so he can embrace love? Can their broken dreams become their happily ever after?""--Page 4 of cover.","Broken dreams by Kelly Elliott. ""Courtney Will always dreamed of finding her Prince Charming and living happily ever after, like in the fairy tales she read as a child. Her dreams were shattered one fateful night when her prince turned out to be her worst nightmare. Burying herself in her job as an editor, Courtney tried to forget her past, and she lost hope of ever finding true love. Reed Moore's past filled his world with guilt and anger, and then a mistake in college deepened these feelings. Fearing he will one day repeat his father's mistakes with the woman he loves, Reed has vowed to never give his heart to anyone. Reed and Courtney have each spent years building walls to guard their hearts; so when their feelings for one another explode into something unexpected, they argue and throw hurtful words at each other in hopes of avoiding the truth. Will Reed end up being the Prince Charming Courtney has dreamed of her entire life? Is Courtney the woman who will help Reed move past the guilt and anger, so he can embrace love? Can their broken dreams become their happily ever after?""--Page 4 of cover."
0991309693,Unconditional Love,Kelly Elliott,,Unconditional Love by Kelly Elliott
0991379616,Forever with you,Laurelin Paige,"Alayna's relationship with Hudson is tested when he keeps secrets from her. When she finally learns the truth, the results are devastating.","Forever with you by Laurelin Paige. Alayna's relationship with Hudson is tested when he keeps secrets from her. When she finally learns the truth, the results are devastating."
0991379632,Fixed on you,Laurelin Paige,"Alayna Wither is trying to keep her obsessive love disorder in check, but when she meets Hudson Pierce, the new owner of the nightclub where she works, her plans to stay in control of her obsession are put to the test.","Fixed on you by Laurelin Paige. Alayna Wither is trying to keep her obsessive love disorder in check, but when she meets Hudson Pierce, the new owner of the nightclub where she works, her plans to stay in control of her obsession are put to the test."
0991379659,The fixed trilogy,Laurelin Paige,"The complete trilogy, now available in one cover! There's a new dominant in town-- and a stalker, and an obsessive love disorder... to name just a few.... Alayna plans to move up at the nightclub she works at, but she didn't figure on Hudson, the new owner of the nightclub. He's smart, rich, and gorgeous... wants her in his bed... and makes no secret of it. Can they ever build a foundation that's based on more than just amazing sex? Will their pasts ever stop pulling them into a web of unfounded mistrust? Will a future together always be out of reach?","The fixed trilogy by Laurelin Paige. The complete trilogy, now available in one cover! There's a new dominant in town-- and a stalker, and an obsessive love disorder... to name just a few.... Alayna plans to move up at the nightclub she works at, but she didn't figure on Hudson, the new owner of the nightclub. He's smart, rich, and gorgeous... wants her in his bed... and makes no secret of it. Can they ever build a foundation that's based on more than just amazing sex? Will their pasts ever stop pulling them into a web of unfounded mistrust? Will a future together always be out of reach?"
0991401115,Behind His Eyes - Truth,Aleatha Romig,,Behind His Eyes - Truth by Aleatha Romig
0991426711,Unraveled,Jen Frederick,"Twenty-five-year-old Sgt. Gray Phillips is at a crossroads in his life: stay in the Marine Corps or get out and learn to be a civilian? He's got forty-five days of leave to make up his mind but the people in his life aren't making the decision any easier. His dad wants him to get out; his grandfather wants him to stay in. And his growing feelings for Sam Anderson are wreaking havoc with his heart ... and his mind. He believes relationships get ruined when a Marine goes on deployment. So now he's got an even harder decision to make: take a chance on Sam or leave love behind and give his all to the Marines. Twenty-two year old Samantha Anderson lost her husband to an IED in Afghanistan just two months after their vows. Two years later, Sam is full of regrets-that she didn't move with her husband to Alaska; that she allowed her friends to drift away; that she hasn't taken many chances in life. Now, she's met Gray and taking a risk on this Marine could be her one opportunity to feel alive and in love again. But how can she risk her heart on another military man who could share the same tragic fate as her husband?","Unraveled by Jen Frederick. Twenty-five-year-old Sgt. Gray Phillips is at a crossroads in his life: stay in the Marine Corps or get out and learn to be a civilian? He's got forty-five days of leave to make up his mind but the people in his life aren't making the decision any easier. His dad wants him to get out; his grandfather wants him to stay in. And his growing feelings for Sam Anderson are wreaking havoc with his heart ... and his mind. He believes relationships get ruined when a Marine goes on deployment. So now he's got an even harder decision to make: take a chance on Sam or leave love behind and give his all to the Marines. Twenty-two year old Samantha Anderson lost her husband to an IED in Afghanistan just two months after their vows. Two years later, Sam is full of regrets-that she didn't move with her husband to Alaska; that she allowed her friends to drift away; that she hasn't taken many chances in life. Now, she's met Gray and taking a risk on this Marine could be her one opportunity to feel alive and in love again. But how can she risk her heart on another military man who could share the same tragic fate as her husband?"
0991426738,,,,0991426738
0991587200,,,,0991587200
0991686004,Ten Tiny Breaths,K. A. Tucker,,Ten Tiny Breaths by K. A. Tucker
099173274X,Torn from You,Nashoda Rose,,Torn from You by Nashoda Rose
0991732766,With You,Nashoda Rose,,With You by Nashoda Rose
0991841131,,,,0991841131
0991841174,,,,0991841174
0992106818,Rumor has it,Elisabeth Grace,"All publicity is good publicity, right? Unless you're recent college grad Ellie Wagner and an embarrassing video of you and your boyfriend goes viral. Every man in your life abandons you, but who knew a one-minute clip of your latest doomed relationship would brand you a slut, prevent you from getting your perfect job, and force you to keep doing the one thing you swore you'd never do again ... live with your mother. But staying with mom and her latest boy-toy (is this husband number four or five?) until your life turns around might not be all bad. Especially when you fall-literally-at the feet of a sexy, green-eyed stranger who offers you freedom and a life of luxury on a gold-rimmed platter. There's only one little problem-the man of your dreams is none other than Mason Nash, the latest hip-hop star busting up the music charts. Fame and fortune are his calling cards and he's vying to steal the show on a new reality TV series that will catapult him into mainstream stardom. Hello spotlight. The man behind the famous persona is perfect for Ellie in every way, but can she overcome the ugly pitfalls that come with Mason's celebrity status? Or will she be forced to choose between the man she loves and the independent life she longs for? After all, fame and fortune aren't always what they seem and not all publicity is good publicity.--Back cover.","Rumor has it by Elisabeth Grace. All publicity is good publicity, right? Unless you're recent college grad Ellie Wagner and an embarrassing video of you and your boyfriend goes viral. Every man in your life abandons you, but who knew a one-minute clip of your latest doomed relationship would brand you a slut, prevent you from getting your perfect job, and force you to keep doing the one thing you swore you'd never do again ... live with your mother. But staying with mom and her latest boy-toy (is this husband number four or five?) until your life turns around might not be all bad. Especially when you fall-literally-at the feet of a sexy, green-eyed stranger who offers you freedom and a life of luxury on a gold-rimmed platter. There's only one little problem-the man of your dreams is none other than Mason Nash, the latest hip-hop star busting up the music charts. Fame and fortune are his calling cards and he's vying to steal the show on a new reality TV series that will catapult him into mainstream stardom. Hello spotlight. The man behind the famous persona is perfect for Ellie in every way, but can she overcome the ugly pitfalls that come with Mason's celebrity status? Or will she be forced to choose between the man she loves and the independent life she longs for? After all, fame and fortune aren't always what they seem and not all publicity is good publicity.--Back cover."
0992142202,Break In Two,M J Summers,,Break In Two by M J Summers
0992466512,,,,0992466512
0993702325,Overwhelmed by You,Nashoda Rose,,Overwhelmed by You by Nashoda Rose
0996053018,,,,0996053018
1250050367,Rules of entanglement,Gina L. Maxwell,"""District Attorney Vanessa MacGregor firmly believes that structure and order are the stuff that dreams are made of. Happiness can be planned-and it starts with the seven rules she's laid out for her future. But as she's organizing her best friend's wedding in Hawaii, all of Vanessa's best-laid plans are about to meet their match in a wickedly hot MMA fighter. Jackson ""Jax"" Maris is focused on surfing, training, and fighting. That is, until he opens up his big mouth and finds himself having to pretend he's engaged to his little sister's best friend, Vanessa. When they're forced to share a romantic bungalow, however, their little charade suddenly takes a turn for the seriously sexy. And while Jax is definitely not part of Vanessa's long-term plan, he has seven days-and seven naughty nights-to turn her seven-rule plan upside down""--Page 4 of cover.","Rules of entanglement by Gina L. Maxwell. ""District Attorney Vanessa MacGregor firmly believes that structure and order are the stuff that dreams are made of. Happiness can be planned-and it starts with the seven rules she's laid out for her future. But as she's organizing her best friend's wedding in Hawaii, all of Vanessa's best-laid plans are about to meet their match in a wickedly hot MMA fighter. Jackson ""Jax"" Maris is focused on surfing, training, and fighting. That is, until he opens up his big mouth and finds himself having to pretend he's engaged to his little sister's best friend, Vanessa. When they're forced to share a romantic bungalow, however, their little charade suddenly takes a turn for the seriously sexy. And while Jax is definitely not part of Vanessa's long-term plan, he has seven days-and seven naughty nights-to turn her seven-rule plan upside down""--Page 4 of cover."
125005236X,Lick,Kylie Scott,"""Waking up in Vegas was never meant to be like this. Evelyn Thomas's plans for celebrating her twenty-first birthday in Las Vegas were big. Huge. But she sure never meant to wake up on the bathroom floor with a hangover to rival the black plague, a very attractive half-naked tattooed man in her room, and a diamond on her finger large enough to scare King Kong. Now if she could just remember how it all happened. One thing is certain, being married to one of the hottest rock stars on the planet is sure to be a wild ride""-- 

 Stage Dive - Kylie Scott 
1) Lick (David Ferris & Evelyn Thomas) 
2) Play (Mal Erickson & Anne Rollins) 
3) Lead (Jimmy Ferris & Lena Morrissey) 
4) Deep (Ben Nicholson & Lizzy Rollins)","Lick by Kylie Scott. ""Waking up in Vegas was never meant to be like this. Evelyn Thomas's plans for celebrating her twenty-first birthday in Las Vegas were big. Huge. But she sure never meant to wake up on the bathroom floor with a hangover to rival the black plague, a very attractive half-naked tattooed man in her room, and a diamond on her finger large enough to scare King Kong. Now if she could just remember how it all happened. One thing is certain, being married to one of the hottest rock stars on the planet is sure to be a wild ride""-- 

 Stage Dive - Kylie Scott 
1) Lick (David Ferris & Evelyn Thomas) 
2) Play (Mal Erickson & Anne Rollins) 
3) Lead (Jimmy Ferris & Lena Morrissey) 
4) Deep (Ben Nicholson & Lizzy Rollins)"
1250058236,Night owl,M. Pierce,"Matt Sky has the perfect life. He has a beautiful girlfriend, a massive inheritance, and four national bestsellers all penned under his airtight alias, M. Pierce. Hannah Catalano is a train wreck. Her boyfriend is a deadbeat and her job is abysmal. When Matt and Hannah meet online, they forge a strong connection as writing partners, but Matt has rules: no last names, no pictures, no specifics. Their relationship is safe, anonymous, and innocent, until Hannah breaks the rules and Matt accidentally sees a picture of her that sparks an attraction he is powerless to ignore. When circumstances bring Matt and Hannah together, the strangers begin a wild, uncontrollable romance.","Night owl by M. Pierce. Matt Sky has the perfect life. He has a beautiful girlfriend, a massive inheritance, and four national bestsellers all penned under his airtight alias, M. Pierce. Hannah Catalano is a train wreck. Her boyfriend is a deadbeat and her job is abysmal. When Matt and Hannah meet online, they forge a strong connection as writing partners, but Matt has rules: no last names, no pictures, no specifics. Their relationship is safe, anonymous, and innocent, until Hannah breaks the rules and Matt accidentally sees a picture of her that sparks an attraction he is powerless to ignore. When circumstances bring Matt and Hannah together, the strangers begin a wild, uncontrollable romance."
140220521X,How to kill a rock star,Tiffanie DeBartolo,,How to kill a rock star by Tiffanie DeBartolo
1402244428,Backstage Pass,Olivia Cunning,,Backstage Pass by Olivia Cunning
1402245777,Rock hard,Olivia Cunning,,Rock hard by Olivia Cunning
1402245831,Hot Ticket,Olivia Cunning,,Hot Ticket by Olivia Cunning
1402245866,Wicked beat,Olivia Cunning,"When Rebekah Blake becomes the Sinners' new soundboard operator, she has no idea that red-hot drummer Eric Sticks is the only man who can give her everything her dirty mind desires... but will indulging their hottest fantasies do anything to soothe their emotional issues?","Wicked beat by Olivia Cunning. When Rebekah Blake becomes the Sinners' new soundboard operator, she has no idea that red-hot drummer Eric Sticks is the only man who can give her everything her dirty mind desires... but will indulging their hottest fantasies do anything to soothe their emotional issues?"
1402271514,Double Time,Olivia Cunning,,Double Time by Olivia Cunning
1402284853,Against the ropes,Sarah Castille,"Makayla never thought she'd set foot in an elite mixed martial arts club. But if anyone needs a medic on hand, it's these guys. Then again, at her first sight of the club's owner, she's the one feeling breathless. The man they call Torment is all sleek muscle and restrained power. Whether it's in the ring or in the bedroom, he knows exactly when a soft touch is required and when to launch a full-on assault. He always knows just how far he can push. And he's about to tempt Makayla in ways she never imagined ...","Against the ropes by Sarah Castille. Makayla never thought she'd set foot in an elite mixed martial arts club. But if anyone needs a medic on hand, it's these guys. Then again, at her first sight of the club's owner, she's the one feeling breathless. The man they call Torment is all sleek muscle and restrained power. Whether it's in the ring or in the bedroom, he knows exactly when a soft touch is required and when to launch a full-on assault. He always knows just how far he can push. And he's about to tempt Makayla in ways she never imagined ..."
1419953249,The Sweet Gum Tree,Katherine Allred,,The Sweet Gum Tree by Katherine Allred
1419953656,Undressed,Avery Aster,,Undressed by Avery Aster
1419970291,Reaper's Property,Joanna Wylde,,Reaper's Property by Joanna Wylde
144235948X,Beautiful Disaster,Jamie McGuire,,Beautiful Disaster by Jamie McGuire
1442485256,The Vincent Boys,Abbi Glines,"Tired of trying to live up to the expectations of her popular boyfriend, Sawyer, Ashton finds herself attracted to Sawyer's cousin, Beau, who, despite not wanting to hurt his cousin, finds Ashton irresistable.

Beau loves his cousin like a brother, so the last thing he wants to do is make a move on Sawyer's girl, even though he has been in love with her forever. The plot contains profanity and sexual situations.","The Vincent Boys by Abbi Glines. Tired of trying to live up to the expectations of her popular boyfriend, Sawyer, Ashton finds herself attracted to Sawyer's cousin, Beau, who, despite not wanting to hurt his cousin, finds Ashton irresistable.

Beau loves his cousin like a brother, so the last thing he wants to do is make a move on Sawyer's girl, even though he has been in love with her forever. The plot contains profanity and sexual situations."
1442485280,The Vincent Brothers,Abbi Glines,"After her cousin Ashton breaks up with her popular boyfriend, Sawyer Vincent, Lana tries to win over his heart, but Sawyer may only be interested in her to make Ashton jealous.","The Vincent Brothers by Abbi Glines. After her cousin Ashton breaks up with her popular boyfriend, Sawyer Vincent, Lana tries to win over his heart, but Sawyer may only be interested in her to make Ashton jealous."
1442488603,Just For Now,Abbi Glines,"Devastated by a failed attempt to win the affections of bad-boy crush Preston, Amanda is astonished by Preston's subsequent attentions and finds the relationship challenged by her disapproving older brother and Preston's wary friends.","Just For Now by Abbi Glines. Devastated by a failed attempt to win the affections of bad-boy crush Preston, Amanda is astonished by Preston's subsequent attentions and finds the relationship challenged by her disapproving older brother and Preston's wary friends."
1442488638,Because of Low,Abbi Glines,"When Marcus has no choice but to move into his friend's apartment, he falls for the girl his roommate hopes to marry one day.","Because of Low by Abbi Glines. When Marcus has no choice but to move into his friend's apartment, he falls for the girl his roommate hopes to marry one day."
1442488662,While it Lasts,Abbi Glines,"Maybe driving home after a few (or more) shots of tequila had been a bad idea, but hell, he did it all the time. The cops had to have been freaking bored to have pulled him over. He wasn't even swerving! That's Cage York's story and he's sticking to it. Unfortunately, his baseball coach isn't buying it. Cage has a free ride to the local junior college for baseball -- or he did, until he'd gotten a DUI. Now, Cage has to decide: does he drop out and give up his dream of getting noticed by a college in the SEC, and possibly making it into the Major Leagues -- or does he give in to his coach's demands and spend his summer baling hay? Eva Brooks planned out her life step by step when she was eight years old. Not once over the years had she lost sight of her goals. Josh Beasley, her next door neighbor, had been the center of those goals. He'd been her first boyfriend at seven, her first kiss at ten, her first date at fifteen, and her first tragedy at eighteen. The moment she'd received the phone call from Josh's mother saying he'd been killed along with four other soldiers just north of Baghdad, Eva's carefully planned life imploded in the worst way possible. Cage isn't real happy with his closet-sized bedroom in the back of a foul smelling barn, or his daily interactions with cows, but he knows that if he doesn't make his coach happy then he can kiss his scholarship goodbye. Only a sick and twisted man would decide his punishment was to be working on a farm all summer. No hot babes in bikinis waiting to meet a Southern boy to make her vacation complete. Just him and the damned cows. Oh -- and an uptight, snarky brunette with the biggest blue eyes he's every seen. But she doesn't count, because as hard as he's tried to charm her out of her panties - he's pretty sure she'd rather see him hung from the rafters than let him get a taste of her pretty little lips.","While it Lasts by Abbi Glines. Maybe driving home after a few (or more) shots of tequila had been a bad idea, but hell, he did it all the time. The cops had to have been freaking bored to have pulled him over. He wasn't even swerving! That's Cage York's story and he's sticking to it. Unfortunately, his baseball coach isn't buying it. Cage has a free ride to the local junior college for baseball -- or he did, until he'd gotten a DUI. Now, Cage has to decide: does he drop out and give up his dream of getting noticed by a college in the SEC, and possibly making it into the Major Leagues -- or does he give in to his coach's demands and spend his summer baling hay? Eva Brooks planned out her life step by step when she was eight years old. Not once over the years had she lost sight of her goals. Josh Beasley, her next door neighbor, had been the center of those goals. He'd been her first boyfriend at seven, her first kiss at ten, her first date at fifteen, and her first tragedy at eighteen. The moment she'd received the phone call from Josh's mother saying he'd been killed along with four other soldiers just north of Baghdad, Eva's carefully planned life imploded in the worst way possible. Cage isn't real happy with his closet-sized bedroom in the back of a foul smelling barn, or his daily interactions with cows, but he knows that if he doesn't make his coach happy then he can kiss his scholarship goodbye. Only a sick and twisted man would decide his punishment was to be working on a farm all summer. No hot babes in bikinis waiting to meet a Southern boy to make her vacation complete. Just him and the damned cows. Oh -- and an uptight, snarky brunette with the biggest blue eyes he's every seen. But she doesn't count, because as hard as he's tried to charm her out of her panties - he's pretty sure she'd rather see him hung from the rafters than let him get a taste of her pretty little lips."
1442488697,Breathe,Abbi Glines,"""It was only supposed to be a summer job, not a summer fling. Just a quick way for seventeen-year-old Sadie to earn some money to support her very helpless--and very pregnant--single mother. But even with the help of her cute and friendly coworker, Marcus, Sadie learns firsthand that working as a domestic servant is tough, especially when the house is owned by none other than Jax Stone, one of the hottest teen rock stars in the world.""--Page 4 of cover.","Breathe by Abbi Glines. ""It was only supposed to be a summer job, not a summer fling. Just a quick way for seventeen-year-old Sadie to earn some money to support her very helpless--and very pregnant--single mother. But even with the help of her cute and friendly coworker, Marcus, Sadie learns firsthand that working as a domestic servant is tough, especially when the house is owned by none other than Jax Stone, one of the hottest teen rock stars in the world.""--Page 4 of cover."
1451533969,Love Unscripted,Tina Reber,,Love Unscripted by Tina Reber
1452645493,,,,1452645493
1452662673,,,,1452662673
1452663874,,,,1452663874
1452664935,,,,1452664935
1453720693,Rock Chick Redemption,alexa riley,,Rock Chick Redemption by alexa riley
1455548987,The edge of never,J. A. Redmerski,,The edge of never by J. A. Redmerski
1455549002,The edge of always,J. A. Redmerski,"Camryn Bennett has never been happier. Five months after meeting on a Greyhound bus, she and her soul mate Andrew Parrish are engaged and a wedding isnt the only special event in their future. Nervous but excited, Camryn can't wait to begin the rest of her life with Andrew, a man she knows in her heart will love her always. They have so much to look forward to, until tragedy blindsides them. Andrew doesn't understand how this could happen to them. He's trying to move on, and thought Camryn was doing the same. But when Andrew discovers Camryn is secretly harboring a mountain of pain and attempting to numb it in damaging ways, there is nothing he won't do to bring her back to life. Determined to prove that their love can survive anything, Andrew decides to take Camryn on a new journey filled with hope and passion. If only he can convince her to come along for the ride.","The edge of always by J. A. Redmerski. Camryn Bennett has never been happier. Five months after meeting on a Greyhound bus, she and her soul mate Andrew Parrish are engaged and a wedding isnt the only special event in their future. Nervous but excited, Camryn can't wait to begin the rest of her life with Andrew, a man she knows in her heart will love her always. They have so much to look forward to, until tragedy blindsides them. Andrew doesn't understand how this could happen to them. He's trying to move on, and thought Camryn was doing the same. But when Andrew discovers Camryn is secretly harboring a mountain of pain and attempting to numb it in damaging ways, there is nothing he won't do to bring her back to life. Determined to prove that their love can survive anything, Andrew decides to take Camryn on a new journey filled with hope and passion. If only he can convince her to come along for the ride."
1455550833,If you leave,"Cole, Courtney (Novelist)","""Ex-Army Ranger Gabriel Vincent is a hero. Or he used to be. Home from Afghanistan, Gabe can't stop thinking about that one horrible night on the battlefield, a night that changed his life forever. He know's he's messed up, but with the help of a little beer and a lot more women, he's keeping it together. Until he meets Madison Hill. Madison is happily single--or so she thinks. After the tragic death of her parents, she took on the responsibility of running the family restaurant, and that's just about all she has time to worry about. Until she meets Gabriel Vincent""--Page [4] of cover.","If you leave by Cole, Courtney (Novelist). ""Ex-Army Ranger Gabriel Vincent is a hero. Or he used to be. Home from Afghanistan, Gabe can't stop thinking about that one horrible night on the battlefield, a night that changed his life forever. He know's he's messed up, but with the help of a little beer and a lot more women, he's keeping it together. Until he meets Madison Hill. Madison is happily single--or so she thinks. After the tragic death of her parents, she took on the responsibility of running the family restaurant, and that's just about all she has time to worry about. Until she meets Gabriel Vincent""--Page [4] of cover."
1455557714,Before We Fall,Courtney Cole,,Before We Fall by Courtney Cole
1455574449,Forgotten Sins,Rebecca Zanetti,,Forgotten Sins by Rebecca Zanetti
1455574856,The secret of Ella and Micha,Jessica Sorensen,"Ella and Micha have been best friends since they were kids. But one tragic night shatters their friendship and their lives forever. Ella fears everything she worked so hard to bury since then might resurface, especially with Micha living right next door. Micha is sexy, smart, confident, and can get under Ella's skin like no one else can. He knows everything about her, including her darkest secrets. And he is determined to bring his best friend, and the girl he loves back, no matter what it takes.","The secret of Ella and Micha by Jessica Sorensen. Ella and Micha have been best friends since they were kids. But one tragic night shatters their friendship and their lives forever. Ella fears everything she worked so hard to bury since then might resurface, especially with Micha living right next door. Micha is sexy, smart, confident, and can get under Ella's skin like no one else can. He knows everything about her, including her darkest secrets. And he is determined to bring his best friend, and the girl he loves back, no matter what it takes."
1455574880,The Forever of Ella and Micha,Jessica Sorensen,"""From the New York Times bestselling author of The Secret of Ella and Micha comes a new story of hope, heartbreak, and the power of young love. THE FOREVER OF ELLA AND MICHA Ella is back at school, trying to focus on her future and forget the darkness of her past. Still, her ongoing family drama is making it harder and harder to get through the days. All she really wants is Micha, but no way will she let her problems get in the way of his dreams. Micha is busy touring the country with his band, seemingly getting everything he's ever wanted. But deep down he knows something is missing. Being away from Ella is harder than he expected. And while he longs to have her with him, he won't ask her to leave college just to be at his side. When Ella and Micha are together, anything seems possible. but lately those shared moments aren't so easy to find. When a new tragedy shakes their already fragile world, one of them will make a dramatic choice that could break them apart forever""--","The Forever of Ella and Micha by Jessica Sorensen. ""From the New York Times bestselling author of The Secret of Ella and Micha comes a new story of hope, heartbreak, and the power of young love. THE FOREVER OF ELLA AND MICHA Ella is back at school, trying to focus on her future and forget the darkness of her past. Still, her ongoing family drama is making it harder and harder to get through the days. All she really wants is Micha, but no way will she let her problems get in the way of his dreams. Micha is busy touring the country with his band, seemingly getting everything he's ever wanted. But deep down he knows something is missing. Being away from Ella is harder than he expected. And while he longs to have her with him, he won't ask her to leave college just to be at his side. When Ella and Micha are together, anything seems possible. but lately those shared moments aren't so easy to find. When a new tragedy shakes their already fragile world, one of them will make a dramatic choice that could break them apart forever""--"
145557631X,Façade,Nyrae Dawn,"After her father commits a crime that shatters her family, eighteen-year-old Delaney Cross is tired of pretending everything is alright. Packing up her car, she sets out to find the people her father hurt. Her search leads her to places she's never been--and into the arms of Adrian Westfall. To the outside world, Adrian is a sexy, charming ladies man. But his playboy persona is just an act. Secretly his soul is tortured by a memory too painful to share. Only Delaney seems to see through his façade to the real man underneath. And for the first time in his life, Adrian feels he can begin to open up about his past. Together, Adrian and Delaney share a passionate, carefree love they never expected to find. Yet both still harbor their own secrets. When the dark truth is finally revealed, will it bring them closer together, or tear them apart forever?","Façade by Nyrae Dawn. After her father commits a crime that shatters her family, eighteen-year-old Delaney Cross is tired of pretending everything is alright. Packing up her car, she sets out to find the people her father hurt. Her search leads her to places she's never been--and into the arms of Adrian Westfall. To the outside world, Adrian is a sexy, charming ladies man. But his playboy persona is just an act. Secretly his soul is tortured by a memory too painful to share. Only Delaney seems to see through his façade to the real man underneath. And for the first time in his life, Adrian feels he can begin to open up about his past. Together, Adrian and Delaney share a passionate, carefree love they never expected to find. Yet both still harbor their own secrets. When the dark truth is finally revealed, will it bring them closer together, or tear them apart forever?"
1455576506,The Coincidence of Callie & Kayden,Jessica Sorensen,"For Kayden, suffering in silence was the only way to survive. If he was lucky he could keep his head down, do as he was told and make it through the day. But one night it seemed like his luck and his life might finally end until an angel named Callie appeared just in time to rescue him. Callie has never believed in luck. Not since her twelfth birthday when everything was taken from her. After the worst was over she locked up her feelings and vowed never to tell anyone what happened. Now six years later she continues to struggle with the painful secret that threatens to consume her. When fate lands Kayden and Callie at the same college Kayden is determined to get to know the beautiful girl who changed his destiny. Quiet and reserved Callie still fears letting anyone else into her world. But Kayden is certain that Callie has come back into his life for a reason. And the more he tries to be a part of her lifethe more he realizes that, this time its Callie who needs to be saved .","The Coincidence of Callie & Kayden by Jessica Sorensen. For Kayden, suffering in silence was the only way to survive. If he was lucky he could keep his head down, do as he was told and make it through the day. But one night it seemed like his luck and his life might finally end until an angel named Callie appeared just in time to rescue him. Callie has never believed in luck. Not since her twelfth birthday when everything was taken from her. After the worst was over she locked up her feelings and vowed never to tell anyone what happened. Now six years later she continues to struggle with the painful secret that threatens to consume her. When fate lands Kayden and Callie at the same college Kayden is determined to get to know the beautiful girl who changed his destiny. Quiet and reserved Callie still fears letting anyone else into her world. But Kayden is certain that Callie has come back into his life for a reason. And the more he tries to be a part of her lifethe more he realizes that, this time its Callie who needs to be saved ."
1455578312,This Man,Jodi Ellen Malpas,"Young interior designer Ava O'Shea has no idea what awaits her at the Manor. A run-of-the-mill consultation with a stodgy country gent seems likely, but what Ava finds instead is Jesse Ward-a devastatingly handsome, utterly confident, pleasure-seeking playboy who knows no boundaries.... taken from cover.","This Man by Jodi Ellen Malpas. Young interior designer Ava O'Shea has no idea what awaits her at the Manor. A run-of-the-mill consultation with a stodgy country gent seems likely, but what Ava finds instead is Jesse Ward-a devastatingly handsome, utterly confident, pleasure-seeking playboy who knows no boundaries.... taken from cover."
1455578347,Beneath This Man,Jodi Ellen Malpas,"Jesse Ward drowned her with his intensity and blindsided her with his passion, but he kept her away from his dark secrets and broken soul.....","Beneath This Man by Jodi Ellen Malpas. Jesse Ward drowned her with his intensity and blindsided her with his passion, but he kept her away from his dark secrets and broken soul....."
1455578363,This man confessed,Jodi Ellen Malpas,"""THE STUNNING CONCLUSION TO THE THIS MAN TRILOGY IS A #1 NEW YORK TIMES BESTSELLER! The Manor, the very place where their passionate love affair began, fills with guests on what should be the happiest day of Ava and Jesse's lives. She has accepted that she'll never tame the fierceness in Jesse-and she doesn't want to. Their love is profound, their connection powerful, but just when she thinks that she's finally gotten beneath his guarded exterior, more questions arise, leading Ava to believe that Jesse Ward may not be the man she thinks he is. He knows too well how to take her to a place beyond ecstasy. but will he also drive her to the brink of despair? It's time for this man to confess""--","This man confessed by Jodi Ellen Malpas. ""THE STUNNING CONCLUSION TO THE THIS MAN TRILOGY IS A #1 NEW YORK TIMES BESTSELLER! The Manor, the very place where their passionate love affair began, fills with guests on what should be the happiest day of Ava and Jesse's lives. She has accepted that she'll never tame the fierceness in Jesse-and she doesn't want to. Their love is profound, their connection powerful, but just when she thinks that she's finally gotten beneath his guarded exterior, more questions arise, leading Ava to believe that Jesse Ward may not be the man she thinks he is. He knows too well how to take her to a place beyond ecstasy. but will he also drive her to the brink of despair? It's time for this man to confess""--"
1455582689,The Ever After of Ella and Micha,Jessica Sorensen,,The Ever After of Ella and Micha by Jessica Sorensen
1455599050,The gamble,alexa riley,"Nina Sheridan desperately needs a timeout vacation. With a fiancé who can't even remember how she takes her coffee, Nina wants some distance to rethink her engagement. Flying halfway around the world from England to a mountain town in Colorado should do the trick. But when she finds a gorgeous man at her rental cabin, Nina's cold, lonely adventure suddenly heats up. The owner  of the house, Holden ""Max"" Maxwell is surprised by the beautiful woman who turns up at his door. But when Nina becomes ill, Max spends days nursing her back to health. A private man with a broken heart, Max finds himself drawn to the strong-willed woman. Soon it becomes impossible for Nina and Max to deny their growing attraction to one another. Yet even as these two wounded lovebirds think about taking a chance on a relationship, a dangerous secret from Max's past emerges-and threatens to end their love for good.","The gamble by alexa riley. Nina Sheridan desperately needs a timeout vacation. With a fiancé who can't even remember how she takes her coffee, Nina wants some distance to rethink her engagement. Flying halfway around the world from England to a mountain town in Colorado should do the trick. But when she finds a gorgeous man at her rental cabin, Nina's cold, lonely adventure suddenly heats up. The owner  of the house, Holden ""Max"" Maxwell is surprised by the beautiful woman who turns up at his door. But when Nina becomes ill, Max spends days nursing her back to health. A private man with a broken heart, Max finds himself drawn to the strong-willed woman. Soon it becomes impossible for Nina and Max to deny their growing attraction to one another. Yet even as these two wounded lovebirds think about taking a chance on a relationship, a dangerous secret from Max's past emerges-and threatens to end their love for good."
1455599085,Sweet dreams,alexa riley,"Lauren Grahame is looking to reinvent herself. After leaving her cheating husband, Lauren moves to Carnal, Colorado, and gets a job as a waitress in a biker bar called Bubba's. It's a nothing job in a nowhere joint . . . until Tatum Jackson walks in. Lauren has never seen a man with such good looks, muscles, and attitude. But when he insults her, Lauren doesn't want anything to do with him. Too bad for Lauren he's also the bar's part owner and bartender. When the rough-around-the-edges Tate meets the high-class Lauren, he thinks she won't fit in at Bubba's. Yet there's more to Lauren than meets the eye, and Tate soon sets his mind on claiming her as his own. Before long, the desire burning between them is heating up the cold mountain air. But when violence strikes the town, Tate must reveal a dark secret to Lauren-one that may put an end to their sweet dreams.","Sweet dreams by alexa riley. Lauren Grahame is looking to reinvent herself. After leaving her cheating husband, Lauren moves to Carnal, Colorado, and gets a job as a waitress in a biker bar called Bubba's. It's a nothing job in a nowhere joint . . . until Tatum Jackson walks in. Lauren has never seen a man with such good looks, muscles, and attitude. But when he insults her, Lauren doesn't want anything to do with him. Too bad for Lauren he's also the bar's part owner and bartender. When the rough-around-the-edges Tate meets the high-class Lauren, he thinks she won't fit in at Bubba's. Yet there's more to Lauren than meets the eye, and Tate soon sets his mind on claiming her as his own. Before long, the desire burning between them is heating up the cold mountain air. But when violence strikes the town, Tate must reveal a dark secret to Lauren-one that may put an end to their sweet dreams."
1455599182,Mystery Man,alexa riley,,Mystery Man by alexa riley
1455599204,Wild Man,alexa riley,,Wild Man by alexa riley
1455599220,Law man,alexa riley,"""Sweet, shy Mara Hanover is in love with her neighbor. For four years, she has secretly watched her dream man from afar. Handsome police detective Mitch Lawson is way out of her league. She's a girl from the wrong side of the tracks, and there's no way a guy like Mitch would want anything to do with her. But when Mara has a leaky faucet that she can't fix, it's Mitch who comes to her rescue. Mitch has been eyeing his beautiful neighbor for a long time. He jumps at the chance to help her, and soon their formerly platonic relationship gets very hot and heavy. But when Mara gets a disturbing phone call from her cousin's kids, she gets pulled back into the life she's tried so hard to leave behind. Can the hot law man convince Mara to let go of her past-and build a future with him? --","Law man by alexa riley. ""Sweet, shy Mara Hanover is in love with her neighbor. For four years, she has secretly watched her dream man from afar. Handsome police detective Mitch Lawson is way out of her league. She's a girl from the wrong side of the tracks, and there's no way a guy like Mitch would want anything to do with her. But when Mara has a leaky faucet that she can't fix, it's Mitch who comes to her rescue. Mitch has been eyeing his beautiful neighbor for a long time. He jumps at the chance to help her, and soon their formerly platonic relationship gets very hot and heavy. But when Mara gets a disturbing phone call from her cousin's kids, she gets pulled back into the life she's tried so hard to leave behind. Can the hot law man convince Mara to let go of her past-and build a future with him? --"
1455599247,Motorcycle Man,alexa riley,,Motorcycle Man by alexa riley
1455599255,Own the Wind,alexa riley,,Own the Wind by alexa riley
1455599271,Fire inside,alexa riley,,Fire inside by alexa riley
1456527738,Sempre (Forever),J. M. Darhower,,Sempre (Forever) by J. M. Darhower
1461085977,Flat-out love,Jessica Park,"To college freshman Julie Seagle the emotionally scrambled members of the Watkins family of Boston add up to something that ... well ... doesn't quite add up. Only the funny, gorgeous, smart oldest brother Finn is emotionally available--but only online? Not until Julie forces a buried secret to the surface, eliciting a dramatic confrontation that threatens to tear the fragile Watkins family apart, does she get her answer.

College freshman Julie Seagle tries to sort out her confusing feelings for Finn, who she only knows through Facebook and Matt, Finn's brother. The plot contains profanity.","Flat-out love by Jessica Park. To college freshman Julie Seagle the emotionally scrambled members of the Watkins family of Boston add up to something that ... well ... doesn't quite add up. Only the funny, gorgeous, smart oldest brother Finn is emotionally available--but only online? Not until Julie forces a buried secret to the surface, eliciting a dramatic confrontation that threatens to tear the fragile Watkins family apart, does she get her answer.

College freshman Julie Seagle tries to sort out her confusing feelings for Finn, who she only knows through Facebook and Matt, Finn's brother. The plot contains profanity."
146109111X,Thoughtless,S.C. Stephens,,Thoughtless by S.C. Stephens
1462003907,,,,1462003907
1463695403,Significance,Shelly Crane,"""Maggie is a seventeen year old girl who's had a bad year. Her mom left, her dad is depressed, she's graduating, barely, and her boyfriend of almost three years dumped her for a college football scholarship. Lately she things life is all about hanging on by a thread and is gripping tight with everything she has. Then she meets Caleb. She saves his life and instantly knows there's something about him that's intriguing but she is supposed to be on her way to a date with his cousin. But things change when they touch, sparks ignite. Literally. They imprint with each other and she sees their future life together flash before her eyes. She learns that not only is she his soul mate, and can feel his heartbeat in her chest, but there is a whole other world of people with gifts and abilities that she never knew existed. She herself is experiencing supernatural changes unlike anything she's ever felt before and she needs the touch of his skin to survive. Now, not only has her dad come out of his depression to be a father again, and a pain as well, but Caleb's enemies know he's imprinted and are after Maggie to stop them both from gaining their abilities and take her from him. Can Caleb save her or will they be forced to live without each other after just finding one another?""--Page 4 of cover.","Significance by Shelly Crane. ""Maggie is a seventeen year old girl who's had a bad year. Her mom left, her dad is depressed, she's graduating, barely, and her boyfriend of almost three years dumped her for a college football scholarship. Lately she things life is all about hanging on by a thread and is gripping tight with everything she has. Then she meets Caleb. She saves his life and instantly knows there's something about him that's intriguing but she is supposed to be on her way to a date with his cousin. But things change when they touch, sparks ignite. Literally. They imprint with each other and she sees their future life together flash before her eyes. She learns that not only is she his soul mate, and can feel his heartbeat in her chest, but there is a whole other world of people with gifts and abilities that she never knew existed. She herself is experiencing supernatural changes unlike anything she's ever felt before and she needs the touch of his skin to survive. Now, not only has her dad come out of his depression to be a father again, and a pain as well, but Caleb's enemies know he's imprinted and are after Maggie to stop them both from gaining their abilities and take her from him. Can Caleb save her or will they be forced to live without each other after just finding one another?""--Page 4 of cover."
1466276983,Perfection,R.L. Mathewson,,Perfection by R.L. Mathewson
1467943207,Collision Course,S.C. Stephens,,Collision Course by S.C. Stephens
1467980757,The Billionaire Wins the Game,Melody Anne,,The Billionaire Wins the Game by Melody Anne
1468112422,Chasing Nikki,Lacey Weatherford,,Chasing Nikki by Lacey Weatherford
1468161660,Slammed,Colleen Hoover,"An engaging novel that intertwines heartache with humor, desires with ethics, and ultimately proves that the harsh reality of death can sometimes be overcome by the beauty of life.","Slammed by Colleen Hoover. An engaging novel that intertwines heartache with humor, desires with ethics, and ultimately proves that the harsh reality of death can sometimes be overcome by the beauty of life."
1468187953,The Tycoon's Revenge,Melody Anne,,The Tycoon's Revenge by Melody Anne
1469252317,Feral Sins,Suzanne Wright,,Feral Sins by Suzanne Wright
1469905833,No More Wasted Time,Beverly Preston,,No More Wasted Time by Beverly Preston
1469982781,The Opportunist,Tarryn Fisher,,The Opportunist by Tarryn Fisher
1469982994,Effortless,S.C. Stephens,,Effortless by S.C. Stephens
1469984016,The Boy Who Sneaks In My Bedroom Window,Kirsty Moseley,,The Boy Who Sneaks In My Bedroom Window by Kirsty Moseley
1470077892,Wait for me,Elisabeth Naughton,"After her husband's death, a woman with amnesia discovers evidence of a missing child. She takes her young son and investigates, following clues to San Francisco and, eventually, to a previous husband and daughter, while teasing out clues to her missing memories and chaotic feelings.","Wait for me by Elisabeth Naughton. After her husband's death, a woman with amnesia discovers evidence of a missing child. She takes her young son and investigates, following clues to San Francisco and, eventually, to a previous husband and daughter, while teasing out clues to her missing memories and chaotic feelings."
1470124327,Point of Retreat,Colleen Hoover,,Point of Retreat by Colleen Hoover
1471133524,Beautiful Oblivion,Jamie McGuire,,Beautiful Oblivion by Jamie McGuire
1471133567,A Beautiful Wedding,Jamie McGuire,,A Beautiful Wedding by Jamie McGuire
1472211243,Taken,Kelli Maine,,Taken by Kelli Maine
147500544X,Honor Student,Teresa Mummert,,Honor Student by Teresa Mummert
1475102542,Predestined,Abbi Glines,,Predestined by Abbi Glines
1475156456,What I Didn't Say,Keary Taylor,,What I Didn't Say by Keary Taylor
1475181221,Almost,Anne Eliot,,Almost by Anne Eliot
1475244207,Forever Mine,Elizabeth Reyes,,Forever Mine by Elizabeth Reyes
1476712980,Walking disaster,Jamie McGuire,,Walking disaster by Jamie McGuire
1476717516,The marriage trap,Jennifer Probst,,The marriage trap by Jennifer Probst
1476717524,The Marriage Mistake Marriage to a Billionaire,Jennifer Probst,,The Marriage Mistake Marriage to a Billionaire by Jennifer Probst
1476718202,Reckless,S. C. Stephens,"""When the band hits it big, Kiera and Kellan must ask themselves: Can their love for each other withstand the constant pressures of superstardom? The friendships they've formed, the new family they've found, and the history they've forged will all play a part in helping them navigate the turbulent waters of the band's exploding popularity. A greedy executive hell-bent on success, a declining pop star looking for an edge, and a media circus that twists lies into truths are just some of the obstacles the lovers will have to overcome if they are going to remain together. Fame comes with a price--but will it cost Kiera and Kellan everything?""--Back cover.","Reckless by S. C. Stephens. ""When the band hits it big, Kiera and Kellan must ask themselves: Can their love for each other withstand the constant pressures of superstardom? The friendships they've formed, the new family they've found, and the history they've forged will all play a part in helping them navigate the turbulent waters of the band's exploding popularity. A greedy executive hell-bent on success, a declining pop star looking for an edge, and a media circus that twists lies into truths are just some of the obstacles the lovers will have to overcome if they are going to remain together. Fame comes with a price--but will it cost Kiera and Kellan everything?""--Back cover."
1476718970,Love Unrehearsed,Tina Reber,,Love Unrehearsed by Tina Reber
1476725365,The marriage bargain,Jennifer Probst,,The marriage bargain by Jennifer Probst
147672721X,Being me,Lisa Renee Jones,"Sara McMillan is still searching for Rebecca, the mysterious woman whose dark, erotic journal entries both enthralled and frightened her. Tormented by a strong desire to indulge the demands of her new boss while also drawn deeper into her passionate bond with the troubled artist, Chris Merit, Sara must face a past as deeply haunting as Rebecca's written words. In one man's arms, Sara will find the safe haven to reveal her most intimate secrets and explore her darkest fantasies. But is safety just an illusion, when the truth about Rebecca has yet to be discovered?","Being me by Lisa Renee Jones. Sara McMillan is still searching for Rebecca, the mysterious woman whose dark, erotic journal entries both enthralled and frightened her. Tormented by a strong desire to indulge the demands of her new boss while also drawn deeper into her passionate bond with the troubled artist, Chris Merit, Sara must face a past as deeply haunting as Rebecca's written words. In one man's arms, Sara will find the safe haven to reveal her most intimate secrets and explore her darkest fantasies. But is safety just an illusion, when the truth about Rebecca has yet to be discovered?"
1476727228,Revealing us,Lisa Renee Jones,"The third and final installment in the sexy Inside Out erotic romance trilogy. After an almost certain breakup, Chris responds to Sara's growing fear for her friend Ella, as well as her fear of losing him, by inviting her to Paris. Once in Paris, the mystery of Ella's whereabouts become bigger than either of them expected. The search for Sara's friend will bring to the surface all the feelings Chris has battled over loving and...losing. As Sara and Chris face some of their darkest moments sexually and emotionally, they must figure out if the path they're on will lead to a future they can both embrace.","Revealing us by Lisa Renee Jones. The third and final installment in the sexy Inside Out erotic romance trilogy. After an almost certain breakup, Chris responds to Sara's growing fear for her friend Ella, as well as her fear of losing him, by inviting her to Paris. Once in Paris, the mystery of Ella's whereabouts become bigger than either of them expected. The search for Sara's friend will bring to the surface all the feelings Chris has battled over loving and...losing. As Sara and Chris face some of their darkest moments sexually and emotionally, they must figure out if the path they're on will lead to a future they can both embrace."
1476730091,Beautiful bastard,Christina Lauren,"""An ambitious intern. A perfectionist executive. And a whole lot of name calling. Whip-smart, hardworking, and on her way to an MBA, Chloe Mills has only one problem: her boss, Bennett Ryan. He's exacting, blunt, inconsiderate--and completely irresistible. A Beautiful Bastard. Bennett has returned to Chicago from France to take a vital role in his family's massive media business. He never expected that the assistant who'd been helping him from abroad was the gorgeous, innocently provocative--completely infuriating--creature he now has to see every day. Despite the rumors, he's never been one for a workplace hookup. But Chloe's so tempting he's willing to bend the rules--or outright smash them--if it means he can have her. All over the office As their appetites for one another increase to a breaking point, Bennett and Chloe must decide exactly what they're willing to lose in order to win each other. Originally only available online as The Office by tby789--and garnering over 2 million reads on fanfiction sites--Beautiful Bastard has been extensively updated for re-release. ""--","Beautiful bastard by Christina Lauren. ""An ambitious intern. A perfectionist executive. And a whole lot of name calling. Whip-smart, hardworking, and on her way to an MBA, Chloe Mills has only one problem: her boss, Bennett Ryan. He's exacting, blunt, inconsiderate--and completely irresistible. A Beautiful Bastard. Bennett has returned to Chicago from France to take a vital role in his family's massive media business. He never expected that the assistant who'd been helping him from abroad was the gorgeous, innocently provocative--completely infuriating--creature he now has to see every day. Despite the rumors, he's never been one for a workplace hookup. But Chloe's so tempting he's willing to bend the rules--or outright smash them--if it means he can have her. All over the office As their appetites for one another increase to a breaking point, Bennett and Chloe must decide exactly what they're willing to lose in order to win each other. Originally only available online as The Office by tby789--and garnering over 2 million reads on fanfiction sites--Beautiful Bastard has been extensively updated for re-release. ""--"
1476730601,Just one night,Kyra Davis,"""Kasie knows who she's supposed to be. But one passionate night with a mysterious stranger will teach her who she wants to be""--

Kasie, a buttoned-up businesswoman, has a fling with a stranger on a trip to Vegas-- only to find herself under his mysterious, sexy power both in the boardroom and the bedroom. They had the most exquisite and passionate sex of her life. When he shows up in her Santa Monica office as the CEO of a firm her company does a billion dollars of business with a year, he demands that she handle his account... and so much more....","Just one night by Kyra Davis. ""Kasie knows who she's supposed to be. But one passionate night with a mysterious stranger will teach her who she wants to be""--

Kasie, a buttoned-up businesswoman, has a fling with a stranger on a trip to Vegas-- only to find herself under his mysterious, sexy power both in the boardroom and the bedroom. They had the most exquisite and passionate sex of her life. When he shows up in her Santa Monica office as the CEO of a firm her company does a billion dollars of business with a year, he demands that she handle his account... and so much more...."
1476730946,The sea of tranquility,Katja Millay,"I live in a world without magic or miracles. A place where there are no clairvoyants or shapeshifters, no angels or superhuman boys to save you. A place where people die and music disintegrates and things suck. I am pressed so hard against the earth by the weight of reality that some days I wonder how I am still able to lift my feet to walk. Former piano prodigy Nastya Kashnikov wants two things: to get through high school without anyone learning about her past and to make the boy who took everything from her-her identity, her spirit, her will to live-pay. All Josh Bennett wants is to be left alone, and everyone allows it because they all know his story: each person he loved was taken from his life until at seventeen years old there was no one left. When your name is synonymous with death, people tend to give you your space. Everyone except Nastya, a new girl in town who won't go away until she's insinuated herself into every aspect of his life. But the more he gets to know her, the more of a mystery she becomes. As their relationship intensifies and the unanswered questions begin to pile up, he starts to wonder if he will ever learn the secrets she's been hiding--or if he even wants to. The Sea of Tranquility is a rich, intense, and brilliantly imagined story about a lonely boy, an emotionally fragile girl, and the miracle of second chances.","The sea of tranquility by Katja Millay. I live in a world without magic or miracles. A place where there are no clairvoyants or shapeshifters, no angels or superhuman boys to save you. A place where people die and music disintegrates and things suck. I am pressed so hard against the earth by the weight of reality that some days I wonder how I am still able to lift my feet to walk. Former piano prodigy Nastya Kashnikov wants two things: to get through high school without anyone learning about her past and to make the boy who took everything from her-her identity, her spirit, her will to live-pay. All Josh Bennett wants is to be left alone, and everyone allows it because they all know his story: each person he loved was taken from his life until at seventeen years old there was no one left. When your name is synonymous with death, people tend to give you your space. Everyone except Nastya, a new girl in town who won't go away until she's insinuated herself into every aspect of his life. But the more he gets to know her, the more of a mystery she becomes. As their relationship intensifies and the unanswered questions begin to pile up, he starts to wonder if he will ever learn the secrets she's been hiding--or if he even wants to. The Sea of Tranquility is a rich, intense, and brilliantly imagined story about a lonely boy, an emotionally fragile girl, and the miracle of second chances."
1476731535,Beautiful stranger,Christina Lauren,"Financial consultant Sara Dillon moves to New York City and, hoping for a causual encounter, meets British playboy Max Stella at a dance club, as they embark on a tumultuous affair that leaves Max wondering if he has met his match.","Beautiful stranger by Christina Lauren. Financial consultant Sara Dillon moves to New York City and, hoping for a causual encounter, meets British playboy Max Stella at a dance club, as they embark on a tumultuous affair that leaves Max wondering if he has met his match."
1476732027,White Trash Beautiful,Teresa Mummert,,White Trash Beautiful by Teresa Mummert
1476735247,Naked,Raine Miller,,Naked by Raine Miller
1476735271,All in,Raine Miller,,All in by Raine Miller
1476735603,Eyes wide open,Raine Miller,"Demons from the past are threatening to destroy the passionate bond Ethan and Brynne have forged, despite their vow that nothing will ever keep them apart. Still lurking in the shadows is a stalker, plotting evil amidst the distraction of the London Olympic Games. Will they yield to circumstances beyond their control or will they give every ounce of fight they have left to save each other and win the ultimate prize of a life together?","Eyes wide open by Raine Miller. Demons from the past are threatening to destroy the passionate bond Ethan and Brynne have forged, despite their vow that nothing will ever keep them apart. Still lurking in the shadows is a stalker, plotting evil amidst the distraction of the London Olympic Games. Will they yield to circumstances beyond their control or will they give every ounce of fight they have left to save each other and win the ultimate prize of a life together?"
1476740496,Four seconds to lose,K. A. Tucker,"""Owning a strip club isn't the fantasy most guys expect it to be. With long hours, a staff with enough issues to keep a psych ward in business, and the police checking up on him regularly, twenty-seven year old Cain is starting to second guess his silent mission to save these women. That is, until a tiny angel named Charlie walks through his door. Blonde and blue-eyed, sweet as can be, this dancer's sad smile opens up old wounds. She reminds him so much of Penny. As much as Cain tries to avoid being that creepy strip club boss who dates his staff, he can't help but be attracted to Charlie. As he grows closer to her, waiting for her to turn her life around, he discovers that she's headed down a dangerous path, the same one that claimed the other important women in his life""--","Four seconds to lose by K. A. Tucker. ""Owning a strip club isn't the fantasy most guys expect it to be. With long hours, a staff with enough issues to keep a psych ward in business, and the police checking up on him regularly, twenty-seven year old Cain is starting to second guess his silent mission to save these women. That is, until a tiny angel named Charlie walks through his door. Blonde and blue-eyed, sweet as can be, this dancer's sad smile opens up old wounds. She reminds him so much of Penny. As much as Cain tries to avoid being that creepy strip club boss who dates his staff, he can't help but be attracted to Charlie. As he grows closer to her, waiting for her to turn her life around, he discovers that she's headed down a dangerous path, the same one that claimed the other important women in his life""--"
1476741182,Wallbanger,Alice Clayton,"Thanks to paper-thin walls and the guy's athletic prowess, Caroline can hear not just her neighbor's bed banging against the wall but the ecstatic response of what seems like an endless parade of women. She finds her fantasies keep her awake even longer than the noise. So when the wallbanging threatens to literally bounce her out of bed, Caroline, clad in sexual frustration and a pink baby-doll nightie, confronts Simon. The tension between them is as thick as the walls are thin, but Caroline is finding she may have discovered a whole new definition of neighborly....","Wallbanger by Alice Clayton. Thanks to paper-thin walls and the guy's athletic prowess, Caroline can hear not just her neighbor's bed banging against the wall but the ecstatic response of what seems like an endless parade of women. She finds her fantasies keep her awake even longer than the noise. So when the wallbanging threatens to literally bounce her out of bed, Caroline, clad in sexual frustration and a pink baby-doll nightie, confronts Simon. The tension between them is as thick as the walls are thin, but Caroline is finding she may have discovered a whole new definition of neighborly...."
1476741255,Redhead plays her hand,Alice Clayton,"Grace's star is on the rise with a new TV series, but then the director asks her to lose fifteen pounds.  When she goes public with her struggles with weight, she suddenly develops a huge fan club of people who are happy to see a curvy actress speak up, and she becomes a flashpoint in society's ongoing conversation about what's beautiful and what Hollywood's responsibility is to portray women of all shapes and sizes.  Meanwhile, Jack is voted the Sexiest Man Alive and becomes a little too enamored with the star lifestyle.  But while he can have anything he wants, he can't have the one thing he really needs: a public relationship with Grace, which his manager says will hurt his career.  When Jack begins to spiral downward into parties, booze, and Hollywood brat behavior, it's time for Grace to set him straight-- and maybe dare to walk the red carpet together, hand in hand.","Redhead plays her hand by Alice Clayton. Grace's star is on the rise with a new TV series, but then the director asks her to lose fifteen pounds.  When she goes public with her struggles with weight, she suddenly develops a huge fan club of people who are happy to see a curvy actress speak up, and she becomes a flashpoint in society's ongoing conversation about what's beautiful and what Hollywood's responsibility is to portray women of all shapes and sizes.  Meanwhile, Jack is voted the Sexiest Man Alive and becomes a little too enamored with the star lifestyle.  But while he can have anything he wants, he can't have the one thing he really needs: a public relationship with Grace, which his manager says will hurt his career.  When Jack begins to spiral downward into parties, booze, and Hollywood brat behavior, it's time for Grace to set him straight-- and maybe dare to walk the red carpet together, hand in hand."
147674355X,Hopeless,Colleen Hoover,"Sky, a senior in high school, meets Dean Holder, a guy with a promiscuous reputation that rivals her own. From their very first encounter, he terrifies and captivates her. Something about him sparks memories of her deeply troubled past, a time she's tried so hard to bury. Though Sky is determined to stay far away from him, his unwavering pursuit and enigmatic smile break down her defenses and the intensity of the bond between them grows. But the mysterious Holder has been keeping secrets of his own, and once they are revealed, Sky is changed forever and her ability to trust may be a casualty of the truth.--From back cover.","Hopeless by Colleen Hoover. Sky, a senior in high school, meets Dean Holder, a guy with a promiscuous reputation that rivals her own. From their very first encounter, he terrifies and captivates her. Something about him sparks memories of her deeply troubled past, a time she's tried so hard to bury. Though Sky is determined to stay far away from him, his unwavering pursuit and enigmatic smile break down her defenses and the intensity of the bond between them grows. But the mysterious Holder has been keeping secrets of his own, and once they are revealed, Sky is changed forever and her ability to trust may be a casualty of the truth.--From back cover."
1476744084,Devoured,Emily Snow,"Sienna?s dreams lie in California, but when she discovers her grandmother?s Nashville home has been foreclosed, she has no other choice than to move back to Music City, where she comes face-to-face with the flawed, gorgeous man she never thought she?d see again?and who now holds the deed to her grandma?s estate. Millionaire rock star Lucas Wolfe is just as surprised to find the outspoken redhead glaring at him from across a courtroom. He still can?t get the night Sienna spent with him out of his mind, and the chemistry between them is as undeniable as ever. Now, Lucas is determined to do whatever it takes to lure Sienna into his bed, so he makes a deal with her: if she spends ten days with him, playing by his rules, he?ll hand over the deed to her grandmother?s home. Though she agrees to the arrangement for her family?s sake, Sienna struggles with the promises she?s made to herself and a past that still haunts her. As Lucas?s game of seduction continues and Sienna is introduced to his dark, erotic world, she realizes that at any moment, she could be devoured.","Devoured by Emily Snow. Sienna?s dreams lie in California, but when she discovers her grandmother?s Nashville home has been foreclosed, she has no other choice than to move back to Music City, where she comes face-to-face with the flawed, gorgeous man she never thought she?d see again?and who now holds the deed to her grandma?s estate. Millionaire rock star Lucas Wolfe is just as surprised to find the outspoken redhead glaring at him from across a courtroom. He still can?t get the night Sienna spent with him out of his mind, and the chemistry between them is as undeniable as ever. Now, Lucas is determined to do whatever it takes to lure Sienna into his bed, so he makes a deal with her: if she spends ten days with him, playing by his rules, he?ll hand over the deed to her grandmother?s home. Though she agrees to the arrangement for her family?s sake, Sienna struggles with the promises she?s made to herself and a past that still haunts her. As Lucas?s game of seduction continues and Sienna is introduced to his dark, erotic world, she realizes that at any moment, she could be devoured."
1476744106,Tidal,Emily Snow,Hollywood starlet Willow Avery is out of rehab with only one chance left to redeem herself before shes officially on every directors blacklist. At least thats what her parents and her agent are claiming. She doesnt really give a damn if she never makes another movie she just wants to get on with her life get back to her friends and find her next escape. But Willow is broke. And whether she likes it or not acting is the only job she knows how to do. When she accepts the lead in a beach drama Willow finds herself in Hawaii with Cooper the gorgeous Australian surfer whos been hired to train her for her new role. Cooper is different from the other men she knows. He doesnt want to use her. And he refuses to let her fail. But when an old friend with a toxic presence reenters Willows life she will have to choose between the girl she was and the person shes becoming or she may lose the man shes falling for hard.,Tidal by Emily Snow. Hollywood starlet Willow Avery is out of rehab with only one chance left to redeem herself before shes officially on every directors blacklist. At least thats what her parents and her agent are claiming. She doesnt really give a damn if she never makes another movie she just wants to get on with her life get back to her friends and find her next escape. But Willow is broke. And whether she likes it or not acting is the only job she knows how to do. When she accepts the lead in a beach drama Willow finds herself in Hawaii with Cooper the gorgeous Australian surfer whos been hired to train her for her new role. Cooper is different from the other men she knows. He doesnt want to use her. And he refuses to let her fail. But when an old friend with a toxic presence reenters Willows life she will have to choose between the girl she was and the person shes becoming or she may lose the man shes falling for hard.
1476744130,Consumed,Emily Snow,,Consumed by Emily Snow
1476744904,The marriage merger,Jennifer Probst,Her sisters have found wedded bliss with their wealthy wonderful dream men but not Julietta Conte. Shes stayed on terra firma as top executive of the familys corporation La Dolce Famiglia bakery. Work is her passion and her trendy Milan apartment her sanctuary until Sawyer Wells a masculine masterpiece in a suit lures her out of hiding with an irresistible offer an exclusive partnership with his international chain of boutique hotels. Juliettas been burned before and trusting her brother in laws friend whose powerful gaze alone has her rethinking the best use of a conference room is the riskiest proposition. But with a once in a career chance to take the bakery global will she mix stone cold business with red hot seduction?,The marriage merger by Jennifer Probst. Her sisters have found wedded bliss with their wealthy wonderful dream men but not Julietta Conte. Shes stayed on terra firma as top executive of the familys corporation La Dolce Famiglia bakery. Work is her passion and her trendy Milan apartment her sanctuary until Sawyer Wells a masculine masterpiece in a suit lures her out of hiding with an irresistible offer an exclusive partnership with his international chain of boutique hotels. Juliettas been burned before and trusting her brother in laws friend whose powerful gaze alone has her rethinking the best use of a conference room is the riskiest proposition. But with a once in a career chance to take the bakery global will she mix stone cold business with red hot seduction?
1476744920,Searching for Someday,Jennifer Probst,,Searching for Someday by Jennifer Probst
1476746532,This girl,Colleen Hoover,Colleen Hoovers New York Times bestselling Slammed series has brought countless readers to their knees with a whirlwind of love passion and heartache. Layken and Wills love has managed to withstand the toughest of circumstances and the young lovers now married are beginning to feel safe and secure in their union. As much as Layken relishes their new life together she finds herself wanting to know everything there is to know about her husband even though Will makes it clear he prefers to keep the painful memories of the past where they belong. Still he cant resist his wifes pleas and so he begins to untangle his side of the story revealing for the first time his most intimate feelings and thoughts retelling both the good and bad moments and sharing a few shocking confessions of his own from the time when they first met.,This girl by Colleen Hoover. Colleen Hoovers New York Times bestselling Slammed series has brought countless readers to their knees with a whirlwind of love passion and heartache. Layken and Wills love has managed to withstand the toughest of circumstances and the young lovers now married are beginning to feel safe and secure in their union. As much as Layken relishes their new life together she finds herself wanting to know everything there is to know about her husband even though Will makes it clear he prefers to keep the painful memories of the past where they belong. Still he cant resist his wifes pleas and so he begins to untangle his side of the story revealing for the first time his most intimate feelings and thoughts retelling both the good and bad moments and sharing a few shocking confessions of his own from the time when they first met.
1476751404,Beautiful Player,Christina Lauren,,Beautiful Player by Christina Lauren
1476751803,Sweet filthy boy,Christina Lauren,"""Mia Holland isn't usually one for a fling, but after a sweet, filthy night with charming Frenchman Ansel Guillaume, she makes the wildest decision of her life. Terrified of the boring but practical path ahead of her, Mia rolls the dice and follows Ansel to France for the summer to just ... play. Playing house, playing lovers ... Mia's whole life feels like pretend until she dresses up and pulls Ansel into a provocative masquerade that finally feels real. Real conversations, real emotions, really, really hot sex. But is her sizzling summer adventure any less of a charade than her buttoned-up plans to attend business school in the fall? Can a one night stand really turn out to be The One?""--Page [4] of cover.","Sweet filthy boy by Christina Lauren. ""Mia Holland isn't usually one for a fling, but after a sweet, filthy night with charming Frenchman Ansel Guillaume, she makes the wildest decision of her life. Terrified of the boring but practical path ahead of her, Mia rolls the dice and follows Ansel to France for the summer to just ... play. Playing house, playing lovers ... Mia's whole life feels like pretend until she dresses up and pulls Ansel into a provocative masquerade that finally feels real. Real conversations, real emotions, really, really hot sex. But is her sizzling summer adventure any less of a charade than her buttoned-up plans to attend business school in the fall? Can a one night stand really turn out to be The One?""--Page [4] of cover."
1476752192,A Terrible Love,Marata Eros,"A dark and sizzling novel of erotic passion. A former ballerina struggles to hide her painful past-- only to discover she's not the only one with secrets. Jess escaped the violent tragedy of her past and is forging ahead with a clean slate far removed from her powerful political family and its dark secrets. But Jess can't ignore her passions-- not her love for ballet, nor her tumultuous desire for the unexpected lover who threatens to jeopardize her carefully constructed identity. Devin is all sex-and-hotness wrapped up in a dangerous package. Convinced they can keep their messy emotions at bay, Jess and Cas indulge their wildest fantasies. But soon Jess's lies begin to crumble, and the lovers discover that freedom comes with a deadly price.","A Terrible Love by Marata Eros. A dark and sizzling novel of erotic passion. A former ballerina struggles to hide her painful past-- only to discover she's not the only one with secrets. Jess escaped the violent tragedy of her past and is forging ahead with a clean slate far removed from her powerful political family and its dark secrets. But Jess can't ignore her passions-- not her love for ballet, nor her tumultuous desire for the unexpected lover who threatens to jeopardize her carefully constructed identity. Devin is all sex-and-hotness wrapped up in a dangerous package. Convinced they can keep their messy emotions at bay, Jess and Cas indulge their wildest fantasies. But soon Jess's lies begin to crumble, and the lovers discover that freedom comes with a deadly price."
1476753164,Maybe someday,Colleen Hoover,"When she discovers that her boyfriend is cheating on her, Sydney, a 22-year-old college student, must decide what to do next, especially when she becomes captivated by her mysterious neighbor Ridge","Maybe someday by Colleen Hoover. When she discovers that her boyfriend is cheating on her, Sydney, a 22-year-old college student, must decide what to do next, especially when she becomes captivated by her mysterious neighbor Ridge"
1476754144,Beautiful Bitch,Christina Lauren,,Beautiful Bitch by Christina Lauren
1476755094,Beautiful Bombshell,Christina Lauren,,Beautiful Bombshell by Christina Lauren
1476755108,Beautiful Beginning,Christina Lauren,,Beautiful Beginning by Christina Lauren
1476755590,Real,Katy Evans,"Remington Tate has a bad-boy rep in and out of the ring, a granite-hard body, and a raw, animal power that sends his female fans into a frenzy. But from the moment their eyes lock, the only woman he wants is Brooke Dumas. His desire is pure, all-consuming, and real!","Real by Katy Evans. Remington Tate has a bad-boy rep in and out of the ring, a granite-hard body, and a raw, animal power that sends his female fans into a frenzy. But from the moment their eyes lock, the only woman he wants is Brooke Dumas. His desire is pure, all-consuming, and real!"
1476755604,Mine,Katy Evans,"""Brooke and Remy's relationship is tested when he tries to claim back the Underground championship""--","Mine by Katy Evans. ""Brooke and Remy's relationship is tested when he tries to claim back the Underground championship""--"
1476756503,Twisted perfection,Abbi Glines,"Woods Kerrington's family wants him to settle down with a wealthy woman in pearls, but he can't resist Della Sloane, a carefree girl in cutoffs who's passing through town. A one-night stand should have been enough, but months later, Woods can't get the irresistible Della out of his head. When a twist of fate brings Della back to Woods, all signs point to trouble if they don't keep their distance. Neither is truly free, and a relationship could destroy both of them. With their hearts on the line, Della thinks the safest bet is to walk away. But Woods isn't about to let that happen ...","Twisted perfection by Abbi Glines. Woods Kerrington's family wants him to settle down with a wealthy woman in pearls, but he can't resist Della Sloane, a carefree girl in cutoffs who's passing through town. A one-night stand should have been enough, but months later, Woods can't get the irresistible Della out of his head. When a twist of fate brings Della back to Woods, all signs point to trouble if they don't keep their distance. Neither is truly free, and a relationship could destroy both of them. With their hearts on the line, Della thinks the safest bet is to walk away. But Woods isn't about to let that happen ..."
147675652X,Simple Perfection,Abbi Glines,"""#1 New York Times bestselling author Abbi Glines concludes the irresistible story of Woods and Della that began with Twisted Perfection. Woods had his perfect life mapped out for him. Rise up the ranks of the family business. Marry the rich girl of his parents' dreams. Pretend that wealth and privilege are all he'd ever wanted. Then a girl named Della breezed into town, a beautifully imperfect stranger who captured his heart and opened his eyes to a new kind of future. Woods is ready and willing to sacrifice everything for her when the sudden death of his father leaves him with his mother to care for and a business to manage. Della is determined to be strong for Woods, even as she's quietly falling to pieces. No matter how far from home she's run, the ghosts of her past have never stopped haunting her. Struggling to hide her true feelings from Woods, Della fears she can't be his rock without dragging him down into the darkness with her. But is she strong enough to let go of the last thing holding her together?""--

""A new adult romance novel set in the author's series world of Rosemary Beach, Florida""--","Simple Perfection by Abbi Glines. ""#1 New York Times bestselling author Abbi Glines concludes the irresistible story of Woods and Della that began with Twisted Perfection. Woods had his perfect life mapped out for him. Rise up the ranks of the family business. Marry the rich girl of his parents' dreams. Pretend that wealth and privilege are all he'd ever wanted. Then a girl named Della breezed into town, a beautifully imperfect stranger who captured his heart and opened his eyes to a new kind of future. Woods is ready and willing to sacrifice everything for her when the sudden death of his father leaves him with his mother to care for and a business to manage. Della is determined to be strong for Woods, even as she's quietly falling to pieces. No matter how far from home she's run, the ghosts of her past have never stopped haunting her. Struggling to hide her true feelings from Woods, Della fears she can't be his rock without dragging him down into the darkness with her. But is she strong enough to let go of the last thing holding her together?""--

""A new adult romance novel set in the author's series world of Rosemary Beach, Florida""--"
1476756546,Take a Chance,Abbi Glines,"""From #1 New York Times bestselling author Abbi Glines comes the story of Grant, the sexy playboy who first captured readers' hearts in Fallen Too Far. When Harlow Manning's rocker father goes on tour, he sends her to Rosemary Beach, Florida, to live with her half-sister, Nan. The problem: Nan despises her. Harlow has to keep her head down if she wants to get through the next nine months, which seems easy enough. Until gorgeous Grant Carter walks out of Nan's room in nothing but his boxer briefs. Grant made a huge mistake getting involved with a girl with venom in her veins. He'd known about Nan's reputation, but still he couldn't resist her. Nothing makes him regret the fling more than meeting Harlow, who sends his pulse racing. Yet Harlow wants nothing to do with a guy who could fall for her wicked half-sister--even if there are no strings between Grant and Nan. Grant is desperate to redeem himself in Harlow's eyes, but did he ruin his chances with her before he even met her?""--

""A new adult romance novel set in the author's Rosemary Beach series""--","Take a Chance by Abbi Glines. ""From #1 New York Times bestselling author Abbi Glines comes the story of Grant, the sexy playboy who first captured readers' hearts in Fallen Too Far. When Harlow Manning's rocker father goes on tour, he sends her to Rosemary Beach, Florida, to live with her half-sister, Nan. The problem: Nan despises her. Harlow has to keep her head down if she wants to get through the next nine months, which seems easy enough. Until gorgeous Grant Carter walks out of Nan's room in nothing but his boxer briefs. Grant made a huge mistake getting involved with a girl with venom in her veins. He'd known about Nan's reputation, but still he couldn't resist her. Nothing makes him regret the fling more than meeting Harlow, who sends his pulse racing. Yet Harlow wants nothing to do with a guy who could fall for her wicked half-sister--even if there are no strings between Grant and Nan. Grant is desperate to redeem himself in Harlow's eyes, but did he ruin his chances with her before he even met her?""--

""A new adult romance novel set in the author's Rosemary Beach series""--"
1476759006,Loving Cara,Kristen Proby,"Cara Donovan's summer tutoring job is turning out to be a challenge--and not just because of her troubled twelve-year-old student. It's his uncle Josh who's the real problem. From the moment the fiery teacher steps foot on his family's Lazy K Ranch, the stubborn playboy is determined to corral her.","Loving Cara by Kristen Proby. Cara Donovan's summer tutoring job is turning out to be a challenge--and not just because of her troubled twelve-year-old student. It's his uncle Josh who's the real problem. From the moment the fiery teacher steps foot on his family's Lazy K Ranch, the stubborn playboy is determined to corral her."
1476759529,Red Hill,Jamie McGuire,"""When the world ends, can love survive? For Scarlet, raising her two daughters alone makes fighting for tomorrow an everyday battle. Nathan has a wife, but can't remember what it's like to be in love; only his young daughter Zoe makes coming home worthwhile. Miranda's biggest concern is whether her new VW Bug is big enough to carry her sister and their boyfriends on a weekend escape from college finals. When reports of a widespread, deadly ""outbreak"" begin to surface, these ordinary people face extraordinary circumstances and suddenly their fates are intertwined. Recognizing they can't outrun the danger, Scarlet, Nathan, and Miranda desperately seek shelter at the same secluded ranch, Red Hill. Emotions run high while old and new relationships are tested in the face of a terrifying enemy--an enemy who no longer remembers what it's like to be human. Set against the backdrop of a brilliantly realized apocalyptic world, love somehow finds a way to survive. But what happens when the one you'd die for becomes the one who could destroy you? Red Hill grabs you from page one and doesn't let go until its stunning conclusion. This is #1 New York Times bestselling author Jamie McGuire at her unforgettable best""--","Red Hill by Jamie McGuire. ""When the world ends, can love survive? For Scarlet, raising her two daughters alone makes fighting for tomorrow an everyday battle. Nathan has a wife, but can't remember what it's like to be in love; only his young daughter Zoe makes coming home worthwhile. Miranda's biggest concern is whether her new VW Bug is big enough to carry her sister and their boyfriends on a weekend escape from college finals. When reports of a widespread, deadly ""outbreak"" begin to surface, these ordinary people face extraordinary circumstances and suddenly their fates are intertwined. Recognizing they can't outrun the danger, Scarlet, Nathan, and Miranda desperately seek shelter at the same secluded ranch, Red Hill. Emotions run high while old and new relationships are tested in the face of a terrifying enemy--an enemy who no longer remembers what it's like to be human. Set against the backdrop of a brilliantly realized apocalyptic world, love somehow finds a way to survive. But what happens when the one you'd die for becomes the one who could destroy you? Red Hill grabs you from page one and doesn't let go until its stunning conclusion. This is #1 New York Times bestselling author Jamie McGuire at her unforgettable best""--"
1476760772,Sempre Redemption,J. M. Darhower,,Sempre Redemption by J. M. Darhower
1476761779,Tangled,Emma Chase,,Tangled by Emma Chase
1476763526,Losing Hope,Colleen Hoover,,Losing Hope by Colleen Hoover
1476763607,Tamed,Emma Chase,"""In this third book by NYT bestseller Emma Chase, Matthew Fisher --the best friend of Drew Evans from TANGLED and TWISTED -- wants to settle down, but he'll have to overcome the mistrust of the colorful and unique Dee Dee Warren""--","Tamed by Emma Chase. ""In this third book by NYT bestseller Emma Chase, Matthew Fisher --the best friend of Drew Evans from TANGLED and TWISTED -- wants to settle down, but he'll have to overcome the mistrust of the colorful and unique Dee Dee Warren""--"
1476763623,Twisted,Emma Chase,,Twisted by Emma Chase
1476764468,Remy,Katy Evans,"""New York Times bestselling author Katy Evans expands upon the intense love story begun in Real and Mine--this time from Remington ""Riptide"" Tate's point of view. Underground fighter Remington Tate is a mystery, even to himself. His mind is dark and light, complex and enlightening. At times his actions and moods are carefully measured, and at others, they spin out of control. Through it all, there's been one constant: wanting, needing, loving, and protecting Brooke Dumas. This is his story; from the first moment he laid eyes on her and knew, without a doubt, she would be the realest thing he's ever had to fight for""--","Remy by Katy Evans. ""New York Times bestselling author Katy Evans expands upon the intense love story begun in Real and Mine--this time from Remington ""Riptide"" Tate's point of view. Underground fighter Remington Tate is a mystery, even to himself. His mind is dark and light, complex and enlightening. At times his actions and moods are carefully measured, and at others, they spin out of control. Through it all, there's been one constant: wanting, needing, loving, and protecting Brooke Dumas. This is his story; from the first moment he laid eyes on her and knew, without a doubt, she would be the realest thing he's ever had to fight for""--"
1476764603,Working it,Kendall Ryan,"""A story of heart-stopping, toe-curling passion by the beloved bestselling author of Hard to Love, Resisting Her, and The Impact of You. Straight-laced and well-mannered southerner Emmy Clarke is out of her depth in New York City's fashion world, but when she lands a job as an assistant at a modeling agency it seems like the perfect mix of business and pleasure. Working under the notoriously tyrannical Fiona Stone is a nightmare, but there's one distinct perk: ogling the ridiculously hot male models who parade through the office--particularly rising star Ben Shaw. Ben is everything Emmy's not: exquisitely gorgeous, highly paid, and well-traveled. He's also got more issues than Vogue. Emmy looks after Ben on photo shoots, but she refuses to become another one of his lusting groupies. Ben finds Emmy's refreshingly real attitude to be surprisingly attractive. Against a backdrop of the most fashionable cities in the world, casual flirting turns into an illicit affair, but when Ben's twisted past is revealed, and the bitter Fiona catches wind of their relationship, their careers and hearts are threatened""--

""A sexy contemporary romance novel set in the world of the New York City fashion industry. The novel takes place in New York City, Paris, and Milan""--","Working it by Kendall Ryan. ""A story of heart-stopping, toe-curling passion by the beloved bestselling author of Hard to Love, Resisting Her, and The Impact of You. Straight-laced and well-mannered southerner Emmy Clarke is out of her depth in New York City's fashion world, but when she lands a job as an assistant at a modeling agency it seems like the perfect mix of business and pleasure. Working under the notoriously tyrannical Fiona Stone is a nightmare, but there's one distinct perk: ogling the ridiculously hot male models who parade through the office--particularly rising star Ben Shaw. Ben is everything Emmy's not: exquisitely gorgeous, highly paid, and well-traveled. He's also got more issues than Vogue. Emmy looks after Ben on photo shoots, but she refuses to become another one of his lusting groupies. Ben finds Emmy's refreshingly real attitude to be surprisingly attractive. Against a backdrop of the most fashionable cities in the world, casual flirting turns into an illicit affair, but when Ben's twisted past is revealed, and the bitter Fiona catches wind of their relationship, their careers and hearts are threatened""--

""A sexy contemporary romance novel set in the world of the New York City fashion industry. The novel takes place in New York City, Paris, and Milan""--"
147677594X,Rush too far,Abbi Glines,"""Everyone in Rosemary Beach thinks they know how Rush Finlay and Blaire Wynn fell in love. But Rush is back to tell his side of the story ... Rush has earned every bit of his bad-boy reputation. The three-story beach house, luxury car, and line of girls begging for time between his sheets are the envy of every guy in Rosemary Beach, and Rush handles it all with the laid-back cool of a rock star's son. All he needs are his best friend, Grant, and his sister, Nan. Until Blaire Wynn drives into town in her beat-up pickup truck with a pistol under her seat. The Alabama farm girl instantly captures Rush's attention once he discovers that the angelic beauty is his new stepsister, but he vows to keep his distance. Even if she needs his help. Even if he craves her. Because Rush knows why Blaire is all alone in the world, forced to ask for help from the father who abandoned her three years ago. And he knows if he gets too close it will destroy Nan, who has a secret connection to Blaire. He has every reason in the world to stay away from her. Find out why he doesn't""--

""A new adult novel featuring Rush and Blaire in the Rosemary Beach series""--","Rush too far by Abbi Glines. ""Everyone in Rosemary Beach thinks they know how Rush Finlay and Blaire Wynn fell in love. But Rush is back to tell his side of the story ... Rush has earned every bit of his bad-boy reputation. The three-story beach house, luxury car, and line of girls begging for time between his sheets are the envy of every guy in Rosemary Beach, and Rush handles it all with the laid-back cool of a rock star's son. All he needs are his best friend, Grant, and his sister, Nan. Until Blaire Wynn drives into town in her beat-up pickup truck with a pistol under her seat. The Alabama farm girl instantly captures Rush's attention once he discovers that the angelic beauty is his new stepsister, but he vows to keep his distance. Even if she needs his help. Even if he craves her. Because Rush knows why Blaire is all alone in the world, forced to ask for help from the father who abandoned her three years ago. And he knows if he gets too close it will destroy Nan, who has a secret connection to Blaire. He has every reason in the world to stay away from her. Find out why he doesn't""--

""A new adult novel featuring Rush and Blaire in the Rosemary Beach series""--"
1476776016,Never too far,Abbi Glines,"""Just when Blaire allowed herself to fall for her stepbrother, Rush, he revealed a life-altering secret so devastating that she couldn't forgive him. Unable to face him again, Blaire leaves the promise of true love behind in Rosemary Beach and returns to the comforts of her small town in Alabama, wanting nothing more than to put the summer behind her. But unexpected news complicates Blaire's plans, and she's forced to trust the one man she shouldn't. Trapped between Rush's fierce desire to win her back and her own sense of self-preservation, Blaire doesn't know if she's doing the right thing . . . or if she's making the biggest mistake of her life."" --","Never too far by Abbi Glines. ""Just when Blaire allowed herself to fall for her stepbrother, Rush, he revealed a life-altering secret so devastating that she couldn't forgive him. Unable to face him again, Blaire leaves the promise of true love behind in Rosemary Beach and returns to the comforts of her small town in Alabama, wanting nothing more than to put the summer behind her. But unexpected news complicates Blaire's plans, and she's forced to trust the one man she shouldn't. Trapped between Rush's fierce desire to win her back and her own sense of self-preservation, Blaire doesn't know if she's doing the right thing . . . or if she's making the biggest mistake of her life."" --"
1476776040,Forever too far,Abbi Glines,"Rush and Blaire return to Rosemary Beach to settle down and start a family, but Rush's relationship with his sister threatens their happiness.","Forever too far by Abbi Glines. Rush and Blaire return to Rosemary Beach to settle down and start a family, but Rush's relationship with his sister threatens their happiness."
1476783284,Finding Cinderella,Colleen Hoover,,Finding Cinderella by Colleen Hoover
1477473971,Noah,Elizabeth Reyes,,Noah by Elizabeth Reyes
1477571086,Against the Wall,Julie Prestsater,,Against the Wall by Julie Prestsater
1477661875,Seduction and Snacks,Tara Sivec,,Seduction and Snacks by Tara Sivec
1477665412,Barely Breathing,Rebecca Donovan,,Barely Breathing by Rebecca Donovan
1477694919,Perfect for You,Kate Perry,,Perfect for You by Kate Perry
1477805028,The mighty storm,Samantha Towle,,The mighty storm by Samantha Towle
1477805052,Wethering the storm,Samantha Towle,"""Music journalist Tru Bennett has done the impossible: capture the heart of rock-star bad boy Jake Wethers. Now they're busy planning a wedding and navigating their new life together in the U.S. Of course, Tru misses London and her best friend, Simone, but living happily ever after with Jake in LA is going to be great ... right? Wrong. Even the bright California sun can't whitewash the dark side of celebrity coupledom. Greedy music execs, merciless paparazzi, and Jake's wild past are lurking around every corner. Making matters worse, Jake announces he doesn't want kids, which just may be a deal breaker. Tru loves Jake more than anything. But when a devastating crisis threatens to destroy everything they've fought for, the couple must face the hard truth: What if, this time, love is not enough?""--Amazon.com, viewed September 23, 2013.","Wethering the storm by Samantha Towle. ""Music journalist Tru Bennett has done the impossible: capture the heart of rock-star bad boy Jake Wethers. Now they're busy planning a wedding and navigating their new life together in the U.S. Of course, Tru misses London and her best friend, Simone, but living happily ever after with Jake in LA is going to be great ... right? Wrong. Even the bright California sun can't whitewash the dark side of celebrity coupledom. Greedy music execs, merciless paparazzi, and Jake's wild past are lurking around every corner. Making matters worse, Jake announces he doesn't want kids, which just may be a deal breaker. Tru loves Jake more than anything. But when a devastating crisis threatens to destroy everything they've fought for, the couple must face the hard truth: What if, this time, love is not enough?""--Amazon.com, viewed September 23, 2013."
1477808663,Game Changer,J. Sterling,,Game Changer by J. Sterling
1477808671,The perfect game,J. Sterling,"He's a game she never intended to play, and she's the game changer he never knew he needed. When Cassie meets rising baseball hopeful Jack, she is determined to steer clear of him and his typical cocky attitude. But Jack has other things on his mind ... like getting Cassie to give him the time of day. Sometimes life gets ugly before it gets beautiful ...","The perfect game by J. Sterling. He's a game she never intended to play, and she's the game changer he never knew he needed. When Cassie meets rising baseball hopeful Jack, she is determined to steer clear of him and his typical cocky attitude. But Jack has other things on his mind ... like getting Cassie to give him the time of day. Sometimes life gets ugly before it gets beautiful ..."
1477817158,Left drowning,Jessica Park,"Weighted down by the loss of her parents, Blythe McGuire struggles to keep her head above water as she trudges through her last year at Matthews College. Then a chance meeting sends Blythe crashing into something she doesn't expect--an undeniable attraction to a dark-haired senior named Chris Shepherd, whose past may be even more complicated than her own. As their relationship deepens, Chris pulls Blythe out of the stupor she's been in since the night a fire took half her family. She begins to heal, and even, haltingly, to love this guy who helps her find new paths to pleasure and self-discovery. But as Blythe moves into calmer waters, she realizes Chris is the one still strangled by his family's traumatic history. As dark currents threaten to pull him under, Blythe may be the only person who can keep him from drowning.","Left drowning by Jessica Park. Weighted down by the loss of her parents, Blythe McGuire struggles to keep her head above water as she trudges through her last year at Matthews College. Then a chance meeting sends Blythe crashing into something she doesn't expect--an undeniable attraction to a dark-haired senior named Chris Shepherd, whose past may be even more complicated than her own. As their relationship deepens, Chris pulls Blythe out of the stupor she's been in since the night a fire took half her family. She begins to heal, and even, haltingly, to love this guy who helps her find new paths to pleasure and self-discovery. But as Blythe moves into calmer waters, she realizes Chris is the one still strangled by his family's traumatic history. As dark currents threaten to pull him under, Blythe may be the only person who can keep him from drowning."
1477817182,Out of breath,"Donovan, Rebecca (Novelist)","""Emma Thomas is hiding.  From everything and everyone...including herself.  But she can't hide forever.  Her past will find her, and her secrets won't remain quiet--not if she wants to be forgiven.  Emma learns that honesty can hurt worse than betrayal, and the truth may cost her the only love she's ever known""--Back cover.","Out of breath by Donovan, Rebecca (Novelist). ""Emma Thomas is hiding.  From everything and everyone...including herself.  But she can't hide forever.  Her past will find her, and her secrets won't remain quiet--not if she wants to be forgiven.  Emma learns that honesty can hurt worse than betrayal, and the truth may cost her the only love she's ever known""--Back cover."
1477817484,Shame on you,Tara Sivec,,Shame on you by Tara Sivec
1477817492,Off the record,K. A. Linde,,Off the record by K. A. Linde
1477817506,Beautifully damaged,L. A. Fiore,"""Ember Walsh is a trusting soul with the quiet beauty of her late mother, who perished in a mysterious car crash when Ember was three.  A little tomboyish from being raised by her father, Ember packs a punch when a stranger gets pushy with her in a bar, catching the steely blue eyes of a tall, gorgeous tattooed ma--Trace Montgomery.  Still damaged from her last disastrous relationship and warned off the bad boy by friends, Ember fights the smoldering heat that Trace sparks in her when he begins shadowing her like a dark angel.  Burdened by a lifetime of horror and heartbreak, amateur fighter Trace doesn't want to want Ember.  His deep self-loathing keeps him from having any meaningful relationships, but Ember is an itch he can't scratch.  The two push and pull, slowly crumbling their walls, seemingly brought together by fate, because the turmoil that haunts their pasts is interlinked in undeniable ways.  But can these two fighters finally lay down their arms?""--Amazon.com.","Beautifully damaged by L. A. Fiore. ""Ember Walsh is a trusting soul with the quiet beauty of her late mother, who perished in a mysterious car crash when Ember was three.  A little tomboyish from being raised by her father, Ember packs a punch when a stranger gets pushy with her in a bar, catching the steely blue eyes of a tall, gorgeous tattooed ma--Trace Montgomery.  Still damaged from her last disastrous relationship and warned off the bad boy by friends, Ember fights the smoldering heat that Trace sparks in her when he begins shadowing her like a dark angel.  Burdened by a lifetime of horror and heartbreak, amateur fighter Trace doesn't want to want Ember.  His deep self-loathing keeps him from having any meaningful relationships, but Ember is an itch he can't scratch.  The two push and pull, slowly crumbling their walls, seemingly brought together by fate, because the turmoil that haunts their pasts is interlinked in undeniable ways.  But can these two fighters finally lay down their arms?""--Amazon.com."
1477847103,Someone to love,Addison Moore,"""When twenty-year-old Kendall Jordan transfers across the country to Garrison University, the last thing she's looking for is a one-night stand. Unfortunately that's exactly what gorgeous Cruise Elton offers. Kendall has long since come to realize that love is an illusion, and Cruise couldn't agree more--but something deep inside her wants him all for herself. So Kendall devises a plan to ""play the player"" and proposes that Cruise tutor her in becoming a female version of himself--Garrison University's own playboy. But as real feelings emerge, the game gets complicated, and Kendall and Cruise will find themselves questioning everything they thought they knew about love""--Page 4 of cover.","Someone to love by Addison Moore. ""When twenty-year-old Kendall Jordan transfers across the country to Garrison University, the last thing she's looking for is a one-night stand. Unfortunately that's exactly what gorgeous Cruise Elton offers. Kendall has long since come to realize that love is an illusion, and Cruise couldn't agree more--but something deep inside her wants him all for herself. So Kendall devises a plan to ""play the player"" and proposes that Cruise tutor her in becoming a female version of himself--Garrison University's own playboy. But as real feelings emerge, the game gets complicated, and Kendall and Cruise will find themselves questioning everything they thought they knew about love""--Page 4 of cover."
1478132744,Avoiding Commitment,K Linde,,Avoiding Commitment by K Linde
1478314605,Futures and Frosting,Tara Sivec,,Futures and Frosting by Tara Sivec
1479103780,Back to You,Priscilla Glenn,,Back to You by Priscilla Glenn
1479145211,Lengths,Steph Campbell,,Lengths by Steph Campbell
1479218685,Bouquet Toss,Melissa Brown,,Bouquet Toss by Melissa Brown
1479245712,Unravel Me,Kendall Ryan,,Unravel Me by Kendall Ryan
1479318868,Make Me Yours,Kendall Ryan,,Make Me Yours by Kendall Ryan
1479327573,Beyond Shame,Kit Rocha,,Beyond Shame by Kit Rocha
1479333573,I Love You to Death (Volume 1),Natalie Ward,,I Love You to Death (Volume 1) by Natalie Ward
1479359084,Sins & Needles,Karina Halle,,Sins & Needles by Karina Halle
1479372749,Disastrous,E. L. Montes,,Disastrous by E. L. Montes
147937296X,Ten Days of Perfect,Andrea Randall,,Ten Days of Perfect by Andrea Randall
1479390046,Rock the Heart,Michelle Valentine,,Rock the Heart by Michelle Valentine
1479398772,Crush,Lacey Weatherford,,Crush by Lacey Weatherford
1480008907,Fade,Kate Dawes,,Fade by Kate Dawes
1480055549,Final Piece,Maggi Myers,,Final Piece by Maggi Myers
1480074616,,,,1480074616
148008591X,Ivy Lessons,J. Lerman,,Ivy Lessons by J. Lerman
1480089133,Always You,Kirsty Moseley,,Always You by Kirsty Moseley
1480096954,Nobody's perfect,Kallypso Masters,"Savannah escaped from her abusive father, but when he threatens her peace of mind she runs to the only man she believes can protect her.

Savannah/Savi escaped years of abuse at the hands of her father and finally made a safe life for herself and her daughter. But when her father once again threatens her peace of mind-- and her daughter's safety-- Savi runs to Damián Orlando for protection. Eight years earlier she shared one perfect day with Damián that changed both their young lives and resulted in a secret she no longer can hide. But being with Damián reawakens repressed memories and feelings she wants to keep buried. Damián, a wounded warrior, has had his own dragons to fight in life, but will lay down his life to protect her and her daughter.","Nobody's perfect by Kallypso Masters. Savannah escaped from her abusive father, but when he threatens her peace of mind she runs to the only man she believes can protect her.

Savannah/Savi escaped years of abuse at the hands of her father and finally made a safe life for herself and her daughter. But when her father once again threatens her peace of mind-- and her daughter's safety-- Savi runs to Damián Orlando for protection. Eight years earlier she shared one perfect day with Damián that changed both their young lives and resulted in a secret she no longer can hide. But being with Damián reawakens repressed memories and feelings she wants to keep buried. Damián, a wounded warrior, has had his own dragons to fight in life, but will lay down his life to protect her and her daughter."
1480114065,In the Band,Jean Haus,,In the Band by Jean Haus
1480114480,Proposition,Katie Ashley,,Proposition by Katie Ashley
1480125717,Bound Together,Marie Coulson,,Bound Together by Marie Coulson
1480132705,Where I Need to Be: (Club 24 #1) (Volume 1),Kimberly Knight,,Where I Need to Be: (Club 24 #1) (Volume 1) by Kimberly Knight
1480138320,Broken (This),J.B. McGee,,Broken (This) by J.B. McGee
1480141283,Fall from Grace,Christine Zolendz,,Fall from Grace by Christine Zolendz
1480170623,Saving Grace,Christine Zolendz,,Saving Grace by Christine Zolendz
1480186120,Troubles and Treats,Tara Sivec,,Troubles and Treats by Tara Sivec
1480213985,Charade,Nyrae Dawn,,Charade by Nyrae Dawn
1480225649,Fallen Crest High,Tijan,,Fallen Crest High by Tijan
1480226300,Chasing Beautiful,Pamela Ann,,Chasing Beautiful by Pamela Ann
148023365X,Letting Go,Jennifer Foor,,Letting Go by Jennifer Foor
1480264024,Raging Love,Jennifer Foor,,Raging Love by Jennifer Foor
1480276855,Come Away with Me,Kristen Proby,,Come Away with Me by Kristen Proby
1480278807,"Lexi, Baby",Lynda LeeAnne,,"Lexi, Baby by Lynda LeeAnne"
1480297275,Every Which Way,Calia Read,,Every Which Way by Calia Read
1480529699,,,,1480529699
1480536466,,,,1480536466
1480568503,,,,1480568503
1481004379,Accidentally on Purpose,L. D. Davis,,Accidentally on Purpose by L. D. Davis
1481025988,Miss Me Not,Tiffany King,,Miss Me Not by Tiffany King
1481042440,Hard to Love,Kendall Ryan,,Hard to Love by Kendall Ryan
1481058134,Undeniable,Madeline Sheehan,,Undeniable by Madeline Sheehan
1481060139,Painted Faces,L. H. Cosway,,Painted Faces by L. H. Cosway
1481060953,Avoiding Responsibility,K.A. Linde,,Avoiding Responsibility by K.A. Linde
1481100920,Deeper We Fall,Chelsea Cameron,,Deeper We Fall by Chelsea Cameron
148111834X,Chasing Imperfection,Pamela Ann,,Chasing Imperfection by Pamela Ann
1481152718,Nobody's Hero,Kallypso Masters,,Nobody's Hero by Kallypso Masters
1481162527,A beautiful struggle,Lilliana Anderson,"Katrina Mahoney lives in Sydney's western suburbs. She has a full life attending university studying for a law degree, training for triathlons and working. She couldn't possibly find time for a relationship especially after her last one ended so terribly. So she focuses on studying, training and working while hanging out with her best friend David Taylor, a womanizer with a heart of gold. That is, until Elliot Roberts, a junior solicitor from work shows an interest in her despite the office's no dating policy.","A beautiful struggle by Lilliana Anderson. Katrina Mahoney lives in Sydney's western suburbs. She has a full life attending university studying for a law degree, training for triathlons and working. She couldn't possibly find time for a relationship especially after her last one ended so terribly. So she focuses on studying, training and working while hanging out with her best friend David Taylor, a womanizer with a heart of gold. That is, until Elliot Roberts, a junior solicitor from work shows an interest in her despite the office's no dating policy."
148117567X,Resisting Her,Kendall Ryan,,Resisting Her by Kendall Ryan
148120811X,,,,148120811X
1481212079,This Beautiful Thing,Amanda Heath,,This Beautiful Thing by Amanda Heath
1481258885,A Beautiful Lie,T. E. Sivec,,A Beautiful Lie by T. E. Sivec
1481268503,Sometimes Never,Cheryl McIntyre,,Sometimes Never by Cheryl McIntyre
1481280767,A Shade Of Vampire,Bella Forrest,,A Shade Of Vampire by Bella Forrest
1481406701,Sometimes It Lasts,Abbi Glines,"Enduring a long-distance relationship with the beautiful but hot-tempered Eva after landing a baseball scholarship, Cage resolves to prove his worth when he learns that Eva has been consoling herself in the arms of another man.","Sometimes It Lasts by Abbi Glines. Enduring a long-distance relationship with the beautiful but hot-tempered Eva after landing a baseball scholarship, Cage resolves to prove his worth when he learns that Eva has been consoling herself in the arms of another man."
1481802119,Scornfully Yours (Torn) (Volume 1),Pamela Ann,,Scornfully Yours (Torn) (Volume 1) by Pamela Ann
1481802224,Lily's Mistake,Pamela Ann,,Lily's Mistake by Pamela Ann
1481841009,Never Have I Ever,August Clearwing,,Never Have I Ever by August Clearwing
1481866842,Beautiful Forever,Lilliana Anderson,,Beautiful Forever by Lilliana Anderson
148188607X,Tear,Rachel Van Dyken,,Tear by Rachel Van Dyken
148188669X,Rocked Under,Cora Hawkes,,Rocked Under by Cora Hawkes
1481896857,Mid Life Love,Whitney G.,,Mid Life Love by Whitney G.
1481901907,Running on Empty,L. B. Simmons,,Running on Empty by L. B. Simmons
1481909282,Escorted,Claire Kent,,Escorted by Claire Kent
1481931628,Bent,H. B. Heinzer,,Bent by H. B. Heinzer
1481936603,There Is No Light in Darkness,Claire Contreras,,There Is No Light in Darkness by Claire Contreras
1481948997,Dirty Red,Tarryn Fisher,,Dirty Red by Tarryn Fisher
1481953214,Relentless,Cassia Leo,,Relentless by Cassia Leo
1481955306,Ruining Me,Nicole Reed,,Ruining Me by Nicole Reed
1481957597,Never Forget,Emma Hart,,Never Forget by Emma Hart
1481960741,The Proposal,Katie Ashley,,The Proposal by Katie Ashley
1481962116,Ruining You,Nicole Reed,,Ruining You by Nicole Reed
1481968890,Mending,J. B. McGee,,Mending by J. B. McGee
1481976303,Wanting More,Jennifer Foor,,Wanting More by Jennifer Foor
1481984071,Phoenix Rockstar,Bec Botefuhr,,Phoenix Rockstar by Bec Botefuhr
1481987712,LUKE,Cassia Leo,,LUKE by Cassia Leo
1481988867,Emancipating Andie,Priscilla Glenn,,Emancipating Andie by Priscilla Glenn
1481999842,Scandalous,H. M. Ward,,Scandalous by H. M. Ward
1482012294,Remember When,T. Torrest,,Remember When by T. Torrest
1482015560,Deceived - Part 1 New York,Eve Carter,,Deceived - Part 1 New York by Eve Carter
1482016931,Dark Light,S. L. Jennings,,Dark Light by S. L. Jennings
1482063557,Broken at love,Lyla Payne,,Broken at love by Lyla Payne
1482084007,Close Up and Personal,JS Taylor,,Close Up and Personal by JS Taylor
148230810X,Beg,C. D. Reiss,,Beg by C. D. Reiss
148231312X,Going under,S. Walden,"Brooke Wright has only two goals her senior year at Charity Run High School: stay out of trouble and learn to forgive herself for the past. Forgiveness proves elusive, and trouble finds her anyway when she discovers a secret club at school connected to the death of her best friend. She learns that swim team members participate in a ""Fantasy Slut League,"" scoring points for their sexual acts with unsuspecting girls. Brooke, wracked with guilt over her friend's death, decides to infiltrate the league by becoming one of the ""unsuspecting girls,"" and exact revenge on the boys who stole away her best friend. An unexpected romance complicates her plans, and her dogged pursuit of justice turns her reckless as she underestimates just how far the boys will go to keep their sex club a secret. (This book contains graphic sex and language and a description of sexual violence. Please take the content warning seriously.).","Going under by S. Walden. Brooke Wright has only two goals her senior year at Charity Run High School: stay out of trouble and learn to forgive herself for the past. Forgiveness proves elusive, and trouble finds her anyway when she discovers a secret club at school connected to the death of her best friend. She learns that swim team members participate in a ""Fantasy Slut League,"" scoring points for their sexual acts with unsuspecting girls. Brooke, wracked with guilt over her friend's death, decides to infiltrate the league by becoming one of the ""unsuspecting girls,"" and exact revenge on the boys who stole away her best friend. An unexpected romance complicates her plans, and her dogged pursuit of justice turns her reckless as she underestimates just how far the boys will go to keep their sex club a secret. (This book contains graphic sex and language and a description of sexual violence. Please take the content warning seriously.)."
1482318687,Checkmate,R.L. Mathewson,,Checkmate by R.L. Mathewson
1482319055,True Love Story,Willow Aster,,True Love Story by Willow Aster
1482332574,Fight With Me,Kristen Proby,,Fight With Me by Kristen Proby
1482333139,Plastic Hearts,Lisa De Jong,,Plastic Hearts by Lisa De Jong
148234873X,Beauty From Pain,Georgia Cates,,Beauty From Pain by Georgia Cates
1482524058,Fall Guy,Liz Reinhardt,,Fall Guy by Liz Reinhardt
1482524759,Tangled Beauty,K. L. Middleton,,Tangled Beauty by K. L. Middleton
1482529858,Avoiding Intimacy,K. A. Linde,,Avoiding Intimacy by K. A. Linde
1482571145,Pull,Rachel Van Dyken,,Pull by Rachel Van Dyken
1482594129,Waiting for You,Shey Stahl,,Waiting for You by Shey Stahl
1482596709,Scandalous,H. M. Ward,,Scandalous by H. M. Ward
148261376X,The arrangement,H. M. Ward,"FML is becoming Avery's motto. Just when she doesn't think things could get any worse, they do. When her car stalls out at a busy intersection and she gets out to check under the hood, a guy steals her car. Armed with a dress and a pair of Chucks, Avery runs after the thief. When a hot stranger offers to help, she can't say no. That's how Avery meets Sean Ferro, the totally sexy, totally damaged guy with more secrets than she has time for.","The arrangement by H. M. Ward. FML is becoming Avery's motto. Just when she doesn't think things could get any worse, they do. When her car stalls out at a busy intersection and she gets out to check under the hood, a guy steals her car. Armed with a dress and a pair of Chucks, Avery runs after the thief. When a hot stranger offers to help, she can't say no. That's how Avery meets Sean Ferro, the totally sexy, totally damaged guy with more secrets than she has time for."
1482628961,The arrangement,H. M. Ward,"Avery's life is slipping between her fingers. Everything that she worked to achieve will be gone if she doesn't take this job. The idea of being a call girl doesn't appeal to Avery, but her first client does. Sean is too difficult to resist. The few times she's gotten close to Sean, he shuts down. This might be the opportunity to fix her finances and find love. She just has to have enough guts to go through with it.","The arrangement by H. M. Ward. Avery's life is slipping between her fingers. Everything that she worked to achieve will be gone if she doesn't take this job. The idea of being a call girl doesn't appeal to Avery, but her first client does. Sean is too difficult to resist. The few times she's gotten close to Sean, he shuts down. This might be the opportunity to fix her finances and find love. She just has to have enough guts to go through with it."
1482632462,Fighting for Flight,J. B. Salsbury,,Fighting for Flight by J. B. Salsbury
1482640058,Battlescars,Sophie Monroe,,Battlescars by Sophie Monroe
1482652226,Shattered Promises,Jessica Sorensen,,Shattered Promises by Jessica Sorensen
1482658143,A Different Blue,Amy Harmon,,A Different Blue by Amy Harmon
148265864X,After Math,Denise Grover Swank,,After Math by Denise Grover Swank
1482680858,Bullet,Jade C. Jamison,,Bullet by Jade C. Jamison
1482687240,Demon at My Door,Michelle A. Valentine,,Demon at My Door by Michelle A. Valentine
1482692163,Belong To You,Vi Keeland,,Belong To You by Vi Keeland
1482718529,Moving Forward,Erika Taylor,,Moving Forward by Erika Taylor
1482747634,Surrender Your Love,J. C. Reed,,Surrender Your Love by J. C. Reed
1482767775,Wanted,Kimberly Knight,,Wanted by Kimberly Knight
148276895X,Playing Patience,Tabatha Vargo,,Playing Patience by Tabatha Vargo
1482772973,Present perfect,Alison G. Bailey,"""I've been unsure about many things in my life except for one thing, that I have always loved him. Every single minute of every single day that I have been on this earth, my heart has belonged to him. It has never been a question, never a doubt. The love had taken on many different forms over the years, but it had always been a constant. Everyone has their definition of love. There have been countless songs sung about it. A gazillion books, articles, and poems written about it. There are experts on love who will tell you how to get it, keep it, and get over it. We're led to believe love is complicated. It's not the love that's complicated. It's all the crap that we attach to it and put in front of it that makes it difficult. If you're smart, you'll realize this before it's too late and simplify."" Amanda Kelly spent her entire life trying to control every aspect of it, while striving for perfection. Her obsession with being perfect, along with her feelings of worthlessness, consumed her. The one thing she thought was perfect in her life was the bond she shared with her best friend, Noah. Everything was going according to her life plan until she woke up one day and realized she had fallen in love with him. The one thing she couldn't control was the affect he had on her. Noah had the power to give her one hundred lifetimes of happiness, which also gave him the power to completely devastate her. He was the one thing in her life that was perfect, but she couldn't allow herself to have him. Her life begins to unravel. Events take over and force her to let go of her dreams and desires. She needs to realize that a person cannot control the events in their life, only their reaction to them ... but will it be too late for her to save her relationship with her best friend? Present Perfect is a story of how past events have present consequences and how perfect your present could be if you stopped fighting and just allowed it to happen.","Present perfect by Alison G. Bailey. ""I've been unsure about many things in my life except for one thing, that I have always loved him. Every single minute of every single day that I have been on this earth, my heart has belonged to him. It has never been a question, never a doubt. The love had taken on many different forms over the years, but it had always been a constant. Everyone has their definition of love. There have been countless songs sung about it. A gazillion books, articles, and poems written about it. There are experts on love who will tell you how to get it, keep it, and get over it. We're led to believe love is complicated. It's not the love that's complicated. It's all the crap that we attach to it and put in front of it that makes it difficult. If you're smart, you'll realize this before it's too late and simplify."" Amanda Kelly spent her entire life trying to control every aspect of it, while striving for perfection. Her obsession with being perfect, along with her feelings of worthlessness, consumed her. The one thing she thought was perfect in her life was the bond she shared with her best friend, Noah. Everything was going according to her life plan until she woke up one day and realized she had fallen in love with him. The one thing she couldn't control was the affect he had on her. Noah had the power to give her one hundred lifetimes of happiness, which also gave him the power to completely devastate her. He was the one thing in her life that was perfect, but she couldn't allow herself to have him. Her life begins to unravel. Events take over and force her to let go of her dreams and desires. She needs to realize that a person cannot control the events in their life, only their reaction to them ... but will it be too late for her to save her relationship with her best friend? Present Perfect is a story of how past events have present consequences and how perfect your present could be if you stopped fighting and just allowed it to happen."
1482776472,Translation of Love,Alice Montalvo-Tribue,,Translation of Love by Alice Montalvo-Tribue
1482791285,Breaking the Wrong,Calia Read,,Breaking the Wrong by Calia Read
1482792621,Play with Me,Kristen Proby,,Play with Me by Kristen Proby
1483901890,Dark Prince,S. L. Jennings,,Dark Prince by S. L. Jennings
148390329X,The Love Game,Emma Hart,,The Love Game by Emma Hart
1483912647,Wide Awake,Shelly Crane,,Wide Awake by Shelly Crane
148391366X,Secrets,H. M. Ward,,Secrets by H. M. Ward
1483918432,Picture Perfect,Alessandra Thomas,,Picture Perfect by Alessandra Thomas
1483918777,The Bet,Rachel Van Dyken,,The Bet by Rachel Van Dyken
1483920607,Find You in the Dark,A. Meredith Walters,,Find You in the Dark by A. Meredith Walters
1483935906,Every Rose,Lynetta Halat,,Every Rose by Lynetta Halat
1483940993,Wreck Me,J. L. Mac,,Wreck Me by J. L. Mac
1483948978,Flat-Out Matt,Jessica Park,,Flat-Out Matt by Jessica Park
1483966763,Music of the heart,Katie Ashley,"For Abby Renard, the plan was supposed to be simple -- join her brothers' band on the last leg of their summer tour and decide if she's finally ready for the limelight by becoming its fourth member. Of course, she never imagined stumbling onto the wrong tour bus at Rock Nation would accidentally land her in the bed of Jake Slater, the notorious womanizing lead singer of Runaway Train. When he mistakes her for one of his groupie's, Abby quickly lets him know she sure as hell isn't in his bed on purpose. Jake Slater never imagined the angel who fell into his bed would resist his charms by promptly kneeing him in the balls. Of course, the fact she seems like a prissy choir girl makes her anything but his type. So he is more than surprised when after betting Abby she wouldn't last a week on their tour bus, she is more than willing to prove him wrong. But as Jake's personal life begins to implode around him, he finds an unlikely ally in Abby. He's never met a woman he can talk to, joke with, or most importantly make music with. As the week starts comes to a close, neither Abby nor Jake is ready to let go. Can a sweetheart Country songstress and a bad boy of Rock N Roll actually have a future together?","Music of the heart by Katie Ashley. For Abby Renard, the plan was supposed to be simple -- join her brothers' band on the last leg of their summer tour and decide if she's finally ready for the limelight by becoming its fourth member. Of course, she never imagined stumbling onto the wrong tour bus at Rock Nation would accidentally land her in the bed of Jake Slater, the notorious womanizing lead singer of Runaway Train. When he mistakes her for one of his groupie's, Abby quickly lets him know she sure as hell isn't in his bed on purpose. Jake Slater never imagined the angel who fell into his bed would resist his charms by promptly kneeing him in the balls. Of course, the fact she seems like a prissy choir girl makes her anything but his type. So he is more than surprised when after betting Abby she wouldn't last a week on their tour bus, she is more than willing to prove him wrong. But as Jake's personal life begins to implode around him, he finds an unlikely ally in Abby. He's never met a woman he can talk to, joke with, or most importantly make music with. As the week starts comes to a close, neither Abby nor Jake is ready to let go. Can a sweetheart Country songstress and a bad boy of Rock N Roll actually have a future together?"
148398348X,Caught up in Us,Lauren Blakely,,Caught up in Us by Lauren Blakely
148398527X,Pieces of you,Cassia Leo,"""Claire Nixon is only twenty-one, but her heart has been shattered and put back together more times than she can count. Finding solace in meditation and a change of location, she thought she had buried her painful secret for good. Then she met the persistent and sexy Adam Parker. Adam's pursuit of Claire's heart and her secret nearly destroyed them, but their love was relentless. With no more secrets between them, Claire and Adam thought they had it all figured out. Though they knew they'd never be whole again, their love had survived the test. Until Claire's rock star ex-boyfriend, Chris Knight, came back. Now Chris has promised to mend the final piece of Claire's broken heart as only he can. With Claire attending college a hundred miles away from Adam and Adam's busy travel schedule, Chris's offer looks more and more enticing.""--Page 4 of cover.","Pieces of you by Cassia Leo. ""Claire Nixon is only twenty-one, but her heart has been shattered and put back together more times than she can count. Finding solace in meditation and a change of location, she thought she had buried her painful secret for good. Then she met the persistent and sexy Adam Parker. Adam's pursuit of Claire's heart and her secret nearly destroyed them, but their love was relentless. With no more secrets between them, Claire and Adam thought they had it all figured out. Though they knew they'd never be whole again, their love had survived the test. Until Claire's rock star ex-boyfriend, Chris Knight, came back. Now Chris has promised to mend the final piece of Claire's broken heart as only he can. With Claire attending college a hundred miles away from Adam and Adam's busy travel schedule, Chris's offer looks more and more enticing.""--Page 4 of cover."
1483998819,,,,1483998819
1484013387,Rock the Band,Michelle A. Valentine,,Rock the Band by Michelle A. Valentine
1484021959,Locked,Maya Cross,,Locked by Maya Cross
148403726X,For you,Mimi Strong,"""I should have known by the tattoos that Sawyer was trouble. My mother always said to stay away from boys with ink, but she ignored her own advice. She also abandoned me and my little sister. Life's been hard for the two of us, on the run and on our own, but I just turned twenty-one and started working at a bar in a new city. I wear a fake wedding band and a veil of lies. My gold ring didn't stop Sawyer. He looked into me with his heavenly green eyes, and I nearly forgot my pretty lies. Now he wants to help me get my life together.""--Back cover.","For you by Mimi Strong. ""I should have known by the tattoos that Sawyer was trouble. My mother always said to stay away from boys with ink, but she ignored her own advice. She also abandoned me and my little sister. Life's been hard for the two of us, on the run and on our own, but I just turned twenty-one and started working at a bar in a new city. I wear a fake wedding band and a veil of lies. My gold ring didn't stop Sawyer. He looked into me with his heavenly green eyes, and I nearly forgot my pretty lies. Now he wants to help me get my life together.""--Back cover."
1484038487,On Every Street,Karina Halle,,On Every Street by Karina Halle
1484043596,Trying Not to Love You,Megan Smith,,Trying Not to Love You by Megan Smith
1484050371,No Attachments,Tiffany King,,No Attachments by Tiffany King
1484053699,Second Chance Boyfriend,Monica Murphy,,Second Chance Boyfriend by Monica Murphy
1484055268,Trophy Husband,Lauren Blakely,,Trophy Husband by Lauren Blakely
1484068769,Because of You (Playing with Fire),T.E. Sivec,,Because of You (Playing with Fire) by T.E. Sivec
1484076168,Blasphemous,Pamela Ann,,Blasphemous by Pamela Ann
1484085906,Let Love In,Melissa Collins,,Let Love In by Melissa Collins
148410630X,Where the Ivy Grows,S. Quinn,,Where the Ivy Grows by S. Quinn
1484109724,Smitten,Lacey Weatherford,,Smitten by Lacey Weatherford
1484118782,In the Stillness,Andrea Randall,,In the Stillness by Andrea Randall
1484120906,Until I Break,M. Leighton,,Until I Break by M. Leighton
1484125460,Elite,Rachel Van Dyken,,Elite by Rachel Van Dyken
1484131622,Upside of Letting Go,Nacole Stayton,,Upside of Letting Go by Nacole Stayton
1484148037,Lost and Found,Nicole Williams,,Lost and Found by Nicole Williams
1484185064,Breathe into Me,Amanda Stone,,Breathe into Me by Amanda Stone
1484802039,"Take Care, Sara",Lindy Zart,,"Take Care, Sara by Lindy Zart"
1484807944,Rock with me,Kristen Proby,"""Front Man Leo Nash from the world-famous rock band, Nash, is the last person on earth Samantha Williams would trust. She's already learned about loving a celebrity the hard way and isn't signing up for another lesson. ... But, pleasure always comes with pain and when secrets are revealed and trust is challenged, who will run and who will chase?""--Page 4 of cover.","Rock with me by Kristen Proby. ""Front Man Leo Nash from the world-famous rock band, Nash, is the last person on earth Samantha Williams would trust. She's already learned about loving a celebrity the hard way and isn't signing up for another lesson. ... But, pleasure always comes with pain and when secrets are revealed and trust is challenged, who will run and who will chase?""--Page 4 of cover."
1484813642,IVAN,Roxie Rivera,,IVAN by Roxie Rivera
1484816064,Epilogue,C. J. Roberts,,Epilogue by C. J. Roberts
1484817095,Entice,Ella Frank,,Entice by Ella Frank
148482606X,Rock My Bed,Michelle A. Valentine,,Rock My Bed by Michelle A. Valentine
1484835263,Girl with guitar,Caisey Quinn,"""After Kylie's dad dies in a freak accident, he leaves her with nothing other than her crazy stepmother, Darla, and the ability to play guitar. When Darla kicks Kylie out and she loses her job all in the same day, she hops a bus to Nashville determined to make her late father's dreams come true. Waitressing and saving her pennies to record a demo, her big break comes when she's asked to join a tour going down the tubes with once platinum album-selling country music superstar Trace Corbin. But touring with Trace is hardly a dream come true since he's pretty much drinking his career down the drain. If Kylie can't pull Trace out of his rut, he'll pull her and her dreams down with him.""--Amazon.com","Girl with guitar by Caisey Quinn. ""After Kylie's dad dies in a freak accident, he leaves her with nothing other than her crazy stepmother, Darla, and the ability to play guitar. When Darla kicks Kylie out and she loses her job all in the same day, she hops a bus to Nashville determined to make her late father's dreams come true. Waitressing and saving her pennies to record a demo, her big break comes when she's asked to join a tour going down the tubes with once platinum album-selling country music superstar Trace Corbin. But touring with Trace is hardly a dream come true since he's pretty much drinking his career down the drain. If Kylie can't pull Trace out of his rut, he'll pull her and her dreams down with him.""--Amazon.com"
1484842812,Blind Attraction,Eden Summers,,Blind Attraction by Eden Summers
1484854152,The Berkeley Method,JS Taylor,,The Berkeley Method by JS Taylor
148485828X,Don't Hate the Player... Hate the Game,Katie Ashley,,Don't Hate the Player... Hate the Game by Katie Ashley
1484861280,Restore Me,J. L. Mac,,Restore Me by J. L. Mac
1484865510,Light in the Shadows (a Find You in the Dark Novel),A. Meredith Walters,,Light in the Shadows (a Find You in the Dark Novel) by A. Meredith Walters
1484889029,Beg Tease Submit - Sequence One,C. D. Reiss,,Beg Tease Submit - Sequence One by C. D. Reiss
1484890450,Forget Me Not,Sarah Daltry,,Forget Me Not by Sarah Daltry
1484909917,Last Boyfriend,J. S. Cooper,,Last Boyfriend by J. S. Cooper
1484920066,Knight and Stay,Kitty French,,Knight and Stay by Kitty French
1484920147,Knight and Play,Kitty French,,Knight and Play by Kitty French
1484924886,Because You're Mine,K. Langston,,Because You're Mine by K. Langston
1484931963,Forever You,Sandi Lynn,,Forever You by Sandi Lynn
1484966554,Chase,Chantal Fernando,,Chase by Chantal Fernando
1484967836,Saving Dallas,Kim Jones,,Saving Dallas by Kim Jones
1484968042,We Are Made of Stardust,Mimi Strong,,We Are Made of Stardust by Mimi Strong
1484972090,Safe Word,Teresa Mummert,,Safe Word by Teresa Mummert
1484988833,Forgiven,J. B. McGee,,Forgiven by J. B. McGee
1484994566,Emerge,S.E.Hall,,Emerge by S.E.Hall
148950995X,Afflicted,Sophie Monroe,,Afflicted by Sophie Monroe
1489515607,That First Kiss,J. C. Valentine,,That First Kiss by J. C. Valentine
1489515690,Breathless,Eve Carter,,Breathless by Eve Carter
1489516948,Cautious,E L Montes,,Cautious by E L Montes
1489519106,Impact of You,Kendall Ryan,,Impact of You by Kendall Ryan
1489521534,Unbeautifully,Madeline Sheehan,,Unbeautifully by Madeline Sheehan
1489528865,Skin Deep (Skin Deep #1),J.M. Stone,,Skin Deep (Skin Deep #1) by J.M. Stone
1489536213,Recovery,L.B. Simmons,,Recovery by L.B. Simmons
148953993X,Watch over Me,Tara Sivec,,Watch over Me by Tara Sivec
1489553207,Unbreakable,Rebecca Shea,,Unbreakable by Rebecca Shea
1489554408,Taming the Bachelor,M. J. Carnal,,Taming the Bachelor by M. J. Carnal
1489555293,Something great,Clarke Mr,"She didn't know what she was missing ... until he found her. Maxwell Knight was positively trouble, dangerously good-looking, and seductively charming. He was everything Jeanella didn't need in her life. Only Maxwell didn't see it that way. His pursuit was relentless, making her even more determined to push him away. Fresh out of college, life was simple and plain for Jeanella Mefferd. Every part of her life was smooth sailing; her friends, her job, and even the guy she'd started dating. Then one night, while at dinner, she spotted someone who made her feel things she'd never felt before--dangerous, heart pounding and breathless heat. Thinking she would never see him again, she brushed it off, but when she started to run into him unexpectedly, all she could think of was how he made her feel with his sweet flirtations. Everything about Maxwell Knight screamed trouble, especially when she found out he was her new boss's son. Now, heading to a New York fashion show, would she be able to focus on her career instead of Maxwell, who had been scheduled to attend with her? As much as she tried to forget their encounters, his good looks, smooth words and determination to win her over gravitated her toward him. The next thing she knew, her mind was utterly consumed by him. Would she be willing to ignore all the dangerous signs and jump into his arms? Or would she miss out on the chance of finding something great?","Something great by Clarke Mr. She didn't know what she was missing ... until he found her. Maxwell Knight was positively trouble, dangerously good-looking, and seductively charming. He was everything Jeanella didn't need in her life. Only Maxwell didn't see it that way. His pursuit was relentless, making her even more determined to push him away. Fresh out of college, life was simple and plain for Jeanella Mefferd. Every part of her life was smooth sailing; her friends, her job, and even the guy she'd started dating. Then one night, while at dinner, she spotted someone who made her feel things she'd never felt before--dangerous, heart pounding and breathless heat. Thinking she would never see him again, she brushed it off, but when she started to run into him unexpectedly, all she could think of was how he made her feel with his sweet flirtations. Everything about Maxwell Knight screamed trouble, especially when she found out he was her new boss's son. Now, heading to a New York fashion show, would she be able to focus on her career instead of Maxwell, who had been scheduled to attend with her? As much as she tried to forget their encounters, his good looks, smooth words and determination to win her over gravitated her toward him. The next thing she knew, her mind was utterly consumed by him. Would she be willing to ignore all the dangerous signs and jump into his arms? Or would she miss out on the chance of finding something great?"
148956621X,Inevitable,Angela Graham,,Inevitable by Angela Graham
1489570799,Love Plus One,Andrea Smith,,Love Plus One by Andrea Smith
1489578765,Private Message,Danielle Torella,,Private Message by Danielle Torella
1489591095,Beauty from surrender,Georgia Cates,"How do you move on when he's every song you sing? After Laurelyn walks away from Jack, she returns to Nashville to pursue the only dream she has left, and immerses herself in her music. An unforeseen opportunity sends her on a rocket ride straight to the top where Laurelyn finds the success she's always dreamed of. Meanwhile, Jack is searching for Laurelyn, but the woman he finds isn't the same one who drifted away without a goodbye. Can he make her visualize a life beyond the glitz and glamour ... a life that includes him?","Beauty from surrender by Georgia Cates. How do you move on when he's every song you sing? After Laurelyn walks away from Jack, she returns to Nashville to pursue the only dream she has left, and immerses herself in her music. An unforeseen opportunity sends her on a rocket ride straight to the top where Laurelyn finds the success she's always dreamed of. Meanwhile, Jack is searching for Laurelyn, but the woman he finds isn't the same one who drifted away without a goodbye. Can he make her visualize a life beyond the glitz and glamour ... a life that includes him?"
1490310835,Sexy Berkeley,Dani Lovell,,Sexy Berkeley by Dani Lovell
1490313281,Everything Changes,Shey Stahl,,Everything Changes by Shey Stahl
149031802X,Beautiful Broken Rules,Kimberly Lauren,,Beautiful Broken Rules by Kimberly Lauren
149032495X,Made for You,Vi Keeland,,Made for You by Vi Keeland
149033274X,Conquer Your Love,J.C. Reed,,Conquer Your Love by J.C. Reed
149033730X,Before Now,Cheryl McIntyre,,Before Now by Cheryl McIntyre
1490339973,Leo,Mia Sheridan,,Leo by Mia Sheridan
1490368574,Darkness Before Dawn,Claire Contreras,,Darkness Before Dawn by Claire Contreras
1490381716,Leo's Chance,Mia Sheridan,,Leo's Chance by Mia Sheridan
1490383395,Delayed Penalty,Shey Stahl,,Delayed Penalty by Shey Stahl
1490392602,Let Love Stay,Melissa Collins,,Let Love Stay by Melissa Collins
1490401822,Surviving Raine,Shay Savage,,Surviving Raine by Shay Savage
149040399X,Promise Me,Barbie Bohrman,,Promise Me by Barbie Bohrman
1490412727,Bad rep,A. Meredith Walters,"""Who gives a damn about their reputation? Oh, that would be me! Especially since mine had gone straight to hell in the span of thirty minutes."" Maysie Ardin is soaking up the summer before her junior year of college, shopping, hanging by the pool and shopping some more. But when her black belt in spending lands her in trouble with her parents, she is forced to take a second job at a local bar to dig herself out of a deep financial pit. She thought she?d be miserable. But then Maysie didn?t count on Jordan Levitt, the hot, pierced and tattooed, drum playing bartender who also happens to be very interested in her. And the feelings are totally mutual. It had the makings of the perfect romantic set up. Boy meets girl. Boy likes girl. Boy has girlfriend? Okay, maybe not. But attraction is a hard thing to ignore and soon Jordan and Maysie find themselves in the middle of a gossip induced firestorm. Maysie has to learn whether she can set aside her fear of public disapproval in order to be with the one she wants. Or will she let the opinions of others dictate her life and her heart?","Bad rep by A. Meredith Walters. ""Who gives a damn about their reputation? Oh, that would be me! Especially since mine had gone straight to hell in the span of thirty minutes."" Maysie Ardin is soaking up the summer before her junior year of college, shopping, hanging by the pool and shopping some more. But when her black belt in spending lands her in trouble with her parents, she is forced to take a second job at a local bar to dig herself out of a deep financial pit. She thought she?d be miserable. But then Maysie didn?t count on Jordan Levitt, the hot, pierced and tattooed, drum playing bartender who also happens to be very interested in her. And the feelings are totally mutual. It had the makings of the perfect romantic set up. Boy meets girl. Boy likes girl. Boy has girlfriend? Okay, maybe not. But attraction is a hard thing to ignore and soon Jordan and Maysie find themselves in the middle of a gossip induced firestorm. Maysie has to learn whether she can set aside her fear of public disapproval in order to be with the one she wants. Or will she let the opinions of others dictate her life and her heart?"
1490417737,Scars and Songs,Christine Zolendz,,Scars and Songs by Christine Zolendz
1490418547,Stay with Me,Elyssa Patrick,,Stay with Me by Elyssa Patrick
149041925X,Picturing Perfect,Melissa Brown,,Picturing Perfect by Melissa Brown
1490424601,Love Love,Beth Michele,,Love Love by Beth Michele
1490425071,Playing for Keeps,Emma Hart,,Playing for Keeps by Emma Hart
1490425497,In a Heartbeat,Hilary Storm,,In a Heartbeat by Hilary Storm
149043013X,Pulse,Gail McHugh,"""Now that Emily Cooper has walked away from her first love, she finds herself running toward her only love. Unraveling fast, but clinging to hope, Emily risks all she has left on the man that has consumed her every thought and dream since the day they met. Will Gavin take her back? And if so, will their reunion be a collision of two hearts destined to complete one another and rekindle a love that knew no boundaries? Or will scars from their past rip open, tearing slowly at what each of them was meant to be? Can fate, the ultimate game changer, mend the shattered road it laid out from the start?""--Page 4 of cover.","Pulse by Gail McHugh. ""Now that Emily Cooper has walked away from her first love, she finds herself running toward her only love. Unraveling fast, but clinging to hope, Emily risks all she has left on the man that has consumed her every thought and dream since the day they met. Will Gavin take her back? And if so, will their reunion be a collision of two hearts destined to complete one another and rekindle a love that knew no boundaries? Or will scars from their past rip open, tearing slowly at what each of them was meant to be? Can fate, the ultimate game changer, mend the shattered road it laid out from the start?""--Page 4 of cover."
1490436529,Killing Sarai,J. A. Redmerski,,Killing Sarai by J. A. Redmerski
1490439838,Saltwater Kisses,Krista Lakes,,Saltwater Kisses by Krista Lakes
1490449647,Light in the Wound,Christine Brae,,Light in the Wound by Christine Brae
1490471103,Forever Black,Sandi Lynn,,Forever Black by Sandi Lynn
1490487190,Wicked Games,Jill Myles,,Wicked Games by Jill Myles
1490490639,Escape from Paradise,Gwendolyn Field,,Escape from Paradise by Gwendolyn Field
1490506853,Savor You,Emily Snow,,Savor You by Emily Snow
1490515011,The Last Husband,J. S. Cooper,,The Last Husband by J. S. Cooper
1490559175,Bully,Penelope Douglas,"My name is Tate. He doesn't call me that, though. He would never refer to me so informally, if he referred to me at all. No, he'll barely even speak to me. But he still won't leave me alone. We were best friends once. Then he turned on me and made it his mission to ruin my life. I've been humiliated, shut out, and gossiped about all through high school. His pranks and rumors got more sadistic as time wore on, and I made myself sick trying to stay out of his way. I even went to France for a year, just to avoid him. But I'm done hiding from him now, and there's no way in hell I'll allow him to ruin my senior year. He might not have changed, but I have. It's time to fight back. I'm not going to let him bully me anymore!--From back cover.","Bully by Penelope Douglas. My name is Tate. He doesn't call me that, though. He would never refer to me so informally, if he referred to me at all. No, he'll barely even speak to me. But he still won't leave me alone. We were best friends once. Then he turned on me and made it his mission to ruin my life. I've been humiliated, shut out, and gossiped about all through high school. His pranks and rumors got more sadistic as time wore on, and I made myself sick trying to stay out of his way. I even went to France for a year, just to avoid him. But I'm done hiding from him now, and there's no way in hell I'll allow him to ruin my senior year. He might not have changed, but I have. It's time to fight back. I'm not going to let him bully me anymore!--From back cover."
1490560432,,,,1490560432
1490568530,Unbroken,Melody Grace,,Unbroken by Melody Grace
1490572082,Underestimated,Jettie Woodruff,,Underestimated by Jettie Woodruff
1490596801,Search Me,Katie Ashley,,Search Me by Katie Ashley
1490906134,Wake up Call,Victoria Ashley,,Wake up Call by Victoria Ashley
1490916636,More Than This,Jay Mclean,,More Than This by Jay Mclean
1490922423,Mourning After,Adriane Leigh,,Mourning After by Adriane Leigh
1490940499,When You're Ready,J. Berg,,When You're Ready by J. Berg
1490943781,Love In Between,Sandi Lynn,,Love In Between by Sandi Lynn
1490943846,Forever Us,Sandi Lynn,,Forever Us by Sandi Lynn
1490946810,Axel,Harper Sloan,,Axel by Harper Sloan
1490962050,So Much It Hurts,Melanie Dawn,,So Much It Hurts by Melanie Dawn
149097136X,Good,S. Walden,,Good by S. Walden
1490974377,Rock My World,Michelle A. Valentine,,Rock My World by Michelle A. Valentine
1490984798,Living Again,L. Collins,,Living Again by L. Collins
149099792X,Playing with Her Heart,Lauren Blakely,,Playing with Her Heart by Lauren Blakely
1490997954,Undescribable,Shantel Tessier,,Undescribable by Shantel Tessier
1491001011,Fallen Crest Family,Tijan,,Fallen Crest Family by Tijan
1491002786,,,,1491002786
1491006919,Fear of falling,S. L. Jennings,"""I can't remember the last time I felt completely safe. Security seemed more like a luxury to me, reserved for those who were fortunate enough to have picture perfect childhoods. For those who didn't bear the ugly scars that keep me bound in constant, debilitating fear. I've run from that fear my entire life. But when I met him, for once, I couldn't run anymore. He scared the hell out of me in a way that excited every fiber of my being. It wasn't the tattoos or the piercings. It wasn't the warmth that seemed to radiate from his frame and blanket me whenever he was near. It was just ... him. The scary beautiful man that threatened to alter 23 years of routine and rituals, and make me face my crippling fear. My name is Kami and I am constantly afraid. And the thing that scares me the most is the very thing I want""--Amazon.com, viewed September 11, 2013.","Fear of falling by S. L. Jennings. ""I can't remember the last time I felt completely safe. Security seemed more like a luxury to me, reserved for those who were fortunate enough to have picture perfect childhoods. For those who didn't bear the ugly scars that keep me bound in constant, debilitating fear. I've run from that fear my entire life. But when I met him, for once, I couldn't run anymore. He scared the hell out of me in a way that excited every fiber of my being. It wasn't the tattoos or the piercings. It wasn't the warmth that seemed to radiate from his frame and blanket me whenever he was near. It was just ... him. The scary beautiful man that threatened to alter 23 years of routine and rituals, and make me face my crippling fear. My name is Kami and I am constantly afraid. And the thing that scares me the most is the very thing I want""--Amazon.com, viewed September 11, 2013."
1491008113,Conversion,S. C. Stephens,,Conversion by S. C. Stephens
1491038357,Learning to Live,R. D. Cole,,Learning to Live by R. D. Cole
1491039701,Ruined,S. Pratt,,Ruined by S. Pratt
1491040300,Perfecting Patience,Tabatha Vargo,,Perfecting Patience by Tabatha Vargo
1491052295,Starlight,Mimi Strong,,Starlight by Mimi Strong
149105476X,Spark,Brooke Cumberland,,Spark by Brooke Cumberland
1491068116,Cake,Nicole Reed,,Cake by Nicole Reed
1491072032,Bring me home,Cassia Leo,"""Claire Nixon is a college student with a past full of secrets and heartbreak. She was saved once by her first love, and rock star, Chris Knight. But when she encouraged Chris to leave town to pursue his dreams, both Claire and Chris didn't realize it would be the biggest mistake of their lives. After a devastating year apart and thousands of miles of distance between them, Claire met sexy surfer Adam Parker. With his awful jokes and profound patience, he helped Claire pick up the shattered pieces of her broken heart for the second time. But now Chris has returned and he is willing and determined to make Claire's dreams come true-the same way she did for him when she let him go. With Adam's former girlfriend in the picture, Claire finds herself torn between the new, passionate love she shares with Adam and the love and family she shares with Chris""--Page 4 of cover.","Bring me home by Cassia Leo. ""Claire Nixon is a college student with a past full of secrets and heartbreak. She was saved once by her first love, and rock star, Chris Knight. But when she encouraged Chris to leave town to pursue his dreams, both Claire and Chris didn't realize it would be the biggest mistake of their lives. After a devastating year apart and thousands of miles of distance between them, Claire met sexy surfer Adam Parker. With his awful jokes and profound patience, he helped Claire pick up the shattered pieces of her broken heart for the second time. But now Chris has returned and he is willing and determined to make Claire's dreams come true-the same way she did for him when she let him go. With Adam's former girlfriend in the picture, Claire finds herself torn between the new, passionate love she shares with Adam and the love and family she shares with Chris""--Page 4 of cover."
1491090561,Who He Is,S. Q. Williams,,Who He Is by S. Q. Williams
1491091673,Man of My Dreams,Faith Andrews,,Man of My Dreams by Faith Andrews
1491092440,Broken and Screwed,Tijan,,Broken and Screwed by Tijan
1491095555,Anything Like Me,Kimberly Knight,,Anything Like Me by Kimberly Knight
1491208295,Thief,Tarryn Fisher,,Thief by Tarryn Fisher
1491230592,Girl on tour,Caisey Quinn,"An up and comer trying to make a name for herself... Kylie never expected to be stuck on a tour bus with a pampered princess and her boyfriend's ex. A troubled artist struggling to hold onto his career... Trace thought he was finally getting to do things his way. Until the label added co-headliner Gretchen Gibson, the only person in country music with more issues than him, to his No Apologies tour. Surrounded by tabloid rumors and people they can't trust, Kylie and Trace need each other more than ever. But the choices they make will change everything. Because chasing your dreams and following your heart don't always lead you to the same place...","Girl on tour by Caisey Quinn. An up and comer trying to make a name for herself... Kylie never expected to be stuck on a tour bus with a pampered princess and her boyfriend's ex. A troubled artist struggling to hold onto his career... Trace thought he was finally getting to do things his way. Until the label added co-headliner Gretchen Gibson, the only person in country music with more issues than him, to his No Apologies tour. Surrounded by tabloid rumors and people they can't trust, Kylie and Trace need each other more than ever. But the choices they make will change everything. Because chasing your dreams and following your heart don't always lead you to the same place..."
1491232986,Easy to Love You,Megan Smith,,Easy to Love You by Megan Smith
1491253002,Unexpected Angel,Sloan Johnson,,Unexpected Angel by Sloan Johnson
1491263849,Into the Deep,Samantha Young,,Into the Deep by Samantha Young
1491269650,Beneath the Burn,Pam Godwin,,Beneath the Burn by Pam Godwin
1491272201,Keep Me Still,Caisey Quinn,,Keep Me Still by Caisey Quinn
1491274204,Ambrosia,Erin Noelle,,Ambrosia by Erin Noelle
1491276029,Blind Obsession,Ella Frank,,Blind Obsession by Ella Frank
1491291419,Pretty Little Things,Teresa Mummert,,Pretty Little Things by Teresa Mummert
1491291699,,,,1491291699
1491296518,Price of a Kiss,Linda Kage,,Price of a Kiss by Linda Kage
1492103748,Tears of Tess,Pepper Winters,,Tears of Tess by Pepper Winters
1492108421,Love and Lists,Tara Sivec,,Love and Lists by Tara Sivec
1492110221,Untangle Me,Chelle Bliss,,Untangle Me by Chelle Bliss
1492121169,Ruin,Rachel Van Dyken,,Ruin by Rachel Van Dyken
149214889X,Freefall,Tess Oliver,,Freefall by Tess Oliver
1492164429,Craving Constellations,Nicole Jacquelyn,,Craving Constellations by Nicole Jacquelyn
1492186775,Welcome to Sugartown,Carmen Jenner,,Welcome to Sugartown by Carmen Jenner
1492192112,Touch Me,T. H. Snyder,,Touch Me by T. H. Snyder
1492206083,Everything I've Never Had,Lynetta Halat,,Everything I've Never Had by Lynetta Halat
1492254398,Mine To Take,Cynthia Eden,,Mine To Take by Cynthia Eden
1492259667,Mirage,Ashley Suzanne,"Mira and Kylee meet Danny and Skylar during freshman orientation, their first week of college. Two sets of best friends embark on a new adventure together, forming life long bonds. Mira and Danny are looking forward to their future as husband and wife. Everything was going according to plan. That was until tragedy struck them on graduation night leaving three broken people to pick up the pieces. Skylar has always stood in the background, watching his best friend begin a life with the woman he fell in love with until he can no longer keep a distance. Right when Mira thinks her life is back on track it spirals out of control. What if everything you thought you knew was nothing more than a mirage?","Mirage by Ashley Suzanne. Mira and Kylee meet Danny and Skylar during freshman orientation, their first week of college. Two sets of best friends embark on a new adventure together, forming life long bonds. Mira and Danny are looking forward to their future as husband and wife. Everything was going according to plan. That was until tragedy struck them on graduation night leaving three broken people to pick up the pieces. Skylar has always stood in the background, watching his best friend begin a life with the woman he fell in love with until he can no longer keep a distance. Right when Mira thinks her life is back on track it spirals out of control. What if everything you thought you knew was nothing more than a mirage?"
1492265225,Hell's Knights,Bella Jewel,,Hell's Knights by Bella Jewel
1492286966,"Smart, Sexy and Secretive",Tammy Falkner,,"Smart, Sexy and Secretive by Tammy Falkner"
1492293296,Shattered Ties,K.A. Robinson,,Shattered Ties by K.A. Robinson
1492301205,Cherry Girl,Raine Miller,,Cherry Girl by Raine Miller
1492305413,Quintessentially Q,Pepper Winters,,Quintessentially Q by Pepper Winters
1492306509,Tattered Love,Lola Stark,,Tattered Love by Lola Stark
1492323039,Broken and Screwed 2,Tijan,,Broken and Screwed 2 by Tijan
1492338141,Crazy Beautiful Love,J. S. Cooper,,Crazy Beautiful Love by J. S. Cooper
1492343846,Alluring Turmoil,Skye Turner,,Alluring Turmoil by Skye Turner
1492350915,Beautifully Awake,Riley Mackenzie,,Beautifully Awake by Riley Mackenzie
1492351024,Don't Let Go,Michelle Lynn,,Don't Let Go by Michelle Lynn
1492353558,Finders Keepers,Nicole Williams,,Finders Keepers by Nicole Williams
149236522X,Worth the Fight,Vi Keeland,,Worth the Fight by Vi Keeland
1492371289,Consumed,Skyla Madi,,Consumed by Skyla Madi
1492375675,Cage,Harper Sloan,,Cage by Harper Sloan
1492706671,Starfire,Mimi Strong,,Starfire by Mimi Strong
1492707619,Trust Me,Melanie Walker,,Trust Me by Melanie Walker
149271397X,Finding You,S. Hartley,,Finding You by S. Hartley
1492740357,Until November,Aurora Rose Reynolds,,Until November by Aurora Rose Reynolds
1492760994,Irreplaceable,Angela Graham,,Irreplaceable by Angela Graham
1492764167,Safe with me,Kristen Proby,"""Keeping others safe is what Caleb Montgomery does. He's never had a problem taking on an assignment, whether it was during his dangerous SEAL days or his most recent job of training war mercenaries. But being assigned to keep Brynna Vincent and her adorable daughters, Maddie and Josie, safe from an unknown threat has thrown Caleb off his axis. ... Brynna is sick and tired of being afraid. All she wants is a normal, quiet life for her and her precious girls. Just as she's settling into her new home in Seattle and feeling safe again, Caleb shows up on her doorstep insisting the danger is as high as ever""--Page 4 of cover.","Safe with me by Kristen Proby. ""Keeping others safe is what Caleb Montgomery does. He's never had a problem taking on an assignment, whether it was during his dangerous SEAL days or his most recent job of training war mercenaries. But being assigned to keep Brynna Vincent and her adorable daughters, Maddie and Josie, safe from an unknown threat has thrown Caleb off his axis. ... Brynna is sick and tired of being afraid. All she wants is a normal, quiet life for her and her precious girls. Just as she's settling into her new home in Seattle and feeling safe again, Caleb shows up on her doorstep insisting the danger is as high as ever""--Page 4 of cover."
1492767891,Unteachable,Elliot Wake,"""I met him at a carnival, of all corny places. The summer I turned eighteen, in that chaos of neon lights and cheap thrills, I met a man so sweet, so beautiful, he seemed to come from another world. We had one night: intense, scary, real. Then I ran, like I always do. Because I didn't want to be abandoned again. I knew him as Evan that night. When I walked into his classroom, he became Mr. Wilke, my teacher. I don't know if what we're doing is wrong. The rules say one thing; my heart says screw the rules. I can't let him lose his job. And I can't lose him""--Page 4 of cover","Unteachable by Elliot Wake. ""I met him at a carnival, of all corny places. The summer I turned eighteen, in that chaos of neon lights and cheap thrills, I met a man so sweet, so beautiful, he seemed to come from another world. We had one night: intense, scary, real. Then I ran, like I always do. Because I didn't want to be abandoned again. I knew him as Evan that night. When I walked into his classroom, he became Mr. Wilke, my teacher. I don't know if what we're doing is wrong. The rules say one thing; my heart says screw the rules. I can't let him lose his job. And I can't lose him""--Page 4 of cover"
1492769339,Moore to Lose,Julie Richman,,Moore to Lose by Julie Richman
1492784184,When It Rains,Lisa De Jong,,When It Rains by Lisa De Jong
1492784370,Conflicted (Battlescars III),Sophie Monroe,,Conflicted (Battlescars III) by Sophie Monroe
1492787701,Nothing Left to Lose,Kirsty Moseley,,Nothing Left to Lose by Kirsty Moseley
1492788678,Reckless,Skye Jordan,,Reckless by Skye Jordan
1492793639,Lockout (The Alpha Group Trilogy #2),Maya Cross,,Lockout (The Alpha Group Trilogy #2) by Maya Cross
1492805831,Rocker That Loves Me,Terri Anne Browning,,Rocker That Loves Me by Terri Anne Browning
149280584X,Under the Mistletoe with Me,Kristen Proby,,Under the Mistletoe with Me by Kristen Proby
1492809438,Unlocked (the Alpha Group Trilogy #3),Maya Cross,,Unlocked (the Alpha Group Trilogy #3) by Maya Cross
1492812080,Stinger,Mia Sheridan,,Stinger by Mia Sheridan
1492827436,Fighting to Forgive,J. B. Salsbury,,Fighting to Forgive by J. B. Salsbury
1492828211,Heaven's Sinners,Bella Jewel,,Heaven's Sinners by Bella Jewel
1492884685,The Thrill of It,Lauren Blakely,,The Thrill of It by Lauren Blakely
1492886181,Treasure your love,J. C. Reed,"""Brooke Stewart, a realtor in New York, was never in love until she met the green eyed, sexy as sin, six foot two sex god, Jett. The man to whom she surrendered. The man who hurt her once only to conquer her heart again. Sexy, handsome, and arrogant Jett Mayfield knows he has found his match. Brooke is like no other woman he's ever met and he has every intention of keeping her in his bed. Their future seems full of promise ... until the past is catching up with them and dark secrets threaten to destroy their lives. Soon they realize that to love means to lose, and some choices are harder than others. When everything comes crashing down, can mistakes be amended ... or will he lose her forever?""--Page 4 of cover.","Treasure your love by J. C. Reed. ""Brooke Stewart, a realtor in New York, was never in love until she met the green eyed, sexy as sin, six foot two sex god, Jett. The man to whom she surrendered. The man who hurt her once only to conquer her heart again. Sexy, handsome, and arrogant Jett Mayfield knows he has found his match. Brooke is like no other woman he's ever met and he has every intention of keeping her in his bed. Their future seems full of promise ... until the past is catching up with them and dark secrets threaten to destroy their lives. Soon they realize that to love means to lose, and some choices are harder than others. When everything comes crashing down, can mistakes be amended ... or will he lose her forever?""--Page 4 of cover."
1492888095,,,,1492888095
1492893900,Sweet Surrendering,Chelsea M. Cameron,,Sweet Surrendering by Chelsea M. Cameron
1492904260,Maybe This Time,Chantal Fernando,,Maybe This Time by Chantal Fernando
1492908495,Carter Reed,Tijan,,Carter Reed by Tijan
1492940003,The sweetest game,J. Sterling,"""The ... conclusion to Jack & Cassie's love story""--Page 4 of cover.

It's one hell of a sledgehammer to the chest when your baseball career comes to an end... and you finally realize that baseball never loved you back. All the sleepless nights, the hours spent at the gym trying to stay fit, the conditioning... but baseball's a business. As Jack comes to see how much his entire life has been wrapped up in it, it's time to let it go. And his marriage to Cassie has suffered...","The sweetest game by J. Sterling. ""The ... conclusion to Jack & Cassie's love story""--Page 4 of cover.

It's one hell of a sledgehammer to the chest when your baseball career comes to an end... and you finally realize that baseball never loved you back. All the sleepless nights, the hours spent at the gym trying to stay fit, the conditioning... but baseball's a business. As Jack comes to see how much his entire life has been wrapped up in it, it's time to let it go. And his marriage to Cassie has suffered..."
1492955949,Hers,Dawn Robertson,,Hers by Dawn Robertson
1492973327,Long After,Cheryl McIntyre,,Long After by Cheryl McIntyre
1492976423,Making Faces,Amy Harmon,,Making Faces by Amy Harmon
149298079X,Sweet Home,Tillie Cole,,Sweet Home by Tillie Cole
1492998214,Abandon,Cassia Leo,,Abandon by Cassia Leo
1493511459,Beat of the Heart,Katie Ashley,,Beat of the Heart by Katie Ashley
1493530682,Coming home,Priscilla Glenn,"Leah Marino hasn't been on a date in two years. After discovering the man she loved had manipulated and deceived her, she refuses to even entertain the idea of a relationship. Instead, she focuses her attention on taking care of her family, a role she's assumed since the death of her mother and the one place she knows her kindness won't be taken advantage of again. When a nostalgic trip back to her childhood home results in a chance encounter with Danny DeLuca, a smart-mouthed mechanic who's as attractive as he is mysterious, Leah's carefully cultivated walls begin to crumble. She finds herself unexpectedly drawn to Danny, despite his unreliable behavior and mixed signals. But Danny has a secret... One that could shake Leah's already precarious foundation and bring her world crashing down around her. Suddenly, she's faced with an incredibly difficult decision--is she willing to risk everything for the chance at finding the love she's always wanted? Or are some obstacles just too big for the heart to overcome?","Coming home by Priscilla Glenn. Leah Marino hasn't been on a date in two years. After discovering the man she loved had manipulated and deceived her, she refuses to even entertain the idea of a relationship. Instead, she focuses her attention on taking care of her family, a role she's assumed since the death of her mother and the one place she knows her kindness won't be taken advantage of again. When a nostalgic trip back to her childhood home results in a chance encounter with Danny DeLuca, a smart-mouthed mechanic who's as attractive as he is mysterious, Leah's carefully cultivated walls begin to crumble. She finds herself unexpectedly drawn to Danny, despite his unreliable behavior and mixed signals. But Danny has a secret... One that could shake Leah's already precarious foundation and bring her world crashing down around her. Suddenly, she's faced with an incredibly difficult decision--is she willing to risk everything for the chance at finding the love she's always wanted? Or are some obstacles just too big for the heart to overcome?"
1493539493,Running in Place,L. B. Simmons,,Running in Place by L. B. Simmons
149353985X,Sing,Cd Reiss,,Sing by Cd Reiss
1493584154,Fraternizing,C. Brown,,Fraternizing by C. Brown
1493625489,The Boss,Abigail Barnette,,The Boss by Abigail Barnette
1493626655,Fallen Crest Public,Tijan,,Fallen Crest Public by Tijan
1493632639,Seize Me,Crystal Spears,,Seize Me by Crystal Spears
1493632876,Rock the Beat,Michelle A. Valentine,,Rock the Beat by Michelle A. Valentine
1493643274,Until Trevor,Aurora Rose Reynolds,,Until Trevor by Aurora Rose Reynolds
1493649779,Room for You,Beth Ehemann,,Room for You by Beth Ehemann
1493659472,Withstanding Me,Crystal Spears,,Withstanding Me by Crystal Spears
1493671898,Marked : Part I,J. M. Sevilla,,Marked : Part I by J. M. Sevilla
1493673580,Better,S. Walden,,Better by S. Walden
1493752650,Trouble,Samantha Towle,,Trouble by Samantha Towle
1493763121,Sex Love Repeat,Alessandra Torre,,Sex Love Repeat by Alessandra Torre
1493768824,Black box,Cassia Leo,"Over the course of five years, Mikki and Crush cross paths on three separate occasions. Their first encounter changes Mikka's life forever, but their second meeting leaves them both buried beneath the emotional wreckage of a violent attack. Mikki is left with more questions and grief than she can handle, while Crush is forced to forget the girl who saved his life. Now nineteen years old, Mikki Gladstone has decided she's tired of the mind-numbing meds. She books a flight to Los Angeles to end her life far away from her loving, though often distant, family. Twenty-one-year-old Crush has always channeled his blackest thoughts into his music, but he's never had great aspirations. He decides to fly to Los Angeles to record a demo of the only song he's never performed in public; a song he wrote for a girl he doesn't even know: Black Box. He has no expectations of fame and he's never felt like his life had any purpose ... until he meets Mikki in Terminal B. When Mikki and Crush cross paths for the third time in Terminal B, neither has any idea who the other person is; until they slowly piece together their history and realize that fate has more in store for them than just another love story.","Black box by Cassia Leo. Over the course of five years, Mikki and Crush cross paths on three separate occasions. Their first encounter changes Mikka's life forever, but their second meeting leaves them both buried beneath the emotional wreckage of a violent attack. Mikki is left with more questions and grief than she can handle, while Crush is forced to forget the girl who saved his life. Now nineteen years old, Mikki Gladstone has decided she's tired of the mind-numbing meds. She books a flight to Los Angeles to end her life far away from her loving, though often distant, family. Twenty-one-year-old Crush has always channeled his blackest thoughts into his music, but he's never had great aspirations. He decides to fly to Los Angeles to record a demo of the only song he's never performed in public; a song he wrote for a girl he doesn't even know: Black Box. He has no expectations of fame and he's never felt like his life had any purpose ... until he meets Mikki in Terminal B. When Mikki and Crush cross paths for the third time in Terminal B, neither has any idea who the other person is; until they slowly piece together their history and realize that fate has more in store for them than just another love story."
1493773445,Hard to Love You,Megan Smith,,Hard to Love You by Megan Smith
1493788868,Try,Ella Frank,,Try by Ella Frank
1494204339,Catch Me,Claire Contreras,,Catch Me by Claire Contreras
149421590X,,,,149421590X
1494226405,,,,1494226405
149423355X,,,,149423355X
1494244381,Wrecked,Priscilla West,,Wrecked by Priscilla West
1494282011,Jake Undone,Penelope Ward,,Jake Undone by Penelope Ward
1494286084,Tainted,K. A. Robinson,"""The epic conclusion to Drake and Chloe's story""--Page 4 of cover.

Drake lost everything the day Chloe walked away from him. Feeling angry and hurt by her abandonment, he dives deeper into his cocaine use. Each day becomes a struggle for him. After his band is picked up by a recording studio in Los Angeles, things go from bad to worse. What happens to a man who has lost everything he ever truly cared about?","Tainted by K. A. Robinson. ""The epic conclusion to Drake and Chloe's story""--Page 4 of cover.

Drake lost everything the day Chloe walked away from him. Feeling angry and hurt by her abandonment, he dives deeper into his cocaine use. Each day becomes a struggle for him. After his band is picked up by a recording studio in Los Angeles, things go from bad to worse. What happens to a man who has lost everything he ever truly cared about?"
1494289105,,,,1494289105
149429169X,Gemini,Penelope Ward,,Gemini by Penelope Ward
1494297523,Reviving Izabel,J. A. Redmerski,,Reviving Izabel by J. A. Redmerski
1494374560,Vip,M. Robinson,,Vip by M. Robinson
1494376644,Being Julia,Sandi Lynn,,Being Julia by Sandi Lynn
1494407752,Bound,Brenda Rothert,,Bound by Brenda Rothert
1494443252,When I Break,Kendall Ryan,,When I Break by Kendall Ryan
149446747X,Seeing Stars,J. Sterling,,Seeing Stars by J. Sterling
1494469170,One to Hold,Tia Louise,,One to Hold by Tia Louise
1494482320,Alluring Seduction,Skye Turner,,Alluring Seduction by Skye Turner
1494488558,,,,1494488558
1494714361,Two to Tango,Mimi Strong,,Two to Tango by Mimi Strong
1494722631,,,,1494722631
1494724693,Until Lilly,Aurora Rose Reynolds,,Until Lilly by Aurora Rose Reynolds
149473592X,Beck,Harper Sloan,,Beck by Harper Sloan
1494751534,Rare and Precious Things,Raine Miller,,Rare and Precious Things by Raine Miller
1494755610,Too Consumed,Skyla Madi,,Too Consumed by Skyla Madi
1494774305,Forever Ours,Cassia Leo,,Forever Ours by Cassia Leo
1494783827,Lucky Number Four,Amanda Jason,,Lucky Number Four by Amanda Jason
1494794357,Changing His Game,Justine Elvira,,Changing His Game by Justine Elvira
1494807017,Never Been Ready,J. Berg,,Never Been Ready by J. Berg
149484172X,Ravage Me (Ravage MC #1),Ryan Michele,,Ravage Me (Ravage MC #1) by Ryan Michele
1494851636,Passion and ponies,Tara Sivec,,Passion and ponies by Tara Sivec
1494852039,Lie Next To Me,Sandi Lynn,,Lie Next To Me by Sandi Lynn
1494875713,Conflicted Love,Lola Stark,,Conflicted Love by Lola Stark
1494931451,Worth the Chance,Vi Keeland,,Worth the Chance by Vi Keeland
1494937115,Keep Me,Faith Andrews,,Keep Me by Faith Andrews
1494957612,Fierce,Clarissa Wild,,Fierce by Clarissa Wild
1494962772,Undone,Rebecca Shea,"""I've found it's easier to share my body but not my soul. I need no one, yet I crave her. Self-assured and independent, she doesn't need me--but she wants me, and undeniably I want her too. At war with myself as I battle the secrets of my past, I don't know if I can allow her to see the darkest parts of me, the parts I've left untouched--undone. As she chips away at the walls I've built for years, I fear those secrets will hold me hostage from love--forever.""--Page 4 of cover.","Undone by Rebecca Shea. ""I've found it's easier to share my body but not my soul. I need no one, yet I crave her. Self-assured and independent, she doesn't need me--but she wants me, and undeniably I want her too. At war with myself as I battle the secrets of my past, I don't know if I can allow her to see the darkest parts of me, the parts I've left untouched--undone. As she chips away at the walls I've built for years, I fear those secrets will hold me hostage from love--forever.""--Page 4 of cover."
149499738X,Every Second With You,Lauren Blakely,,Every Second With You by Lauren Blakely
1495200388,All the Pretty Poses,M. Leighton,,All the Pretty Poses by M. Leighton
1495269655,Twisted ties,K. A. Robinson,"Two years ago, Emma Preston walked away from Jesse Daniels and it is a decision she has regretted ever since. Emma enlists Jesse's former best friend, Andy, to help her search for him. Just when Emma thinks she has found Jesse, a dark secret and misunderstandings force them apart before they can reconnect.","Twisted ties by K. A. Robinson. Two years ago, Emma Preston walked away from Jesse Daniels and it is a decision she has regretted ever since. Emma enlists Jesse's former best friend, Andy, to help her search for him. Just when Emma thinks she has found Jesse, a dark secret and misunderstandings force them apart before they can reconnect."
1495281078,,,,1495281078
1495300978,Unravel,Calia Read,"""Committed to a psych ward against her will, Naomi Carradine knows there's been a huge mistake. But it's no use explaining the shocking and sensational events leading up to her confinement. When she tells others what she has witnessed, no one believes her, or remotely understands the extreme highs and lows she's experienced. Even her childhood sweetheart Lachlan seems to think Naomi is losing her mind and begins to pull away. With everyone convinced she's insane, and finding herself haunted by demons both real and imagined, Naomi starts to worry they may be right. With the help of a sensitive new psychiatrist, Naomi must face a traumatic past that may have fractured her reality ... and discover that even the purest of souls have darkness in them""--","Unravel by Calia Read. ""Committed to a psych ward against her will, Naomi Carradine knows there's been a huge mistake. But it's no use explaining the shocking and sensational events leading up to her confinement. When she tells others what she has witnessed, no one believes her, or remotely understands the extreme highs and lows she's experienced. Even her childhood sweetheart Lachlan seems to think Naomi is losing her mind and begins to pull away. With everyone convinced she's insane, and finding herself haunted by demons both real and imagined, Naomi starts to worry they may be right. With the help of a sensitive new psychiatrist, Naomi must face a traumatic past that may have fractured her reality ... and discover that even the purest of souls have darkness in them""--"
1495307352,Raw,Belle Aurora,A young woman falls for her stalker and a complicated relationship begins.,Raw by Belle Aurora. A young woman falls for her stalker and a complicated relationship begins.
1495327515,Fighting Temptation,K. C. Lynn,,Fighting Temptation by K. C. Lynn
1495340600,More than him,Jay McLean,"""We live in a world of darkness and shadows, where monsters hide and aim to ruin. And they did. They ruined us and turned our dreams into nightmares. But now we're back. And we're fighting. Not just for us, or for each other, but for our light""--Back cover","More than him by Jay McLean. ""We live in a world of darkness and shadows, where monsters hide and aim to ruin. And they did. They ruined us and turned our dreams into nightmares. But now we're back. And we're fighting. Not just for us, or for each other, but for our light""--Back cover"
1495356744,Changing Course,Aly Martinez,,Changing Course by Aly Martinez
1495373959,Sweet Rome,Tillie Cole,,Sweet Rome by Tillie Cole
149539090X,Archer's Voice,Mia Sheridan,,Archer's Voice by Mia Sheridan
1495416046,Transcendence,Shay Savage,"It's said that women and men are from two different planets when it comes to communication, but how can they overcome the obstacles of prehistoric times when one of them simply doesn't have the ability to comprehend language? Ehd's a caveman living on his own in a harsh wilderness. He's strong and intelligent, but completely alone. When he finds a beautiful young woman in his pit trap, it's obvious to him that she is meant to be his mate. He doesn't know where she came from, she's wearing some pretty odd clothing, and she makes a lot of noises with her mouth that give him a headache. Still, he's determined to fulfill his purpose in life - provide for her, protect her, and put a baby in her. Elizabeth doesn't know where she is or exactly how she got there. She's confused and distressed by her predicament and there's a caveman hauling her back to his cave home. She's not at all interested in Ehd's primitive advances and she just can't seem to get him to listen, no matter what she tries, getting her point across to this primitive, but beautiful, man is a constant - and often hilarious - struggle.","Transcendence by Shay Savage. It's said that women and men are from two different planets when it comes to communication, but how can they overcome the obstacles of prehistoric times when one of them simply doesn't have the ability to comprehend language? Ehd's a caveman living on his own in a harsh wilderness. He's strong and intelligent, but completely alone. When he finds a beautiful young woman in his pit trap, it's obvious to him that she is meant to be his mate. He doesn't know where she came from, she's wearing some pretty odd clothing, and she makes a lot of noises with her mouth that give him a headache. Still, he's determined to fulfill his purpose in life - provide for her, protect her, and put a baby in her. Elizabeth doesn't know where she is or exactly how she got there. She's confused and distressed by her predicament and there's a caveman hauling her back to his cave home. She's not at all interested in Ehd's primitive advances and she just can't seem to get him to listen, no matter what she tries, getting her point across to this primitive, but beautiful, man is a constant - and often hilarious - struggle."
149542118X,Therapy,Kathryn Perez,"Sometimes you have to get lost in order to be found ... I'm needy. I'm broken. Cutting breaks through my numbness, but only opens more wounds. Depression, bullying, self-harm ... that's my reality. Sex and guys ... my escape. The space between the truth and lies is blurred leaving me torn, lost and confused. And while the monsters that live in my head try to beat me - the two men that I love try to save me. This is my story of friendship, heartache and the grueling journey that is mental-illness.","Therapy by Kathryn Perez. Sometimes you have to get lost in order to be found ... I'm needy. I'm broken. Cutting breaks through my numbness, but only opens more wounds. Depression, bullying, self-harm ... that's my reality. Sex and guys ... my escape. The space between the truth and lies is blurred leaving me torn, lost and confused. And while the monsters that live in my head try to beat me - the two men that I love try to save me. This is my story of friendship, heartache and the grueling journey that is mental-illness."
1495423786,Carnage,Lesley Jones,,Carnage by Lesley Jones
1495459225,Seven Sons (Gypsy Brothers) (Volume 1),Lili Saint Germain,,Seven Sons (Gypsy Brothers) (Volume 1) by Lili Saint Germain
1495472418,Interview with a master,Jason Luke,"""It's the interview like no other. It's the interview of a lifetime. It's THE interview with a Master. When Jonah Noble reveals details of his life within the world of BDSM, the tale he tells is intensely erotic, profoundly sensual, and brutally honest. This is His word. His way. There is only one question the man will not answer ...""--P. [4] of cover.","Interview with a master by Jason Luke. ""It's the interview like no other. It's the interview of a lifetime. It's THE interview with a Master. When Jonah Noble reveals details of his life within the world of BDSM, the tale he tells is intensely erotic, profoundly sensual, and brutally honest. This is His word. His way. There is only one question the man will not answer ...""--P. [4] of cover."
1495480534,Revenge,J J Knight,,Revenge by J J Knight
1495498530,Tattooed Dots,Kimberly Knight,,Tattooed Dots by Kimberly Knight
1495912183,Moore Than Forever,Julie Richman,,Moore Than Forever by Julie Richman
1495925927,This Regret,Victoria Ashley,,This Regret by Victoria Ashley
1495927857,Deviant,Callie Hart,,Deviant by Callie Hart
149594123X,Front & center,A. M. Madden,"Jack was a rock star on the way to fame. Leila was following her dream and joining his band as a back-up singer. An insane attraction sparked between them that they couldn't deny. Attraction quickly led to so much more. They ignored all the warnings and fell in love. When the couple embark on their tour, they couldn't be more excited to travel the country hand in hand on the way to stardom. The road ahead is filled with miles and miles of possibilities. Along with their band, Devil's Lair, they feel nothing could stop them. An angry ex-band-mate, a pregnant ex-girlfriend, and never-ending Internet gossip all attempt to wreak havoc on their developing relationship. New love does not mix well with stress, pressure and guilt. Together they face each and every challenge, stubbornly fighting for what they have. Will their determination be enough?","Front & center by A. M. Madden. Jack was a rock star on the way to fame. Leila was following her dream and joining his band as a back-up singer. An insane attraction sparked between them that they couldn't deny. Attraction quickly led to so much more. They ignored all the warnings and fell in love. When the couple embark on their tour, they couldn't be more excited to travel the country hand in hand on the way to stardom. The road ahead is filled with miles and miles of possibilities. Along with their band, Devil's Lair, they feel nothing could stop them. An angry ex-band-mate, a pregnant ex-girlfriend, and never-ending Internet gossip all attempt to wreak havoc on their developing relationship. New love does not mix well with stress, pressure and guilt. Together they face each and every challenge, stubbornly fighting for what they have. Will their determination be enough?"
1495960234,The Ex Games,J. S. Cooper,"""Handsome billionaire, Brandon Hastings was Katie Raymond's first love. They had a whirlwind romance that captivated her heart and took her on a sexual journey she never wanted to end. Their future together looked bright until Brandon found out that Katie was keeping a huge secret from him. Once he realized the truth, he broke her heart and she never saw him again. Seven years later, Katie has finally moved on and accepts the position of her dreams at Marathon Corporation as an executive manager. The only problem is, Brandon Hastings bought the business a month after she started working there. Now Katie has to fly to San Francisco to attend a company-wide orientation and she is scared that Brandon is going to fire her on sight. Little does she know that Brandon has lot more planned for her and this time he's the one keeping a secret""--Page 4 of cover.","The Ex Games by J. S. Cooper. ""Handsome billionaire, Brandon Hastings was Katie Raymond's first love. They had a whirlwind romance that captivated her heart and took her on a sexual journey she never wanted to end. Their future together looked bright until Brandon found out that Katie was keeping a huge secret from him. Once he realized the truth, he broke her heart and she never saw him again. Seven years later, Katie has finally moved on and accepts the position of her dreams at Marathon Corporation as an executive manager. The only problem is, Brandon Hastings bought the business a month after she started working there. Now Katie has to fly to San Francisco to attend a company-wide orientation and she is scared that Brandon is going to fire her on sight. Little does she know that Brandon has lot more planned for her and this time he's the one keeping a secret""--Page 4 of cover."
1495960390,The Ex Games,J. S. Cooper,"""What other secret is Brandon hiding? Seven years ago, Katie Raymond made a mistake that cost her the love of her life. Now, Brandon Hastings is back in her life and it seems like he is determined to make her pay for her previous mistakes. When Katie overhears a private conversation, she has no idea just how deep the secrets go. She gives, Brandon one last chance to prove his love to her, but when he violates her trust one last time, she doesn't think she can ever forgive him. But then, Brandon tells her the one thing that is guaranteed to turn her world upside down and she's not sure if her life will ever be the same again.""--Page 4 of cover.","The Ex Games by J. S. Cooper. ""What other secret is Brandon hiding? Seven years ago, Katie Raymond made a mistake that cost her the love of her life. Now, Brandon Hastings is back in her life and it seems like he is determined to make her pay for her previous mistakes. When Katie overhears a private conversation, she has no idea just how deep the secrets go. She gives, Brandon one last chance to prove his love to her, but when he violates her trust one last time, she doesn't think she can ever forgive him. But then, Brandon tells her the one thing that is guaranteed to turn her world upside down and she's not sure if her life will ever be the same again.""--Page 4 of cover."
1495979237,Consequences of Deception,Ella Fox,,Consequences of Deception by Ella Fox
149600082X,Rescued,Priscilla West,,Rescued by Priscilla West
149600938X,Pairing,Katie Ashley,,Pairing by Katie Ashley
1496010299,Music of the Soul,Katie Ashley,,Music of the Soul by Katie Ashley
1496015703,Craving Redemption,Nicole Jacquelyn,,Craving Redemption by Nicole Jacquelyn
1496026063,Tied With Me,Kristen Proby,,Tied With Me by Kristen Proby
1496088018,Deliver,Pam Godwin,,Deliver by Pam Godwin
149610692X,Spin,CD Reiss,,Spin by CD Reiss
1496109686,When I Surrender,Kendall Ryan,,When I Surrender by Kendall Ryan
1496116151,Enjoy Your Stay,Carmen Jenner,,Enjoy Your Stay by Carmen Jenner
1496129628,Frenched,Melanie Harlow,,Frenched by Melanie Harlow
1496135393,Broken Wings,Erika Ashby,,Broken Wings by Erika Ashby
1496145437,Uncaged,Harper Sloan,,Uncaged by Harper Sloan
1496146239,Destroyed,Pepper Winters,,Destroyed by Pepper Winters
1496177029,Private Club,J. S. Cooper,,Private Club by J. S. Cooper
149617707X,Beauty from Love,Georgia Cates,,Beauty from Love by Georgia Cates
1497382742,Fighting to Forget,J. B. Salsbury,,Fighting to Forget by J. B. Salsbury
1497383730,,,,1497383730
1497394333,Strings of the heart,Katie Ashley,"""Twenty year old, Allison Slater has been in love with her brother's bandmate, Rhys McGowan, since she was fifteen years old. But to him, she'll always be Jake's little sister and off limits. Now a college sophomore and licking her wounds from a bad breakup, she sets her sights on making Rhys see her as someone he could date ... maybe even love. Her opportunity comes when Rhys visits his parents in Savannah where she is attending college. But the night she's dreamed of turns to heart-break, and she realizes she'll never be the one for Rhys. For Rhys McGowan, his nightmare began when he woke up, naked and hung-over, next to his bandmate's little sister. Unable to remember a thing from the previous night, he only makes matters worse by lying to Allison about not being interested in her. The truth is he's spent the last year to ignore his body's reaction whenever Allison is around. His resolve is tested when Allison comes on tour with Runaway Train, as both Jake and Abby's nanny and to fulfill her fashion design internship. The more time he spends with her in the close quarters of the bus, the harder it is for him to resist. Will Rhys realize that having a relationship with Allison is worth fighting for even if it means that he has to fight his best friend for a chance?""--Cover.","Strings of the heart by Katie Ashley. ""Twenty year old, Allison Slater has been in love with her brother's bandmate, Rhys McGowan, since she was fifteen years old. But to him, she'll always be Jake's little sister and off limits. Now a college sophomore and licking her wounds from a bad breakup, she sets her sights on making Rhys see her as someone he could date ... maybe even love. Her opportunity comes when Rhys visits his parents in Savannah where she is attending college. But the night she's dreamed of turns to heart-break, and she realizes she'll never be the one for Rhys. For Rhys McGowan, his nightmare began when he woke up, naked and hung-over, next to his bandmate's little sister. Unable to remember a thing from the previous night, he only makes matters worse by lying to Allison about not being interested in her. The truth is he's spent the last year to ignore his body's reaction whenever Allison is around. His resolve is tested when Allison comes on tour with Runaway Train, as both Jake and Abby's nanny and to fulfill her fashion design internship. The more time he spends with her in the close quarters of the bus, the harder it is for him to resist. Will Rhys realize that having a relationship with Allison is worth fighting for even if it means that he has to fight his best friend for a chance?""--Cover."
1497435900,KNOX,Cassia Leo,,KNOX by Cassia Leo
149744814X,Out of the Shallows,Samantha Young,,Out of the Shallows by Samantha Young
1497454999,"Love, in English",Karina Halle,,"Love, in English by Karina Halle"
1497455049,Mud Vein,Tarryn Fisher,,Mud Vein by Tarryn Fisher
149745901X,Room for more,Beth Ehemann,"""Four years ago, my dreams were shattered in an instant. Three months ago, I found something I haven't had in years. Hope. That hope came in the form of a sexy, carefree hockey player named Brody Murphy. He swooped in and won me over with his big heart and the way he cared for me ... and my girls. When they look at him, the see the father they've never had. Now, my past and present are colliding and the outcome might just be too much for me to bear. Can I make the right decision when I've spent my whole life making the wrong ones?""--","Room for more by Beth Ehemann. ""Four years ago, my dreams were shattered in an instant. Three months ago, I found something I haven't had in years. Hope. That hope came in the form of a sexy, carefree hockey player named Brody Murphy. He swooped in and won me over with his big heart and the way he cared for me ... and my girls. When they look at him, the see the father they've never had. Now, my past and present are colliding and the outcome might just be too much for me to bear. Can I make the right decision when I've spent my whole life making the wrong ones?""--"
1497497132,Throttle Me,Chelle Bliss,,Throttle Me by Chelle Bliss
1497572207,Night after Night,Lauren Blakely,,Night after Night by Lauren Blakely
1497572320,After This Night,Lauren Blakely,,After This Night by Lauren Blakely
1497585368,Monster in His Eyes,J.M. Darhower,,Monster in His Eyes by J.M. Darhower
1499108826,Beautiful Ink,Nicole Reed,,Beautiful Ink by Nicole Reed
1499113129,Against All Odds,Angie McKeon,,Against All Odds by Angie McKeon
1499142978,Bender,Stacy Borel,,Bender by Stacy Borel
1499190433,Phenomenal X,Michelle A. Valentine,,Phenomenal X by Michelle A. Valentine
1499195303,,,,1499195303
1499198825,Gorgeous Chaos,T. K. Leigh,,Gorgeous Chaos by T. K. Leigh
1499290942,The Resurrection of Aubrey Miller,L.B. Simmons,,The Resurrection of Aubrey Miller by L.B. Simmons
1499291019,"It Ain't Me, Babe",Tillie Cole,,"It Ain't Me, Babe by Tillie Cole"
1499324855,Taming the Storm,Samantha Towle,,Taming the Storm by Samantha Towle
149934306X,Entice,Rachel Van Dyken,,Entice by Rachel Van Dyken
1499382642,Perfectly Damaged,E L Montes,,Perfectly Damaged by E L Montes
149958492X,Bend,K. Bromberg,,Bend by K. Bromberg
1499646704,Flat-out Celeste,Jessica Park,,Flat-out Celeste by Jessica Park
1499679106,Beloved,Corinne Michaels,,Beloved by Corinne Michaels
1499707975,Scoring Wilder,R. S Grey,,Scoring Wilder by R. S Grey
1499752822,Twisted Together,Pepper Winters,,Twisted Together by Pepper Winters
1499764529,My Skylar,Penelope Ward,,My Skylar by Penelope Ward
149979178X,Burned,Tara Sivec,,Burned by Tara Sivec
1500167886,,,,1500167886
1500196169,Dirty Angels,Karina Halle,,Dirty Angels by Karina Halle
1500260290,Cooper,Harper Sloan,,Cooper by Harper Sloan
1500417483,Rhett,J. S. Cooper,,Rhett by J. S. Cooper
1605045535,Unleashed,Cherrie Lynn,,Unleashed by Cherrie Lynn
1609280806,Rock Me,Cherrie Lynn,"Candace has had enough of pleasing others. In an act of birthday rebellion, she sets out to please herself-- by walking into the tattoo parlor owned by her cousin's ex-boyfriend. All she wants is a little ink, and Brian's just the guy to give it to her. As soon as she submits to his masterful hands, though, the forbidden attraction she's always felt for him resurfaces ... Warning: This book contains explicit sex, naughty language, tattoos aplenty, family drama, a hot rock concert-- and a bad boy hero who's pierced in all the right places ...","Rock Me by Cherrie Lynn. Candace has had enough of pleasing others. In an act of birthday rebellion, she sets out to please herself-- by walking into the tattoo parlor owned by her cousin's ex-boyfriend. All she wants is a little ink, and Brian's just the guy to give it to her. As soon as she submits to his masterful hands, though, the forbidden attraction she's always felt for him resurfaces ... Warning: This book contains explicit sex, naughty language, tattoos aplenty, family drama, a hot rock concert-- and a bad boy hero who's pierced in all the right places ..."
1612186009,Crazy Little Thing,Tracy Brogan,,Crazy Little Thing by Tracy Brogan
1617980218,Existence,Abbi Glines,,Existence by Abbi Glines
1619215020,Leave Me Breathless,Cherrie Lynn,,Leave Me Breathless by Cherrie Lynn
1620151731,The Dark Light of Day,T.M. Frazier,,The Dark Light of Day by T.M. Frazier
1620610078,Obsidian,Jennifer L. Armentrout,"When seventeen-year-old Katy Swartz moved to West Virginia right before her senior year, she'd pretty much resigned herself to thick accents, dodgy internet access, and a whole lot of boring, but then she spotted her hot neighbor, with his looming height and eerie green eyes.","Obsidian by Jennifer L. Armentrout. When seventeen-year-old Katy Swartz moved to West Virginia right before her senior year, she'd pretty much resigned herself to thick accents, dodgy internet access, and a whole lot of boring, but then she spotted her hot neighbor, with his looming height and eerie green eyes."
1620610094,Opal,Jennifer L. Armentrout,"The ""Lux"" series continues with the third installment of this riveting paranormal YA series. No one is like Daemon Black. When he set out to prove his feelings for Katy, he wasn't fooling around. Doubting him isn't something she'll do again and now that they've made it through the rough patches, well, there's a lot of spontaneous combustion going on. But even he can't protect his family from the danger of trying to free those they loved. With help coming from the most unlikely source and Adam's death still lingering with those who loved him, friends will become the deadliest of enemies and the villains will no longer be clear. When each step they take in discovering the truth puts them in the path of the secret organization responsible torturing and testing hybrids, the more Katy realizes there is no end to what she's capable of. They won't turn back, even if the outcome will shatter their worlds forever.","Opal by Jennifer L. Armentrout. The ""Lux"" series continues with the third installment of this riveting paranormal YA series. No one is like Daemon Black. When he set out to prove his feelings for Katy, he wasn't fooling around. Doubting him isn't something she'll do again and now that they've made it through the rough patches, well, there's a lot of spontaneous combustion going on. But even he can't protect his family from the danger of trying to free those they loved. With help coming from the most unlikely source and Adam's death still lingering with those who loved him, friends will become the deadliest of enemies and the villains will no longer be clear. When each step they take in discovering the truth puts them in the path of the secret organization responsible torturing and testing hybrids, the more Katy realizes there is no end to what she's capable of. They won't turn back, even if the outcome will shatter their worlds forever."
1620610116,Onyx,Jennifer L. Armentrout,"Thanks to his alien mojo, Daemon's determined to prove what he feels for me is more than a product of our bizarro connection. So I've sworn him off, even though he's running more hot than cold these days. But we've got bigger problems.  Something worse than the Arum has come to town.","Onyx by Jennifer L. Armentrout. Thanks to his alien mojo, Daemon's determined to prove what he feels for me is more than a product of our bizarro connection. So I've sworn him off, even though he's running more hot than cold these days. But we've got bigger problems.  Something worse than the Arum has come to town."
1620612461,Extreme Love,Abby Niles,,Extreme Love by Abby Niles
1620612917,Seducing Cinderella,Gina L. Maxwell,,Seducing Cinderella by Gina L. Maxwell
1620612925,"Wrong Bed, Right Guy",Katee Robert,,"Wrong Bed, Right Guy by Katee Robert"
1622660005,,,,1622660005
1622660757,Origin,Jennifer L. Armentrout,"Daemon will do anything to get Katy back.After the successful but disastrous raid on Mount Weather, he's facing the impossible. Katy is gone. Taken. Everything becomes about finding her. Taking out anyone who stands in his way? Done. Burning down the whole world to save her? Gladly. Exposing his alien race to the world? With pleasure.""All Katy can do is survive."" Surrounded by enemies, the only way she can come out of this is to adapt.","Origin by Jennifer L. Armentrout. Daemon will do anything to get Katy back.After the successful but disastrous raid on Mount Weather, he's facing the impossible. Katy is gone. Taken. Everything becomes about finding her. Taking out anyone who stands in his way? Done. Burning down the whole world to save her? Gladly. Exposing his alien race to the world? With pleasure.""All Katy can do is survive."" Surrounded by enemies, the only way she can come out of this is to adapt."
1622668030,One Night With a Hero,Laura Kaye,,One Night With a Hero by Laura Kaye
1623420687,,,,1623420687
1623420768,Return to Poughkeepsie,Debra Anastasia,,Return to Poughkeepsie by Debra Anastasia
162878007X,Rock Bottom,R. K. Lilley,,Rock Bottom by R. K. Lilley
1628780096,,,,1628780096
1630350044,,,,1630350044
1630350060,The Proposition 1,H.M. Ward,92 pages ; 21 cm,The Proposition 1 by H.M. Ward. 92 pages ; 21 cm
1630350087,The arrangement,H. M. Ward,,The arrangement by H. M. Ward
1630350095,,,,1630350095
1630350125,Proposition,H.M. Ward,,Proposition by H.M. Ward
1630350168,The arrangement,H. M. Ward,"Dark. Sexy. Epic. 'I can't lose her.' Those are the words that haunt me, the phrase that repeats in an endless loop in my mind. Images from my past collide with the present until I can no longer tell them apart. I try to hold onto what's real-- hold onto her-- Avery, but death is looming and it seems that no matter what I do, I can't save her. Get a glimpse into Sean Ferro's mind in this volume.","The arrangement by H. M. Ward. Dark. Sexy. Epic. 'I can't lose her.' Those are the words that haunt me, the phrase that repeats in an endless loop in my mind. Images from my past collide with the present until I can no longer tell them apart. I try to hold onto what's real-- hold onto her-- Avery, but death is looming and it seems that no matter what I do, I can't save her. Get a glimpse into Sean Ferro's mind in this volume."
1630350184,The wedding contract,H. M. Ward,"After I get the witch at the front desk to hand me my room key, I head for the shower. I was supposed to shoot my best friend's wedding alone, and I couldn't wait to escape New York and Nick Ferro. Yeah, he's beautiful, sexy, and completely charming, but he's stealing my clients. He's done so much damage that I'm going to be lucky if I can keep my studio open for a couple of weeks. This wedding means everything to me, and I refuse to let a spoiled brat with a shiny new MBA put me out of business. Screw that. But then I find myself wearing nothing but a smile when the person I hate most walks through the hotel room door. Nick Ferro. Two adversaries, shooting one wedding and sharing one room for one week. What could possibly go wrong?","The wedding contract by H. M. Ward. After I get the witch at the front desk to hand me my room key, I head for the shower. I was supposed to shoot my best friend's wedding alone, and I couldn't wait to escape New York and Nick Ferro. Yeah, he's beautiful, sexy, and completely charming, but he's stealing my clients. He's done so much damage that I'm going to be lucky if I can keep my studio open for a couple of weeks. This wedding means everything to me, and I refuse to let a spoiled brat with a shiny new MBA put me out of business. Screw that. But then I find myself wearing nothing but a smile when the person I hate most walks through the hotel room door. Nick Ferro. Two adversaries, shooting one wedding and sharing one room for one week. What could possibly go wrong?"
1630350192,The arrangement,H. M. Ward,"""There is so much blood that I can't think. The night goes from bliss to chaos in a matter of moments .As the truth begins to unravel, it's clear that I can't trust anyone, except Sean Ferro. The same man that threatens to destroy me could also be my salvation--and I could be his."" --Page 4 of cover.","The arrangement by H. M. Ward. ""There is so much blood that I can't think. The night goes from bliss to chaos in a matter of moments .As the truth begins to unravel, it's clear that I can't trust anyone, except Sean Ferro. The same man that threatens to destroy me could also be my salvation--and I could be his."" --Page 4 of cover."
1630350222,The proposition,H. M. Ward,"""An engagement is the farthest thing from my mind, but as Neil holds up the ring I glance around and notice someone is missing. Maggie. The man had the audacity to invite everyone except my best friend. Where is she? When I go to find out, I don't like what I discover. Once, I'd thought I was different from the Ferros and the Campones, but when it comes down to it--I'm exactly the same""--Page 4 of cover.","The proposition by H. M. Ward. ""An engagement is the farthest thing from my mind, but as Neil holds up the ring I glance around and notice someone is missing. Maggie. The man had the audacity to invite everyone except my best friend. Where is she? When I go to find out, I don't like what I discover. Once, I'd thought I was different from the Ferros and the Campones, but when it comes down to it--I'm exactly the same""--Page 4 of cover."
1630350273,The Arrangement 15 (The Ferro Family) (Volume 14),H.M. Ward,,The Arrangement 15 (The Ferro Family) (Volume 14) by H.M. Ward
1631420038,Twist Me,Anna Zaires,,Twist Me by Anna Zaires
1633500004,Breathe with me,Kristen Proby,"Dancer Meredith Summers returns to Seattle to run her dance studio, but when she sees Mark Williams again, the high school sweetheart she left behind ten years, they both wonder if they can have a second chance at love.","Breathe with me by Kristen Proby. Dancer Meredith Summers returns to Seattle to run her dance studio, but when she sees Mark Williams again, the high school sweetheart she left behind ten years, they both wonder if they can have a second chance at love."
1936305062,,,,1936305062
1936305380,The redhead revealed,Alice Clayton,,The redhead revealed by Alice Clayton
1936305941,Poughkeepsie,Debra Anastasia,,Poughkeepsie by Debra Anastasia
1936413213,Tragic,J. A. Huss,,Tragic by J. A. Huss
1936413272,Manic,J. A. Huss,,Manic by J. A. Huss
1936413310,Panic,J. A. Huss,,Panic by J. A. Huss
1936413353,Taut,J. A. Huss,,Taut by J. A. Huss
1937698971,The Future of Our Past,Kahlen Ames,,The Future of Our Past by Kahlen Ames
193815018X,Forever Innocent,Deanna Roy,,Forever Innocent by Deanna Roy
1938404009,Pulled,A. L. Jackson,,Pulled by A. L. Jackson
1938404017,,,,1938404017
1938404270,When We Collide,A. L. Jackson,,When We Collide by A. L. Jackson
1938404610,Lost to You,A.L. Jackson,,Lost to You by A.L. Jackson
1938404726,,,,1938404726
1938623428,,,,1938623428
1938623452,,,,1938623452
1938623495,,,,1938623495
1938623533,"Losing Me, Finding You",C. M. Stunich,,"Losing Me, Finding You by C. M. Stunich"
1938623541,Real Ugly,C. M. Stunich,,Real Ugly by C. M. Stunich
1938623614,,,,1938623614
1938701062,Don't Forget to Remember Me,Kahlen Ames,,Don't Forget to Remember Me by Kahlen Ames
193885733X,,,,193885733X
1939276136,Sinners at the Altar,Olivia Cunning,,Sinners at the Altar by Olivia Cunning
1939392756,Frigid,J. Lynn,"For twenty-one-year-old Sydney, being in love with Kyler isn't anything new. They'd been best friends ever since he pushed her down on the playground and she made him eat a mud pie. Somewhere over the years, she fell for him and fell hard. The big problem with that? Kyler puts the 'man' in man-whore. He's never stayed with a girl longer than a few nights, and with it being their last year in college, Syd doesn't want to risk their friendship by declaring her love. Kyler has always put Syd on a pedestal that was too high for him to reach. To him, she's perfect and she's everything. But the feelings he has for her, he's always hidden away or focused on any other female. After all, Kyler will always be the poor boy from the wrong side of tracks, and Syd will always be the one girl he can never have. But when they're stranded together at a posh ski resort due to a massive Nor'easter, there's nothing stopping their red-hot feelings for each other from coming to the surface. Can their friendship survive the attraction? Better yet, can they survive at all? Because as the snow falls, someone is stalking them, and this ski trip may be a life-changer in more ways than one.","Frigid by J. Lynn. For twenty-one-year-old Sydney, being in love with Kyler isn't anything new. They'd been best friends ever since he pushed her down on the playground and she made him eat a mud pie. Somewhere over the years, she fell for him and fell hard. The big problem with that? Kyler puts the 'man' in man-whore. He's never stayed with a girl longer than a few nights, and with it being their last year in college, Syd doesn't want to risk their friendship by declaring her love. Kyler has always put Syd on a pedestal that was too high for him to reach. To him, she's perfect and she's everything. But the feelings he has for her, he's always hidden away or focused on any other female. After all, Kyler will always be the poor boy from the wrong side of tracks, and Syd will always be the one girl he can never have. But when they're stranded together at a posh ski resort due to a massive Nor'easter, there's nothing stopping their red-hot feelings for each other from coming to the surface. Can their friendship survive the attraction? Better yet, can they survive at all? Because as the snow falls, someone is stalking them, and this ski trip may be a life-changer in more ways than one."
1939455073,Shine Not Burn,Elle Casey,,Shine Not Burn by Elle Casey
1939786002,Infatuation,Nicole Edwards,,Infatuation by Nicole Edwards
1939786053,Captivated,Nicole Edwards,,Captivated by Nicole Edwards
193978607X,Zane,Nicole Edwards,,Zane by Nicole Edwards
1939786096,Devotion,Nicole Edwards,,Devotion by Nicole Edwards
1939786118,Travis,Nicole Edwards,,Travis by Nicole Edwards
1939786134,Chasing Dreams,Nicole Edwards,,Chasing Dreams by Nicole Edwards
1939786150,Holidays with the Walker Brothers,Nicole Edwards,,Holidays with the Walker Brothers by Nicole Edwards
1939786177,Ethan,Nicole Edwards,,Ethan by Nicole Edwards
1939786193,Perception,Nicole Edwards,,Perception by Nicole Edwards
1939786215,Entrusted,Nicole Edwards,,Entrusted by Nicole Edwards
1939927196,Love Like This,Kahlen Aymes,,Love Like This by Kahlen Aymes
1939962315,The Billionaire's Obsession ~ Simon,J. S. Scott,,The Billionaire's Obsession ~ Simon by J. S. Scott
1939962323,Heart of the Billionaire,J. S. Scott,,Heart of the Billionaire by J. S. Scott
1940448018,Near & Far,Nicole Williams,,Near & Far by Nicole Williams
1940652073,What's Left of Me,Amanda Maxlyn,,What's Left of Me by Amanda Maxlyn
1940745322,Angel after Dark,Kahlen Aymes,,Angel after Dark by Kahlen Aymes
1940832004,Fall to You,Lexi Ryan,,Fall to You by Lexi Ryan
1940832977,Lost In Me,Lexi Ryan,,Lost In Me by Lexi Ryan
1940883121,On The Rocks,Sawyer Bennett,,On The Rocks by Sawyer Bennett
1940883148,Make It A Double,Sawyer Bennett,,Make It A Double by Sawyer Bennett
1940883172,Confessions of a Litigation God,Sawyer Bennett,,Confessions of a Litigation God by Sawyer Bennett
1940941423,End of the Innocence,Alessandra Torre,,End of the Innocence by Alessandra Torre
1941098010,Forever & Always,Jasinda Wilder,,Forever & Always by Jasinda Wilder
1941098037,After Forever : The Ever Trilogy,Jasinda Wilder,,After Forever : The Ever Trilogy by Jasinda Wilder
1941098053,,,,1941098053
1941098096,Falling Under,Jasinda Wilder,,Falling Under by Jasinda Wilder
1941098126,Alpha,Jasinda Wilder,,Alpha by Jasinda Wilder
1941450008,,,,1941450008
B004S81POK,,,,B004S81POK
B004Z1GHG6,,,,B004Z1GHG6
B005AU8KM0,,,,B005AU8KM0
B005IMCYVI,,,,B005IMCYVI
B005IYEWHA,,,,B005IYEWHA
B005YKC770,,,,B005YKC770
B006R6JVH4,,,,B006R6JVH4
B006XRM3PY,,,,B006XRM3PY
B007KYH3P4,,,,B007KYH3P4
B008AXX9CK,,,,B008AXX9CK
B008ETBJ5E,,,,B008ETBJ5E
B008O0QUU2,,,,B008O0QUU2
B008P4LJG2,,,,B008P4LJG2
B009CE4TG6,,,,B009CE4TG6
B009FHSYSY,,,,B009FHSYSY
B009TU9M06,,,,B009TU9M06
B009YLRDQK,,,,B009YLRDQK
B00A6NG154,,,,B00A6NG154
B00AIBQ6P4,,,,B00AIBQ6P4
B00AIF3QD0,,,,B00AIF3QD0
B00AKH5X4G,,,,B00AKH5X4G
B00AMUZS3W,,,,B00AMUZS3W
B00AND5YIM,,,,B00AND5YIM
B00APSWJM4,,,,B00APSWJM4
B00AQU7FTS,,,,B00AQU7FTS
B00AYIDVLS,,,,B00AYIDVLS
B00B3KPBSW,,,,B00B3KPBSW
B00B4Y2UHW,,,,B00B4Y2UHW
B00B5XDXPA,,,,B00B5XDXPA
B00B6LRUOG,,,,B00B6LRUOG
B00B73H3K4,,,,B00B73H3K4
B00BANV988,,,,B00BANV988
B00BD2PT8M,,,,B00BD2PT8M
B00BEK71Q6,,,,B00BEK71Q6
B00BEQP450,,,,B00BEQP450
B00BG3ELWS,,,,B00BG3ELWS
B00BHLGZJ6,,,,B00BHLGZJ6
B00BK50QYY,,,,B00BK50QYY
B00BMZ74PG,,,,B00BMZ74PG
B00BNFOR1Y,,,,B00BNFOR1Y
B00BOTU4JI,,,,B00BOTU4JI
B00BS2ECK8,,,,B00BS2ECK8
B00BS3J7F2,,,,B00BS3J7F2
B00BTN2DSY,,,,B00BTN2DSY
B00BYK0OE2,,,,B00BYK0OE2
B00C2YRAQE,,,,B00C2YRAQE
B00C4BA44K,,,,B00C4BA44K
B00C5R83E6,,,,B00C5R83E6
B00C74WXEI,,,,B00C74WXEI
B00C7COF6O,,,,B00C7COF6O
B00CC3QZ8E,,,,B00CC3QZ8E
B00CC6X8HC,,,,B00CC6X8HC
B00CCRTFSC,,,,B00CCRTFSC
B00CCVVKMW,,,,B00CCVVKMW
B00CD36FKQ,,,,B00CD36FKQ
B00CFOJU3C,,,,B00CFOJU3C
B00CGTWC0O,,,,B00CGTWC0O
B00CK51JT4,,,,B00CK51JT4
B00CKHW04A,,,,B00CKHW04A
B00CKURM1I,,,,B00CKURM1I
B00CO7GIDU,,,,B00CO7GIDU
B00CO7GIFI,,,,B00CO7GIFI
B00CQYAW3I,,,,B00CQYAW3I
B00CQYAWAG,,,,B00CQYAWAG
B00CRFHJAA,,,,B00CRFHJAA
B00CSEHXQU,,,,B00CSEHXQU
B00CWFAQJQ,,,,B00CWFAQJQ
B00CX5V74I,,,,B00CX5V74I
B00CYKHQW4,,,,B00CYKHQW4
B00D048R6W,,,,B00D048R6W
B00D5YWZFQ,,,,B00D5YWZFQ
B00DA7MHUQ,,,,B00DA7MHUQ
B00DDXKA1U,,,,B00DDXKA1U
B00DE50M2E,,,,B00DE50M2E
B00DG8ZYA4,,,,B00DG8ZYA4
B00DGVFUJG,,,,B00DGVFUJG
B00DJB6KE2,,,,B00DJB6KE2
B00DJJJJLK,,,,B00DJJJJLK
B00DK7EGCI,,,,B00DK7EGCI
B00DNPQSPK,,,,B00DNPQSPK
B00DRL96CC,,,,B00DRL96CC
B00DSDPTTI,,,,B00DSDPTTI
B00DW7VI7M,,,,B00DW7VI7M
B00DY8HARG,,,,B00DY8HARG
B00DY8HASK,,,,B00DY8HASK
B00DY8HASU,,,,B00DY8HASU
B00E2QS6SG,,,,B00E2QS6SG
B00E3DWAQM,,,,B00E3DWAQM
B00E7XUGM8,,,,B00E7XUGM8
B00E9MCRLA,,,,B00E9MCRLA
B00EA45DUO,,,,B00EA45DUO
B00EB323E8,,,,B00EB323E8
B00EB9Z902,,,,B00EB9Z902
B00EBEFDXA,,,,B00EBEFDXA
B00EBRUB5C,,,,B00EBRUB5C
B00EC197UC,,,,B00EC197UC
B00EGJ334Q,,,,B00EGJ334Q
B00EGMV24G,,,,B00EGMV24G
B00EH9HUNA,,,,B00EH9HUNA
B00EHMG34E,,,,B00EHMG34E
B00EPZUSYY,,,,B00EPZUSYY
B00ERKTG40,,,,B00ERKTG40
B00EUBGT7I,,,,B00EUBGT7I
B00EYJ2LGY,,,,B00EYJ2LGY
B00F007WI8,,,,B00F007WI8
B00F31FRKO,,,,B00F31FRKO
B00F5DF9QC,,,,B00F5DF9QC
B00FA2B9S0,,,,B00FA2B9S0
B00FBK17PQ,,,,B00FBK17PQ
B00FDX59UA,,,,B00FDX59UA
B00FG2LWWM,,,,B00FG2LWWM
B00FGFY86G,,,,B00FGFY86G
B00FGFYIS4,,,,B00FGFYIS4
B00FIL334Q,,,,B00FIL334Q
B00FIWMEU4,,,,B00FIWMEU4
B00FK1ZRXY,,,,B00FK1ZRXY
B00FKAD59I,,,,B00FKAD59I
B00FKERXXS,,,,B00FKERXXS
B00FNUND4W,,,,B00FNUND4W
B00FO60CH6,,,,B00FO60CH6
B00FUTYLR4,,,,B00FUTYLR4
B00FVIXS5K,,,,B00FVIXS5K
B00FXYLC96,,,,B00FXYLC96
B00G0ZMWOG,,,,B00G0ZMWOG
B00G2BL50K,,,,B00G2BL50K
B00G6N3IA4,,,,B00G6N3IA4
B00G8BHJB8,,,,B00G8BHJB8
B00GBIYX8A,,,,B00GBIYX8A
B00GCMGWMA,,,,B00GCMGWMA
B00GEEB15Y,,,,B00GEEB15Y
B00GF6BVXI,,,,B00GF6BVXI
B00GKKU0OK,,,,B00GKKU0OK
B00GKKU12G,,,,B00GKKU12G
B00GL6FUMU,,,,B00GL6FUMU
B00GLSBYYG,,,,B00GLSBYYG
B00GO6VI50,,,,B00GO6VI50
B00GP0SB8W,,,,B00GP0SB8W
B00GQZ653E,,,,B00GQZ653E
B00GRIKMXO,,,,B00GRIKMXO
B00GSWF888,,,,B00GSWF888
B00GT0NLZQ,,,,B00GT0NLZQ
B00GVZZQ2A,,,,B00GVZZQ2A
B00GW9H8XA,,,,B00GW9H8XA
B00H0P5F0I,,,,B00H0P5F0I
B00H0V069M,,,,B00H0V069M
B00H3I2172,,,,B00H3I2172
B00H3LM7UA,,,,B00H3LM7UA
B00H5XAQOU,,,,B00H5XAQOU
B00H91O5YA,,,,B00H91O5YA
B00H95FQRG,,,,B00H95FQRG
B00H9JGL08,,,,B00H9JGL08
B00HBIZ4UA,,,,B00HBIZ4UA
B00HCMZZQ8,,,,B00HCMZZQ8
B00HDSGUQ0,,,,B00HDSGUQ0
B00HDZOTM0,,,,B00HDZOTM0
B00HFUAODQ,,,,B00HFUAODQ
B00HFXK4W4,,,,B00HFXK4W4
B00HFYQ346,,,,B00HFYQ346
B00HG15RHM,,,,B00HG15RHM
B00HGI16I4,,,,B00HGI16I4
B00HH1JVCI,,,,B00HH1JVCI
B00HKMUFU6,,,,B00HKMUFU6
B00HLX9Z3C,,,,B00HLX9Z3C
B00HMP4JEO,,,,B00HMP4JEO
B00HNWEA9K,,,,B00HNWEA9K
B00HOIH342,,,,B00HOIH342
B00HOKH5OS,,,,B00HOKH5OS
B00HOSAE52,,,,B00HOSAE52
B00HOY8AN4,,,,B00HOY8AN4
B00HP4L3S2,,,,B00HP4L3S2
B00HTJJSSU,,,,B00HTJJSSU
B00HTM7UDM,,,,B00HTM7UDM
B00HUUAG4I,,,,B00HUUAG4I
B00HXXE5Q2,,,,B00HXXE5Q2
B00HY03FJM,,,,B00HY03FJM
B00HYQJPC2,,,,B00HYQJPC2
B00I19Y70Q,,,,B00I19Y70Q
B00I2CPY4U,,,,B00I2CPY4U
B00I2VUKKY,,,,B00I2VUKKY
B00I48KN16,,,,B00I48KN16
B00I7X5ML4,,,,B00I7X5ML4
B00IA6QWP8,,,,B00IA6QWP8
B00IA9TLBM,,,,B00IA9TLBM
B00IBHSZ4M,,,,B00IBHSZ4M
B00IE4QU7Q,,,,B00IE4QU7Q
B00IGUOMGY,,,,B00IGUOMGY
B00IGW2ZXY,,,,B00IGW2ZXY
B00IH8IDVA,,,,B00IH8IDVA
B00II4IHQ4,,,,B00II4IHQ4
B00IODNJRG,,,,B00IODNJRG
B00IP8459G,,,,B00IP8459G
B00IPI546E,,,,B00IPI546E
B00IPL4AR0,,,,B00IPL4AR0
B00IVSF77Y,,,,B00IVSF77Y
B00J0KYFSO,,,,B00J0KYFSO
B00J1SP9FI,,,,B00J1SP9FI
B00J3BRW6C,,,,B00J3BRW6C
B00J44T4YQ,,,,B00J44T4YQ
B00JAXSEFQ,,,,B00JAXSEFQ
B00JCJAK96,,,,B00JCJAK96
B00JD223TW,,,,B00JD223TW
B00JDLFHRI,,,,B00JDLFHRI
B00JDYC5OI,,,,B00JDYC5OI
B00JFHKEOG,,,,B00JFHKEOG
B00JGJB5E6,,,,B00JGJB5E6
B00JIV2YA6,,,,B00JIV2YA6
B00JIWJ78C,,,,B00JIWJ78C
B00JJZLJRU,,,,B00JJZLJRU
B00JOPR0ZK,,,,B00JOPR0ZK
B00JTJ2F2O,,,,B00JTJ2F2O
B00JU93M6Q,,,,B00JU93M6Q
B00JXW6GFE,,,,B00JXW6GFE
B00K2GAUC0,,,,B00K2GAUC0
B00K31DCD8,,,,B00K31DCD8
B00K4IKBWK,,,,B00K4IKBWK
B00K60M99E,,,,B00K60M99E
B00K9QUXAC,,,,B00K9QUXAC
B00K9V2OPE,,,,B00K9V2OPE
B00K9ZLW3K,,,,B00K9ZLW3K
B00KA0AGJK,,,,B00KA0AGJK
B00KANRBOK,,,,B00KANRBOK
B00KC8Q522,,,,B00KC8Q522
B00KCE1ISM,,,,B00KCE1ISM
B00KF0URBM,,,,B00KF0URBM
B00KFUJX58,,,,B00KFUJX58
B00KGREQZW,,,,B00KGREQZW
B00KHHOUKW,,,,B00KHHOUKW
B00KK1GLWA,,,,B00KK1GLWA
B00KLBHX44,,,,B00KLBHX44
B00KLJCUIK,,,,B00KLJCUIK
B00KLPW3K4,,,,B00KLPW3K4
B00KOSOX2O,,,,B00KOSOX2O
B00KPIPQJ2,,,,B00KPIPQJ2
B00KTI9R6Q,,,,B00KTI9R6Q
B00KUEGX16,,,,B00KUEGX16
B00KV13TKG,,,,B00KV13TKG
B00L1MSEZO,,,,B00L1MSEZO
B00L9HIR4E,,,,B00L9HIR4E
B00LD6IYUS,,,,B00LD6IYUS
B00LD8K0KI,,,,B00LD8K0KI
B00LDD8NDO,,,,B00LDD8NDO
B00LLWDUDK,,,,B00LLWDUDK
