ID,Rating
84634,4.8334808349609375
55852,4.3069915771484375
28875,5.228817462921143
94134,4.909523010253906
31501,4.88607931137085
105499,4.564014911651611
108116,4.826256275177002
101798,5.058176517486572
99199,4.769239902496338
11393,3.9778594970703125
55414,4.308591842651367
77039,5.01620626449585
64525,3.630054235458374
29028,5.04645299911499
75275,4.1192193031311035
78258,4.520483016967773
3233,3.6296639442443848
84806,4.918943405151367
53333,4.814022064208984
81867,4.49847936630249
37733,4.837471008300781
4567,4.538482189178467
24853,4.6796159744262695
85738,4.917806625366211
40311,5.1933135986328125
32881,4.527093887329102
62654,4.665077209472656
37370,4.712653160095215
89086,4.482246398925781
32896,4.90777587890625
10820,4.335599422454834
1006,3.813866376876831
53943,4.3687357902526855
22287,4.580467224121094
45860,4.895169258117676
9540,4.427375793457031
83222,4.983120918273926
90940,4.5402913093566895
94443,4.786617279052734
48577,4.1973652839660645
60054,3.7820587158203125
18633,5.156513214111328
24815,3.8061468601226807
57353,4.0166335105896
10803,3.177129030227661
18398,4.6633501052856445
8857,4.350086688995361
43732,3.9142754077911377
65942,4.682568073272705
22847,4.642323017120361
89208,4.888435363769531
66542,4.052514553070068
45260,5.118062973022461
43860,4.912854194641113
12685,4.789356231689453
25831,4.507667064666748
62610,3.982224225997925
70860,3.329005479812622
29336,4.737548828125
103820,4.308638572692871
51707,4.79703426361084
4655,4.962297439575195
16520,4.811404705047607
53163,5.352808475494385
55292,3.5148284435272217
16998,5.02699089050293
70344,3.2850725650787354
25412,4.49693489074707
78270,4.764591217041016
32060,3.968454360961914
49592,4.994141578674316
27879,4.548923492431641
4555,4.427626609802246
103899,4.588049411773682
39323,4.75173807144165
100495,4.098209857940674
21358,4.611036777496338
75173,4.528227806091309
54967,4.187398433685303
16401,4.384787082672119
103062,4.207728862762451
37100,4.4020586013793945
30075,4.467804908752441
1701,4.194195747375488
101632,4.977622985839844
47759,3.672466278076172
84548,4.6570281982421875
99242,5.0552287101745605
84053,4.608224868774414
34588,4.889324188232422
103841,4.4884257316589355
39566,5.311739921569824
83027,4.78822135925293
49808,4.254782199859619
45190,4.33347225189209
56826,4.815650463104248
31661,4.384016513824463
21145,4.1212992668151855
24215,4.165192604064941
101004,4.862401485443115
35642,3.1329152584075928
50210,4.163378715515137
86310,5.04434061050415
96716,4.119678020477295
77248,4.3721394538879395
4265,4.535976409912109
41018,4.298855304718018
28813,4.679438591003418
107894,4.470308303833008
5357,3.353489875793457
15108,4.350231170654297
52227,4.607491493225098
57,4.274773120880127
45598,4.405261993408203
103905,4.217834949493408
17473,4.00923490524292
3440,4.95017147064209
85268,4.947529315948486
31033,4.86907958984375
68576,4.779217720031738
92890,4.7687153816223145
90933,4.9837327003479
91916,4.475205421447754
31725,5.0800347328186035
5256,4.585315704345703
33746,4.326780796051025
56366,4.3640313148498535
507,3.91776967048645
30370,4.98991060256958
96891,4.393871784210205
84353,4.331148624420166
43943,4.235662937164307
68902,4.313401699066162
64395,4.760788917541504
32871,4.251603603363037
38427,4.769227981567383
40243,5.1159186363220215
41730,5.169659614562988
13914,4.6813859939575195
70199,4.7326154708862305
62436,4.180985450744629
98055,4.6264848709106445
68261,4.819302558898926
108137,4.071066379547119
57774,5.232051849365234
1038,4.820931434631348
100837,4.482747554779053
66946,4.387701511383057
74938,4.505145072937012
94814,3.360107183456421
101561,4.777787208557129
24927,4.74484920501709
78231,5.266570091247559
37202,4.219461917877197
60546,3.7526376247406006
34665,5.438253879547119
74157,4.863184452056885
85187,4.363901615142822
16415,4.560999870300293
36452,5.016753196716309
47493,3.3770527839660645
98411,4.345797538757324
16541,4.369597434997559
78752,4.071585178375244
82486,5.183783531188965
38459,4.721880912780762
61104,3.714890480041504
98538,3.6327528953552246
49482,3.975456953048706
26934,4.666329383850098
97905,4.285834789276123
98485,4.63619327545166
88408,4.931142330169678
76974,4.483956813812256
52890,4.553471088409424
37902,5.135690689086914
66839,3.705279588699341
20262,4.948481559753418
33753,4.462924480438232
94488,3.4004650115966797
47638,5.018434524536133
28682,4.442190647125244
98045,4.627229690551758
73541,4.277810573577881
12101,4.4550557136535645
39955,4.810110092163086
23590,3.997483253479004
7587,5.183330535888672
13596,4.703442096710205
2068,4.945858955383301
41323,4.769739627838135
30957,4.4171905517578125
14715,4.485195636749268
76583,4.647647857666016
25752,5.0289082527160645
104719,4.21274995803833
8348,5.293944358825684
51112,5.198957920074463
37579,4.728817939758301
102278,4.6370649337768555
89686,3.397089719772339
95841,4.564184665679932
97475,3.987287759780884
43505,4.788341999053955
59833,4.853723526000977
33836,4.811666488647461
30891,3.7421393394470215
94875,3.77522349357605
9708,5.0441765785217285
28353,4.61670446395874
87252,4.3806538581848145
24739,3.697821617126465
66181,5.028558731079102
21049,4.1629204750061035
59596,5.095324993133545
19291,4.9384050369262695
1272,5.114963054656982
14562,4.59413480758667
2804,4.802545070648193
102324,3.810783624649048
100293,3.5601162910461426
27763,4.753105640411377
94844,3.841001510620117
8229,4.459194183349609
36977,4.9674201011657715
62824,3.2846367359161377
17142,4.794336795806885
15072,4.576260089874268
45462,4.520756721496582
21727,5.086868762969971
43268,3.7518117427825928
75820,4.809635162353516
55103,4.471014499664307
100681,3.429819345474243
20383,4.439261436462402
21132,4.743531703948975
104967,4.103621006011963
69738,4.445017337799072
37547,4.606205940246582
21570,4.183444499969482
4375,3.577956199645996
21257,4.458625316619873
102465,4.1798248291015625
99082,3.9378583431243896
4217,4.120180606842041
67481,4.533681869506836
31346,4.514943599700928
73124,4.832341194152832
1025,4.477453708648682
43424,5.040553092956543
59800,5.0866217613220215
67994,3.579871416091919
108581,5.155787467956543
91241,3.190718650817871
91441,4.736392498016357
61237,4.703198432922363
55172,4.973393440246582
95373,4.41569709777832
99665,4.275047779083252
18918,4.451671123504639
74509,5.111227512359619
26170,4.843871593475342
92830,4.333410739898682
82037,5.001981735229492
12683,3.549236536026001
92275,4.5654296875
2314,3.757746458053589
16583,4.733516216278076
30559,3.4565534591674805
48627,4.427864074707031
62227,4.402133941650391
79363,4.275402545928955
83300,4.605745315551758
10498,4.507411003112793
86409,4.690766334533691
52273,3.7671263217926025
104871,4.898416996002197
14,4.72299861907959
106653,3.251899242401123
77774,4.533459663391113
60358,4.879730701446533
1855,3.4621245861053467
91304,4.058689117431641
68320,4.800327777862549
41853,4.684711456298828
74630,4.403852939605713
88506,5.197335243225098
104172,4.609587669372559
58867,4.260289192199707
59115,4.024913311004639
20070,5.077813148498535
6415,4.836357116699219
68750,4.920559883117676
71965,4.838758945465088
104900,5.00560188293457
54622,4.593891620635986
96161,4.782787799835205
40765,4.855340480804443
55647,3.901644468307495
93954,4.728949546813965
30889,4.8937273025512695
82975,4.855322360992432
47063,4.682522773742676
11075,4.374201774597168
104585,4.912202835083008
54756,3.903534412384033
54729,4.952366828918457
17561,5.162290096282959
91520,4.990848064422607
2483,4.209389686584473
50743,4.188856601715088
31099,4.667227745056152
7424,4.890665054321289
17343,4.574946403503418
65070,4.312669277191162
44352,4.682062149047852
66080,4.480482578277588
75355,3.4854977130889893
66717,4.256409168243408
12399,3.7895655632019043
17715,4.07542085647583
4800,4.986295700073242
78361,4.712364673614502
86937,5.059067249298096
57355,4.928394317626953
97426,4.42656946182251
61213,4.5830159187316895
84131,4.597278118133545
84190,4.710105895996094
82692,4.468680381774902
3101,4.9003705978393555
101786,4.212549209594727
87832,4.331589221954346
39714,4.212737560272217
14544,5.025241851806641
30764,5.215737342834473
92460,4.589909553527832
12093,4.502566337585449
55563,5.001221656799316
41723,4.175018310546875
105291,3.6335504055023193
12109,4.341873645782471
52262,4.825901985168457
40853,5.150498390197754
38257,3.109091281890869
65951,4.370393753051758
52188,4.115705966949463
44963,4.987360000610352
11770,4.4999847412109375
2507,4.7140655517578125
61483,4.157454490661621
56260,4.845733165740967
65396,4.847983360290527
5070,4.062083721160889
106487,2.8146142959594727
74350,4.154728412628174
15804,3.854255199432373
53551,4.637834548950195
44108,3.978915214538574
6212,4.74328088760376
40248,5.079259872436523
74530,4.864770412445068
68350,4.913149356842041
53088,3.777513027191162
91070,5.269242286682129
103461,2.9616332054138184
13537,4.871081829071045
9428,4.636219501495361
84639,4.34738302230835
68637,4.88540506362915
18182,4.752255439758301
3175,4.0024333000183105
17787,4.799253940582275
16002,3.6568336486816406
6788,4.58675479888916
88997,5.0218305587768555
93756,4.792381286621094
29068,4.547730445861816
64496,4.560818195343018
34649,4.951902866363525
99228,5.103452682495117
41715,4.615560054779053
14330,4.122714042663574
104454,4.4632439613342285
55825,3.897632122039795
40349,4.969409465789795
86535,5.270257472991943
46406,4.384883880615234
62909,4.370752334594727
13229,5.173862934112549
1226,4.4570536613464355
86565,4.687175750732422
89074,4.793992519378662
8060,4.39517068862915
3050,5.378040313720703
26516,4.168067932128906
704,4.5311102867126465
99804,4.942526817321777
80190,5.115845203399658
1473,3.911586046218872
73627,4.9134721755981445
7504,5.017360210418701
36679,4.4898457527160645
11022,4.041829586029053
90074,4.069799423217773
9973,4.353458404541016
106822,3.9525108337402344
65752,4.318697452545166
57220,4.459384441375732
91151,4.582684516906738
95183,4.56262731552124
102616,4.604114055633545
54088,4.16896390914917
54823,4.4533891677856445
92459,4.783581733703613
53092,4.25935173034668
35554,4.577437877655029
20664,4.481935501098633
1978,4.437925815582275
30073,4.8871917724609375
5429,5.279956817626953
32562,4.9953131675720215
70357,4.728460788726807
88415,4.750227451324463
50294,3.7092556953430176
27934,4.5229997634887695
30898,4.207820415496826
28963,4.272426128387451
94059,4.036230087280273
53771,4.809723377227783
1675,3.7597873210906982
3300,4.489739894866943
55482,4.98832893371582
39411,5.290367126464844
60734,4.63295841217041
32531,4.8131794929504395
75050,4.528561592102051
55015,3.887599468231201
29430,4.873533725738525
70634,4.635432720184326
29627,4.2258758544921875
14845,4.249156475067139
52426,4.377891540527344
18305,2.2515475749969482
19260,2.5424182415008545
34016,4.856380462646484
37181,3.7985241413116455
61527,4.732758045196533
56758,3.8836934566497803
33116,2.9977993965148926
94899,4.7536444664001465
19435,4.223270416259766
76694,4.741391181945801
88869,4.105010032653809
53221,4.198585033416748
71646,4.264886379241943
90784,3.656280994415283
73275,4.588896751403809
71665,4.020731449127197
20468,4.687222003936768
8633,4.664484977722168
95315,3.9784910678863525
60590,4.185453414916992
79153,4.997410297393799
50333,4.7949748039245605
62308,4.604171276092529
564,3.0612964630126953
33917,4.927422046661377
100815,4.897467136383057
79118,4.905458450317383
58355,4.623280048370361
4176,5.125068664550781
102206,3.643777370452881
40433,5.301734924316406
36302,4.298861026763916
10981,4.045773029327393
47406,4.626560688018799
91836,4.984189033508301
8616,4.373956203460693
38713,3.9896340370178223
77868,4.765676498413086
20795,4.523634910583496
90950,4.529784202575684
22694,4.522396087646484
65887,3.664851188659668
21880,5.184483528137207
27834,4.715485095977783
57616,4.746674060821533
21241,4.778911590576172
107527,3.5047526359558105
18863,4.607704162597656
54456,5.141772747039795
30628,4.4441914558410645
99557,4.628721237182617
93574,4.838314056396484
26048,4.695220947265625
69006,4.650668144226074
89730,3.4602465629577637
31961,4.5708184242248535
23160,4.770482540130615
94373,4.55859899520874
14929,4.516927242279053
31981,3.8611319065093994
37018,4.612094879150391
63724,3.3079495429992676
66643,5.235058307647705
90994,4.669522762298584
78918,5.080831050872803
51573,4.81765079498291
76821,4.598018169403076
36009,4.286989212036133
67227,3.973175048828125
82137,4.562824249267578
13230,4.8229546546936035
1382,3.9728944301605225
62588,4.446275234222412
103237,4.2177886962890625
37964,4.680212497711182
26834,4.849761962890625
23678,5.009232521057129
54410,3.9384937286376953
76161,4.08128547668457
24274,4.87492036819458
41508,4.388840675354004
71304,3.3428986072540283
50858,3.787877082824707
17779,4.8822245597839355
73177,4.76111364364624
61387,4.983369827270508
65599,4.749758720397949
37810,4.9546637535095215
4615,5.187994003295898
90970,4.520582675933838
32436,3.3301186561584473
30593,5.362753391265869
42296,4.914860725402832
66850,4.197939395904541
57176,4.590885639190674
72114,3.0577964782714844
65331,5.104396820068359
4436,4.333738327026367
36921,5.0456719398498535
4306,4.23687744140625
57934,4.739022254943848
25965,4.639037609100342
7538,4.8079400062561035
53548,4.387686729431152
104825,4.7376861572265625
22928,4.630596160888672
86365,4.441488265991211
2325,3.957286834716797
54412,3.354914426803589
4030,4.326635360717773
32593,4.780694007873535
40772,4.8321661949157715
74708,4.721405506134033
10483,4.620896816253662
107820,5.06574821472168
108440,4.838270664215088
49721,4.830813407897949
85702,4.477206707000732
10808,4.941739559173584
50180,4.420477390289307
45624,3.7061209678649902
83541,3.6850850582122803
75768,4.058526515960693
78897,3.595829486846924
94009,3.602850914001465
91971,4.296547889709473
74998,4.581527233123779
73171,4.307629585266113
79181,5.227867603302002
27261,4.21636438369751
101878,2.36645245552063
11504,4.236822605133057
6026,4.327243804931641
92342,4.200003147125244
40480,5.241079330444336
98747,4.284505367279053
77022,4.972499370574951
8066,4.277800559997559
3156,4.3012895584106445
66297,4.7479987144470215
67725,4.425734996795654
31144,3.559858560562134
43406,4.400569915771484
20684,4.258674621582031
34791,4.074296474456787
40912,5.231971263885498
28651,4.8225884437561035
57519,4.54775857925415
92674,4.781899929046631
35932,4.721826553344727
63674,4.509383201599121
107250,4.048495769500732
66182,4.778905868530273
56834,4.057694911956787
19971,3.6992597579956055
57840,3.8684587478637695
33997,4.467167377471924
103094,4.289550304412842
106935,4.628453254699707
88037,3.551642417907715
95101,3.188727617263794
39543,5.010709762573242
82571,5.396660804748535
90349,4.843072414398193
18409,3.4801547527313232
21189,4.6537065505981445
73652,4.429418563842773
23891,5.19915771484375
82868,4.09526252746582
59831,3.926752805709839
88044,2.8455846309661865
54264,4.658781051635742
43266,4.743651390075684
5777,4.738246917724609
98743,3.595834732055664
39565,4.969666957855225
12671,4.7901225090026855
24357,4.604580402374268
107713,4.797261714935303
8570,4.202512741088867
16993,4.541588306427002
78276,4.922847747802734
11300,4.388331890106201
88495,4.379388332366943
4853,4.5962934494018555
60307,4.2060770988464355
105753,4.456791877746582
53604,4.377136707305908
7121,4.858036994934082
98789,6.135547161102295
42003,4.849700450897217
44778,5.06032133102417
48216,4.847951889038086
16004,3.938666343688965
42930,4.527675628662109
50668,4.932673931121826
101635,3.9547722339630127
81191,4.307404041290283
56688,4.028194904327393
58593,4.140018939971924
105131,4.498297691345215
11096,3.7446110248565674
80416,5.0318522453308105
74409,5.372330188751221
2650,4.840995788574219
4420,4.634243965148926
87419,4.919217586517334
10155,4.779592514038086
103660,2.9425222873687744
24825,4.419651508331299
13070,4.420435428619385
108175,4.560128688812256
57522,4.854905128479004
34377,4.972041130065918
108472,4.654338359832764
87397,3.6530888080596924
71165,5.115755558013916
92503,3.78625750541687
51764,4.251084804534912
61160,4.05352783203125
25152,5.092891216278076
54137,4.734138011932373
96471,5.838134288787842
59051,3.9830522537231445
102698,4.364745616912842
84684,4.598400115966797
83436,4.74729585647583
35043,4.874763488769531
32307,4.805847644805908
102197,4.539944171905518
51225,4.045875549316406
104316,4.632324695587158
87304,4.904685020446777
90795,3.234778881072998
57803,4.41907262802124
26885,4.667356014251709
74493,4.941159725189209
59612,3.7008681297302246
83661,4.941953182220459
106101,4.990662574768066
28462,4.678311347961426
50527,4.330363750457764
45500,4.85636568069458
17439,4.666971206665039
34977,4.945995807647705
77197,4.885904312133789
14713,4.232489109039307
102896,4.778810024261475
71051,4.090692043304443
38165,3.965545415878296
20323,4.469851970672607
49604,4.581919193267822
104627,4.704215049743652
63817,4.5823073387146
44573,4.01052188873291
6918,4.070818901062012
15779,4.442300796508789
47443,3.6356847286224365
58464,5.057992935180664
14627,4.610337734222412
3065,5.156637191772461
15637,4.625442981719971
7639,4.977328300476074
7577,4.374418258666992
19101,4.260388374328613
36047,4.26640510559082
48168,4.57946252822876
92609,5.106710433959961
50883,4.1484575271606445
105515,3.6901133060455322
25916,5.2264790534973145
89581,4.6751708984375
99478,4.557601451873779
37943,4.78491735458374
54253,4.119804859161377
51023,4.976785182952881
45984,4.859588623046875
34933,4.608176231384277
86160,3.982877492904663
48004,4.515322685241699
7529,3.9454519748687744
58188,3.538160800933838
7985,3.7212541103363037
79230,5.106638431549072
8867,4.07885217666626
31401,5.329917907714844
79137,5.150655269622803
58717,4.897019386291504
30735,3.956467390060425
68655,4.992416858673096
3660,4.277939796447754
5940,4.997785568237305
85407,4.633724689483643
39700,4.781528472900391
92018,4.650336265563965
40391,3.860274076461792
85855,4.674180030822754
62907,3.622555732727051
56587,4.513091564178467
80302,4.848728179931641
52841,3.3059449195861816
51063,4.969196796417236
28185,3.7523953914642334
8132,3.2327022552490234
22720,4.483493328094482
38762,4.1489763259887695
79285,4.734835147857666
77173,5.093967914581299
62084,4.841699123382568
1102,4.251437187194824
79360,4.808022499084473
10010,5.026948928833008
34530,4.4963884353637695
46208,4.387999057769775
69421,5.1186699867248535
21234,4.796788215637207
4363,4.826122760772705
73101,4.4523420333862305
58086,3.6279478073120117
107131,4.856435298919678
50971,4.645245552062988
63220,4.131260395050049
34539,5.345551490783691
17923,4.661293983459473
89547,4.414475917816162
36425,4.70359468460083
56407,4.6296820640563965
22212,5.125300407409668
75878,4.380396366119385
93487,4.701922416687012
20131,4.956854820251465
23382,4.365931510925293
14355,4.832339286804199
48666,4.047851085662842
11659,4.452585697174072
73758,4.391783714294434
53992,5.030673027038574
90788,3.9808971881866455
45875,4.595522403717041
95916,4.609668731689453
11464,4.83589506149292
100456,5.0833740234375
27032,3.9774622917175293
23025,5.009944915771484
89896,5.098211288452148
91664,4.949697494506836
98819,4.744323253631592
40179,4.43208646774292
50055,4.8914666175842285
32966,4.833739280700684
27977,4.525074005126953
57360,4.5227484703063965
58124,3.528949737548828
31317,4.347524642944336
74976,4.478818893432617
8525,5.086429595947266
42849,5.08547306060791
102072,3.912191867828369
83710,4.827602863311768
76096,5.155906677246094
76971,4.635973930358887
11870,4.553348064422607
4604,4.091826915740967
47957,4.267936706542969
58001,4.645832538604736
103787,4.35132360458374
9174,4.613401412963867
31021,4.731231212615967
15703,3.3948354721069336
25478,3.691004991531372
102542,4.883932113647461
24352,3.820056915283203
77007,5.143451690673828
108421,3.236549139022827
20640,4.241557598114014
17854,4.672611236572266
3873,5.3604207038879395
19148,4.83710241317749
81226,4.456429481506348
26719,5.112883567810059
60836,4.636281490325928
42301,4.577739715576172
82640,4.689581394195557
102783,3.9834980964660645
10852,4.131097793579102
21077,4.763120174407959
48876,4.255332946777344
31704,4.9070587158203125
72972,4.3430867195129395
69644,4.770744800567627
9730,4.6142401695251465
90087,5.214174747467041
97996,4.484431743621826
108399,4.26153039932251
58132,4.359386920928955
51699,5.01585578918457
28352,4.569427013397217
97992,4.932122230529785
6863,4.126344203948975
23528,4.593019485473633
63032,4.710566997528076
69828,4.285471439361572
11729,4.542022228240967
54943,4.22552490234375
5771,5.014693737030029
94094,4.2522172927856445
104050,4.3565239906311035
59666,4.794625282287598
2369,4.106109142303467
89065,4.4369306564331055
12408,4.562002658843994
84516,4.700514793395996
101308,4.817775726318359
62887,3.794761896133423
35787,4.815127849578857
50124,4.512814044952393
40803,5.214774131774902
87685,3.772437572479248
40,5.333148956298828
59372,4.579380989074707
6279,4.565782070159912
43963,4.327679634094238
6179,3.5389058589935303
56100,4.753891468048096
41147,4.808002471923828
54658,3.986560344696045
101982,4.486307621002197
76436,5.359055519104004
51604,5.011623382568359
89901,4.264691352844238
63241,4.268360614776611
49734,4.349313259124756
50624,4.596898078918457
107009,4.737534046173096
66426,4.437817096710205
23052,5.1093668937683105
25121,4.435101509094238
39534,4.6238508224487305
105273,4.703917980194092
2056,5.0430426597595215
49212,4.200784206390381
46045,4.438575267791748
75165,4.215627670288086
76115,5.065678119659424
37137,4.384406566619873
95568,4.0171942710876465
56331,4.423208713531494
104230,5.108379364013672
4627,4.683876037597656
10654,3.89319109916687
43957,4.116844654083252
34847,4.012145519256592
73253,4.84144401550293
73540,4.879891395568848
42812,5.003604888916016
31903,4.625833988189697
54727,4.976791858673096
48252,4.196310520172119
62228,4.551774024963379
40478,4.156679153442383
24391,4.228428363800049
86496,4.975548267364502
101434,4.4591851234436035
105300,3.8114564418792725
31646,4.697000503540039
224,4.330079078674316
68948,4.203547954559326
1950,4.8371806144714355
77780,4.8230109214782715
9891,4.904782295227051
6350,4.262331485748291
31019,4.750014781951904
51605,4.52943754196167
18541,4.702615261077881
48368,4.490606784820557
100398,4.637671947479248
16313,4.1092753410339355
9381,4.6522369384765625
104697,4.469432830810547
2310,5.094389915466309
65448,4.850529670715332
91178,4.494234085083008
95469,4.532329082489014
36571,4.985031604766846
73305,3.8055520057678223
105778,4.478950023651123
24140,5.022915840148926
52560,4.0243659019470215
103306,4.477441310882568
51892,3.919175863265991
26114,4.458983898162842
100864,4.471066951751709
103731,4.300015449523926
98151,3.8760666847229004
50446,4.0126633644104
15137,4.7553887367248535
44463,4.095818996429443
55775,3.6908764839172363
70052,4.593010902404785
34677,4.538315773010254
316,4.625908851623535
98903,4.637259006500244
12965,4.768171787261963
19316,4.932393550872803
12989,4.003814220428467
56063,4.821511745452881
2242,4.863653659820557
39056,4.384212017059326
39395,5.021194934844971
22134,4.432974338531494
21903,4.80664587020874
66677,4.32580041885376
81744,4.574112892150879
96515,3.825540542602539
68933,4.180647373199463
74654,4.477636337280273
85836,5.005704879760742
12413,4.549225807189941
38927,4.57056999206543
60390,3.5349013805389404
96665,3.222168207168579
80875,4.225032329559326
48689,2.8922572135925293
107727,3.5380656719207764
70533,4.300382137298584
21438,4.413834095001221
8839,4.6263508796691895
945,4.411724090576172
100985,4.132023334503174
43190,4.288631439208984
98701,4.020519256591797
106126,4.368368625640869
57205,4.3901166915893555
75746,5.212026596069336
3579,4.796458721160889
58295,4.256708145141602
38374,4.223530292510986
41198,4.93718957901001
99042,5.077220916748047
92427,4.926713943481445
3776,4.653162002563477
29523,3.897470474243164
53810,3.8072991371154785
23226,4.329285144805908
68524,4.37910270690918
33569,4.662248611450195
83703,4.809474468231201
105649,4.333874225616455
21707,4.042418956756592
17107,4.0866923332214355
56549,4.930879592895508
13587,3.8186845779418945
78306,5.074550628662109
21434,5.108463764190674
36457,4.420648097991943
94232,4.281581401824951
1445,4.315150737762451
10179,4.169709205627441
86618,5.257291316986084
88765,4.816449165344238
6585,4.719509124755859
6924,4.141108512878418
22701,4.3787946701049805
88371,4.878197193145752
7260,5.3587751388549805
14941,4.422603130340576
73501,4.485631465911865
78011,4.042786121368408
14088,4.50075101852417
49948,4.41768217086792
22695,4.347125053405762
98901,4.878301620483398
67665,4.552366256713867
84790,4.9501051902771
80589,4.493453025817871
89097,4.938686370849609
84711,3.724278211593628
53097,4.0689697265625
63906,4.836001873016357
33122,4.862854480743408
105249,4.587549686431885
20031,5.020053386688232
54144,4.3696722984313965
65277,4.726655960083008
10053,4.874871253967285
70741,4.304693222045898
26131,4.7050700187683105
79799,5.020849227905273
13252,4.549046993255615
1223,4.787221908569336
88902,4.679628372192383
98292,3.9776194095611572
91782,4.8741350173950195
21554,4.471404075622559
86801,5.4948225021362305
30227,3.6712300777435303
105937,3.9058711528778076
44461,4.600231647491455
54856,4.499077320098877
42554,4.969936847686768
84972,4.0358567237854
28344,4.724723815917969
12995,4.89760160446167
3481,4.6589579582214355
103418,4.892181396484375
97117,4.63207483291626
16544,4.109210014343262
51791,4.2560601234436035
91009,4.423159122467041
108564,5.105350017547607
19510,5.1136932373046875
56575,4.514899253845215
60610,4.254680156707764
98907,4.753635406494141
50341,4.340123176574707
64759,4.7727203369140625
92764,5.041651725769043
47750,4.445475101470947
17490,4.843441486358643
98408,4.15095329284668
63597,5.210597515106201
107332,4.368919849395752
59217,4.4439239501953125
90426,5.0337018966674805
32797,5.358259201049805
50419,4.31615686416626
46200,4.302978038787842
108574,4.2427849769592285
67307,4.502650260925293
3128,4.285452842712402
106713,4.136650562286377
101415,4.531074047088623
74118,5.018447399139404
53470,4.914078235626221
98509,4.470968246459961
57155,3.847686290740967
55078,4.084348678588867
27498,4.705299377441406
55223,4.725698471069336
83776,4.798157691955566
3425,4.906239986419678
66060,4.723974704742432
94060,3.4453635215759277
105046,4.402473449707031
6100,4.884274959564209
94302,4.583883285522461
72339,3.9577317237854004
1612,4.6016764640808105
44556,3.853660821914673
97755,4.545126914978027
98289,4.15838623046875
53468,4.880761623382568
532,4.638876914978027
59895,3.9019343852996826
105928,5.040748596191406
5645,5.075503826141357
37405,5.00026798248291
4749,5.261137008666992
28067,4.349935054779053
56335,4.761446952819824
36475,4.917539119720459
86852,4.701333045959473
6747,4.631236553192139
79633,4.414458274841309
44673,4.826632499694824
21673,4.252412796020508
5183,4.187191963195801
60774,4.079719543457031
98536,4.737364292144775
8323,4.826902389526367
55021,4.772623062133789
71129,4.979323387145996
77865,4.734107494354248
88747,5.164375305175781
18959,3.8551907539367676
70288,4.552304267883301
84705,5.081267356872559
96120,4.942925453186035
15259,4.472865581512451
67703,4.209184169769287
40215,4.616957664489746
90814,4.05071496963501
97077,4.618430137634277
69451,4.2882537841796875
1545,4.611849308013916
108193,4.737367153167725
89273,4.971015453338623
16987,4.6159210205078125
6304,3.838658571243286
86647,3.5536293983459473
76950,4.722891807556152
33240,3.013288974761963
78147,4.122002124786377
2239,4.006064414978027
20801,4.738863468170166
14984,3.3407654762268066
42012,4.989414691925049
15659,4.780527591705322
91263,4.205225944519043
58198,4.549381256103516
2781,4.535030841827393
42619,4.313145637512207
95510,4.074725151062012
8928,4.795533657073975
44424,4.620067596435547
42708,4.022863388061523
26183,4.898930549621582
104884,4.478837490081787
64716,3.7814736366271973
54278,4.789412498474121
6526,4.056676864624023
64132,4.067870140075684
58485,5.030405521392822
45442,4.676100730895996
10623,3.796419858932495
70195,3.454336404800415
9949,5.178723335266113
97363,3.909590482711792
47214,3.549163818359375
98167,3.596954822540283
93371,5.130887031555176
95291,4.965331554412842
74769,5.028369903564453
11630,5.068299293518066
50982,4.708898067474365
105,4.6493425369262695
89058,4.719850063323975
105518,3.6786341667175293
39039,4.658964157104492
62177,4.173160552978516
54472,4.371306896209717
32757,4.342911720275879
19499,4.818981170654297
105449,4.3014235496521
64004,4.0872673988342285
80380,4.815257549285889
21243,4.876591682434082
37728,4.354391574859619
38395,3.650449752807617
37079,3.9885334968566895
17096,5.083957195281982
61066,4.677006244659424
72772,4.065429210662842
11401,4.076522350311279
37145,4.0343017578125
95930,4.5313639640808105
89430,4.708876132965088
42025,4.399141788482666
104160,4.517776012420654
47709,4.745615482330322
99847,3.8446764945983887
103692,4.1328935623168945
38141,3.429611921310425
23016,5.190427303314209
83173,4.3492865562438965
73841,4.944479942321777
21996,4.690674304962158
40212,4.466191291809082
71335,4.989689826965332
35402,4.2610578536987305
90987,4.664534568786621
5171,4.138148784637451
102578,4.453891754150391
98421,4.0053629875183105
102924,3.2275772094726562
83822,4.260900020599365
1287,4.627527236938477
50769,4.002394199371338
60264,4.941473007202148
21656,4.23774528503418
25369,5.102674961090088
29447,5.025099277496338
92436,4.641509532928467
30480,5.086144924163818
13487,4.658100128173828
23235,4.3287672996521
59502,3.9508960247039795
21987,4.2426557540893555
37520,4.365165710449219
47999,4.274120330810547
25787,4.914194107055664
105119,4.482773780822754
105717,4.294402122497559
76577,4.893965721130371
49028,5.007429599761963
87552,4.5283732414245605
84264,5.070971488952637
53953,4.764659404754639
76667,4.838447570800781
68355,4.016982078552246
24530,3.608036518096924
69571,4.410214424133301
37976,4.349095344543457
83829,4.335447788238525
81350,4.856678009033203
56617,4.492223739624023
74011,4.637821197509766
15981,3.992297410964966
15124,4.6331987380981445
6989,4.730065822601318
49298,4.264167785644531
98310,4.528130531311035
69002,3.421356439590454
32098,4.327328681945801
19154,5.045987129211426
58620,4.65771484375
2651,4.082228183746338
23781,5.001437187194824
88324,4.49550724029541
88776,5.178083419799805
62391,3.0946176052093506
36166,4.032573699951172
41686,4.508890628814697
88551,5.105971813201904
6581,4.8777875900268555
63417,3.4931507110595703
107339,4.965588092803955
5424,4.750635147094727
55411,5.075921535491943
91557,4.554337501525879
28042,4.458393096923828
55705,4.111957550048828
89862,4.964068412780762
41714,4.954265594482422
93437,4.343512058258057
12111,4.4384942054748535
162,5.0653533935546875
60381,4.236407279968262
84194,5.010685443878174
47211,4.885844707489014
88699,4.649361610412598
108109,4.059313774108887
24201,4.574276924133301
37790,4.684302806854248
43934,4.990461349487305
99929,4.727097511291504
59834,3.9078803062438965
3967,5.158507347106934
25014,4.597656726837158
72379,4.5231804847717285
6551,4.118753910064697
19406,4.591058254241943
71435,4.94850492477417
29097,4.924031734466553
46025,5.00004768371582
88482,5.225393295288086
74745,4.463330268859863
3503,4.616163730621338
82177,4.523783206939697
75022,4.392605781555176
43504,4.978513240814209
72169,4.86079216003418
79240,4.6498703956604
1268,5.043426036834717
46443,4.291550636291504
39150,4.929959774017334
56766,4.3916239738464355
55858,4.644246578216553
4543,4.541323184967041
60430,3.706699848175049
97353,4.018385410308838
15384,4.657476425170898
49130,4.91841983795166
101911,4.432242393493652
85608,4.301258563995361
17522,4.131363868713379
59713,4.4424824714660645
59339,4.433079242706299
5522,4.929195880889893
69739,4.625120639801025
53248,4.401971340179443
14380,4.469281196594238
94402,4.01261568069458
30918,4.4329986572265625
5941,4.630297660827637
107406,4.140800952911377
73630,4.361902236938477
104449,4.515753269195557
12334,2.1700236797332764
106331,4.91973352432251
97930,3.520082950592041
58846,4.389881134033203
806,4.57101583480835
70194,4.447491645812988
103633,4.506103992462158
5557,4.301244735717773
17261,4.483180999755859
89197,4.223932266235352
17005,4.301124095916748
38022,3.769062042236328
48772,3.66606068611145
87996,4.850611686706543
31594,4.26561975479126
38499,3.8799118995666504
98568,4.989317417144775
20469,5.097009658813477
79759,4.562961578369141
75170,4.932981014251709
52388,5.0346784591674805
107623,4.866670608520508
66601,3.6472456455230713
18088,4.370433807373047
70124,4.5878825187683105
41719,4.27742862701416
56870,3.8809401988983154
35813,4.588767051696777
1724,3.437469482421875
69544,4.1669416427612305
57725,4.598336696624756
7222,4.763247489929199
24632,4.411403656005859
61968,4.090645790100098
87820,3.1658501625061035
90976,4.528805255889893
26414,4.3083014488220215
91818,4.257298469543457
87452,4.586577892303467
27479,5.093318939208984
81575,4.723562240600586
89036,4.154166221618652
19303,4.794502258300781
35556,4.458341121673584
18065,5.026679992675781
102545,4.825521469116211
54167,4.174841403961182
41529,4.429057598114014
3331,4.912850856781006
83154,4.976716995239258
103915,4.5855817794799805
9795,5.286990642547607
89256,4.398577690124512
52080,4.231293678283691
95327,4.894423007965088
66495,4.734588623046875
69615,4.643439292907715
45451,4.693691253662109
56558,4.702653884887695
72753,4.567540168762207
93853,4.7475714683532715
32403,4.052294731140137
41324,4.271663188934326
84224,4.510261535644531
78323,5.029609680175781
61783,4.353700637817383
35232,4.649576663970947
51312,4.21132230758667
47176,4.756287574768066
52912,4.767312526702881
47534,4.589447021484375
67787,4.4484453201293945
102610,5.141134738922119
26778,4.48764181137085
30608,5.069838047027588
86185,4.879170894622803
61544,3.9534478187561035
21321,4.704881191253662
94985,4.6629319190979
21341,4.62196683883667
59018,4.767452716827393
35822,4.90830135345459
9547,3.7194859981536865
15870,4.953688621520996
56736,4.038751602172852
53444,5.047144889831543
53073,4.264986991882324
92978,4.70920991897583
89573,4.465921401977539
53195,4.993229389190674
64319,4.833412170410156
28060,4.712979316711426
39977,4.901541709899902
61296,4.619110584259033
23227,4.4649200439453125
66580,4.64823055267334
16589,3.900879144668579
42063,5.128404140472412
37350,4.772495269775391
67580,4.786684036254883
3094,4.052322864532471
79005,4.747962951660156
39938,4.973880290985107
13939,4.283130645751953
91804,4.928537845611572
97609,3.4396884441375732
51114,4.552892208099365
77826,4.103753089904785
84640,4.354475498199463
55306,4.472163677215576
23849,4.815476417541504
93617,3.9647419452667236
88276,5.039023399353027
99237,4.950239181518555
50972,5.040376663208008
57251,4.909216403961182
92880,4.136204719543457
105735,3.9796388149261475
11769,4.739368915557861
13619,4.011518955230713
105353,4.741182804107666
21948,4.685050964355469
48099,4.8602213859558105
86908,4.971704959869385
29788,4.81553316116333
57741,4.791460990905762
16449,4.169248580932617
38462,4.2544169425964355
39853,4.115025043487549
44060,4.3581647872924805
38517,4.741533279418945
62575,4.473846435546875
67639,3.609206438064575
43642,3.704237699508667
97113,4.429957389831543
77102,5.271298408508301
32785,4.192304611206055
25470,4.913929462432861
108186,4.550956726074219
65336,4.3975605964660645
9184,4.627432823181152
2175,3.9971156120300293
86833,5.013425350189209
65536,2.2156620025634766
77473,4.770530700683594
25149,4.741867542266846
44890,3.546205997467041
59379,4.391360282897949
16540,5.119552135467529
17804,4.417462348937988
106977,4.234631538391113
67907,4.604471206665039
78511,4.957432746887207
19273,4.745212554931641
5294,4.292435646057129
14661,4.758724689483643
74725,4.767531394958496
75697,5.1185994148254395
8022,5.135775566101074
59106,5.001256942749023
250,4.310122966766357
57524,4.63484001159668
72137,3.6103036403656006
37246,4.689716815948486
48088,4.867841720581055
71990,3.7843427658081055
83598,5.012021064758301
94429,3.949967384338379
30421,4.808620929718018
968,4.879426956176758
86679,4.934957027435303
3508,4.766414642333984
88560,5.1169819831848145
80896,4.54602575302124
104440,3.890169143676758
100443,4.474461555480957
42541,4.91721248626709
97320,4.279768466949463
27240,4.6843061447143555
62827,4.470666885375977
8322,4.283862113952637
37776,5.337059020996094
91857,4.531034469604492
15084,2.831165075302124
26376,4.932932376861572
27956,4.271403789520264
84101,3.462873935699463
67119,4.687372207641602
5055,4.2948126792907715
70588,4.666053771972656
72456,4.2442402839660645
90110,4.5618486404418945
11571,3.350048065185547
13057,4.780561923980713
46241,4.359245777130127
85075,5.144704818725586
69390,4.533572196960449
72688,4.584498405456543
27425,5.02902364730835
94927,4.969339370727539
61620,4.153014659881592
10561,4.257500648498535
96000,4.4079484939575195
53687,3.9386892318725586
80313,4.459985256195068
66451,4.750870704650879
104339,4.6800713539123535
13154,4.644450664520264
69231,3.933047294616699
13847,4.464931488037109
64533,3.805741786956787
25504,4.772729873657227
89312,4.8680009841918945
76273,4.62566614151001
1150,5.0505452156066895
69282,4.741486072540283
5990,4.535739421844482
66329,4.918415069580078
99574,3.237473726272583
58731,4.773462772369385
100932,4.5229997634887695
84073,3.9435338973999023
4177,4.491684436798096
49591,4.359383583068848
42407,4.345155239105225
64338,4.9420623779296875
43476,4.980173587799072
22416,4.795269966125488
77487,4.920751571655273
57223,4.9147419929504395
90282,4.626104831695557
46618,5.172072887420654
40932,4.646901607513428
107932,4.227122783660889
68112,4.687956809997559
15718,4.727382659912109
51047,4.081881523132324
69135,4.414380073547363
101207,4.064844131469727
89092,4.35047721862793
17972,4.390216827392578
91185,3.964020013809204
28607,4.534420013427734
6616,4.49638032913208
62402,3.9659855365753174
83141,4.303221225738525
32061,3.381103754043579
7239,5.07945442199707
65554,4.399063587188721
1566,5.151208877563477
79774,4.739298343658447
63924,4.470086574554443
25690,5.0082526206970215
66775,4.197663307189941
51847,3.9584200382232666
38728,4.383927345275879
97416,4.309359550476074
72919,4.4496378898620605
67440,5.048046588897705
12382,4.824366569519043
72311,4.032243251800537
65798,2.873046636581421
7570,3.5950000286102295
92455,4.859958648681641
21535,4.405243873596191
89116,4.703158855438232
17815,3.5685572624206543
106157,4.429498672485352
56210,4.914882659912109
73844,3.9958012104034424
84306,4.853001594543457
2985,5.380476474761963
87353,4.718784809112549
24231,4.155588150024414
18420,4.376102924346924
40531,5.062371730804443
20732,5.144030570983887
14331,4.484963417053223
28008,4.199528217315674
59734,3.202316999435425
19461,4.846096515655518
69719,5.191213607788086
66599,4.847311019897461
6894,4.6811604499816895
73236,4.207666873931885
13791,4.829771518707275
41366,4.96498441696167
92568,4.439748764038086
1721,4.581356525421143
103472,4.869406700134277
54836,4.4915313720703125
4705,5.0729289054870605
11432,4.594734191894531
29300,4.511282920837402
41924,4.573105812072754
29669,4.395580291748047
89359,3.90673565864563
68208,4.419675827026367
6917,4.00051212310791
74154,4.896017551422119
18117,4.507501125335693
39059,4.30101203918457
50996,4.3345465660095215
32760,4.365998268127441
48527,4.78222131729126
75333,4.4261040687561035
42583,4.951345443725586
44601,3.9290003776550293
27487,5.008476734161377
48396,4.243162155151367
70133,4.85298490524292
28677,4.2484049797058105
106234,4.741092205047607
96135,4.576052188873291
7362,4.740655422210693
5090,3.9833264350891113
22187,4.944817543029785
43500,5.0959577560424805
46902,4.913148403167725
8400,4.916713714599609
17911,4.529858112335205
63828,4.8732523918151855
11404,3.4899075031280518
41226,3.4118051528930664
36121,4.571231842041016
2098,3.849940538406372
10416,4.387808799743652
32084,3.5352962017059326
102337,4.027682781219482
66049,4.941221714019775
69551,5.0224528312683105
82634,4.4127631187438965
62726,4.386051654815674
53795,4.312496185302734
40895,4.857888698577881
28184,4.764523983001709
41048,3.484766721725464
54463,3.7095963954925537
79632,4.480808258056641
43397,4.902011871337891
90508,4.281195163726807
9523,4.770610332489014
93578,4.352802276611328
21778,4.323328971862793
99198,4.823965549468994
93927,4.061758995056152
18693,4.144596576690674
82457,5.243131637573242
53116,4.6467180252075195
93337,4.610108375549316
40900,4.85381555557251
78609,4.9014997482299805
93476,4.64445686340332
40967,4.529574394226074
70825,4.684446334838867
84210,3.8905839920043945
36935,3.6286635398864746
73060,4.630411148071289
60898,4.533694267272949
15393,3.7956066131591797
48723,4.464527130126953
95713,3.638531446456909
80420,4.898545742034912
41774,4.909252166748047
81519,4.825904369354248
45517,4.385831832885742
107182,4.934900283813477
20671,4.8634490966796875
88621,4.651909828186035
101549,4.3886332511901855
28107,3.888002872467041
29920,4.631425857543945
98479,4.582056045532227
78800,3.999189853668213
17185,5.287050247192383
2378,4.526102066040039
28767,4.344264984130859
42168,4.758902072906494
35256,4.855652332305908
36416,4.674346923828125
11930,4.557467460632324
16730,5.017786502838135
25691,5.075992584228516
102340,4.564073085784912
83247,4.8133320808410645
76232,3.9864590167999268
80375,4.337368965148926
99216,4.887538433074951
89196,4.6381001472473145
12092,4.820505619049072
18784,3.8037984371185303
94031,3.700328826904297
61276,5.243141174316406
2938,4.652554988861084
59240,4.651518821716309
26641,3.647556781768799
9783,5.284165859222412
25484,4.876187324523926
104997,4.456801891326904
65393,5.130712509155273
36898,4.879106044769287
63894,4.0225701332092285
5073,4.160863399505615
60815,4.1323394775390625
101981,4.548171520233154
91080,5.164910793304443
99523,4.384220600128174
12485,4.395838737487793
6944,4.75067663192749
37623,4.096914291381836
104831,4.533793926239014
12993,3.6565685272216797
21897,4.6287970542907715
68987,4.6480584144592285
60616,4.3792405128479
37641,4.277896881103516
84926,4.447765827178955
27920,4.351316452026367
93303,5.179022789001465
35251,4.760724067687988
102898,4.899892807006836
58667,4.151254653930664
106056,5.0177507400512695
84342,5.139774322509766
40936,4.706132411956787
82430,5.402706623077393
50557,4.389553070068359
35442,5.108692169189453
67624,4.359676837921143
11032,4.480839252471924
81632,4.020205974578857
10741,5.02810001373291
83724,5.077594757080078
19165,5.49608850479126
92975,5.031926155090332
14981,4.407173156738281
69289,3.6312055587768555
67610,4.537745475769043
98604,4.2306809425354
42039,5.1720499992370605
89752,4.771134853363037
26972,4.335574150085449
97365,3.8013839721679688
542,3.640778064727783
14761,4.6250457763671875
107066,5.02998685836792
12782,5.347264289855957
58959,3.4569296836853027
72629,4.983575344085693
26104,4.631143569946289
28072,4.464694499969482
34357,4.6870527267456055
103689,4.681872367858887
107205,4.8272385597229
99587,3.8961780071258545
72346,4.862690448760986
89786,4.769237518310547
17592,5.034735202789307
26761,3.673985481262207
36172,4.09276819229126
54323,4.851780891418457
57830,4.721840858459473
33937,4.350850582122803
88988,4.615346908569336
10789,3.8642375469207764
104638,4.3786702156066895
93443,4.021770000457764
107854,5.108694553375244
96023,4.964321136474609
77490,4.611303806304932
73155,4.552428722381592
100093,4.37467622756958
80622,4.866194725036621
75528,4.341217517852783
40471,4.256716251373291
56038,4.0323357582092285
67426,5.0876994132995605
108370,5.098114967346191
1720,3.9963669776916504
3368,4.763365745544434
81666,4.780782699584961
104317,3.1361451148986816
43226,4.374964714050293
14207,4.98868465423584
71378,2.8848891258239746
1440,4.4393510818481445
5327,2.772170305252075
94578,3.736205816268921
28589,4.257351398468018
48857,4.761427402496338
18747,3.952333927154541
95135,3.7172234058380127
84332,4.776888370513916
24067,4.471184253692627
5976,4.811854839324951
30302,4.6830878257751465
81348,5.114787578582764
63487,4.935945510864258
103052,4.129405975341797
50876,4.843985557556152
59107,4.447784423828125
66008,4.644977569580078
96605,4.118133544921875
56474,4.980946063995361
87569,4.375232696533203
46351,4.749998092651367
40386,3.6175739765167236
77142,4.1307196617126465
41551,4.160731792449951
74441,4.819432735443115
9836,4.600761413574219
97025,4.755448818206787
106262,4.668709754943848
89704,4.836589813232422
2398,4.178670406341553
4372,3.5674209594726562
87772,5.147180080413818
10891,5.071971416473389
51514,4.456444263458252
86718,4.5075249671936035
43964,4.451790809631348
106425,5.0598249435424805
74072,5.241264343261719
93785,4.3742218017578125
6908,4.808424472808838
95354,4.232721328735352
95273,3.7340872287750244
82824,4.328114032745361
82282,5.061707496643066
9088,4.654110431671143
18469,4.262059688568115
102249,4.664819240570068
57270,4.622044563293457
29358,4.640092372894287
6829,3.998844861984253
77294,4.658540725708008
18517,4.327096462249756
89178,4.1183624267578125
76476,4.4576334953308105
97313,3.9406521320343018
15739,4.584529399871826
76546,4.90108060836792
77936,4.411268711090088
107980,4.883836269378662
26450,4.651343822479248
85498,4.799646377563477
90999,4.983736991882324
90170,4.455373764038086
18086,5.111875534057617
4600,5.272636890411377
9554,4.939330101013184
55399,5.073235988616943
103620,4.429722785949707
56169,5.130627155303955
48380,4.484073162078857
64092,4.429415225982666
5396,5.254677772521973
37673,4.4270405769348145
9217,4.281490325927734
100247,4.670759201049805
69634,4.359167098999023
13383,5.1313581466674805
35659,4.8612446784973145
10998,4.50436544418335
25211,5.406589984893799
16175,4.2429304122924805
62563,4.458029747009277
58529,4.673853874206543
103627,4.883760929107666
101673,4.427906036376953
39950,4.932413101196289
40794,5.21628475189209
66913,5.218765735626221
50502,3.9592902660369873
55231,4.465900897979736
47128,4.9270920753479
66068,4.870867729187012
107784,4.551433563232422
108296,4.885956287384033
70361,4.670210838317871
76797,4.668368339538574
71654,4.045348167419434
50296,4.072153091430664
49745,4.4509968757629395
93921,4.490854740142822
15481,4.510829925537109
52814,4.530113220214844
74484,4.8399739265441895
80050,5.111447811126709
43547,4.919000148773193
102411,4.07861328125
36607,4.556529521942139
93500,4.105203151702881
78294,4.732959270477295
103645,5.192626953125
80816,4.943881988525391
93795,4.340671062469482
44253,4.384901523590088
42114,5.091359615325928
90121,4.38226842880249
103985,4.4900946617126465
102318,4.870345115661621
84873,4.2404561042785645
29562,4.733758449554443
10099,5.260133743286133
1194,3.934644937515259
33287,3.6547672748565674
64654,4.606160640716553
53940,2.2707014083862305
78384,4.760433197021484
17861,4.113112449645996
22045,3.5415923595428467
83579,4.833529472351074
40886,4.5162177085876465
6531,4.538173675537109
3451,4.597959518432617
106147,4.547130584716797
87114,5.1403093338012695
12801,3.3160107135772705
93352,5.212224960327148
34881,4.024041175842285
78363,4.648956775665283
47870,4.381189823150635
34026,4.8528151512146
22515,5.027040004730225
17122,4.5133161544799805
19357,4.227390289306641
18990,3.99137282371521
48751,3.4857254028320312
14349,3.4205079078674316
72295,4.776769161224365
76262,1.7826365232467651
72251,4.311530590057373
107426,4.808078289031982
70187,3.839651584625244
28909,4.387293338775635
5426,5.187313079833984
46403,3.9195539951324463
100480,3.5527477264404297
65979,4.689302444458008
39684,4.060317039489746
38903,5.0402512550354
74033,4.381048679351807
99746,4.408204078674316
25500,4.0220770835876465
5126,3.8840949535369873
66290,5.061686992645264
9898,4.81769323348999
9716,4.849150657653809
44442,4.2314581871032715
49466,3.3298017978668213
11740,3.7323153018951416
67145,4.097177982330322
89101,5.023502349853516
91632,4.63902473449707
25639,4.816056251525879
51920,4.058113098144531
91864,4.457319736480713
11862,4.650997161865234
84657,5.863042831420898
4448,4.542103290557861
105243,4.493391036987305
13210,4.506930828094482
49793,4.352355480194092
52459,3.726350784301758
36582,4.633523464202881
58061,4.3770527839660645
41957,4.823767185211182
56282,4.585477352142334
20857,3.814711332321167
34165,4.481353759765625
10643,4.575599193572998
85365,3.769357681274414
75830,5.183938503265381
33622,4.437023162841797
37816,5.169299602508545
84111,4.052476406097412
89060,4.608232021331787
82682,4.708731174468994
85199,4.882853984832764
105658,4.346683979034424
35210,3.5173699855804443
13184,4.651196479797363
90176,4.765135288238525
63146,5.053796768188477
31596,4.498990535736084
61418,3.827141523361206
15271,3.883610248565674
54516,3.040802478790283
16119,4.813564777374268
84488,4.79595422744751
105507,4.607885837554932
77573,4.780552864074707
57986,4.857569694519043
87717,4.23402738571167
77395,4.223328113555908
50392,4.008223056793213
49881,4.575734615325928
87398,4.9106364250183105
14139,4.3202314376831055
34898,4.057015419006348
107204,4.584868431091309
44746,4.302332878112793
44722,3.5215771198272705
12218,4.984478950500488
61446,4.412507057189941
52705,4.72396183013916
27133,4.964980602264404
66386,5.1862616539001465
59252,4.486630916595459
64729,4.602100372314453
54887,4.0528974533081055
56204,4.378372669219971
75320,4.233358383178711
51925,4.365379810333252
75715,4.404978275299072
105160,4.583950519561768
29776,4.017245292663574
19887,2.791381597518921
11142,4.194205284118652
105366,4.914316177368164
28251,4.690131664276123
106642,4.399343490600586
69826,4.407504558563232
92920,4.8895158767700195
88466,4.902060508728027
73533,4.696948528289795
9103,4.318198204040527
66243,4.7731475830078125
92047,5.053324222564697
12697,4.349965572357178
13984,4.373470783233643
94022,4.889060020446777
99414,3.471219062805176
88206,4.304184436798096
82212,5.321378231048584
44541,4.88446044921875
33586,4.425097465515137
67184,5.0303144454956055
32206,4.513703346252441
63323,4.721424102783203
58861,5.2141337394714355
95282,4.473944187164307
59500,4.095906734466553
54954,4.657930850982666
86559,4.51255989074707
72442,4.921526908874512
39099,5.031825065612793
49550,4.061253547668457
23157,4.220831394195557
60512,4.816798686981201
62919,4.723227500915527
41338,5.088788986206055
65819,2.854128837585449
28889,4.504913330078125
99995,4.306407928466797
82769,4.526602268218994
92906,4.558169841766357
22051,3.6859383583068848
85837,4.820379257202148
86842,5.433614730834961
67153,4.659484386444092
21036,4.443769454956055
86894,5.228620529174805
108267,4.98073148727417
14097,4.778849124908447
92177,4.661223888397217
73103,4.599313259124756
58766,4.886699199676514
50859,3.7723662853240967
75973,4.22618293762207
43138,4.953085422515869
20195,4.6247878074646
42377,4.9649834632873535
27699,4.749873161315918
103287,3.7746992111206055
20406,4.952770233154297
15262,4.389662265777588
58137,4.245984077453613
106510,4.418522357940674
91193,4.421678066253662
107829,4.865148067474365
53277,4.058466911315918
26144,4.20970344543457
70172,3.9079601764678955
41169,4.143535614013672
2862,4.63764762878418
69224,4.411956787109375
14000,4.322525501251221
42431,4.48524284362793
57502,4.069183349609375
81551,4.584893703460693
18379,4.740462303161621
92650,5.327791213989258
73457,4.756746768951416
96813,5.021622657775879
235,4.91926908493042
13367,4.48565673828125
94832,3.480131149291992
94598,4.454535007476807
20979,5.136307716369629
89477,4.4352335929870605
69140,4.505066871643066
31416,5.316462516784668
539,4.729898929595947
29375,4.690845012664795
538,4.799647808074951
103078,4.664949417114258
38089,4.488980293273926
74863,3.4302175045013428
108067,3.770988702774048
95239,4.39984655380249
80675,5.034938335418701
11503,4.7807393074035645
50062,4.318303108215332
55445,4.580631732940674
98715,4.656053066253662
38890,3.7067408561706543
10260,5.353947639465332
51902,3.7178139686584473
4929,3.5558156967163086
44910,4.451808452606201
33751,4.861039638519287
16872,4.240942478179932
80563,4.343550205230713
66530,2.8562896251678467
26132,4.267674922943115
59935,4.604914665222168
95789,3.291546583175659
56957,4.422300338745117
79112,5.151299953460693
65620,4.072874546051025
76374,4.480170249938965
88140,3.9841554164886475
68578,5.05192232131958
49699,4.894895076751709
103234,4.544651031494141
96416,4.505699157714844
94230,4.576366901397705
64352,4.613421440124512
869,3.8617403507232666
17937,4.815027713775635
63791,4.564910411834717
781,4.936545372009277
70974,4.3343505859375
33504,5.021437168121338
13389,4.122570037841797
8458,4.255052089691162
13934,3.790189266204834
32981,3.403347969055176
76590,4.509664058685303
44849,5.136870384216309
37916,4.819985389709473
61790,4.0535502433776855
98499,4.6159210205078125
45070,4.281484603881836
100900,4.182532787322998
57721,4.3484344482421875
64215,4.312036037445068
36791,5.036052703857422
19251,3.960829973220825
45987,5.281697750091553
21594,4.012967109680176
29320,4.381649017333984
8757,4.446468830108643
81730,4.850237846374512
17850,4.6745219230651855
85354,4.871310710906982
92165,3.903632879257202
50910,4.199109077453613
50194,4.295342922210693
13526,4.724105358123779
35644,4.198853492736816
93002,4.335182189941406
66956,4.437693119049072
95699,4.748128414154053
67133,4.668367862701416
93637,4.385306358337402
55286,4.232610702514648
14098,4.562514781951904
47353,4.207760810852051
21059,4.974564075469971
10928,5.179605007171631
388,4.646450519561768
54667,4.237335681915283
58585,4.63347864151001
62672,4.763023853302002
21074,4.861782073974609
47041,4.79642915725708
14688,4.333308696746826
79911,4.906918048858643
19261,4.710136413574219
47027,3.969928741455078
44915,4.774809837341309
76278,4.610151767730713
55037,4.676011085510254
61356,3.932731866836548
4245,4.601562976837158
12437,4.663909912109375
20092,4.4387617111206055
96938,4.2566914558410645
74173,3.7247936725616455
72371,5.0059590339660645
1344,4.448099136352539
55740,3.7631123065948486
17226,5.2086076736450195
2949,4.701732158660889
52865,4.0992937088012695
525,4.283566474914551
19630,4.090080738067627
95176,4.654760837554932
11529,4.813815593719482
88455,4.950689315795898
50542,3.464573621749878
51654,3.8408896923065186
64530,3.2856547832489014
33107,4.7644829750061035
41735,3.7384090423583984
38304,4.601007461547852
81075,4.089750289916992
99877,4.53961706161499
58240,4.70329475402832
86946,4.1749138832092285
19819,4.100487232208252
3172,4.495180130004883
76705,4.8317461013793945
83515,3.8886380195617676
86141,4.572393417358398
88945,4.997903347015381
47291,4.809335708618164
74634,4.692257404327393
82024,3.760910987854004
7343,4.982738494873047
15225,3.8160524368286133
98506,5.112639427185059
92805,4.319426536560059
35330,3.0763347148895264
2908,4.1880269050598145
16464,3.9633045196533203
82437,5.129006385803223
37762,3.5568857192993164
89153,4.870644569396973
46540,4.169283866882324
4882,4.307596683502197
102595,5.170541763305664
58181,4.621944904327393
80456,4.8695478439331055
77685,4.172030448913574
99756,4.4562764167785645
70316,4.659892559051514
50238,4.579989433288574
15026,4.5614495277404785
4831,4.756058692932129
87069,4.635035514831543
57638,4.50011682510376
17818,4.558885097503662
82687,4.391701698303223
45288,4.98560094833374
35408,4.892886161804199
61139,4.5359787940979
53144,3.905961275100708
89336,4.722789287567139
48458,4.3416619300842285
30439,5.361385345458984
85994,4.924188613891602
86755,4.963388442993164
80742,4.874411582946777
16916,4.389185428619385
29404,4.881848335266113
90323,4.520746231079102
85317,4.703657150268555
56706,4.126490592956543
92270,5.032583713531494
65817,4.43250846862793
89978,4.987812519073486
31697,4.988461494445801
63505,4.5557861328125
84652,4.2792067527771
6638,4.883837699890137
4828,3.712585687637329
105882,4.959628105163574
9259,4.8244218826293945
85623,5.030129432678223
34333,4.813704967498779
35774,4.320973873138428
67575,2.7303409576416016
17834,3.8960795402526855
88237,3.5857551097869873
100951,4.921004772186279
48559,4.665625095367432
101266,4.459664344787598
73144,4.886010646820068
50271,4.7398223876953125
61432,4.280930519104004
85543,5.081491947174072
4205,3.723508596420288
92597,4.363525867462158
86523,4.800247669219971
38937,4.97035551071167
35720,4.654247283935547
47589,3.8681883811950684
7955,4.815485954284668
7730,5.323622226715088
34191,4.436644554138184
32009,3.119349956512451
108497,4.89110803604126
42236,4.990583896636963
26029,4.038946151733398
74664,4.709285259246826
83895,4.957981109619141
61959,4.841119289398193
107759,4.912322044372559
93376,4.147916316986084
104184,3.5856010913848877
68717,3.6943740844726562
20797,4.240517616271973
20133,3.9944748878479004
63388,4.933053016662598
7207,5.061493873596191
5651,3.6564953327178955
44691,4.776326656341553
34419,4.719135284423828
103649,3.7853808403015137
8385,5.254958629608154
47240,4.621255874633789
11992,4.684754371643066
84400,3.7879691123962402
96717,4.670699119567871
43798,4.559204578399658
59088,5.106382846832275
31314,3.6571226119995117
71371,4.230635166168213
71533,5.013139724731445
42525,4.761662483215332
49049,4.83998441696167
35926,4.386496067047119
85781,4.896720886230469
3282,4.662156105041504
21998,5.271669864654541
99232,4.911121368408203
31925,4.871226787567139
101968,4.90247917175293
108121,4.675302982330322
103213,3.8593780994415283
35559,4.927628517150879
96091,5.167603492736816
24925,4.585455894470215
37620,3.8529012203216553
99843,4.379881858825684
68398,4.785767555236816
58499,4.01974630355835
24757,4.696147441864014
31797,4.158088207244873
101489,4.730281352996826
91414,4.723643779754639
104149,5.032169818878174
107159,4.79502010345459
50437,4.389220714569092
71970,4.335709095001221
79910,4.8581438064575195
28553,4.713425636291504
17317,4.766458511352539
76388,4.422338485717773
30123,4.50606107711792
19956,4.441049098968506
42688,4.549439907073975
89996,5.071780204772949
69536,3.634382963180542
17580,4.249358177185059
105388,4.872955799102783
33178,5.013329029083252
16293,5.000028610229492
74117,4.807765960693359
66006,3.7518515586853027
23228,4.594002723693848
47174,4.778347969055176
83670,4.616200923919678
37299,5.008185863494873
72200,4.812427520751953
33360,4.810026168823242
48269,4.512237071990967
105562,4.682328701019287
102624,4.208873271942139
61072,4.570228576660156
28758,4.555458068847656
63874,4.510288238525391
15019,4.453913688659668
65768,4.099948406219482
92814,4.4468302726745605
84975,4.071095943450928
17839,4.3866496086120605
14747,4.392455101013184
48309,3.0308468341827393
81821,4.5266947746276855
50003,4.546053886413574
23786,5.249279022216797
10004,4.857312202453613
51645,4.912986755371094
35318,4.530624866485596
17282,4.540145397186279
46127,4.5602192878723145
104015,3.8584647178649902
93705,4.811899662017822
4614,5.170584678649902
6717,4.8691205978393555
84938,4.922979354858398
19378,4.636376857757568
17155,3.264932632446289
92897,4.141663551330566
71784,4.158845901489258
33209,4.450336933135986
2628,3.5033974647521973
993,4.544585704803467
87663,4.676054954528809
67364,5.327876567840576
32482,4.680993556976318
68284,4.640231609344482
26443,5.034533977508545
38147,4.1722092628479
72204,4.551361560821533
85158,4.361598968505859
42860,3.8926033973693848
52140,4.557801246643066
83071,4.7428059577941895
71738,3.7921810150146484
5414,4.6295857429504395
461,4.656881809234619
56535,5.027945041656494
79677,4.534007549285889
12376,3.9812052249908447
47134,4.43959903717041
48721,4.686639308929443
47916,4.6225810050964355
14595,4.507902145385742
88475,4.698206901550293
33716,3.865018606185913
62838,4.67695951461792
63848,4.96031379699707
69604,4.228523254394531
40662,4.319619655609131
92144,4.8241190910339355
68456,4.788397789001465
56780,4.785523414611816
25258,4.911337375640869
71242,4.884871482849121
11035,4.794670581817627
7839,4.646088123321533
94051,4.425955772399902
63324,4.053226947784424
3770,4.598005771636963
27779,4.487661838531494
4925,4.513650417327881
95833,4.335565567016602
88599,5.268040180206299
57557,4.662972927093506
106435,3.907111406326294
26582,4.374886512756348
54956,3.298346519470215
100350,4.427007675170898
26839,4.871236324310303
85767,4.295612335205078
12982,4.729684352874756
71023,4.9981279373168945
38086,3.481950283050537
98484,4.638744354248047
33576,4.193671703338623
41658,5.028144359588623
25001,3.710921049118042
70068,3.611417293548584
37445,4.128248691558838
78899,4.5307087898254395
36327,4.692320823669434
15895,4.534224987030029
79140,4.456473350524902
85283,4.802898406982422
30692,3.4746737480163574
18427,4.514951229095459
3881,5.498231410980225
20875,4.071163177490234
48496,3.66625714302063
71781,3.5457139015197754
36998,4.629004001617432
92687,4.494519233703613
44437,5.032158851623535
37788,4.331459045410156
107617,4.356970310211182
4939,3.7964792251586914
78712,4.631018161773682
92384,4.167092800140381
83602,4.499959945678711
25209,4.3086371421813965
89272,4.765869140625
96931,4.155178070068359
26726,4.077491283416748
65569,4.975144863128662
70429,4.044623851776123
93110,4.561678409576416
21350,4.378567218780518
31641,4.564614772796631
62216,4.306894302368164
102585,4.352409839630127
72668,4.812436103820801
41768,4.297292232513428
69843,4.449794769287109
57282,4.862727642059326
63192,4.153303623199463
27628,4.811862468719482
56295,4.831287384033203
6198,4.233543872833252
86895,4.488178730010986
83911,4.251061916351318
17565,4.749109745025635
32564,4.923568248748779
29854,4.216165065765381
11926,4.491366863250732
79258,4.075556755065918
34814,4.7484941482543945
82798,4.663788795471191
17700,3.353691577911377
38334,3.651054620742798
89587,5.343687534332275
68552,4.483124732971191
53461,4.246545314788818
71134,3.769503116607666
49177,4.067224979400635
72594,4.634660720825195
20799,4.722108364105225
47749,5.291285037994385
28315,4.588160991668701
22314,4.505059719085693
26908,3.980464458465576
10433,4.9861226081848145
66355,4.468243598937988
100367,4.562922954559326
17118,4.5775861740112305
37173,3.6780261993408203
107258,3.9485156536102295
548,5.101992607116699
24053,5.375197410583496
91417,4.956908226013184
7120,4.489800453186035
92507,4.845278263092041
103857,4.203732013702393
42055,4.897072792053223
57566,4.535717010498047
27222,4.535429954528809
17614,5.181790828704834
99324,4.886250972747803
104872,4.912595272064209
87022,4.443046569824219
90437,5.054725170135498
53788,4.666993141174316
63362,4.675932884216309
46856,4.661465644836426
101858,4.867920398712158
7878,5.154536247253418
46989,4.125339508056641
46374,5.124630928039551
103977,4.569723606109619
17582,5.025134563446045
9557,4.705170631408691
76813,4.202128887176514
76986,5.229884147644043
21405,4.47755765914917
2081,3.948106527328491
69990,5.036756992340088
79750,4.7425856590271
38870,4.54659366607666
37332,3.739701509475708
60121,3.8348422050476074
93144,4.711142539978027
21941,4.404428958892822
87634,4.234715461730957
20779,4.599739074707031
52727,4.08860969543457
50387,4.477446556091309
29728,4.033614158630371
74525,4.5557332038879395
42056,4.546515941619873
6773,3.0374057292938232
63066,4.633415222167969
21019,4.780430316925049
67745,4.4284796714782715
72898,4.972884178161621
61575,4.062246322631836
47255,4.402431964874268
91295,4.672386646270752
104747,4.580417633056641
14235,4.819021224975586
33485,4.895937442779541
49853,4.974682331085205
29288,5.050686359405518
85060,4.336235523223877
90860,4.236042499542236
12096,4.626054763793945
30766,5.153441905975342
36345,4.329552173614502
62458,4.965424537658691
23024,3.1924386024475098
108093,4.681135654449463
47700,4.874642372131348
93227,4.645821571350098
6213,4.287949562072754
27401,4.828089714050293
71697,4.467769622802734
75897,3.575258731842041
70751,4.350689888000488
90576,4.151371479034424
37140,3.7064034938812256
14820,4.864720344543457
57672,4.319053649902344
4566,4.909032344818115
73689,4.523008823394775
84696,4.910865783691406
62558,3.4750125408172607
58114,4.7702107429504395
9300,4.786274433135986
73851,4.718045234680176
67176,5.121222972869873
36343,4.693175792694092
32634,4.883893966674805
32143,3.453864336013794
13300,3.4722461700439453
64891,4.312017917633057
18171,4.395498275756836
47764,3.8598740100860596
156,4.4423980712890625
92246,4.429701805114746
42965,4.593221187591553
78668,4.43291711807251
86579,4.468125820159912
56244,4.380790710449219
8809,4.852541923522949
76814,4.778023719787598
43175,4.887091636657715
9445,4.73007345199585
41136,4.597842216491699
23089,4.288182735443115
9250,4.101460933685303
72583,5.088663101196289
93418,4.653995513916016
93863,4.616403579711914
23419,4.33823823928833
80611,4.793954849243164
2383,4.061399459838867
47896,4.072146415710449
11923,4.4832658767700195
88767,4.900437355041504
19180,4.700173854827881
73303,4.5276570320129395
12055,4.630670547485352
71239,4.068645477294922
50081,4.779320240020752
8796,4.991993427276611
41961,4.380552291870117
57865,4.570521831512451
25236,5.089651584625244
47777,4.6086859703063965
21082,4.470546722412109
32895,4.364574432373047
57028,4.399850368499756
88399,4.125596046447754
79704,4.0250420570373535
103203,4.375563621520996
58568,3.864849090576172
102240,4.4433512687683105
34734,4.892838001251221
94472,4.364792823791504
51139,4.377617835998535
88126,4.899287223815918
102454,5.233133316040039
65856,3.8661773204803467
342,4.175541400909424
54430,4.353208541870117
3270,4.462590217590332
85359,4.163224697113037
48027,3.406336545944214
32387,4.128824234008789
62738,4.409785270690918
8370,5.390406608581543
31764,4.805659294128418
50833,4.799843788146973
7680,4.666475296020508
73228,4.373169422149658
63354,3.981170415878296
74779,4.832764625549316
55348,4.711824893951416
35751,4.195413589477539
11661,4.991069793701172
86453,4.7537713050842285
99484,4.686263561248779
64621,4.069062232971191
15898,5.032157897949219
100201,4.996474742889404
29282,4.472897529602051
8953,4.672165393829346
19816,5.244482517242432
16542,5.17731237411499
18016,4.718582630157471
70673,4.207368850708008
67241,5.055929183959961
19678,5.206858158111572
104940,3.8896665573120117
66954,5.087642192840576
91181,3.480290412902832
59231,4.759079933166504
4713,4.237300872802734
106544,4.830801010131836
50078,4.7104339599609375
93434,4.550263404846191
97762,3.9878039360046387
65502,3.1013689041137695
19012,4.208375930786133
95441,4.31734037399292
72261,4.368497848510742
57323,4.675869941711426
4644,4.996540546417236
39041,4.8826069831848145
80201,4.724277019500732
55924,3.553147315979004
2877,4.871232509613037
52794,3.9357898235321045
18538,4.84362268447876
40447,4.201429843902588
81737,4.955859661102295
95656,4.378233909606934
29853,3.9680097103118896
31370,4.280798435211182
17284,4.347631454467773
90536,4.598108291625977
36466,4.627358913421631
106647,4.9930949211120605
85957,4.350887298583984
5271,3.4840214252471924
444,4.870911598205566
93347,5.133543491363525
11703,4.282735347747803
72977,3.9693048000335693
95740,3.941751480102539
26271,4.116024494171143
94007,4.892794132232666
72881,4.61055850982666
93949,4.641639709472656
19574,3.780942678451538
84493,4.4512553215026855
104988,4.686241149902344
472,4.812376976013184
12817,5.145705699920654
75772,4.294437885284424
33424,3.2971038818359375
30305,5.013106822967529
69766,3.3259987831115723
16185,4.864865303039551
78070,5.190759181976318
41379,5.0537590980529785
6909,4.661401271820068
16923,4.434808254241943
50797,4.485332489013672
84533,4.932739734649658
52327,4.094590187072754
8437,4.509797096252441
577,3.968859910964966
90846,3.9723973274230957
20449,4.623131275177002
96035,4.3026909828186035
80511,5.002330780029297
48444,4.163539409637451
62387,3.850684404373169
30456,5.480985641479492
58029,4.688255786895752
9468,4.119715690612793
31459,4.623634338378906
25422,4.952151298522949
6200,4.8125224113464355
17922,4.586914539337158
39061,3.8128459453582764
58773,4.158598899841309
102280,4.391923904418945
16587,4.391104698181152
24560,4.153928756713867
86184,4.956743240356445
82301,4.8043341636657715
49724,4.928233623504639
108190,4.970585823059082
2634,4.314708709716797
64386,4.63156795501709
5259,4.437489986419678
24868,5.012432098388672
60190,4.4718403816223145
20821,3.286449670791626
98716,4.773744583129883
62074,5.0067830085754395
93713,4.444250583648682
4431,4.254461765289307
99632,5.178996562957764
24941,3.9688446521759033
13374,4.759958744049072
103634,4.3057661056518555
79105,4.492076396942139
91967,4.5161452293396
106645,4.709351539611816
20887,4.7168869972229
38936,4.58663272857666
11200,4.7337965965271
98619,5.08616828918457
63928,4.572017669677734
43250,4.63297700881958
67101,4.660799503326416
89873,4.680386543273926
19004,2.8754959106445312
29153,5.0480546951293945
510,4.544802665710449
75642,4.690374851226807
64977,3.86609148979187
20173,4.725380897521973
36234,4.275115013122559
92479,4.4866042137146
94367,4.081689357757568
16469,4.339559555053711
64432,3.8235485553741455
96151,4.615579128265381
66501,4.887423515319824
37835,5.141582012176514
105730,4.537864685058594
101957,4.572989463806152
58031,3.445444345474243
30640,4.714639663696289
49655,4.2894978523254395
36362,4.647632122039795
30838,3.9947216510772705
16647,4.333156585693359
40071,4.553539276123047
63236,3.6215157508850098
42982,4.268314838409424
54880,4.950425624847412
29967,4.295590877532959
44507,4.907968521118164
69301,4.096846580505371
9104,5.031068325042725
100292,4.32107400894165
65804,4.540350437164307
106507,3.743520498275757
77062,4.964125633239746
4376,4.695004940032959
37541,4.69633150100708
3397,4.587831974029541
93750,4.377995491027832
13221,4.646000385284424
355,4.237537860870361
81411,4.967625141143799
106695,4.02072811126709
104674,4.610683441162109
80363,5.097219467163086
65064,4.89807653427124
35840,4.7457661628723145
97347,4.336935520172119
81550,4.406661510467529
9317,4.370596408843994
76729,4.291201114654541
9894,3.4346272945404053
10912,4.592679023742676
24180,5.1508049964904785
32369,4.194249629974365
56967,3.638946533203125
30311,3.3265364170074463
51815,4.555348873138428
81646,4.631311416625977
83828,3.978489398956299
31982,4.173428535461426
64910,4.603841781616211
99966,4.966872215270996
73394,4.412108421325684
97142,4.1894755363464355
36022,3.9865686893463135
40097,4.484511375427246
54507,3.1193315982818604
14931,3.7078208923339844
71442,5.218276023864746
80521,3.9282164573669434
75761,4.179319381713867
78096,5.080960750579834
3206,4.562551021575928
96254,4.159125804901123
1408,4.918610095977783
7710,4.260524749755859
72317,3.7822515964508057
65370,3.6566710472106934
10262,5.480924129486084
49426,4.321918487548828
69446,4.816302299499512
16616,4.962162017822266
86031,4.329100608825684
108029,3.6410560607910156
59845,5.079552173614502
31102,4.510312557220459
10152,4.616675853729248
48003,3.8559560775756836
99610,3.5343260765075684
12992,4.56468391418457
35263,4.893497943878174
101943,3.796769857406616
71267,4.708354473114014
102972,4.275113582611084
39196,4.736271858215332
76086,4.017838954925537
41430,4.58156156539917
5984,3.981771945953369
59959,5.114874362945557
104218,4.710545063018799
35711,4.221774101257324
47603,4.2969160079956055
23568,5.0501837730407715
36304,4.740166664123535
42990,5.096067428588867
15907,4.658416271209717
4412,4.302247047424316
102761,4.555127143859863
28253,4.343540668487549
78547,4.758665561676025
2193,4.324792861938477
15156,4.550581455230713
103184,4.925896644592285
58145,3.937899112701416
95122,4.56844425201416
15063,3.615734577178955
53539,4.6270222663879395
24592,4.700695991516113
11502,3.7961459159851074
91926,4.883020877838135
1827,4.803589344024658
36831,4.683570384979248
25968,5.02712345123291
101419,4.570919513702393
85631,5.0970683097839355
24586,4.4282145500183105
67930,5.139163017272949
64915,4.214203357696533
36780,4.75551176071167
27390,4.723546028137207
93186,4.417463779449463
84994,4.580382347106934
40067,4.422469139099121
28759,3.4164719581604004
34493,5.167023181915283
36963,4.318345546722412
36352,4.855578422546387
75394,3.703770160675049
60098,4.485389232635498
42122,4.520002365112305
60025,4.454127788543701
9421,3.8908848762512207
10932,4.908177375793457
5566,4.824343681335449
54457,4.817315101623535
104673,4.333587646484375
86749,4.686145782470703
80938,3.6240806579589844
105128,4.726484298706055
90686,4.583119869232178
24957,4.8841729164123535
6221,3.912393093109131
99430,4.55743932723999
30240,4.172647953033447
55449,4.047708034515381
100171,5.116521835327148
76480,4.8496599197387695
10873,4.949561595916748
4985,4.995489597320557
42112,4.876771450042725
908,4.768815517425537
90372,4.4963860511779785
57690,5.004654884338379
96054,4.870961666107178
73362,4.459487438201904
10558,4.579008102416992
8964,4.343217372894287
1727,5.034323692321777
25525,4.314364433288574
83880,4.630167007446289
7383,4.870785713195801
25767,4.959333896636963
57805,4.0625691413879395
22112,4.735123634338379
69074,4.323490142822266
100425,4.586753845214844
8130,3.9298510551452637
63106,4.251150131225586
42394,5.001278877258301
70130,4.8212199211120605
66589,4.483856678009033
39539,4.929881572723389
25823,5.015054225921631
83700,4.9038987159729
54660,4.270220756530762
52149,4.731260299682617
93467,4.216373443603516
87102,4.69138765335083
274,4.069176197052002
86762,4.7273406982421875
57654,4.657870292663574
58053,4.185279369354248
10954,4.651852607727051
108301,5.160905361175537
75824,4.48588228225708
31572,3.329343795776367
38213,4.696247100830078
106874,5.628779888153076
23982,4.447127342224121
80791,5.051196575164795
86086,4.170098781585693
80683,4.386003494262695
1221,4.925790786743164
57179,3.6730797290802
83469,4.4895548820495605
78113,4.177972793579102
16604,4.842912197113037
104458,4.918506622314453
103358,4.674317359924316
64975,4.73666524887085
17036,4.428069591522217
71688,4.244645595550537
57375,4.469698429107666
73308,4.729273319244385
47541,4.7526373863220215
56991,4.000468730926514
42890,4.491183280944824
31909,3.692171335220337
82878,4.270660877227783
53881,4.5842084884643555
64604,4.759329319000244
12532,4.195340633392334
81981,5.069159030914307
108411,4.612699031829834
79342,3.2487502098083496
99807,3.6813628673553467
91912,4.46182107925415
94761,3.152913808822632
36615,4.790901184082031
37020,4.971964359283447
55509,4.70941162109375
62722,4.592620372772217
91157,5.120246410369873
16516,5.009535312652588
26545,4.397684097290039
7564,3.912959575653076
4697,4.142371654510498
84511,4.637375831604004
66752,4.085621356964111
38569,4.636552333831787
80358,4.93363618850708
81287,4.378591537475586
23179,3.8210179805755615
52055,4.139575958251953
98635,4.633094787597656
62101,4.276294231414795
28791,5.102502822875977
84617,4.563021183013916
75451,4.563744068145752
85371,4.760003566741943
31368,4.486793518066406
51898,4.114884853363037
48877,4.034963607788086
29310,5.057459354400635
71681,4.989584922790527
71315,4.276700019836426
5074,4.479986667633057
59078,4.995018005371094
67059,4.614925861358643
62173,3.696101665496826
9480,4.248500347137451
18073,4.76791524887085
49168,4.76140022277832
83030,4.75635290145874
4763,4.451656818389893
55126,4.86765718460083
86142,4.757904052734375
22982,4.621886730194092
29655,4.72149658203125
41445,4.449589729309082
30725,4.866616249084473
43744,3.9241180419921875
33542,3.2123377323150635
22354,4.8950629234313965
84680,5.032917022705078
57695,4.959657669067383
47311,4.465726852416992
76354,5.478470325469971
60566,5.06326150894165
47186,4.215929985046387
11403,4.156630039215088
70813,4.2104811668396
108618,4.884028911590576
58043,4.163097381591797
24312,4.508469581604004
22642,4.745703220367432
81642,3.691868782043457
69888,4.861560821533203
17167,4.844073295593262
68288,4.4326300621032715
83184,4.377216339111328
8816,4.879968166351318
91352,4.193674087524414
39153,5.156951904296875
33073,4.656040191650391
64456,4.115504741668701
92340,4.48004150390625
83752,4.551707744598389
48782,3.3083627223968506
104624,4.709244728088379
48466,3.662461519241333
72041,4.101057052612305
1622,3.7837936878204346
103316,4.85183048248291
19986,4.273655414581299
100529,3.8914742469787598
13851,4.477324485778809
57003,4.427101135253906
24445,4.559968948364258
53346,4.841701507568359
78433,5.158045768737793
38679,3.8560149669647217
88614,5.360467910766602
51882,3.7580106258392334
74185,4.905488967895508
53117,4.937999725341797
97778,4.374074935913086
18818,4.93076229095459
76871,4.827915668487549
22599,4.271690368652344
304,4.328432559967041
107436,4.404345989227295
107186,4.737619400024414
34501,4.77393102645874
5751,4.9503583908081055
104302,3.9041941165924072
38013,4.535462379455566
102505,4.752350330352783
29039,4.3985981941223145
47336,3.356044054031372
28048,4.114558219909668
21440,3.7492191791534424
34337,4.653597831726074
29280,4.851091384887695
57960,5.125626564025879
12692,4.852730751037598
65515,4.109559059143066
99967,4.698781490325928
22894,4.407961845397949
46484,4.621856689453125
20667,4.731332302093506
666,4.271125793457031
67635,4.193796157836914
46114,5.009054183959961
96670,3.7833549976348877
92912,5.3169474601745605
26720,5.063904285430908
17397,4.220925807952881
11815,4.739498615264893
66194,4.8104376792907715
39033,4.616035461425781
70692,4.922307014465332
21944,4.346439361572266
65694,4.301652908325195
2584,4.380735397338867
99037,4.261350154876709
58842,3.9943342208862305
28160,4.629359245300293
39101,4.710805416107178
40956,4.765205383300781
49132,4.6897382736206055
78416,4.9823174476623535
35620,4.611289024353027
83686,4.640164375305176
41077,4.004162788391113
62611,4.629355430603027
3280,4.673684120178223
7882,3.9114177227020264
5381,4.656617164611816
106415,4.700105667114258
65292,4.9996442794799805
104703,4.654459476470947
78029,5.021876335144043
40930,4.194222450256348
94629,4.277900218963623
28177,4.4834818840026855
42802,4.557103157043457
59548,3.476649522781372
105668,3.476304531097412
31347,5.62403678894043
8211,3.824388027191162
73056,4.875704288482666
32454,4.1503801345825195
81319,4.451773166656494
91613,5.145101547241211
23759,4.643535137176514
12306,3.9565083980560303
92116,3.632326602935791
57370,4.571557521820068
40629,4.137007713317871
5600,5.042059898376465
44624,4.343444347381592
524,4.7285566329956055
39999,4.172328472137451
56977,3.799412965774536
40255,5.10159969329834
48967,3.6425106525421143
33434,4.851138591766357
66898,4.061619281768799
98174,3.4691450595855713
34001,4.2160162925720215
17588,5.077393054962158
69844,4.013063430786133
19257,5.234229564666748
37679,4.404613018035889
34430,4.681796550750732
4422,3.7679221630096436
52689,4.522865295410156
90360,4.891257286071777
56666,3.9362382888793945
81056,4.89190149307251
53594,4.897094249725342
37711,3.7799108028411865
40337,5.059453964233398
87590,4.600131034851074
30580,4.3498029708862305
51014,4.637547016143799
69597,3.5516865253448486
91125,4.623471260070801
29196,2.888292074203491
24699,4.195730686187744
7666,3.7428503036499023
33665,4.305527687072754
16351,4.815871715545654
20802,5.117857456207275
2117,4.487156867980957
5675,4.803837299346924
33439,4.306944847106934
42297,4.880906105041504
7506,3.635863780975342
94173,3.846109628677368
11477,4.438637733459473
63555,4.8226213455200195
77811,4.597012042999268
71641,4.0356645584106445
36306,4.8962225914001465
21886,4.780907154083252
56731,4.521946430206299
4594,3.9683141708374023
37769,5.033413887023926
105026,4.51804256439209
31469,4.62362003326416
6435,4.326039791107178
25247,4.680263519287109
103039,4.4772443771362305
27785,3.6974565982818604
105994,4.839824676513672
29018,3.571272850036621
23276,4.9456071853637695
17645,4.45503568649292
67070,4.892332553863525
52424,4.858799934387207
63645,4.791414260864258
104925,4.998846054077148
80013,4.36451530456543
103551,3.739943027496338
86858,5.210723400115967
4297,4.20543098449707
77577,4.887000560760498
96504,4.2646484375
716,4.293275356292725
87957,4.572727680206299
46439,4.954693794250488
21385,3.4896018505096436
61088,2.7673842906951904
93968,4.5931196212768555
51506,4.670182228088379
62701,5.070504188537598
57165,3.2514164447784424
88680,4.227910041809082
40820,4.677035808563232
70248,4.916001319885254
93399,4.14837121963501
64914,4.4443359375
106172,5.058424472808838
96723,3.5724072456359863
108196,4.521817684173584
76685,4.564582824707031
6706,4.97126579284668
58748,4.5559306144714355
761,3.527925968170166
63835,4.70344877243042
62378,3.8806402683258057
77716,4.469567775726318
73467,4.512529373168945
85356,3.8099164962768555
79554,4.151909351348877
33579,4.403746128082275
32205,3.8233802318573
41027,3.3505048751831055
107519,5.112515926361084
1876,3.871603012084961
89050,4.3665924072265625
6767,5.029294013977051
53982,4.669762134552002
53646,4.009603500366211
33197,4.223173141479492
45002,4.981654167175293
103832,4.399379253387451
78562,4.497201919555664
104778,4.155706405639648
102018,4.653501987457275
100381,4.105862617492676
74109,5.111131191253662
27856,5.051506996154785
55039,4.876931667327881
51900,4.244839191436768
86204,4.80946683883667
35956,4.5734100341796875
28825,4.459892749786377
3665,3.7083747386932373
69115,4.953020095825195
30486,4.667901515960693
105929,4.725399494171143
31702,4.567785739898682
82306,5.014382362365723
96261,4.124108791351318
81040,5.239793300628662
84808,4.507242679595947
11668,3.9792330265045166
83938,4.850942611694336
80592,5.179938793182373
57090,4.569995403289795
85627,4.691009521484375
98124,4.02722692489624
18291,5.272086143493652
81506,4.132887840270996
52189,4.956589698791504
71026,3.9080638885498047
10872,3.765510320663452
90553,3.7888360023498535
7877,5.293651103973389
79042,3.711599826812744
55362,5.185637474060059
76521,5.276483535766602
89434,4.758333683013916
39864,4.107700824737549
51716,4.1227545738220215
10898,4.611996650695801
29158,5.194430351257324
40260,4.301504135131836
25945,4.657726764678955
76823,4.666108131408691
55928,4.774966716766357
18888,4.12537145614624
58167,4.568727493286133
104386,4.33439302444458
40707,3.904426097869873
92506,4.52401065826416
68491,2.3403849601745605
83576,4.185081481933594
10754,4.340267658233643
895,4.732334136962891
94912,4.6468000411987305
18697,4.5323896408081055
86658,3.7562596797943115
61688,3.9065470695495605
97173,4.54321813583374
97358,4.129361629486084
93124,4.330458164215088
69049,4.312221050262451
30812,4.567230701446533
79814,5.082627296447754
15151,4.407683372497559
55132,3.2197532653808594
107861,4.4924821853637695
33928,4.797172546386719
40059,4.042651653289795
45869,4.314207553863525
6336,4.686862945556641
56849,4.294826507568359
39303,4.916036605834961
29754,4.727920055389404
27833,3.7168173789978027
29046,4.960267066955566
103165,4.8166656494140625
1514,4.227534294128418
101575,4.631180286407471
4563,4.835208892822266
3880,4.839529514312744
61042,4.813027381896973
46821,5.039292812347412
96985,4.946907043457031
18241,4.731118679046631
101624,4.723625183105469
25855,4.843207359313965
14830,4.546247959136963
90275,3.9406349658966064
105059,4.460587978363037
94954,3.588195323944092
70888,4.970017433166504
40474,5.2280402183532715
37910,4.502451419830322
14049,3.965749502182007
788,4.690001010894775
45360,4.145810127258301
88030,4.413633346557617
48043,3.247260570526123
41416,4.969719886779785
27147,4.9165215492248535
33925,4.906917572021484
50032,4.955153942108154
72627,4.614494800567627
37955,4.799076557159424
18790,4.92693567276001
92575,4.914372444152832
83878,4.9517717361450195
69317,3.3855159282684326
26860,4.0198974609375
98740,4.899077892303467
44439,4.813349723815918
19747,4.658140182495117
95714,4.448132514953613
11587,4.20713996887207
61842,4.723129749298096
8683,4.884146690368652
40751,4.4589691162109375
84638,4.269243240356445
73395,4.430919647216797
95305,3.4756875038146973
98852,4.285770893096924
103970,4.958378791809082
29727,5.055116653442383
52618,5.130316257476807
51551,4.217307090759277
89553,4.707244873046875
48019,4.56346321105957
97457,5.107869625091553
107089,4.672501564025879
38497,3.8464415073394775
13114,4.530131816864014
71760,4.922210216522217
21737,4.430079936981201
61690,4.431644916534424
14936,4.105834007263184
18724,4.859167575836182
84257,3.985307216644287
88759,4.9979705810546875
19920,3.684239625930786
52993,4.422726154327393
97383,4.152113914489746
63426,4.412203788757324
57105,4.1855950355529785
13786,4.650832176208496
9597,4.976773262023926
50618,4.427262783050537
87233,4.4270782470703125
87354,5.029531478881836
10244,5.379334449768066
11107,4.316224575042725
14168,5.087601184844971
12909,5.10285758972168
51381,3.7358109951019287
37828,5.385080337524414
101435,4.396644115447998
65326,5.350052356719971
15390,5.1747918128967285
65828,4.199646949768066
46541,4.290631294250488
83756,4.853730201721191
36637,4.338675022125244
36186,3.0762176513671875
65538,4.923383712768555
54495,4.342477321624756
51782,4.868968486785889
51230,4.0975728034973145
22369,4.91811990737915
15998,3.950108528137207
85531,4.507476329803467
81242,3.866440773010254
42606,4.554375648498535
72209,4.334193706512451
104017,4.093358039855957
20496,4.594850540161133
73942,4.91002082824707
80221,4.989358901977539
67243,4.611492156982422
68316,4.286653995513916
20012,3.7070047855377197
37784,5.059762477874756
28274,5.006953716278076
37865,3.555269479751587
12060,4.117536544799805
38463,4.737250328063965
15568,3.75311541557312
49907,4.7524638175964355
9743,4.038118362426758
2392,5.151609420776367
64736,5.087297439575195
87345,4.710289478302002
26569,4.563880443572998
75990,4.316132068634033
54691,4.124948024749756
32354,4.130308151245117
62504,4.041539192199707
33851,4.791688442230225
9961,4.704458713531494
48651,4.6053266525268555
10195,5.071188926696777
59279,4.967285633087158
44720,4.817072868347168
75901,4.545954704284668
99179,3.6265203952789307
88241,4.06660795211792
92774,5.050595283508301
75114,4.20643949508667
23309,4.860030651092529
96256,3.491807699203491
14687,4.6983489990234375
2469,3.3906548023223877
80107,5.189377784729004
77418,4.409792423248291
107233,3.5491628646850586
83241,3.733283042907715
91289,3.6199498176574707
2639,5.014058589935303
47702,5.228931903839111
62029,4.361756801605225
79446,3.8512682914733887
27049,3.7323837280273438
10886,3.691096544265747
47220,4.213891983032227
87403,5.020090103149414
59623,5.050090789794922
59109,4.693302154541016
93304,5.284811496734619
54279,3.637092113494873
65244,4.335812568664551
25013,4.694430828094482
94508,4.930205821990967
50953,3.7459373474121094
49345,3.589564323425293
95222,2.9194347858428955
92076,5.012158393859863
10599,4.462442874908447
57382,4.7750163078308105
70804,4.67481803894043
42307,3.8195786476135254
88810,4.8757452964782715
48811,4.709031105041504
52715,4.305473804473877
16557,5.050736904144287
104220,4.71846866607666
43937,5.142401695251465
20831,4.354336738586426
98271,4.207363128662109
41821,4.905039310455322
39885,3.7087466716766357
18566,5.43646240234375
87458,4.785318851470947
35382,3.345261573791504
82632,5.111928462982178
63350,4.275076866149902
21537,3.9251928329467773
46636,5.066592216491699
76254,4.313972473144531
84238,4.254186153411865
21286,4.551206588745117
66664,4.554253578186035
95705,4.883665084838867
11959,4.197778224945068
105618,4.7762298583984375
90535,3.5289313793182373
23506,4.946141719818115
101483,4.660449028015137
89034,4.681989669799805
95562,4.37819766998291
84807,4.978386402130127
101385,4.567419528961182
96689,4.6763739585876465
97234,3.7894959449768066
28341,5.0125732421875
17097,4.336922645568848
51650,4.3869733810424805
44344,4.819105625152588
73001,4.50278377532959
21248,4.296163082122803
33486,4.4566521644592285
100673,4.82904052734375
95458,3.592902898788452
27590,4.366457462310791
54499,4.723123073577881
81137,3.3730337619781494
22468,5.199237823486328
616,3.2199087142944336
16696,4.921261310577393
85910,4.251257419586182
70827,4.589391231536865
59478,4.441294193267822
23345,4.867795944213867
41212,4.533843517303467
80688,4.110254764556885
59541,4.021075248718262
93160,3.804858684539795
8555,4.950470447540283
17398,4.983922004699707
43754,4.19991397857666
41666,3.9842305183410645
86491,4.662731647491455
12542,4.257068157196045
39090,4.153744697570801
12859,4.885952472686768
108083,4.070178985595703
83622,4.310628414154053
95011,4.859451770782471
102189,4.565820693969727
24272,4.38093376159668
103996,4.813912391662598
66876,3.698972225189209
95407,4.366858005523682
45254,4.6398468017578125
28578,2.35919451713562
72189,4.766819953918457
6330,4.3705925941467285
83557,4.519110202789307
101653,4.283819198608398
69675,4.769479751586914
690,4.832383155822754
59675,4.0423970222473145
26307,3.961968421936035
64086,4.6348137855529785
70785,4.474364280700684
106776,4.710096836090088
95429,5.076487064361572
59486,3.6110546588897705
78927,4.12813138961792
74986,5.0214715003967285
74895,4.717900276184082
64180,5.079272270202637
100680,3.5617804527282715
43482,4.698737621307373
60494,4.389292240142822
30017,4.794796466827393
102914,4.51308012008667
101963,4.95503568649292
31293,4.631239891052246
48592,4.782289505004883
81657,4.570095539093018
103265,3.2226037979125977
45581,5.070903301239014
105219,4.287422180175781
65056,4.203436851501465
34818,4.791695594787598
79648,3.927194118499756
47171,4.414775848388672
79444,5.103329658508301
61557,4.349132061004639
14794,4.894399642944336
13902,4.182736396789551
102926,3.850595474243164
67584,4.544072151184082
94763,4.381757736206055
7067,4.346406936645508
98106,4.607273101806641
83014,4.895843029022217
4168,4.55764627456665
61414,4.37501859664917
76619,3.2770771980285645
82401,4.810264587402344
70629,4.99606466293335
27406,4.452386379241943
95333,3.9647669792175293
72406,5.244879245758057
22427,4.646725654602051
98799,4.932778835296631
88894,4.897404193878174
17822,4.299112319946289
75623,4.61681604385376
68096,4.953827857971191
13237,5.064280986785889
56588,4.435737609863281
81664,4.615281581878662
19854,4.923317909240723
26776,5.016181945800781
12124,3.94589900970459
16402,4.327404022216797
77773,3.754956007003784
70041,4.582704544067383
48227,5.23074197769165
4792,4.6899566650390625
30103,3.9678094387054443
87749,4.7609028816223145
55265,4.996979236602783
93222,4.96267032623291
88842,4.589637279510498
79896,4.71989631652832
33786,4.7964606285095215
76386,4.886777400970459
86172,4.873348712921143
22026,5.058167934417725
57698,4.937199592590332
103677,4.335517406463623
103912,4.4445271492004395
2948,4.214113235473633
18958,4.874772071838379
89117,4.372805118560791
72482,4.259970188140869
38227,3.5891759395599365
78080,5.085010051727295
83371,4.0583906173706055
56278,5.213289737701416
5789,5.162650108337402
103780,4.847301483154297
68234,3.9382166862487793
22773,5.25549840927124
59637,5.042691707611084
97947,4.714702606201172
27766,4.801707744598389
71880,4.797534942626953
55747,4.084236145019531
44534,4.836366176605225
44744,4.189619541168213
72121,4.282482624053955
85807,3.9812238216400146
34175,4.244012355804443
18783,4.615015029907227
20275,3.19445538520813
94979,5.00733757019043
106760,5.070460319519043
107885,5.027795314788818
34752,4.737278461456299
71769,4.895235061645508
31945,3.1456291675567627
33850,4.860882759094238
41490,4.841536998748779
6328,4.22194766998291
96013,4.326223373413086
12265,4.704041957855225
66895,5.058632850646973
96403,4.731201648712158
39208,4.741408348083496
92658,4.790191173553467
99591,4.790973663330078
66356,4.787862777709961
74008,4.2988810539245605
49417,4.7998833656311035
104066,5.003923416137695
4656,5.07842493057251
43297,4.760112285614014
84345,5.118784427642822
30839,3.5831298828125
80866,4.713261604309082
17682,4.851301670074463
53632,4.567468643188477
14960,4.27783203125
107987,4.745542526245117
66705,4.800637722015381
43269,4.17828369140625
50372,4.243561744689941
57029,4.261424541473389
29945,4.2897868156433105
43516,4.9002251625061035
71959,4.846737384796143
61450,4.982151985168457
22920,4.598088264465332
101495,4.314863681793213
48788,3.7979073524475098
2539,5.127426624298096
101715,4.522024154663086
12524,4.715792655944824
69192,4.550130367279053
79267,3.740445852279663
59720,4.786504745483398
20665,4.27692174911499
82846,4.796146392822266
64241,4.232973098754883
54531,4.4560227394104
18481,4.508196830749512
64961,2.6910524368286133
61868,4.459070205688477
29102,4.662232875823975
46797,5.032653331756592
79386,4.285517692565918
103966,4.653042316436768
83905,4.462780952453613
48710,4.553301811218262
90588,3.6336071491241455
97063,4.504693031311035
107937,5.134042739868164
85034,4.797362804412842
95813,4.699389934539795
103805,4.12994384765625
95695,4.570748329162598
48874,4.175728797912598
75319,4.2838826179504395
53451,4.646165370941162
82140,4.442448616027832
52360,4.904938697814941
8019,4.340929985046387
99156,3.5429913997650146
24562,4.459181785583496
63506,5.354162693023682
46032,4.557600498199463
18906,4.702629566192627
107018,4.745258808135986
6610,4.962111949920654
9576,4.095634460449219
94642,4.802588939666748
47765,3.4353785514831543
89232,3.328162670135498
70794,4.595027446746826
83128,4.275246620178223
108,4.882782459259033
75270,5.078658580780029
22625,4.615649223327637
21443,3.879075527191162
105504,4.1942033767700195
56004,4.047421455383301
65745,3.9034981727600098
93292,5.063815116882324
66598,5.144273281097412
74302,4.645988941192627
84723,4.301660060882568
1509,4.571146011352539
62826,2.2984628677368164
97178,4.967166900634766
46955,4.835229873657227
39256,4.511014938354492
85024,5.180368423461914
46430,4.23056697845459
16350,4.723552227020264
28134,4.558762550354004
34875,4.163517475128174
27188,5.074646472930908
26717,5.154380798339844
46972,4.6606550216674805
51540,4.360117435455322
27583,4.887174606323242
26579,4.3068461418151855
92941,4.853745937347412
73916,5.014151096343994
14751,4.87776517868042
64384,4.65792179107666
18665,4.998092174530029
97809,4.757582187652588
86040,4.779560089111328
96056,3.7673752307891846
71380,4.5029296875
33936,4.517953872680664
17706,4.519807815551758
75219,4.920811176300049
102904,5.567019462585449
72242,4.240030765533447
19580,4.255664348602295
60323,4.053103923797607
93339,5.234184265136719
55816,5.013180255889893
23,4.836446762084961
101698,4.904328346252441
33306,3.9004271030426025
5577,4.633084297180176
9978,4.661386489868164
39352,5.110611438751221
39836,4.6406450271606445
24439,4.287051677703857
81609,4.090080738067627
68706,5.198294639587402
67122,4.37317419052124
2390,4.727323532104492
67615,4.332184314727783
68772,4.650042533874512
14183,3.3910622596740723
82631,4.730316638946533
63697,5.279557228088379
11854,4.6336236000061035
36633,4.447524547576904
25221,4.7742180824279785
52392,5.015572547912598
74663,4.919448375701904
79392,4.966577529907227
11058,4.469006538391113
27176,5.084231853485107
7463,4.237543106079102
90641,4.182017803192139
94462,5.812018394470215
74193,5.166138172149658
76753,6.919198513031006
6189,4.848627090454102
58756,4.919541358947754
56517,4.484138011932373
325,4.489194393157959
52781,2.587273597717285
73970,4.523148059844971
46015,4.974143028259277
44592,4.866718292236328
74021,3.6705684661865234
51777,4.606794834136963
65304,5.0776824951171875
29610,4.774082183837891
95602,3.523158550262451
34052,4.541013240814209
32957,4.196096897125244
94964,4.911988258361816
90414,4.947381496429443
25363,4.732274532318115
29820,3.6930429935455322
51128,4.6076555252075195
82119,4.8340935707092285
56888,4.116914749145508
9055,4.425469875335693
102798,4.386077404022217
90701,4.667172908782959
89087,3.979963779449463
46542,4.797624588012695
2778,4.657900810241699
1158,4.65647029876709
17632,5.269896030426025
47431,4.35991096496582
40348,4.774191379547119
105201,4.505711078643799
102127,4.544822692871094
45046,5.093663692474365
80778,4.368433475494385
61235,4.768169403076172
11185,4.860474109649658
14832,4.783127784729004
89627,4.608641624450684
29515,4.326948165893555
80007,4.9668779373168945
49904,4.230579853057861
100393,4.443566799163818
46756,4.198808193206787
54085,4.4855828285217285
40913,4.621367454528809
41613,4.728343963623047
80946,4.508151054382324
102087,4.020164489746094
99131,4.758182525634766
101161,4.417943477630615
43576,3.9025256633758545
97257,4.933866500854492
63252,3.2609457969665527
20333,4.875654697418213
87762,4.8733134269714355
74815,4.895293712615967
64274,3.9224257469177246
79994,4.563643932342529
27262,4.49159049987793
53363,4.349236965179443
108322,4.28108024597168
58143,4.534343242645264
43271,4.951573371887207
105138,4.216978073120117
53489,3.8258206844329834
69315,4.238400936126709
23033,4.265161514282227
6957,3.736668825149536
15673,5.385257720947266
101407,4.492759704589844
61269,5.082346439361572
53939,5.042243480682373
94240,3.3023018836975098
2709,4.499189376831055
38270,4.295032024383545
20495,4.644233226776123
58901,4.096122741699219
78917,4.556812763214111
103420,4.234810829162598
45805,4.059136867523193
103313,4.2651190757751465
10938,4.332704067230225
62996,4.510748863220215
73312,4.897579193115234
46794,4.860670566558838
8033,4.328439712524414
37625,4.134026527404785
29252,4.264347076416016
96575,5.0186004638671875
58047,3.966696262359619
13344,4.787797927856445
75119,4.339998245239258
29119,4.160645008087158
10356,4.964284420013428
81301,4.534629821777344
18678,4.719981670379639
65484,5.1611857414245605
26891,4.295716762542725
13790,5.180970668792725
60619,4.665158271789551
9810,5.227419376373291
37841,5.072327136993408
30000,4.480623722076416
3180,4.549622058868408
67709,4.132835865020752
95621,4.333301067352295
25265,4.737887382507324
30783,5.064873695373535
3045,4.923504829406738
47771,4.086596488952637
62656,4.330129623413086
14817,5.026798725128174
5170,4.39708137512207
91997,4.673413276672363
33865,4.676443099975586
94987,4.622459411621094
12543,4.305580139160156
19023,4.6559977531433105
98763,3.848270893096924
92077,4.582111835479736
36364,4.64443302154541
2687,4.733782768249512
43409,5.006200313568115
50734,4.635300159454346
34455,4.592782497406006
41629,4.862321853637695
2073,4.454631805419922
39074,4.676724433898926
46605,4.770099639892578
61843,4.485476493835449
81795,4.815133094787598
22098,3.5776476860046387
17930,4.982279300689697
93618,5.0932183265686035
73091,4.247574329376221
99680,4.680452346801758
91415,3.4203569889068604
53201,4.855278491973877
65481,4.600632190704346
64739,4.451491832733154
91905,4.503386497497559
55970,4.52682638168335
71931,3.9796841144561768
72099,3.280729055404663
58486,4.729324817657471
31626,4.277225971221924
55900,4.708683013916016
90326,4.776176929473877
27914,4.8225417137146
92499,4.2669878005981445
59679,2.6770639419555664
66809,4.42630672454834
15645,4.727958679199219
41983,4.968339920043945
84015,4.7153239250183105
33982,4.386763095855713
48377,4.261376857757568
106772,4.175030708312988
31222,3.4511756896972656
85628,3.7927398681640625
92684,4.981812477111816
100928,3.9181573390960693
82204,5.3172078132629395
63465,3.993643283843994
18761,4.799808979034424
66710,4.752203941345215
13474,5.1304097175598145
82937,5.04681396484375
44459,4.63962459564209
32665,4.767599105834961
66888,4.4293951988220215
67796,4.514984130859375
39572,5.351921081542969
65598,4.818070411682129
24047,4.862577438354492
35645,3.9275741577148438
77005,4.766937255859375
51818,4.280442714691162
45340,4.7427449226379395
29104,4.359865188598633
66616,3.671515941619873
7284,5.287034034729004
83737,4.255539417266846
101518,4.8522210121154785
373,4.921061038970947
14111,4.935192108154297
85082,4.950292587280273
73149,4.65856409072876
98537,4.992554187774658
90845,4.141221523284912
59020,4.224751949310303
61344,4.800069332122803
50882,4.59650182723999
83722,4.862372875213623
16838,4.976405143737793
84796,4.893913745880127
5888,4.976792812347412
98980,3.7898051738739014
72394,3.345611095428467
25729,4.196220397949219
67651,3.5644702911376953
15332,3.7991538047790527
11342,4.76074743270874
88790,4.852754592895508
5765,5.40431547164917
68511,4.708357810974121
30765,4.126214504241943
106748,4.039837837219238
67711,4.285282135009766
43228,4.376009941101074
53000,3.7750227451324463
28801,4.466548442840576
93310,4.975564479827881
55355,4.532650947570801
13527,4.971827507019043
3521,4.760066986083984
24467,4.2675981521606445
34732,4.431731700897217
40435,4.60815954208374
105916,4.763352870941162
58276,3.804912567138672
9175,4.690320014953613
36094,4.828085899353027
47682,4.008360862731934
70996,5.018135070800781
76127,4.855441570281982
67302,4.513747215270996
41757,4.7297844886779785
51288,4.770035743713379
48271,4.103780746459961
57544,3.440519332885742
48265,4.844488620758057
23676,5.157228469848633
22778,4.688074588775635
75371,4.419857025146484
36034,3.981006383895874
49692,4.988506317138672
38934,4.029608726501465
87761,4.572322845458984
90240,4.439030647277832
87949,3.3783469200134277
29556,4.650543689727783
62677,4.291810035705566
68866,4.790374279022217
60835,4.322812557220459
16453,3.1616926193237305
3681,4.616030693054199
103201,4.648952484130859
64586,4.704606056213379
11915,4.245514869689941
71130,4.33410120010376
5112,4.621739387512207
43303,4.532332420349121
21362,4.064820766448975
66849,4.340597629547119
43984,4.275374412536621
29977,4.3762431144714355
92944,4.813521385192871
14722,5.145061492919922
58574,4.520449638366699
15062,4.799635887145996
90442,4.478171348571777
95382,4.661471843719482
105444,4.014710903167725
92685,4.529232501983643
29825,3.557323455810547
29128,4.789575099945068
107538,4.668771743774414
10708,5.0461859703063965
3680,3.9237794876098633
73788,4.085390090942383
75045,4.601853847503662
42242,3.8194782733917236
44377,4.774756908416748
2746,4.8606157302856445
84559,4.9062724113464355
56207,4.914781093597412
10580,4.976470947265625
60474,4.4340643882751465
44173,3.7339797019958496
21208,5.008645534515381
51989,4.526357650756836
74470,4.410161972045898
82753,4.637071132659912
5143,3.7424275875091553
35700,4.805170059204102
90605,4.720592021942139
8244,4.125524044036865
8388,3.9040472507476807
94301,5.140671730041504
4151,3.6514999866485596
45257,4.460268497467041
17110,4.8718647956848145
9909,5.117884159088135
73940,4.466053485870361
9243,3.796780824661255
12188,4.753888130187988
3243,4.477964401245117
15923,4.998315334320068
91359,4.194504261016846
36010,4.080541133880615
53852,3.5083367824554443
80644,5.087636947631836
34661,5.316181659698486
54586,4.016936302185059
70492,4.3845109939575195
107164,4.615604877471924
30752,4.647802352905273
81404,5.27504301071167
73979,4.706911563873291
94779,4.107612133026123
7224,5.241709232330322
66199,5.30717134475708
56205,3.6594555377960205
20263,4.330865859985352
23927,4.714735984802246
93948,4.343202114105225
71310,4.168173789978027
63468,3.7699167728424072
79753,4.4229888916015625
60117,5.437633514404297
79772,4.532464027404785
24400,4.900228977203369
24193,4.32960319519043
51248,3.5514278411865234
83990,4.764156341552734
4182,4.304793357849121
24415,4.618968486785889
77235,4.8704304695129395
98324,3.242847204208374
43849,4.950360298156738
58985,4.203944683074951
94733,4.452403545379639
86532,5.0070576667785645
56702,4.3189873695373535
20290,5.172477722167969
49582,4.538019180297852
59633,4.586254596710205
17858,4.469318389892578
4709,3.43212628364563
41794,4.655561447143555
65248,5.049261093139648
27758,4.329907417297363
69388,4.983828544616699
100411,4.6719584465026855
46788,4.888891696929932
8628,4.844337463378906
19044,4.428805351257324
63000,4.7358078956604
17904,4.77020263671875
104363,3.5170342922210693
52534,3.1880924701690674
54129,4.467379093170166
11385,4.142038822174072
47881,4.189059734344482
107310,4.650105953216553
2403,5.055863380432129
7515,4.1095733642578125
100249,4.778337478637695
69648,5.182552337646484
107493,5.187404632568359
69147,3.9885144233703613
92181,3.71777081489563
26202,4.7762675285339355
58592,4.204901218414307
90811,2.972789764404297
63413,4.344503879547119
95832,3.643054485321045
104861,4.915223121643066
59043,2.5417473316192627
44659,3.7939350605010986
59804,5.127571105957031
98699,4.193422794342041
100372,4.364292621612549
86047,4.0575761795043945
71361,4.886275291442871
108492,4.921071529388428
74452,4.925557613372803
19552,4.638271808624268
6113,4.8127546310424805
55617,4.981477737426758
52522,3.7548837661743164
6115,4.442984580993652
16142,4.553285598754883
76025,4.386424541473389
16068,3.9001717567443848
82825,3.014676570892334
340,4.372598171234131
87952,4.102443218231201
22054,4.21872615814209
89161,4.1934943199157715
92696,4.1069016456604
97818,2.619673013687134
100488,4.365346908569336
29003,5.2768683433532715
16391,3.9967093467712402
38857,3.7017757892608643
49588,4.729830741882324
5697,4.612358093261719
41443,4.28878116607666
16635,4.470977783203125
74096,5.22384786605835
12938,4.795769214630127
90096,5.155353546142578
29787,4.642960548400879
82209,4.7890424728393555
99797,4.401975631713867
15640,3.940995931625366
8803,4.780636787414551
13932,5.192627906799316
88858,4.544729709625244
15166,5.020796298980713
92300,4.481125354766846
53049,4.296025276184082
30005,3.8059592247009277
11688,5.673637866973877
99307,4.344327449798584
97083,4.264957427978516
46699,4.561915874481201
62212,5.008584976196289
107786,4.768366813659668
33455,5.035980224609375
71634,4.69344425201416
16167,4.080415725708008
60248,4.218900203704834
40032,4.438846111297607
86714,4.66239595413208
8232,3.2532994747161865
79138,5.145523548126221
54079,3.7530484199523926
5879,3.954231023788452
45749,4.136294364929199
82058,4.685741901397705
40089,4.038670063018799
99457,4.242321968078613
75093,4.5165181159973145
60315,4.0025248527526855
23473,4.123509883880615
80046,3.8922553062438965
12131,3.7082698345184326
39548,4.132084846496582
22083,4.726070404052734
33431,4.61331844329834
40829,5.083288669586182
7209,4.4898881912231445
34992,5.059394359588623
4047,4.899686813354492
35487,4.414617538452148
10823,4.9723381996154785
14463,5.064450263977051
10625,4.78174352645874
14374,4.053902626037598
102572,4.239871501922607
36188,4.808624744415283
105606,4.6715545654296875
77900,5.010607719421387
7821,3.8931944370269775
10706,5.108548641204834
87821,5.539161205291748
52075,4.856350898742676
94372,4.591649055480957
3017,4.708199977874756
26366,3.5248632431030273
19157,5.224523544311523
39967,4.391994476318359
92991,4.998570442199707
13684,4.293045997619629
60251,4.7428693771362305
46019,5.094183921813965
104242,5.206648349761963
75014,4.373742580413818
96975,4.647034645080566
23120,4.8660054206848145
51418,4.510411739349365
90264,4.639408111572266
18478,5.078395843505859
73463,4.538397789001465
49771,4.307436943054199
97038,4.936444282531738
75231,4.752408027648926
79573,4.093621253967285
50619,4.680273532867432
81248,3.875931978225708
64653,4.736704349517822
42294,4.726667881011963
102800,5.01381254196167
56693,3.542570114135742
17037,4.890757083892822
24754,4.527141571044922
4392,3.290372610092163
28788,4.512334823608398
54262,3.975858211517334
40412,4.632486343383789
107239,4.041271686553955
58832,4.967719078063965
14519,4.337972640991211
106311,4.921671390533447
87566,4.375808238983154
9607,4.885161876678467
32632,4.727592468261719
78217,4.530670166015625
4900,4.410362720489502
43819,4.781479835510254
69102,3.99465012550354
68441,4.2470903396606445
87768,3.836489200592041
36089,4.403454780578613
28193,3.828003406524658
53199,4.881479263305664
75561,4.612519264221191
74450,4.789292812347412
24715,4.032674312591553
34751,4.461756706237793
104653,4.334810256958008
17392,4.497232437133789
1960,4.571462631225586
19763,5.223626613616943
67237,4.637569427490234
38477,4.704113006591797
75065,3.854649782180786
96915,3.9532203674316406
8734,4.32798433303833
55615,4.368227481842041
40608,4.196319580078125
66162,3.2489242553710938
91571,4.576970100402832
1391,4.745903968811035
72819,4.521450042724609
13263,4.824429512023926
64500,4.838428974151611
44666,4.888168811798096
9474,3.237102508544922
17194,4.826943874359131
81588,4.406245708465576
18604,4.940312385559082
93833,4.75775671005249
46059,4.843465805053711
77986,4.5474090576171875
108398,4.504642963409424
104288,3.021383047103882
12097,4.0048441886901855
11917,4.411667346954346
59069,4.723460674285889
31948,4.309650421142578
12652,5.341135025024414
47904,3.820244789123535
41438,4.631511211395264
54624,4.528324604034424
63029,5.042821884155273
34288,3.716923475265503
46037,4.274934768676758
59055,4.570958137512207
102754,4.022312641143799
76219,4.394695281982422
4842,4.820645809173584
48728,4.332087993621826
24072,4.701125621795654
80331,3.945974588394165
88478,5.23462438583374
7361,4.598167419433594
58812,4.538893222808838
3345,3.9134225845336914
94624,3.9635562896728516
33002,4.338837146759033
38333,4.617064952850342
87882,4.480410099029541
69286,3.796719789505005
108152,4.463134288787842
57866,4.145504951477051
54602,4.0138139724731445
29593,4.449910640716553
86974,4.343883037567139
20189,4.799328804016113
77608,3.234278917312622
71892,4.4626688957214355
64485,4.085737228393555
26363,5.032303333282471
29846,3.040383815765381
94704,4.830040454864502
97756,4.542197227478027
92407,3.7643957138061523
62894,4.109690189361572
7764,4.393798828125
20919,4.757317543029785
94448,5.3237504959106445
93360,5.0512919425964355
67603,3.959691047668457
88817,4.847317695617676
1046,3.890947103500366
100825,5.012894153594971
47839,4.374656677246094
23469,4.555398941040039
81016,4.7389702796936035
11793,4.8382954597473145
100769,4.389998912811279
65617,4.443297386169434
69925,4.017760276794434
28433,4.371761322021484
86161,4.300951957702637
91198,3.2266955375671387
64074,3.964176654815674
31057,3.575773239135742
96367,4.118910789489746
25252,4.251855850219727
78432,5.248715877532959
81569,4.692640781402588
51448,4.517897129058838
64916,4.391095161437988
4765,3.7419958114624023
36610,4.239088535308838
43123,4.612590789794922
98561,4.983868598937988
19588,4.3897504806518555
86715,4.44019889831543
108107,4.810486316680908
61988,5.133915901184082
12615,4.879848480224609
78501,4.556657791137695
26578,3.429565668106079
40042,4.6389851570129395
71055,4.235568046569824
32033,4.8629536628723145
55688,3.874919891357422
44951,5.261416912078857
73340,5.056873321533203
64843,4.4261155128479
21334,4.156181335449219
19281,4.373238563537598
49347,4.476413249969482
101068,4.811159610748291
66992,4.484772205352783
21488,3.3997080326080322
63886,4.822408199310303
29733,4.68898868560791
66092,4.0052900314331055
6288,4.2849626541137695
50095,4.641147136688232
82888,4.408437728881836
38392,4.5952677726745605
73684,4.232279300689697
22321,5.455153465270996
38514,4.4781951904296875
23799,4.913406848907471
52500,3.270869255065918
30896,3.839735269546509
77574,4.881923675537109
103632,3.518117666244507
1117,4.495173931121826
11410,3.7458438873291016
103833,4.43578577041626
56188,4.305517673492432
82106,4.686651706695557
77623,4.357178211212158
38705,4.490865230560303
12591,4.57424783706665
85920,4.605661392211914
49712,3.5835962295532227
13461,4.949466228485107
64085,4.28203821182251
91212,4.093710899353027
21174,4.272586822509766
8414,5.201160430908203
105229,4.929881572723389
615,4.495931148529053
12981,4.891695022583008
2907,4.614108085632324
9087,4.578706741333008
91606,3.927542209625244
23747,4.6576457023620605
26080,5.0854339599609375
90469,4.416634559631348
72360,4.477821350097656
89393,3.108893871307373
60093,4.948487758636475
59969,4.345078945159912
82838,4.778983116149902
50461,4.432035446166992
37337,4.424182415008545
40190,4.516960620880127
24802,4.433431148529053
25708,5.009063243865967
4770,4.525562763214111
93911,4.323045253753662
22671,5.054799556732178
75852,3.0824902057647705
7598,4.315927028656006
68909,4.832126140594482
106686,4.000146865844727
104612,4.000919818878174
38003,4.835974216461182
9806,5.000358581542969
60318,4.567946910858154
31918,4.7064433097839355
28318,4.932860851287842
10327,4.832869052886963
59653,4.06392240524292
106448,2.4578657150268555
21402,4.699346542358398
99222,4.834118366241455
58953,4.295386791229248
65832,4.575467109680176
36390,4.93574333190918
68184,4.781632900238037
50805,4.663497447967529
66966,5.335991859436035
18865,4.0213623046875
20256,3.9009597301483154
91317,4.860378265380859
78289,4.379543781280518
88379,4.191670894622803
60976,4.925175666809082
42863,4.138997554779053
38625,4.180874824523926
85308,4.357032299041748
67316,4.870448589324951
64938,3.9299192428588867
95405,4.91035270690918
19206,3.526102304458618
52674,4.012250900268555
30235,4.282157897949219
102159,3.1735281944274902
77214,4.536843776702881
14679,4.575286865234375
20934,5.059791564941406
11413,3.545358180999756
79061,2.6433908939361572
58569,4.564122200012207
27998,3.494086503982544
6114,4.638227462768555
67585,4.314422130584717
42667,3.927494525909424
102376,4.95794153213501
73847,4.183568954467773
83748,4.4225077629089355
84347,4.787174701690674
52706,4.497652530670166
77300,3.4944088459014893
89436,4.83683443069458
96175,5.049867153167725
70447,2.8402280807495117
72398,4.5952911376953125
60475,4.765453338623047
91876,4.372663497924805
40505,4.590887546539307
11919,4.565695762634277
99429,3.7032506465911865
8339,4.7676897048950195
44019,4.6986985206604
90310,5.312572479248047
72263,4.835606575012207
25741,4.91720724105835
36768,4.580051898956299
39192,5.312088489532471
103721,4.728693008422852
34790,4.877107620239258
34061,4.481812953948975
70050,4.638123035430908
72008,4.2018818855285645
84810,4.91321325302124
86104,4.975727081298828
53694,3.4729650020599365
88539,4.20167350769043
46109,4.771304130554199
14545,4.937809944152832
28057,4.88696813583374
34077,4.542412757873535
66399,5.191949844360352
64502,4.734379291534424
47768,3.6714391708374023
71685,4.726755619049072
19577,4.401500225067139
103718,4.497758865356445
76820,4.8554534912109375
58256,4.707146644592285
38789,4.016848087310791
71262,4.605961322784424
43903,5.027476787567139
63539,5.186465263366699
6971,4.377384185791016
98364,4.1913275718688965
108028,4.526371479034424
27593,5.089157581329346
68898,4.4747796058654785
17328,4.235825538635254
101885,4.928369045257568
108184,4.900825023651123
18223,5.115367412567139
63098,4.746145248413086
26624,4.887885570526123
22516,4.7306809425354
66153,3.2449936866760254
41842,4.930887222290039
20477,5.067647933959961
106055,4.251550197601318
66648,5.052673816680908
28690,4.2881646156311035
88921,5.240936756134033
59423,3.4910993576049805
106021,4.919688701629639
62592,3.719409704208374
91180,4.577870845794678
29221,4.9691243171691895
46155,4.670065402984619
89334,4.903753280639648
66802,4.388657569885254
55011,3.971508264541626
61060,5.132689476013184
55068,4.5587077140808105
102113,4.349717140197754
40417,4.691944122314453
91650,4.567492961883545
59070,5.27742862701416
45220,4.169187545776367
41584,4.061836242675781
101097,4.486477375030518
80135,4.025829792022705
33629,3.088958501815796
89501,5.185182571411133
36850,3.3711116313934326
53820,4.326225280761719
64408,4.608758449554443
32601,5.346189022064209
64374,4.4556756019592285
15503,4.3621063232421875
415,4.75731897354126
42706,4.735072612762451
1472,4.642880916595459
76007,4.388415813446045
105838,5.202564716339111
7671,3.842186689376831
40204,4.688093662261963
72687,4.308435440063477
40270,4.642319679260254
29180,4.736425399780273
101410,4.796630382537842
60294,4.316850662231445
62027,4.710014820098877
77706,3.14862322807312
100144,4.270191192626953
107934,4.392518043518066
39719,3.3544130325317383
101775,4.850742816925049
34484,4.338504314422607
98596,4.000768184661865
2099,4.763960361480713
25143,4.484123706817627
31773,5.055580139160156
67090,4.6579670906066895
80821,4.453352451324463
5448,5.068393230438232
10407,4.824098110198975
3228,3.2281622886657715
76235,4.127807140350342
104828,4.407010078430176
106003,4.7605977058410645
27272,4.080038547515869
16964,4.936835289001465
70462,5.267151355743408
35838,4.036282062530518
26149,4.3270111083984375
14990,4.885307312011719
18195,4.353056907653809
18059,5.026104927062988
52277,3.8574109077453613
2216,4.455591678619385
706,4.479786396026611
69314,3.1552176475524902
45535,5.043139457702637
65096,5.14846658706665
77946,2.9422454833984375
6506,3.8481862545013428
18853,4.817372798919678
72616,5.170070171356201
80406,4.76999568939209
34442,3.64206600189209
65355,3.8047773838043213
46928,4.950478553771973
73873,4.077913284301758
16601,4.721639633178711
9394,4.261714935302734
105736,4.699254989624023
35509,4.9488205909729
42033,4.9056596755981445
11118,4.771419048309326
96589,4.003405570983887
93136,4.501735687255859
47879,3.0032663345336914
80098,4.700592517852783
83992,3.7728350162506104
11269,4.6699042320251465
12229,4.88419246673584
65518,4.601269721984863
9660,4.185482025146484
73045,4.635437488555908
104966,4.479475021362305
63242,3.5529847145080566
27921,4.7111101150512695
53347,4.576259136199951
70761,4.834170818328857
99220,4.517124176025391
59403,4.0565266609191895
2271,4.506051540374756
43039,5.054076194763184
79417,4.333987712860107
31900,4.687624931335449
19212,4.212512016296387
78443,4.719799041748047
21807,4.79850959777832
12255,4.26296329498291
10501,4.871074676513672
108206,4.2350006103515625
55744,3.842623472213745
3375,4.709429740905762
29219,4.070250511169434
41454,4.726351737976074
30543,5.229250431060791
14110,4.5391974449157715
39838,4.134022235870361
41791,4.281491279602051
72729,4.481600284576416
40058,4.56101655960083
16618,4.848702430725098
90688,4.810125350952148
78976,4.913401126861572
46277,4.356989860534668
90827,4.144645690917969
28624,3.578806161880493
10056,4.971710205078125
89319,4.755162239074707
105463,4.858449935913086
32082,4.086369037628174
77767,4.516748905181885
71798,3.8743627071380615
43098,3.606503963470459
28601,4.73307991027832
72814,4.346498966217041
48537,4.666853427886963
61703,4.443906307220459
38475,4.625641822814941
64606,3.736923933029175
22854,3.369685173034668
100605,4.5931596755981445
68725,3.995426654815674
51931,4.609634876251221
69279,4.498080730438232
83507,4.379255294799805
46509,3.620410442352295
49315,4.306574821472168
51813,4.027010917663574
2864,4.593875408172607
35895,4.53131628036499
99459,4.5816755294799805
89417,4.256102561950684
60995,4.840974807739258
88871,4.834376335144043
15617,4.421077251434326
28931,5.286377906799316
89725,4.2463226318359375
49669,5.054618835449219
99117,3.701326370239258
100191,4.101888179779053
50201,4.2474188804626465
87185,5.124514102935791
25513,4.217854022979736
64579,4.466414928436279
88229,3.294679880142212
35075,4.937463760375977
22616,3.3231327533721924
84138,3.9926247596740723
35702,4.504241466522217
38109,3.871238946914673
32548,5.023931503295898
42193,4.153660774230957
34417,4.874762058258057
6996,4.7591776847839355
52339,4.138647556304932
60880,4.756673336029053
65770,4.224923610687256
23873,5.096958637237549
53413,3.9870100021362305
2260,4.856320381164551
29539,5.1416521072387695
79319,4.957515239715576
60562,4.6377644538879395
85202,4.519827842712402
91674,4.9871087074279785
46215,4.6234588623046875
60764,4.8650221824646
2786,4.0977678298950195
47239,4.329028129577637
7851,3.4714157581329346
100419,4.738081932067871
56275,4.585010051727295
4072,4.736184597015381
19852,3.9149324893951416
3823,4.483554840087891
97340,4.602039337158203
9850,4.116377830505371
77362,4.486701011657715
91319,4.211273193359375
96479,4.497792720794678
99527,4.577237606048584
57664,4.885173320770264
16933,4.8813252449035645
69342,4.686330795288086
61396,4.805952072143555
68809,4.694255352020264
9983,4.877666473388672
33911,4.101232528686523
54398,3.5545811653137207
7351,4.8247389793396
37470,4.3580522537231445
75934,3.7928428649902344
92172,4.807582855224609
11046,4.799233436584473
52465,3.3565125465393066
873,4.73302698135376
31203,3.809520721435547
46970,4.668635845184326
41457,5.006392478942871
35430,4.3922438621521
97293,4.644813060760498
28649,4.679696083068848
39104,5.013255596160889
82515,5.120949745178223
54357,4.984106540679932
68738,4.003887176513672
552,4.487825393676758
11499,4.880782604217529
50261,4.630336761474609
13743,4.831820487976074
5800,4.506469249725342
11009,4.1651458740234375
92583,4.168115615844727
15699,3.9785563945770264
35146,4.639436721801758
58249,4.766167640686035
57369,4.570822715759277
92592,5.143391132354736
91897,3.9636659622192383
33353,4.179327011108398
26112,4.846055507659912
100513,3.553783416748047
21201,3.930420398712158
11924,4.085702896118164
104820,5.75905704498291
86169,4.931426048278809
66379,4.350526332855225
62531,4.738094329833984
65642,4.928189754486084
51897,3.728480577468872
44139,4.2901082038879395
102679,4.054196834564209
82954,4.8098015785217285
25018,3.8904716968536377
73653,4.690273284912109
90400,4.788329601287842
66035,4.420214653015137
56384,4.810323238372803
99418,4.241357803344727
5949,5.093746662139893
46816,4.309092044830322
69637,4.666326522827148
66651,4.654115676879883
77523,3.0288262367248535
80127,3.5562264919281006
52078,4.829381942749023
69546,4.41021728515625
56726,3.921131134033203
75099,4.101060390472412
38862,4.302116870880127
66725,4.294391632080078
26988,4.728312969207764
30985,4.72053861618042
48905,4.151712894439697
54016,4.684470176696777
24496,3.965641498565674
100435,4.3630051612854
80956,4.702066898345947
19411,4.765438556671143
49852,4.576020240783691
91873,5.01247501373291
78314,4.37435245513916
35637,4.762143135070801
21185,4.781259536743164
55726,4.213870525360107
7788,5.1813225746154785
30014,4.599456787109375
32869,4.892556667327881
76627,4.082030773162842
106218,4.741877555847168
56171,4.623622417449951
1968,4.191319942474365
16072,4.47363805770874
104320,4.556301116943359
71263,4.324234485626221
82131,4.015039920806885
81817,5.085597038269043
47984,4.669443130493164
12380,3.7904341220855713
264,3.3489580154418945
31074,4.667677879333496
35355,4.254703521728516
100001,4.628596305847168
19178,4.579632759094238
46862,4.86982536315918
46072,4.588427543640137
47517,4.264820575714111
19704,4.866218090057373
43192,4.812091827392578
15224,4.1704535484313965
93584,4.98021125793457
645,4.678873538970947
46196,4.702569961547852
76503,5.24530029296875
30589,4.626611709594727
94465,4.278030872344971
68643,5.003241539001465
87819,3.7160067558288574
67689,4.2355523109436035
72696,4.759894847869873
41817,5.107215881347656
80174,4.938135147094727
83664,4.851724624633789
85416,4.4259724617004395
65842,3.544511318206787
17298,4.8230743408203125
3994,5.1278276443481445
40302,4.192285537719727
88462,5.119584560394287
59437,3.675823211669922
76376,4.753276824951172
69303,4.0733184814453125
89482,5.071041584014893
86977,4.526149749755859
21960,4.479747772216797
20231,4.282290458679199
38901,5.266000747680664
15798,4.10693359375
29864,4.547330856323242
51966,4.676949977874756
104008,4.559682369232178
98810,4.32663106918335
30342,5.115672588348389
56271,3.601888656616211
72640,3.930678129196167
44371,3.6801109313964844
62562,4.797351837158203
25093,4.736831188201904
89651,4.7770867347717285
35312,3.9287989139556885
101787,5.132854461669922
62055,4.699652194976807
18464,4.992081642150879
2794,5.027591228485107
61077,4.1859917640686035
4232,4.444122314453125
58174,3.929690361022949
94034,3.735506057739258
46622,3.2607550621032715
6242,3.905566453933716
102198,4.530611991882324
1389,4.713006019592285
70518,4.097372055053711
3403,3.736051321029663
71718,4.290310382843018
50146,4.479591369628906
75181,4.459164619445801
6407,4.66986608505249
47769,4.1369404792785645
23202,4.376277446746826
25167,5.110056400299072
90036,3.9036269187927246
30210,4.135711193084717
82877,4.3394575119018555
93445,4.570499420166016
24589,3.9074761867523193
8134,3.732652425765991
41534,4.942327499389648
66972,5.276541233062744
42157,4.8696184158325195
15089,4.153501510620117
32806,4.74678897857666
7835,4.536625862121582
29082,4.230312347412109
43047,5.004153251647949
16245,4.746064186096191
83860,4.619384288787842
27612,4.7589311599731445
57584,4.319893836975098
72285,3.6999568939208984
105561,6.008080005645752
62960,4.555788040161133
80252,4.833378314971924
3316,4.758744716644287
67797,4.540018558502197
88318,5.229460716247559
24795,3.8281662464141846
420,4.426848888397217
98956,4.119563579559326
68965,3.787677764892578
45667,4.451138973236084
4032,3.6324031352996826
53373,4.209488391876221
34010,4.7301249504089355
96227,3.5968077182769775
44330,4.567081451416016
44639,4.346367359161377
18446,4.045631408691406
48287,4.338700771331787
13662,3.777782917022705
70463,4.5720086097717285
54965,4.390087127685547
96642,3.078220844268799
8645,5.018390655517578
76414,3.944331645965576
99396,4.773282051086426
50236,4.194304466247559
24453,4.114697456359863
49714,4.784341335296631
38929,5.1339874267578125
40312,4.52951192855835
46696,5.293771266937256
1918,4.755029201507568
37961,3.9082443714141846
84532,4.65010404586792
52471,4.505788326263428
55659,3.308177947998047
65170,4.935415744781494
84820,4.610108375549316
51835,3.9657175540924072
9127,4.889260292053223
258,4.200721740722656
89939,4.69303560256958
84784,4.568457126617432
33887,4.7611236572265625
97731,4.69352388381958
7670,5.101348400115967
22005,4.831718444824219
93883,4.641159534454346
76716,4.604388236999512
2512,4.483422756195068
20097,4.446047306060791
70314,4.380014419555664
23479,4.530966281890869
103299,3.6077420711517334
104205,5.1767191886901855
50840,4.610929012298584
43015,4.129439353942871
70388,3.595353603363037
42408,4.85779333114624
2262,4.317166328430176
95855,4.678462505340576
85605,5.156042098999023
33516,4.828231334686279
97894,4.200113773345947
14261,4.47580623626709
71870,4.796475887298584
11265,4.994424343109131
29192,4.375520706176758
24763,4.57227897644043
21205,5.220035076141357
48501,4.5298919677734375
52042,4.004770278930664
16194,4.616743087768555
64864,4.389754295349121
86915,4.872251987457275
35089,4.714015007019043
63868,4.672216892242432
25419,4.07086706161499
14480,3.169055700302124
12514,3.3590054512023926
9537,4.797578811645508
96116,4.5240888595581055
21501,4.771514415740967
14118,5.019847393035889
92017,5.133533477783203
95480,3.7117550373077393
88164,4.465774059295654
7481,3.8086042404174805
60740,4.786529064178467
78749,4.627955436706543
14709,4.521038055419922
8980,4.998199939727783
101333,5.424546718597412
2561,4.706649303436279
15729,3.9440388679504395
61017,4.597336769104004
12922,4.908084392547607
58044,4.709172248840332
85334,5.131444454193115
77817,4.325357913970947
97964,4.903573036193848
22755,4.258894920349121
33342,4.033840656280518
85345,3.9364075660705566
66942,4.521673679351807
85673,4.8940277099609375
101751,4.79136323928833
18145,5.25860071182251
22838,4.6085076332092285
14921,4.657485008239746
94182,4.245548248291016
16552,4.354386806488037
96105,5.086411952972412
101913,3.778810501098633
58933,4.29520845413208
65322,5.170627593994141
89157,4.864866733551025
31910,4.684434413909912
39244,4.843483924865723
75546,4.499847888946533
59358,4.605095863342285
22893,3.727216958999634
50914,4.209558963775635
16034,4.604742050170898
89971,5.285803318023682
92262,5.0708489418029785
58195,4.7111101150512695
64421,4.715146541595459
26564,4.59925651550293
106142,3.3852956295013428
86281,4.925617218017578
55472,4.665563583374023
95759,4.637446880340576
50800,4.0528788566589355
22307,5.333463191986084
96069,4.846568584442139
61238,4.016724109649658
91429,4.364049911499023
25711,4.967306137084961
23308,4.032920837402344
34824,3.5654544830322266
62837,4.108785629272461
41860,4.813450813293457
53304,4.156895160675049
40188,4.868045330047607
26813,5.068346977233887
73842,4.746167182922363
91267,4.488905429840088
58982,4.61231803894043
55664,2.6764776706695557
85033,4.814406394958496
6038,3.877819538116455
95132,4.679610252380371
82378,3.871659755706787
18392,4.856710433959961
51091,4.373787879943848
23340,4.787621021270752
107904,4.682129859924316
40394,4.626011848449707
77194,4.35451078414917
30522,5.374655246734619
92424,3.637270450592041
98926,4.376737117767334
87399,3.9316835403442383
1667,4.068716526031494
19692,4.723852157592773
72754,5.133846282958984
65108,4.816330432891846
44089,5.0818705558776855
107924,4.9520416259765625
45311,4.866889476776123
36130,4.508932113647461
32901,2.935370683670044
26949,3.6220998764038086
77509,4.596895217895508
58244,4.148736000061035
41712,2.2380194664001465
41737,4.233556270599365
96313,4.274003028869629
82609,4.240093231201172
53374,4.155602931976318
25997,3.776470184326172
42644,4.578176021575928
34125,3.7884249687194824
86065,3.8609118461608887
105040,3.843538999557495
88019,4.664421081542969
22218,4.666039943695068
30406,4.326214790344238
99871,3.8167009353637695
3899,4.783239364624023
24021,4.947294235229492
7314,3.6858956813812256
78995,4.8272833824157715
45977,3.9659931659698486
68782,3.6156582832336426
96206,4.411083221435547
63061,5.05574893951416
2808,4.944524765014648
36611,4.764612674713135
24891,4.7623515129089355
14479,4.287127494812012
46393,4.214576244354248
37109,4.626134872436523
73523,4.864099502563477
12551,4.282745361328125
29899,4.178106784820557
93075,4.780803680419922
69632,4.956550598144531
67731,4.7298502922058105
57906,4.508491516113281
106005,5.132956504821777
8097,4.51192569732666
1142,4.846363067626953
48556,3.2548129558563232
18245,4.9128570556640625
73743,4.752394199371338
104640,4.743988513946533
101339,4.816199779510498
33277,5.262409210205078
97698,4.142570972442627
107795,5.7492547035217285
88160,4.599405288696289
94603,4.186629772186279
23134,5.266041278839111
16548,4.216907978057861
41482,4.458860397338867
41741,4.987604141235352
52222,3.7211310863494873
89871,3.325122594833374
38418,4.4072136878967285
89176,4.634034156799316
50640,4.343434810638428
1047,4.555732250213623
106705,4.303206443786621
45330,4.635152816772461
64318,4.459045886993408
19731,4.905066013336182
1208,4.485694885253906
53942,3.8987772464752197
58220,4.523590087890625
84246,4.992063522338867
6275,4.415755748748779
50336,3.8773815631866455
25109,4.857688903808594
13881,4.935046672821045
14126,4.6090593338012695
8477,4.496746063232422
82001,5.193446159362793
43014,5.195905685424805
73391,5.031830310821533
31872,3.5257673263549805
21393,5.141922950744629
92291,4.485987663269043
23557,4.364788055419922
100702,4.64196252822876
15327,3.987628936767578
81431,4.346567153930664
88740,3.9757142066955566
106024,4.350661277770996
94607,4.285642147064209
52887,4.109402656555176
10406,4.39431619644165
66897,5.2140984535217285
83087,5.091916561126709
51251,4.614728927612305
60999,4.5313286781311035
73989,3.7919204235076904
103015,4.621522426605225
57644,5.153921127319336
35760,3.7865891456604004
74824,4.624815940856934
94532,4.410595893859863
23984,4.460063934326172
72011,4.223191261291504
23425,4.640437602996826
14375,3.8403561115264893
87195,4.308474540710449
95864,2.874880075454712
104030,4.16915225982666
97127,4.558022499084473
96784,4.907681465148926
27391,4.923546314239502
89148,4.829151153564453
87500,5.1877055168151855
76586,4.147552013397217
70956,5.154865741729736
24923,4.306465148925781
106401,4.75565242767334
6061,3.8089709281921387
31342,4.102694511413574
9695,5.180444717407227
85584,5.086913108825684
58015,4.5199432373046875
92527,4.48572301864624
2543,4.963657379150391
91779,4.388548851013184
91227,4.359684467315674
85982,4.194594383239746
76792,4.475342750549316
86970,4.697132587432861
14862,4.917953968048096
17529,3.149056911468506
43336,5.202169418334961
97587,4.9673051834106445
47927,3.7493960857391357
55498,4.0610127449035645
12529,4.327295780181885
60866,4.608092784881592
75661,4.1517486572265625
59960,4.631620407104492
53255,4.570092678070068
18368,3.712590456008911
48911,4.417053699493408
21657,4.932826519012451
108480,4.641958236694336
53806,4.74612283706665
37062,4.94326114654541
103034,4.384796619415283
29608,4.578282833099365
10752,3.62931489944458
96263,3.49532413482666
100259,3.9500205516815186
91872,4.939873218536377
280,4.300349712371826
97346,3.8997631072998047
61758,4.365573883056641
16330,4.370957374572754
20305,4.749702453613281
47157,3.8188886642456055
66927,3.773674726486206
82482,4.517436981201172
4464,4.360107421875
70947,3.9843294620513916
4221,4.832693099975586
99076,4.80408239364624
22670,4.585443496704102
42625,4.1688055992126465
3701,4.469332218170166
91717,5.072869777679443
84226,4.897655487060547
38415,4.790873050689697
38928,5.177663803100586
73252,4.844824314117432
82176,4.080049514770508
96399,3.3783862590789795
46734,4.877584934234619
9965,4.153169631958008
99606,4.952188014984131
41300,4.511641502380371
97399,3.556817054748535
89794,4.134769439697266
51980,4.518906593322754
42324,4.86648416519165
56327,4.141834735870361
55256,4.6281023025512695
93504,3.024758815765381
79872,4.411725044250488
65874,4.522498607635498
104462,4.706867218017578
70907,4.380683898925781
16735,3.7013819217681885
14278,4.725548267364502
1780,3.3472518920898438
53845,4.883946895599365
20765,4.555333614349365
39477,4.704397201538086
54747,4.476137638092041
33868,4.790709018707275
25425,4.867584228515625
9399,4.290317058563232
64120,4.4279279708862305
13677,4.591166973114014
68175,4.586201190948486
42642,4.339439392089844
107977,4.79069709777832
13332,4.76430082321167
44879,3.556039333343506
90039,3.8484184741973877
30662,4.878317356109619
55046,4.766610622406006
12626,4.853285789489746
23726,4.5147600173950195
98565,4.3216047286987305
50500,3.8610782623291016
8303,5.2053985595703125
103680,4.478048801422119
107804,3.8770298957824707
88962,4.931052207946777
92327,4.446174621582031
48246,4.87562370300293
98859,4.657951831817627
74943,3.1379504203796387
13829,4.6114678382873535
24858,4.344928741455078
2946,5.004751682281494
76995,5.1961798667907715
94217,4.859172821044922
17188,4.273013591766357
53108,5.056268692016602
42457,4.759383678436279
64511,4.119765758514404
71854,4.276559352874756
85907,5.013869762420654
73440,4.117801189422607
77528,3.950840473175049
40974,4.81627893447876
28461,4.411764144897461
61550,4.228325366973877
105720,4.338518142700195
74191,4.809924602508545
56915,4.374346733093262
10757,4.601855278015137
225,4.6835713386535645
4188,5.065872669219971
61040,4.761372089385986
34828,4.630366802215576
283,3.613349437713623
32134,3.8782687187194824
1777,3.939655065536499
55975,4.299483299255371
17068,4.961576461791992
53582,4.32292366027832
32267,4.220300674438477
86414,4.904150009155273
29177,5.105992317199707
39789,3.8788130283355713
106721,4.100356101989746
87987,4.345703125
83272,4.9343156814575195
68951,4.309664249420166
89893,4.775388240814209
62067,4.403979301452637
105653,4.846224784851074
105974,4.06535005569458
100015,4.361069202423096
81607,4.288443565368652
34643,4.991307735443115
3108,4.5891499519348145
6813,4.5457658767700195
51482,4.27650260925293
6340,4.242549419403076
48075,4.276967525482178
52378,4.710743427276611
10763,3.447895050048828
28776,4.85273551940918
64228,4.673592567443848
55793,4.326623916625977
33784,4.91594934463501
39844,4.169991970062256
92027,5.121363639831543
30024,4.873421669006348
14442,5.011141300201416
44783,4.752182960510254
11513,4.388852119445801
12521,4.380367279052734
79944,4.826591968536377
17932,4.709018230438232
75926,4.366522789001465
64778,4.704824924468994
25382,4.595214366912842
48617,3.2059245109558105
95128,4.608043193817139
45136,3.9098403453826904
81394,4.940300464630127
47300,4.096967697143555
76093,5.095095634460449
57967,3.4111268520355225
54865,4.606561183929443
106979,4.849076271057129
42191,4.942994594573975
23694,5.038220405578613
85633,5.1597580909729
21931,3.5781188011169434
47133,4.840039253234863
77959,4.992140293121338
942,4.101970672607422
29558,4.894115924835205
13255,4.704598426818848
39773,3.5736169815063477
39117,4.804833889007568
32684,3.137615442276001
57560,4.71909761428833
108181,4.919382572174072
60564,4.872023582458496
105741,3.385059118270874
26531,4.101150035858154
48715,4.560428142547607
36728,5.11878776550293
64127,3.6270902156829834
15671,4.5308837890625
52367,5.161128044128418
8551,4.451272964477539
2506,4.954102993011475
12977,4.975359916687012
9702,5.162246227264404
31695,4.305366516113281
19427,4.711418151855469
60890,4.761165618896484
36888,4.4194722175598145
7295,5.265777111053467
77853,4.1008501052856445
52254,4.118173599243164
686,4.512060642242432
104783,4.956409454345703
75849,4.973705291748047
46586,2.231509208679199
18078,5.15538215637207
16973,4.637208461761475
66860,4.1443305015563965
96059,4.1738457679748535
24813,4.619505882263184
53702,4.546091556549072
17855,4.785874366760254
68040,4.410524845123291
99803,4.744696140289307
8944,4.492550849914551
5704,4.877336025238037
90005,5.195251941680908
100908,4.427582740783691
4722,4.71852445602417
98025,5.3011932373046875
72309,4.943966388702393
52065,4.43099308013916
49352,4.104925632476807
63642,4.95505952835083
27385,4.799203872680664
23819,5.160511016845703
43865,4.853181838989258
5871,4.525534629821777
90991,4.712227821350098
73074,4.015927314758301
100823,4.164531707763672
17018,4.6644792556762695
1952,4.21102237701416
25183,4.794105052947998
53289,5.125019550323486
58011,4.505813121795654
33549,4.314752578735352
63405,4.447120189666748
83968,4.203039646148682
107839,4.897708892822266
66838,4.409657001495361
16697,4.775035858154297
87906,4.778064727783203
60646,4.187191963195801
15565,3.929594039916992
103581,3.58500337600708
69657,4.363682746887207
11509,3.605346202850342
69827,4.101766109466553
86986,4.625859260559082
99958,4.97841739654541
45084,4.901902198791504
47504,4.042759418487549
8056,4.805554389953613
83412,4.75857400894165
8427,5.2597880363464355
75004,4.438113689422607
83489,3.991514205932617
65083,4.379290580749512
90624,4.365001201629639
105665,4.395634651184082
21187,4.875186920166016
65194,4.950932502746582
60466,4.032878398895264
2186,4.713774681091309
25804,5.10439395904541
58597,4.467180252075195
51712,4.513204574584961
67828,4.983553409576416
18883,4.841862678527832
59829,4.786623477935791
102303,5.223879814147949
88041,4.378153324127197
22373,5.110838413238525
70182,4.727181434631348
29143,4.981529712677002
99290,4.751014709472656
54722,3.9455857276916504
54190,3.844774007797241
9799,5.149509429931641
97814,5.010739803314209
99267,4.708523273468018
64930,4.571568012237549
105305,4.84190034866333
61922,5.18139123916626
29145,4.002141952514648
101607,4.946254253387451
21764,4.608922958374023
65052,4.385436534881592
48848,4.779312610626221
34535,4.666003704071045
69299,4.5028204917907715
44450,4.775229454040527
38268,3.5732719898223877
69269,4.906482219696045
54123,4.091585159301758
85311,4.446169376373291
96075,4.930604457855225
36241,4.805201530456543
49911,4.722253322601318
52466,3.7759604454040527
17888,4.950016021728516
12287,3.996202230453491
57918,4.906806468963623
33265,3.738847494125366
67747,4.5919036865234375
89098,4.369863033294678
94651,3.627556562423706
87710,4.023863792419434
34550,4.093719482421875
8620,4.50665807723999
105966,4.7560625076293945
28392,4.2515082359313965
4075,5.1387834548950195
54643,4.145395278930664
22255,4.652410507202148
61178,4.6594014167785645
5260,4.288158416748047
101933,4.251687526702881
14027,4.775984764099121
49110,2.956865072250366
97796,4.729470729827881
103587,4.523360729217529
105808,3.8435821533203125
105403,4.229347229003906
45858,4.826945781707764
73461,4.613645076751709
10977,4.762402534484863
4435,4.068480491638184
23779,4.517371654510498
40015,4.596289157867432
65298,4.744607925415039
66410,4.423905849456787
97613,4.494673728942871
82588,3.774240732192993
69871,4.886114597320557
6015,5.0056471824646
97646,4.9920268058776855
28721,4.147380828857422
1424,4.841152191162109
63248,3.5435421466827393
83853,4.547746181488037
54295,4.193204879760742
35694,4.338525772094727
14577,5.041881084442139
97305,4.9663591384887695
61315,3.027170419692993
19625,4.476306438446045
34706,5.473123550415039
75566,3.998788356781006
51409,4.404466152191162
99126,4.475153923034668
44323,4.297959804534912
85648,4.508535861968994
68341,4.280250072479248
11356,4.1360321044921875
108076,4.032279968261719
26269,4.189419269561768
70891,4.378448486328125
56011,4.177213668823242
49847,4.847879886627197
35214,5.236391067504883
71372,4.446475028991699
10316,4.868824005126953
69057,4.376272201538086
52416,4.937160015106201
99625,5.023366451263428
954,4.4480414390563965
32537,4.859434604644775
76670,3.8736250400543213
64379,4.702606201171875
84035,4.861085891723633
86415,5.417896270751953
75260,5.188373565673828
78293,4.78862190246582
10988,4.129415988922119
94294,5.280680179595947
6481,4.923086166381836
97176,4.637408256530762
42873,3.985595226287842
58474,4.89540433883667
31947,4.159319877624512
107021,4.198796272277832
8611,4.70533561706543
57769,5.119161605834961
70410,4.403955459594727
18270,4.462047576904297
26803,5.106922626495361
99386,4.730500221252441
4590,4.416338920593262
55806,4.319231986999512
95246,5.063824653625488
64971,3.4612934589385986
106963,4.813114643096924
1484,4.989326477050781
83556,5.014678955078125
18946,4.650166988372803
83260,5.339695930480957
46656,4.921125411987305
102298,4.054693222045898
37747,5.214794158935547
105037,4.310551643371582
101248,4.032942771911621
73413,4.562647342681885
85000,5.013819217681885
9475,3.7577812671661377
78626,4.822852611541748
40162,4.367266654968262
9331,4.434962749481201
32978,4.983039855957031
78267,4.714426040649414
83594,4.935004234313965
23474,3.975975513458252
11749,4.622269630432129
64314,4.6436591148376465
50267,4.246922016143799
91657,5.053208827972412
36127,3.870598316192627
44486,4.953057289123535
12135,4.845627307891846
22612,4.278227806091309
48629,3.7177953720092773
3862,5.377433776855469
22743,4.984492778778076
94365,3.5629045963287354
45120,4.66559362411499
97589,3.61248779296875
51043,5.169233322143555
97761,4.143229961395264
71443,4.46184778213501
19172,4.758554458618164
37256,4.193432331085205
96823,4.637851238250732
81643,4.473735332489014
107749,4.310932636260986
66832,4.600411891937256
26150,4.767420768737793
7074,4.263437271118164
7267,3.8056788444519043
70389,5.072684288024902
65992,4.2499613761901855
43784,4.358703136444092
62535,4.133305072784424
56382,4.4284162521362305
25983,3.9773974418640137
10174,4.233092784881592
6528,3.895233392715454
38947,4.381762981414795
87220,4.609447002410889
91981,4.539794445037842
92742,4.634907245635986
31387,5.1701340675354
19304,4.690293312072754
67385,4.6269211769104
14953,4.288366794586182
15060,3.5289363861083984
69041,4.545607089996338
4441,4.2021355628967285
16903,4.998612403869629
40971,4.160697937011719
106832,4.854466438293457
89128,4.816744804382324
8705,4.623884677886963
7494,4.341466903686523
22294,4.700997829437256
8422,4.363778591156006
32142,4.18721866607666
86765,4.1798577308654785
35418,5.152158260345459
47467,4.735263824462891
66604,4.1219964027404785
106945,4.6971116065979
90685,4.608911514282227
22932,4.7826828956604
92452,5.0958781242370605
46897,3.9428179264068604
69708,5.09675407409668
7182,4.942408561706543
100405,4.510621070861816
13972,4.364838600158691
79007,4.9756178855896
21470,4.1526288986206055
37731,4.425473213195801
17813,4.513518810272217
60451,4.5425567626953125
72538,3.893150568008423
21585,4.610039710998535
53684,4.933585166931152
97074,4.987454414367676
101646,4.76544713973999
28873,4.678165435791016
35841,4.052946090698242
41145,4.909046649932861
2408,4.89708948135376
32649,4.054812908172607
51226,3.890178680419922
102147,4.185900688171387
85545,5.002801418304443
80627,4.939260005950928
28194,4.8477301597595215
96840,4.624338626861572
47295,3.5340933799743652
96012,3.820284605026245
106340,4.33676290512085
35384,4.230131149291992
8088,4.090971946716309
76075,3.8115406036376953
107543,4.8847832679748535
62243,4.200900077819824
38535,3.531795024871826
33012,4.755313396453857
55567,5.19519567489624
86640,4.662464618682861
44374,5.051675796508789
103269,4.155561923980713
9056,4.835968017578125
68658,4.491733551025391
78699,4.852214336395264
93604,4.9575324058532715
15825,4.293095111846924
24462,5.055756568908691
39540,5.018398284912109
73448,4.767059326171875
33148,4.418760776519775
5162,3.913196563720703
96462,4.984621047973633
19195,4.726597785949707
102118,4.419909477233887
81799,5.203408718109131
12511,4.260129928588867
59876,4.45509147644043
92274,4.833592891693115
70498,4.402860641479492
81547,4.442844390869141
45285,4.331884384155273
8161,4.506275653839111
79130,4.9934258460998535
39849,3.5677196979522705
41758,4.539105415344238
92824,3.835543632507324
67389,4.648763179779053
75006,4.719297409057617
97480,4.325212478637695
64091,4.42810583114624
103141,4.508520603179932
34674,4.981816291809082
74778,4.549290180206299
46399,4.5751471519470215
51871,3.3540825843811035
58571,5.110348701477051
19805,3.034097909927368
47189,4.81815767288208
105108,4.0619215965271
95600,4.640879154205322
95169,4.7402238845825195
103163,3.0780835151672363
96452,5.032067775726318
83486,4.5738139152526855
87990,3.9856626987457275
102255,4.4175028800964355
4568,4.641799449920654
88862,4.8779215812683105
46984,4.743646621704102
104514,3.3987033367156982
78044,3.165844440460205
86130,4.649506092071533
58164,3.970118761062622
100570,3.6980578899383545
86969,4.828221797943115
104073,4.868175506591797
104041,4.4922308921813965
71991,4.8298258781433105
81448,4.597279071807861
106486,2.5764927864074707
32319,4.284764289855957
30732,5.32982873916626
45081,5.495890140533447
46799,3.949023962020874
86522,4.775384902954102
91554,3.9750499725341797
43360,5.107862949371338
57678,4.989132881164551
77842,4.618196964263916
102427,4.842912197113037
9377,4.712740898132324
11531,4.689180850982666
2320,4.755274295806885
95335,4.448002338409424
91083,5.05866003036499
92390,4.615354061126709
108595,4.215871334075928
76877,4.66491174697876
75843,4.159914016723633
19496,4.44971227645874
30933,3.8419528007507324
91006,4.328692436218262
21935,4.911351203918457
19036,5.07157564163208
85785,4.712489604949951
105519,4.961381435394287
83028,4.896914958953857
104752,3.696531295776367
71576,4.688800811767578
59328,4.532969951629639
92178,5.032536506652832
99925,3.3234703540802
5147,3.213292121887207
54319,4.7584404945373535
56118,4.714136123657227
37604,4.303408622741699
27647,4.488719940185547
25975,4.942813873291016
29431,4.811542510986328
31133,5.019571781158447
77359,4.3841118812561035
85039,5.023690700531006
105671,4.190611362457275
45466,4.804404258728027
99083,5.08298397064209
18084,3.594151258468628
36556,3.894350528717041
61982,4.528784275054932
81432,3.7160327434539795
87099,4.915707111358643
97868,3.4749021530151367
16186,4.76487398147583
105984,4.138768672943115
28780,4.725295543670654
86177,4.086459159851074
53354,4.612873077392578
16069,4.022874355316162
105072,4.567052841186523
50895,4.589473724365234
57532,4.738637924194336
85607,4.632545471191406
53151,4.806922435760498
67727,4.61505651473999
50528,3.77982497215271
62644,3.630274534225464
101397,4.191336154937744
40099,3.9657392501831055
41108,3.497999668121338
36576,4.9432220458984375
57000,4.5777668952941895
90878,4.145771026611328
106452,4.77911901473999
11857,4.549620628356934
5683,4.95544958114624
14701,4.7813544273376465
66669,4.365424633026123
79288,4.184784412384033
70756,4.887038230895996
22517,5.149230480194092
17262,4.711899757385254
64790,4.683097839355469
19077,4.965475559234619
4003,5.266749382019043
86623,4.77562952041626
75100,5.084316253662109
95009,4.7577338218688965
29062,5.237804412841797
104641,4.7531538009643555
71768,3.5733349323272705
19518,5.266284942626953
21809,4.882546424865723
34183,4.767829418182373
15494,4.790006637573242
25006,4.754805088043213
17810,3.3579013347625732
99375,5.2196044921875
28894,4.0681681632995605
9917,4.7716898918151855
6031,4.1560869216918945
75191,4.332456588745117
4115,4.485992908477783
53811,4.894554138183594
10526,4.985609531402588
31337,4.499699115753174
94128,4.613264083862305
1359,5.073152542114258
26984,4.334812164306641
82538,5.417795181274414
105704,4.648138523101807
1397,4.994223594665527
34954,4.75243616104126
78792,3.9224047660827637
31468,4.7780442237854
39639,5.404458999633789
13032,4.257984638214111
29363,4.515032768249512
33406,3.6825571060180664
66613,4.366214752197266
70853,4.482767581939697
60311,4.739206314086914
13007,4.760090351104736
16888,3.897721290588379
3676,4.402515411376953
76078,4.315171241760254
53891,4.839302062988281
94728,4.907323360443115
5832,4.538259983062744
26495,4.560318470001221
60394,4.897445201873779
107552,4.771633148193359
9461,4.04471492767334
45789,4.0192461013793945
64918,4.16891622543335
56975,4.417031288146973
82084,4.859575271606445
97691,4.51788330078125
60095,4.245196342468262
51131,4.542277812957764
54869,3.206116199493408
60216,4.666146278381348
100265,3.9225406646728516
63038,4.987770080566406
22170,5.124325752258301
41759,4.73066520690918
92244,4.951017379760742
106173,4.686002731323242
21186,4.962159156799316
29190,4.9087233543396
59371,4.771169185638428
2626,4.475736141204834
20055,4.2007012367248535
14656,4.484411239624023
37101,4.450819969177246
10903,4.1786208152771
48144,4.872166156768799
19856,4.9009246826171875
72681,4.38032341003418
8241,4.268998622894287
76558,5.035721778869629
68605,5.142341613769531
46302,3.9274423122406006
66904,4.224038124084473
93327,5.3239426612854
101055,4.587475299835205
50660,4.449492454528809
14153,4.311257839202881
74614,4.884481430053711
106974,5.019851207733154
35054,4.491103172302246
31409,4.898481845855713
104383,4.282769203186035
81433,4.737583637237549
3612,4.166519641876221
27610,4.522383213043213
53293,5.057679653167725
78872,3.9890596866607666
83369,4.555120944976807
35191,4.987777233123779
72624,5.375484466552734
95674,4.5561137199401855
719,3.919210195541382
80998,4.687442779541016
45855,5.197495460510254
2904,4.670413494110107
51453,4.742969989776611
53584,4.865239143371582
7637,4.193805694580078
66988,4.5781569480896
100073,4.312864780426025
6104,4.151601791381836
68037,3.7663824558258057
33186,4.352252960205078
53657,3.2379846572875977
70616,4.953471660614014
85312,3.896414041519165
14416,4.7627997398376465
45122,3.999953269958496
81495,4.381126880645752
75540,4.751130104064941
64445,4.936895847320557
22346,4.475776195526123
58848,4.663724899291992
72250,4.417481899261475
91553,4.810267925262451
45584,4.701722621917725
40643,5.0473246574401855
93990,5.307521343231201
71202,4.981977462768555
49611,4.607904434204102
28099,4.374149322509766
33878,5.2914533615112305
1718,4.878107070922852
31287,4.204187870025635
20921,4.971087455749512
30523,5.192753314971924
83902,2.7052173614501953
20253,4.853654384613037
82055,5.027076721191406
40540,4.615850448608398
78900,3.084428310394287
78395,3.729423761367798
62743,3.6650965213775635
75278,2.959332227706909
104065,4.477091312408447
73666,4.807850360870361
85053,4.921990871429443
107602,4.477633953094482
44606,4.292562007904053
12178,4.7620158195495605
98836,4.224682331085205
77639,4.6909074783325195
33640,4.559544086456299
26190,4.082400321960449
28325,3.902186632156372
49285,4.571374893188477
65416,4.7904863357543945
79549,5.202816486358643
71472,4.914022922515869
84046,4.421500205993652
101130,4.304315567016602
13415,3.610266923904419
9057,4.875647068023682
68374,3.957829236984253
57839,3.8770439624786377
87565,4.420149326324463
47383,3.008730888366699
2825,5.0864386558532715
94453,4.1422529220581055
52195,4.392457485198975
52093,4.213192462921143
8669,4.459184169769287
56983,4.4607954025268555
13265,4.499742031097412
208,4.515287399291992
95691,4.934628009796143
41617,5.029937267303467
73553,4.313904762268066
96165,4.556664943695068
7810,3.722524404525757
90358,4.740784645080566
94187,4.347230911254883
78679,4.1401495933532715
80093,4.1799211502075195
46593,4.527740001678467
38644,4.912508010864258
81690,4.66341495513916
13688,4.015435218811035
94283,4.947929382324219
63093,5.217708110809326
76022,4.351363658905029
3484,4.9555840492248535
88584,4.6076250076293945
85030,4.564657688140869
11051,4.56142520904541
87040,5.004465103149414
23872,5.131826877593994
51498,4.440292835235596
28777,4.23488712310791
3656,3.703191041946411
10450,4.833408355712891
45074,5.075018882751465
9757,4.629383563995361
31142,4.376957893371582
44802,4.884276390075684
105573,5.864242076873779
16152,3.993760585784912
85340,4.916532039642334
50476,4.845628261566162
65168,3.0239012241363525
21071,4.517192363739014
64773,4.735363483428955
96981,4.175717830657959
59552,4.536137104034424
39272,5.225767135620117
48320,4.178249359130859
103151,4.310150623321533
30951,3.879706621170044
80008,3.218977212905884
40144,4.068563938140869
28424,4.5135698318481445
21664,4.823983192443848
47400,4.105226993560791
39494,4.801125526428223
101172,4.592044830322266
85814,5.03191614151001
62142,4.90736198425293
61891,4.954668998718262
101368,4.538851737976074
33995,4.733309268951416
11671,4.71414852142334
80714,4.14411735534668
13644,4.546989917755127
95045,4.309601783752441
97858,4.322413444519043
17197,4.576715469360352
90476,4.264564037322998
50702,3.5845947265625
51486,4.050374984741211
2057,4.846294403076172
97062,4.446255207061768
107095,3.346165657043457
75884,4.085850715637207
43479,5.070144176483154
51460,4.204719066619873
7988,4.682438373565674
3745,4.0358686447143555
76018,4.324604034423828
98229,3.869711399078369
14745,5.196826457977295
31746,4.933920860290527
62479,4.312775611877441
23977,5.1718268394470215
26749,4.718990325927734
88834,4.722104549407959
76085,4.532999515533447
108262,4.2537665367126465
21804,4.952584266662598
16499,4.454223155975342
13775,4.090333461761475
94706,4.575479030609131
67985,3.724074125289917
63165,4.776421070098877
3435,4.826014995574951
48112,4.6422858238220215
86443,4.028919696807861
77409,4.395148277282715
103131,5.0710225105285645
59256,3.9722111225128174
63715,4.4799909591674805
467,4.684228420257568
27727,4.706538677215576
87871,4.432303428649902
20295,4.417518138885498
7626,4.351831436157227
82499,4.47478723526001
36322,4.865750789642334
36742,5.177363872528076
780,4.5397467613220215
69576,4.801952838897705
27488,4.910040855407715
98423,3.362017869949341
56694,4.444374084472656
61256,4.81639289855957
79120,5.301057815551758
12983,4.7347869873046875
99791,5.073583126068115
67331,5.132863998413086
6118,4.927341938018799
78778,4.066713333129883
20726,4.882556438446045
78620,4.278124809265137
41450,4.624959468841553
49991,4.522149085998535
8909,3.541832447052002
99335,5.031591892242432
71661,4.369560718536377
82314,5.246016979217529
23597,4.754761219024658
37895,4.269293785095215
59290,4.42353630065918
90965,4.660818099975586
32117,3.8133175373077393
45053,5.272518634796143
94660,4.454824447631836
21542,4.375542163848877
20904,4.332796096801758
58797,4.030702114105225
6490,4.7482218742370605
62773,4.5660905838012695
97125,4.676947116851807
102375,4.628428936004639
83110,4.099053859710693
40756,3.0393025875091553
46504,4.75820255279541
60731,5.250203609466553
3261,4.273397922515869
30988,4.958512783050537
104782,4.164300918579102
32493,4.537360191345215
6030,4.053269386291504
84767,4.849097728729248
58307,4.491372108459473
44358,4.162306785583496
33344,4.306756019592285
36152,4.072099685668945
95768,4.041239261627197
9050,4.937757968902588
74946,4.362998962402344
90658,4.222445964813232
10399,4.016458511352539
14024,4.388543128967285
24728,4.279728412628174
58841,4.946870803833008
2289,4.833307266235352
78718,4.38707971572876
46627,4.717081546783447
29707,5.21744966506958
78182,4.659153938293457
100087,4.364926815032959
26172,4.9728007316589355
34265,4.778885364532471
6190,4.875893592834473
34459,4.52729606628418
83835,4.838191986083984
48129,4.346981525421143
70180,4.448968887329102
21827,4.783145427703857
25667,4.263267993927002
24366,4.163264274597168
99272,4.4798407554626465
9567,4.595398426055908
29939,3.749462604522705
49817,4.474321365356445
8552,4.7396063804626465
77656,4.589869022369385
62854,3.987675189971924
5617,4.832979679107666
30955,4.703550815582275
37813,5.102208137512207
74899,4.5791521072387695
61930,5.103189945220947
4417,4.598994731903076
7095,4.382732391357422
57976,3.6765079498291016
22302,5.326188087463379
82434,5.035428047180176
25305,4.2576823234558105
89885,5.20960807800293
60513,4.336065292358398
60923,4.7414960861206055
24816,4.206074237823486
16650,3.0977025032043457
102672,5.301651477813721
80122,4.950611114501953
97926,4.177779674530029
105237,4.336137294769287
67524,4.7587571144104
53621,4.437553882598877
30926,4.649059772491455
11334,4.717545986175537
14280,4.850380897521973
37383,4.331131935119629
12297,4.08264684677124
94753,2.793309211730957
30804,4.295567035675049
72634,4.203962326049805
52375,4.499886512756348
10393,4.815143585205078
26373,4.6610260009765625
71223,4.717401027679443
73704,4.6417670249938965
67126,4.609134197235107
107276,3.7563295364379883
76173,4.941103935241699
19288,4.8369140625
39585,4.069337844848633
89607,4.5936408042907715
30729,4.194336414337158
35937,4.256709098815918
67816,4.274231910705566
51428,4.57697868347168
95706,3.6096529960632324
105010,4.130064487457275
61103,3.3078079223632812
79378,4.587316513061523
96771,4.136350631713867
99505,4.852997779846191
22579,4.536976337432861
87746,5.02255916595459
101544,4.939494609832764
72407,5.066782474517822
19262,4.015133380889893
72547,4.312017917633057
47528,3.7015819549560547
7283,4.705770492553711
47460,3.8188507556915283
80513,4.890671253204346
5502,4.906089782714844
34729,4.95465612411499
36579,4.916330814361572
65949,4.6736226081848145
94879,4.089054584503174
35521,4.856039047241211
107284,4.195283889770508
34762,3.259024143218994
46529,4.476608753204346
27694,4.898316383361816
60859,4.624493598937988
88660,4.624275207519531
44016,4.464445114135742
15092,4.052845001220703
15778,4.5578203201293945
7297,4.98928165435791
35958,4.262174606323242
95258,4.97801399230957
14384,4.526403903961182
92071,4.516090393066406
73189,3.9940831661224365
82826,4.9251790046691895
75121,4.569032192230225
66017,4.2023138999938965
13521,5.144838333129883
12253,4.6396565437316895
77072,4.475454330444336
46803,4.252468109130859
45575,4.830946445465088
67298,5.0459513664245605
7096,4.963612079620361
17737,4.633182048797607
36587,5.115344047546387
73886,4.630070209503174
12715,4.622864246368408
15017,4.164543151855469
83256,4.380072116851807
68182,4.459982872009277
32303,5.0360107421875
80702,4.136171340942383
75489,4.415011405944824
72259,4.602205753326416
59350,4.451623916625977
64385,4.773298263549805
55715,3.491147041320801
15504,4.384843826293945
49957,3.9747731685638428
71303,3.466588020324707
42831,4.030342102050781
17976,4.882659435272217
100767,3.701963424682617
61101,4.242760181427002
10182,5.280616760253906
58753,4.860926628112793
15440,5.048216819763184
43147,5.127444744110107
92065,4.879702091217041
7738,4.78131628036499
18304,4.88512659072876
52768,4.354028701782227
47250,3.6367900371551514
46021,4.575854778289795
57899,4.575336456298828
23853,4.381113529205322
70039,4.695558071136475
93316,5.1415276527404785
24184,4.782814979553223
70760,4.12279748916626
84608,3.6572253704071045
91344,4.88599157333374
3575,4.097487926483154
44082,4.5484209060668945
56482,4.173057556152344
92495,4.799768924713135
34699,4.75567102432251
13496,4.130284786224365
78218,3.653869390487671
38527,4.595238208770752
50440,3.9970109462738037
90073,4.359115123748779
29829,4.350168228149414
74752,4.328368663787842
34083,4.592002868652344
41252,5.130499362945557
24888,4.516632556915283
77250,5.010599136352539
38485,4.634930610656738
20690,4.7933759689331055
99672,4.978808403015137
79958,4.288792133331299
68060,4.572024345397949
97026,4.847652435302734
91041,4.1051554679870605
15990,3.9849252700805664
41333,4.903446197509766
52640,4.6335577964782715
74898,4.312016487121582
77122,4.455626010894775
49162,4.875259876251221
38280,4.4913506507873535
82310,3.868194103240967
11771,4.554661273956299
90677,4.599735736846924
31103,4.314922332763672
22271,4.996249675750732
106955,4.316079616546631
4483,3.983292818069458
73572,3.001887321472168
99411,3.715306282043457
41063,4.864540100097656
77737,3.9417741298675537
2601,4.339391708374023
45371,5.118163108825684
64134,4.182422161102295
71125,4.756220817565918
103376,3.8973288536071777
100477,4.287792682647705
77103,4.79482889175415
46226,4.867109775543213
71672,3.5770962238311768
76609,4.935835838317871
75067,4.42436408996582
16549,5.018799781799316
105997,4.565255641937256
55239,5.086963176727295
59173,5.0269293785095215
41525,3.9686150550842285
82449,4.5567240715026855
48078,4.070783615112305
104664,4.447482109069824
15742,4.155457973480225
60889,4.9593825340271
60487,4.108135223388672
75060,4.831954479217529
32089,4.127640724182129
56326,4.111434459686279
91271,4.031381607055664
36675,3.295039653778076
27473,4.682592391967773
88317,4.432640075683594
29189,4.796291828155518
44220,4.44361686706543
44078,4.878163814544678
97624,4.062935829162598
98501,3.2217857837677
75155,4.832094669342041
89642,4.997255325317383
52191,4.651466369628906
5428,5.303186893463135
66869,3.646085739135742
25970,3.658728837966919
93166,3.839343547821045
63132,4.411205291748047
67066,4.764886856079102
24477,4.878554344177246
25320,4.570236682891846
44469,4.673236846923828
100663,3.8446333408355713
71078,4.7964582443237305
26663,4.697373390197754
73,4.605582237243652
38072,3.690595865249634
481,3.9290099143981934
40503,5.3133087158203125
95935,3.209930181503296
10718,5.176571369171143
96576,3.9028425216674805
92566,4.301972389221191
65591,4.936304569244385
52591,4.263394355773926
29361,4.969762802124023
3120,3.381395101547241
48294,4.098374843597412
4762,3.5616865158081055
44062,4.2365312576293945
44898,4.2365241050720215
94441,4.406609535217285
36857,4.889688491821289
13483,5.131343841552734
54835,4.677988052368164
95577,4.026105880737305
107548,4.945248603820801
107903,4.825498580932617
34733,4.781230926513672
32733,3.929053783416748
20413,4.85455322265625
90523,4.30833101272583
88979,4.3516411781311035
71815,4.464287757873535
93890,4.2338666915893555
98733,4.6025919914245605
58048,4.7153496742248535
26136,4.322803020477295
88796,4.372692584991455
17761,4.578026294708252
32798,5.0407023429870605
51640,4.937008380889893
35077,5.123950958251953
56029,4.428308010101318
75311,4.544651031494141
93959,4.95843505859375
56801,4.349586486816406
96332,4.521487236022949
73069,4.9497389793396
75470,4.731647968292236
58458,4.666547775268555
82711,4.661993503570557
81219,3.3704192638397217
82280,5.425550937652588
37116,4.784625053405762
61391,3.6619677543640137
5513,4.586754322052002
24545,4.305385112762451
88014,4.752197265625
101975,4.893444061279297
75263,5.101314544677734
79800,4.5330047607421875
103795,4.631960868835449
45367,4.077847957611084
68455,4.3343987464904785
74644,3.6820855140686035
10024,5.112926483154297
11797,4.641639232635498
29535,4.740811824798584
75811,3.7759532928466797
49546,3.8501579761505127
64429,3.918745756149292
104067,4.554922580718994
4136,4.517441749572754
75545,4.7222113609313965
33812,4.982134819030762
73240,4.543315410614014
9016,3.4895477294921875
13353,4.5173444747924805
91576,4.7735066413879395
100004,4.84466552734375
97833,4.5452561378479
17968,4.638629913330078
49333,4.570983409881592
48856,5.009383678436279
69395,4.378401756286621
28845,4.216602802276611
3627,3.108610153198242
91980,4.404463768005371
71132,3.8718419075012207
67509,4.401254653930664
82441,4.581578254699707
25053,3.9901070594787598
62259,4.676826000213623
1480,4.497895240783691
62713,3.9974420070648193
54224,3.7892022132873535
65049,4.713179111480713
85830,5.051395416259766
82331,4.816449165344238
91616,4.496346473693848
60066,4.770883560180664
54941,4.929963111877441
84042,4.680289268493652
105465,4.653295993804932
94271,5.024834632873535
24585,3.9440207481384277
95163,3.9570634365081787
3949,5.172297954559326
28312,3.9857404232025146
97268,3.033254384994507
9219,4.087944984436035
93334,4.680941581726074
41620,3.5636544227600098
36810,4.947393894195557
55048,4.868902683258057
89491,5.100662708282471
104520,4.179712772369385
25555,4.487412452697754
3212,4.536506652832031
76903,4.408587455749512
75097,4.506453037261963
19985,4.588887691497803
10712,4.5309672355651855
69523,4.455072402954102
55518,4.817957401275635
47648,4.634758472442627
24029,5.017242431640625
53665,4.512580394744873
1850,3.7842133045196533
40024,4.722558498382568
11559,5.129868030548096
10911,4.739556312561035
83451,4.764686584472656
98516,4.806929588317871
99859,4.296576499938965
69116,4.7053751945495605
105623,3.896691083908081
34303,5.081693649291992
5518,4.901218414306641
66422,4.786377429962158
38570,4.577956199645996
30256,4.062613010406494
101555,4.488648891448975
95497,4.798058986663818
27659,4.349310398101807
30824,4.586971759796143
74155,4.756636142730713
39358,4.0834197998046875
44751,4.92795991897583
30622,4.384349346160889
68202,4.504249095916748
80186,5.14210319519043
83871,4.429192543029785
10054,3.316215991973877
91820,4.870162487030029
92834,5.226461887359619
356,4.104489326477051
23104,3.9459640979766846
85892,3.2510786056518555
103390,3.98075795173645
95589,4.103640079498291
93028,4.63340425491333
18729,5.111607551574707
57244,4.445878028869629
228,4.405026912689209
104888,5.113019943237305
98530,4.946430683135986
85389,4.803450107574463
29112,4.716333866119385
50692,4.846716403961182
58707,2.7499468326568604
84392,4.607752799987793
50014,4.019965171813965
106993,4.829002857208252
39550,4.717025279998779
30168,4.771853923797607
78742,4.854809761047363
55591,3.8711233139038086
38516,4.712668418884277
14518,3.328856945037842
5692,5.115754127502441
79556,3.6381800174713135
30713,5.129526138305664
746,4.932338714599609
79023,4.9598565101623535
19441,5.0411601066589355
71124,4.761178016662598
20764,3.6832189559936523
47275,4.64707612991333
43923,4.398237705230713
46027,4.958926677703857
33375,4.959471702575684
90831,4.382350444793701
4538,4.414217472076416
10018,5.117766380310059
61068,4.842933654785156
53437,3.9116158485412598
83567,4.080076694488525
78151,3.848417043685913
68822,4.187986373901367
36039,4.142575740814209
11555,3.5772314071655273
62051,4.932678699493408
41555,4.559932708740234
29597,4.879352569580078
80263,4.882585525512695
91048,4.492499351501465
41669,5.045199394226074
43796,4.855411052703857
64949,4.195796966552734
30684,4.891444683074951
45423,5.061869144439697
4394,4.7240095138549805
72070,4.378672122955322
24767,4.398629665374756
41069,3.706016778945923
24513,3.5802905559539795
3223,3.5846240520477295
83107,4.791896820068359
12653,4.76462984085083
90397,4.897933483123779
2869,4.694782257080078
78705,4.5295281410217285
86823,4.784907341003418
23321,4.884157180786133
46331,4.566105365753174
32068,4.414722919464111
45743,5.022844314575195
36123,5.099743366241455
97355,4.359282493591309
92807,4.768543243408203
106927,4.353010654449463
17156,5.0629658699035645
73335,4.74983024597168
26933,2.577045202255249
21844,5.05574369430542
45503,4.025479793548584
74728,4.401549816131592
71984,4.775967597961426
89820,4.908229351043701
64258,3.8758249282836914
104802,3.940887451171875
98063,4.742376327514648
104864,4.500548839569092
46020,5.1271748542785645
86663,4.684455871582031
3847,3.9423084259033203
66719,4.552248954772949
76795,4.260288715362549
85253,5.115108966827393
37692,5.379409313201904
105556,4.348857402801514
87261,4.166419982910156
71391,4.601206302642822
32771,3.4084882736206055
85046,4.6872076988220215
55486,4.092886447906494
64248,4.912026882171631
11627,5.318835258483887
101127,4.184234619140625
75281,5.125839710235596
79926,4.66793966293335
74709,4.4293317794799805
93829,4.6732306480407715
107470,4.686391353607178
89323,4.397048473358154
3260,3.671320676803589
97523,4.525449275970459
4730,5.054956912994385
11836,3.694225549697876
57116,4.068892002105713
2277,3.388542652130127
97449,3.5885660648345947
61608,4.113555431365967
29500,3.689220428466797
100309,3.5364489555358887
52822,4.365468502044678
99519,4.619719982147217
16828,2.991628646850586
72965,4.023634433746338
50389,4.469402313232422
85211,3.053391456604004
61127,4.776539325714111
29870,3.679513931274414
24280,4.6940016746521
12834,4.196104049682617
90399,4.524907112121582
60973,4.004516124725342
76359,4.264501571655273
93128,4.285930156707764
75924,4.243984222412109
104803,2.3740293979644775
8622,4.220223426818848
107189,5.076131343841553
80863,4.3827338218688965
29623,4.932753086090088
21803,4.040987968444824
23651,4.9095635414123535
55494,3.889977216720581
90922,3.810917377471924
80010,4.755497932434082
102528,4.772175312042236
46207,3.8097496032714844
11423,4.545890808105469
90776,3.9696779251098633
48073,3.6232833862304688
90844,4.270204544067383
32862,4.804815292358398
70772,4.6705498695373535
34896,4.336338520050049
13494,4.668726444244385
11190,4.343719005584717
96846,4.676449298858643
48927,4.118476390838623
43164,5.32997989654541
5615,4.750214099884033
18402,4.344257354736328
97954,4.401718616485596
96503,4.772182941436768
95940,4.876463890075684
71712,4.799919605255127
38341,4.719935417175293
99238,4.962375164031982
24711,4.928626537322998
38366,4.397082328796387
84456,4.69736909866333
93735,5.271199703216553
49773,4.222073554992676
40406,5.214146614074707
38006,4.774913787841797
26780,4.4595537185668945
106687,4.749201774597168
49673,4.351728916168213
38140,4.277524948120117
2537,4.815126419067383
71278,4.241081237792969
100800,4.218948841094971
71894,4.274353504180908
7550,4.883709907531738
66175,4.515196323394775
75542,4.565677642822266
57458,4.477924346923828
2244,4.4922709465026855
73609,4.523739337921143
44148,4.281863212585449
8582,4.692707061767578
53494,4.613760948181152
96624,3.2707231044769287
50127,3.981677532196045
98937,4.3797736167907715
67652,4.996943473815918
103255,3.7247321605682373
61680,4.50811243057251
31262,5.0496368408203125
20054,5.263456344604492
52028,3.433088779449463
35669,3.628706932067871
6673,4.310403347015381
96738,4.301293849945068
42346,3.6127467155456543
105483,5.0834527015686035
85037,5.040245532989502
12789,3.8778023719787598
32031,4.6734113693237305
91784,4.984280109405518
56279,4.497771263122559
26954,4.377640724182129
83235,5.709395408630371
27623,3.9612350463867188
3370,4.573915004730225
8532,4.942183971405029
49511,4.329643726348877
30022,4.778581619262695
79564,4.86438512802124
75235,4.8246636390686035
24080,3.840506076812744
102900,4.637619495391846
89830,5.1655378341674805
97971,3.8296964168548584
70277,4.601797580718994
96442,4.350760459899902
84249,4.856303691864014
81080,4.374007225036621
22873,3.956284761428833
58230,4.9307427406311035
26267,5.022319316864014
39278,5.3669915199279785
35248,5.169842720031738
78189,4.283367156982422
106715,4.766777992248535
75180,5.400408744812012
40130,2.680351495742798
20720,4.481198310852051
105990,4.80211877822876
43361,5.126156806945801
62151,4.591399669647217
37395,4.8351616859436035
61960,4.914559841156006
53456,4.433418273925781
28543,4.998631000518799
102050,4.179879188537598
82092,4.187582492828369
2191,4.880781173706055
30658,4.538116455078125
30367,4.791512966156006
63069,4.909368991851807
97527,3.465250015258789
10230,4.462338924407959
41554,4.813186168670654
69363,5.093852519989014
74124,5.173464298248291
41294,4.964098930358887
62050,4.9506964683532715
31225,4.673839569091797
105832,5.645646095275879
94348,3.5889742374420166
4529,4.300580024719238
91237,4.2748517990112305
35268,4.712541103363037
93048,4.729823589324951
56049,4.731889724731445
65928,3.9720675945281982
86870,4.1085591316223145
2400,4.5029449462890625
24855,4.335097789764404
56459,4.27232027053833
82338,5.442574977874756
11154,4.161328315734863
39246,3.3254754543304443
104911,5.244003772735596
26843,4.989381313323975
39006,4.688278675079346
51571,4.180087089538574
78653,4.8386054039001465
23655,4.642242431640625
107964,4.72750186920166
103539,4.773825168609619
100339,4.601593971252441
74166,5.1572041511535645
28878,4.486630439758301
97356,4.170398235321045
87326,4.782238006591797
23723,4.1903276443481445
95264,4.5183610916137695
28581,4.483141899108887
73670,4.504604339599609
8870,4.577076435089111
76615,4.308800220489502
102579,4.976856231689453
1616,5.074035167694092
65627,3.4087440967559814
95776,4.840095520019531
108599,5.0682477951049805
102140,4.534075736999512
103097,4.548389911651611
21274,4.136226177215576
65075,4.969203472137451
93031,5.002567768096924
60883,4.908745765686035
81367,4.983163833618164
101391,4.513831615447998
43929,3.327877998352051
29354,4.400699138641357
68967,5.355060577392578
58251,4.702342987060547
7863,4.729557514190674
76358,4.601108551025391
25579,4.10892391204834
54365,3.8131473064422607
55226,4.976628303527832
82684,4.830309867858887
48812,4.286486625671387
39170,4.7194952964782715
32914,4.780651092529297
101832,4.769381999969482
56553,4.6826276779174805
2941,5.099030017852783
9526,4.692934036254883
74669,4.5001726150512695
70476,3.7823636531829834
96646,4.125650882720947
61805,4.943709373474121
5716,4.2840094566345215
41209,4.589483261108398
69467,4.32425594329834
1192,3.575528144836426
42452,4.431246280670166
106929,4.274925708770752
90389,4.804806709289551
71611,4.649981498718262
18640,4.994409084320068
51743,4.039902687072754
62018,3.969280481338501
100030,4.000979423522949
2411,4.651002407073975
98566,4.260690212249756
87606,5.051042079925537
53708,4.405581474304199
9463,4.830370903015137
85065,4.993277549743652
90219,4.013227939605713
94214,3.9284908771514893
2467,3.6219890117645264
98315,3.7877323627471924
5633,4.602647304534912
75418,4.84601354598999
79472,4.424332141876221
35422,4.864161014556885
60746,4.724421977996826
30497,4.585385322570801
62549,4.74080228805542
31356,4.629345893859863
30674,4.146949291229248
99315,4.530282497406006
53814,3.4132583141326904
108115,4.462548732757568
90873,4.426554203033447
40173,4.25288724899292
37705,4.891971111297607
10434,4.370192050933838
37984,4.656139373779297
50192,4.574526786804199
66563,4.097756385803223
60287,4.515190601348877
23206,4.335734844207764
7160,5.154360294342041
108232,4.805483341217041
12849,4.3728437423706055
1511,4.613394260406494
72985,4.858443260192871
53838,4.318305969238281
48439,4.027071952819824
105891,4.654481887817383
58816,4.805872440338135
37275,4.897943019866943
83126,4.843793869018555
50839,4.814233779907227
34972,5.118988037109375
86661,4.680090427398682
83939,4.056637763977051
58989,4.601352214813232
65278,4.89390230178833
45638,4.364034652709961
67180,4.390977382659912
11307,4.502450466156006
13140,4.9116902351379395
3767,4.844729423522949
32831,5.266540050506592
85515,4.6237592697143555
74788,4.1887383460998535
63620,4.947357177734375
31405,4.597019195556641
17129,4.472436428070068
18504,4.744966983795166
54708,4.430469512939453
47857,3.7162399291992188
91205,4.256960391998291
6063,4.823725700378418
100200,3.633563280105591
6876,4.291379451751709
46317,4.08384370803833
87025,4.1578216552734375
28301,4.561867713928223
87575,4.306519031524658
13564,5.198976516723633
97666,4.793105125427246
55274,3.8467049598693848
103562,3.599543809890747
78726,3.5988690853118896
99779,4.047104358673096
105587,5.135601043701172
12431,4.428469181060791
88076,4.149130821228027
44588,3.9351563453674316
12760,4.121116638183594
75925,3.986384868621826
45324,5.178591728210449
4384,4.230473518371582
303,4.661092281341553
11678,4.229547023773193
81230,3.3448688983917236
33852,4.8487443923950195
99789,4.795177459716797
2668,4.455827236175537
73245,3.6630706787109375
25051,4.525261402130127
47076,3.115293025970459
21412,4.9565558433532715
23588,4.986636161804199
17470,4.947340965270996
32209,3.9541680812835693
55473,4.861318588256836
69173,4.621899604797363
3600,4.422146320343018
28539,4.349540710449219
34480,4.343105792999268
43058,4.808902263641357
61757,3.7878077030181885
1411,4.954616546630859
8000,3.3694725036621094
14741,4.880648136138916
39389,4.896345615386963
79474,4.056797981262207
98962,4.28902530670166
50643,4.90910530090332
76143,5.10103178024292
61618,4.2004618644714355
15205,3.5879344940185547
42069,5.0802388191223145
36941,4.454102039337158
46397,4.617686748504639
19685,5.024425983428955
2600,3.64087176322937
37205,4.316303730010986
101637,4.560522079467773
41609,4.383655071258545
101423,4.3684844970703125
52577,3.175588369369507
85653,3.760288953781128
55293,4.371218204498291
93521,5.108539581298828
54530,4.314278602600098
15258,4.668485164642334
22798,4.61757230758667
3470,4.424689292907715
53491,4.799197673797607
103779,4.681746482849121
83134,3.717655897140503
70302,3.18267560005188
97642,4.68260383605957
54540,3.5903499126434326
98601,4.389761924743652
77046,4.491468906402588
26122,4.816739082336426
38273,4.799818515777588
6967,4.9241719245910645
45580,3.876493453979492
41469,4.783625602722168
30531,5.229989051818848
10786,3.5717902183532715
52688,4.540692329406738
83463,4.678729057312012
57437,4.558455467224121
62760,3.998617649078369
23051,5.16591739654541
73966,3.562990188598633
20467,4.413098335266113
55089,3.9366822242736816
47168,4.653985500335693
363,4.182058334350586
100082,4.043699741363525
69060,4.745563983917236
34454,4.140471458435059
75326,4.341527938842773
78987,4.671346187591553
95082,4.344399929046631
72828,4.21437406539917
80839,4.541786193847656
4728,3.669480800628662
47003,4.946251392364502
78723,4.300571441650391
52034,3.4424242973327637
50208,4.0054826736450195
85569,4.92833137512207
50195,3.3743605613708496
226,4.331466197967529
89473,5.009131908416748
54124,4.329012870788574
96996,4.3550124168396
57381,5.067975044250488
18760,4.379935264587402
20415,3.375619649887085
91555,4.906139850616455
93508,4.456737518310547
37819,4.3113908767700195
28696,3.48587703704834
76874,4.3284382820129395
58941,3.995196580886841
98023,4.957843780517578
20143,4.870421886444092
55992,4.406816482543945
84952,3.396683692932129
60952,3.9252982139587402
63823,5.005800247192383
24843,4.076421737670898
55343,4.513895511627197
95054,4.763660907745361
78982,4.4912848472595215
97693,3.35809063911438
64607,4.500344276428223
106008,4.983433723449707
37708,4.751116752624512
105537,4.534036159515381
59723,4.2790350914001465
36098,4.421910762786865
108127,4.009143352508545
36893,4.981482982635498
92898,4.762564182281494
59715,4.874600887298584
45634,4.19802188873291
44978,4.375
106388,4.828671932220459
50035,5.281905651092529
72833,4.4620184898376465
61434,4.807628154754639
66859,4.269334316253662
7077,4.986778259277344
48946,3.297875165939331
77224,4.91370964050293
37184,3.00785493850708
70287,3.58878231048584
57151,4.201354026794434
106706,3.67108154296875
21981,4.664117336273193
27896,4.9938435554504395
101888,4.533871650695801
61047,5.007356643676758
15850,5.142597198486328
38833,4.661237716674805
30452,2.9978861808776855
31741,4.601287364959717
23948,4.730494976043701
53131,4.157552719116211
22655,4.43306827545166
67069,4.371860504150391
12014,4.725002765655518
13168,5.085109710693359
80605,5.02534818649292
53935,4.683896541595459
76369,5.45012092590332
27964,4.576770305633545
61584,3.390925168991089
50845,4.593876838684082
91644,5.0302300453186035
104568,5.066900253295898
21756,3.978083848953247
47101,4.383533477783203
72844,4.141755104064941
941,3.2389700412750244
100883,5.418943405151367
107079,4.136969566345215
79242,4.90351676940918
88733,4.37105655670166
14773,4.820252895355225
89462,5.111476421356201
35448,4.008910655975342
44628,4.370729923248291
54022,5.179971694946289
102124,4.817559719085693
35533,4.501276016235352
91131,3.6836349964141846
59764,4.796840667724609
104401,3.695751190185547
7833,4.039367198944092
30200,3.801257610321045
64965,4.628426551818848
3772,4.6044535636901855
722,4.10678243637085
31527,4.57928466796875
23964,4.62968635559082
55407,4.341028213500977
58415,4.671749114990234
2218,3.889375686645508
12363,4.2306389808654785
81127,4.837103366851807
72736,4.484546661376953
2104,4.295098781585693
86286,4.762979030609131
103425,4.854551792144775
15209,4.767116546630859
58488,4.8543806076049805
42952,5.006178855895996
175,3.8516581058502197
81559,4.704841136932373
50132,4.721286296844482
105418,3.9767563343048096
56643,3.7954602241516113
23329,4.316421031951904
79794,4.473915100097656
3954,5.188107967376709
49691,4.537350654602051
86584,4.917356967926025
84405,5.049106597900391
58715,3.9492294788360596
49054,4.5380330085754395
49123,5.04666805267334
63592,3.86547589302063
11647,4.143435478210449
26631,4.878376483917236
85265,5.217113018035889
25295,4.39493989944458
16112,4.496745586395264
86239,4.637695789337158
92648,5.24147367477417
52809,4.15488862991333
66004,4.5890703201293945
108517,4.8462018966674805
12116,4.716860294342041
69989,5.052374839782715
39432,5.035480976104736
76862,4.575402736663818
61140,5.317712783813477
53320,4.461231708526611
76320,4.039722919464111
42817,4.094195365905762
98916,4.265232563018799
11730,3.8119912147521973
49790,5.047380447387695
55469,4.1777801513671875
1015,4.633236885070801
26727,4.19218111038208
28111,4.4620490074157715
105488,4.744186878204346
82420,5.362369537353516
91235,4.389373302459717
56437,4.237783908843994
80455,5.016922950744629
30413,5.200138568878174
19543,4.984457969665527
33493,4.90109920501709
19950,4.030383110046387
56573,4.791326999664307
81728,4.628655433654785
104446,4.007530212402344
54721,4.580666542053223
22998,4.447311878204346
16254,4.473537445068359
61772,4.658133029937744
97880,4.016408443450928
91800,4.867274284362793
22096,4.470640182495117
46854,4.856044769287109
23269,4.811243534088135
3844,4.226263523101807
106597,4.251594066619873
73474,4.8710150718688965
37925,4.304978370666504
48786,3.9102234840393066
28628,3.7341649532318115
751,4.52170467376709
78175,4.985334873199463
97542,4.669602870941162
41698,4.61624002456665
27362,4.960880279541016
36703,4.0623393058776855
97232,4.766910076141357
28006,4.478033065795898
39390,5.047546863555908
24696,4.816629409790039
100383,4.498073577880859
83842,4.954469680786133
30303,4.65565824508667
22889,4.889302730560303
54607,3.9906201362609863
56755,3.5286142826080322
94975,4.769852161407471
54653,3.63356351852417
50913,4.111230373382568
27038,4.3133544921875
45461,5.052510738372803
22380,4.309734344482422
61171,4.6995086669921875
102976,4.234482288360596
29289,4.172503471374512
59161,4.116767883300781
21812,4.693521022796631
27950,4.165317058563232
47020,4.152871131896973
48880,4.125741004943848
38,4.219404697418213
8366,4.947664737701416
75667,4.321963310241699
23875,4.69024658203125
59919,4.825655460357666
86368,4.861129283905029
2547,3.856917381286621
29701,4.75510311126709
67462,3.539025068283081
46011,4.456360340118408
22742,4.459944725036621
69777,4.317060947418213
45049,4.374393939971924
41697,4.955749034881592
82595,5.582649230957031
39381,5.1024041175842285
1145,4.882361888885498
76727,3.954373598098755
33151,3.0606048107147217
70828,3.8939976692199707
54231,4.564391613006592
18642,4.890627861022949
15091,4.618749618530273
67998,4.053000450134277
47766,3.095449447631836
103757,4.041051387786865
4954,5.241954326629639
50790,4.287094593048096
56319,4.877992153167725
103475,4.985601902008057
6007,4.661291599273682
60575,4.626903057098389
46174,4.6664958000183105
31140,4.142971992492676
20601,5.1571044921875
74936,4.07061767578125
101336,5.133166313171387
55555,4.889124393463135
35485,5.127552032470703
52575,4.724299907684326
16803,4.436375141143799
44533,5.024794578552246
85353,4.541811466217041
2950,3.838204860687256
14350,3.048687219619751
95468,3.1277005672454834
90022,5.163599967956543
72839,4.792201042175293
5558,4.626245975494385
8326,4.421637535095215
89589,4.859605312347412
39238,5.074713230133057
105835,4.454183101654053
67642,5.0500712394714355
62428,4.022173881530762
14316,4.486354351043701
67843,5.022611618041992
98037,5.1436896324157715
49664,4.63638162612915
82810,4.401644706726074
33143,3.8604423999786377
95934,4.906980037689209
98351,3.814976453781128
19068,5.14661169052124
64477,4.665937423706055
102043,4.850991249084473
84285,4.795257568359375
48965,4.31074857711792
80709,3.985001802444458
106348,5.0964789390563965
34636,4.287230968475342
60966,5.022536754608154
62885,4.242642879486084
50093,4.955231189727783
91829,4.93861722946167
9979,4.940130233764648
10508,4.6922688484191895
55406,4.9803266525268555
20196,4.056234836578369
5960,5.070637226104736
74459,4.713031768798828
33408,4.44356107711792
48733,4.247682094573975
35449,4.934962749481201
44247,4.651914119720459
50297,4.921179294586182
56744,3.9255177974700928
81362,5.158779621124268
12604,4.027338027954102
47608,4.848110198974609
44222,4.682976245880127
91522,4.418890476226807
46762,4.612133979797363
78101,4.873634338378906
51385,4.810098171234131
22905,4.304538726806641
1941,4.680896282196045
68249,4.5937676429748535
53082,4.045158863067627
31338,5.062679767608643
94792,4.299449920654297
55925,4.8510422706604
92835,4.581610202789307
11621,4.0423359870910645
87947,4.441608428955078
69760,4.812533378601074
89373,4.4042487144470215
3304,4.231134414672852
31010,4.340999603271484
64029,3.8517720699310303
67463,4.914851665496826
21152,4.1992669105529785
2857,4.378219127655029
89929,5.186807155609131
36940,5.345241546630859
100553,3.405580520629883
86930,4.680391311645508
104170,5.3205437660217285
56461,3.0754199028015137
41093,4.927062511444092
25460,4.918389797210693
19146,4.93940544128418
67547,4.343681335449219
49516,4.3090596199035645
37236,4.797957897186279
55314,4.892840385437012
61777,4.7329487800598145
80939,4.781108856201172
65652,5.067600250244141
95203,4.395668983459473
90371,5.036463737487793
95364,5.013577938079834
34863,3.7354042530059814
37523,4.647031784057617
104134,4.833600997924805
92195,5.509653091430664
103944,4.772733211517334
45365,4.087390899658203
25000,3.9930427074432373
19802,4.966306686401367
78953,3.607346773147583
94917,4.582391262054443
20633,4.696437835693359
14663,3.8759422302246094
79895,4.866392612457275
14706,4.485342979431152
33519,4.508347988128662
83002,4.872052192687988
69150,4.148463249206543
27539,4.778278827667236
105574,4.226974964141846
89817,4.318265914916992
81585,4.371901512145996
67600,4.603841781616211
49451,4.074167251586914
61370,4.911588191986084
49705,4.694558620452881
4387,4.839870929718018
78194,4.561768531799316
20073,4.4272661209106445
105116,4.1999192237854
17894,4.355662822723389
103750,4.2967963218688965
107565,4.294362545013428
97677,4.807712078094482
84193,4.69901180267334
60944,4.975831508636475
49294,4.1807146072387695
77761,4.343815326690674
21482,4.320686340332031
21714,4.698605060577393
76116,5.13173770904541
104672,4.584912300109863
61876,4.668374538421631
3032,4.308483123779297
108377,4.723949909210205
23897,5.000481605529785
13986,3.6383769512176514
50580,3.9197866916656494
98556,4.279687881469727
7541,4.419316291809082
31496,4.253908634185791
46115,4.9373345375061035
22494,5.15842342376709
26680,3.963671922683716
99545,4.6083221435546875
9923,4.676116466522217
20111,4.139137268066406
105433,4.163272857666016
77662,5.03288459777832
26521,4.9968743324279785
84447,4.461835861206055
74138,4.287769317626953
27636,4.818314075469971
36668,4.556998252868652
74237,5.022333145141602
91611,4.895766258239746
27007,4.823146820068359
67287,4.990030765533447
21652,3.6779937744140625
40237,4.034636974334717
103357,4.851450443267822
58311,3.92926025390625
27932,4.483620643615723
44065,5.161013126373291
108231,4.085315227508545
14621,4.800837993621826
46755,5.0944719314575195
21833,4.796073913574219
24200,4.434525489807129
22503,5.182808876037598
1625,5.107470512390137
32465,5.083014011383057
79282,2.957078218460083
81017,4.694602012634277
92394,4.7719407081604
78322,4.622871398925781
52261,3.560532569885254
14563,4.618112087249756
75847,4.515689849853516
71600,4.248073101043701
23847,4.670991897583008
44864,4.561988353729248
75754,4.211064338684082
41088,4.7340922355651855
10092,4.509082317352295
76122,5.088191509246826
102511,4.212034225463867
68966,4.7429118156433105
99975,4.930389404296875
95153,4.764965534210205
77275,5.064012050628662
81703,4.759121417999268
71807,3.8357303142547607
28611,5.106364727020264
79665,4.406180381774902
40295,4.973082065582275
75675,5.078302383422852
86330,4.500363826751709
90149,4.50879430770874
63996,4.320683002471924
48763,3.558112382888794
39453,4.775930404663086
56831,4.310554504394531
89429,4.07158088684082
9149,4.827613353729248
81694,2.924753189086914
74182,4.839182376861572
48844,4.866332530975342
15615,3.687455654144287
73904,4.505680084228516
91973,4.761235237121582
75405,4.416698932647705
64170,4.489622116088867
10082,4.478277206420898
86847,4.953546524047852
8139,3.784451484680176
15647,4.568460464477539
68815,4.930273056030273
291,4.327927112579346
92228,2.853520154953003
38991,5.321905136108398
85103,4.994455337524414
84108,4.118211269378662
68583,4.348008632659912
67245,4.8393235206604
43320,4.272459983825684
92939,5.161016464233398
99044,4.498046875
45419,4.975254535675049
100535,3.270612955093384
68354,3.3495841026306152
67550,4.392829895019531
31814,3.832446336746216
35454,4.4571051597595215
56504,4.512938022613525
11988,3.9343812465667725
97950,4.198024272918701
13456,4.706581115722656
89351,4.894705295562744
28663,4.676919937133789
909,4.400300979614258
87938,4.646356105804443
104275,4.698646545410156
95430,4.688766956329346
99630,4.959277629852295
61135,4.358010768890381
74835,4.75837516784668
41462,4.159390926361084
13012,4.921853065490723
106290,3.9347777366638184
22677,4.994319438934326
41801,4.780670166015625
45826,4.938218116760254
580,4.454875469207764
26461,4.935580253601074
59766,4.610767364501953
43801,4.781213760375977
101717,4.925250053405762
9515,3.0137581825256348
8806,4.298605918884277
19400,4.720843315124512
35595,5.107291221618652
4849,4.307941913604736
102612,4.881808757781982
18889,4.782542705535889
93007,4.164939880371094
29216,4.506214618682861
19940,4.177585601806641
22853,4.5182013511657715
82283,5.146720886230469
67215,4.963559150695801
30195,4.170917510986328
67583,4.015393257141113
85156,4.767867088317871
87184,3.2887744903564453
87004,3.495612859725952
80639,4.736911773681641
85477,5.07351016998291
35061,4.712506294250488
43261,4.975093364715576
8824,4.876758098602295
26693,4.162361145019531
14729,4.486453533172607
6510,4.085341930389404
46791,4.065798282623291
33873,4.999719142913818
79807,4.308472633361816
18118,4.252373218536377
92412,5.0669026374816895
45533,4.932446002960205
1133,4.963883876800537
87340,4.100914478302002
34659,4.31742525100708
103878,4.375323295593262
66675,4.404568672180176
97754,3.7301483154296875
5745,4.400170803070068
52453,4.391490936279297
5811,4.764786720275879
16898,4.517012119293213
18878,4.524265766143799
75476,4.9051408767700195
82059,5.526518821716309
3,3.767575979232788
61624,4.2045207023620605
77899,5.012063503265381
12658,5.019874572753906
34143,4.825592517852783
53571,4.267096519470215
10926,4.463520050048828
49388,4.421309947967529
71962,4.612016201019287
60557,4.712904453277588
62317,3.940444231033325
95863,4.932652950286865
84181,3.9769279956817627
105404,4.746559143066406
87689,4.206484794616699
107345,4.409278392791748
21422,5.58005952835083
45278,4.17469596862793
54867,4.944057941436768
95594,3.9274072647094727
37010,4.4646406173706055
30386,5.296189308166504
50340,4.448375225067139
36257,4.8235955238342285
14132,5.1440911293029785
4664,4.933765411376953
75340,4.287670612335205
94643,4.408583641052246
24165,4.9352545738220215
41573,5.118730068206787
62925,4.500285625457764
49799,4.362557411193848
54936,4.755407810211182
27140,4.323333263397217
54154,4.5275983810424805
25286,4.719410419464111
86470,4.756036281585693
16248,4.364933967590332
48575,4.50046968460083
32425,4.434861183166504
61411,4.925553321838379
99007,4.487490177154541
31460,4.195407867431641
64186,3.337867498397827
34313,4.156129360198975
72225,3.6537728309631348
39055,4.544765949249268
26108,5.101006507873535
76056,3.2860352993011475
60637,4.392350196838379
75454,4.531868934631348
31055,4.425948619842529
31047,5.007687568664551
25457,4.8737006187438965
39134,5.103451251983643
30571,4.981502532958984
92554,4.967870712280273
22048,4.245948791503906
31999,3.9611127376556396
10384,3.834822416305542
100067,4.401411533355713
71179,4.848209381103516
78128,4.676998138427734
36205,4.283815860748291
20668,4.710926055908203
96239,4.142270088195801
96438,4.218756198883057
37724,4.583195209503174
50874,4.735395431518555
10137,4.764135837554932
55794,3.698927402496338
18455,5.058838367462158
63289,4.6119065284729
102709,4.3392157554626465
14291,4.643805980682373
15322,3.9621291160583496
69779,4.2500410079956055
53457,4.814106464385986
35228,4.3010759353637695
26496,4.7758378982543945
23608,5.138245105743408
83344,4.764401912689209
99458,4.58186674118042
93657,4.772007465362549
25670,4.813697338104248
39201,4.602069854736328
58636,4.560184955596924
93272,4.518552303314209
105820,4.7552595138549805
70012,4.469637870788574
107539,4.340217113494873
53613,4.845681190490723
43941,3.701904535293579
46633,4.360097885131836
83148,4.6974639892578125
58935,4.2395830154418945
71838,4.441006660461426
89206,4.436404705047607
69255,4.615365028381348
65535,3.9407594203948975
85970,3.9792630672454834
60031,4.144054889678955
82758,4.4537353515625
104605,3.657818078994751
65546,4.393300533294678
5457,4.817625999450684
68178,4.446249008178711
102456,5.092970848083496
99731,3.8047425746917725
23790,4.540439128875732
23917,5.116536617279053
21574,4.790733337402344
41728,4.798584461212158
20868,3.4793643951416016
96131,4.554624557495117
83735,3.101961135864258
12350,3.89233136177063
2189,4.856150150299072
46178,4.250182628631592
39927,3.918503761291504
91291,3.2136828899383545
59688,4.70347261428833
71920,4.400693893432617
22969,3.0728414058685303
46924,4.744519233703613
38522,4.779842376708984
59006,3.206550121307373
45378,4.429296493530273
5286,4.431707859039307
44345,4.785719871520996
53608,5.056639194488525
53165,4.099677562713623
49112,3.628852367401123
100968,4.965821266174316
72055,3.691223621368408
88350,4.868253707885742
77717,4.314990043640137
14882,5.036867141723633
47555,5.142817497253418
50354,4.468488693237305
79352,5.488633155822754
90454,4.73721981048584
10412,4.63218355178833
103465,3.8726003170013428
101194,4.881110668182373
44147,3.9229843616485596
97149,4.963184833526611
91504,4.624798774719238
88129,4.571943283081055
77996,4.546885013580322
61972,3.638935089111328
71056,4.9774932861328125
21674,4.484817981719971
72361,4.644144058227539
49506,4.256649017333984
95690,4.374903202056885
79510,4.065284252166748
40026,4.536634922027588
36657,5.157021522521973
9545,4.219229698181152
11718,4.773441791534424
79837,4.815883159637451
38218,4.27379846572876
84681,4.798492431640625
76664,4.4237236976623535
47689,5.205535888671875
24900,4.668726444244385
31159,4.445085525512695
14311,4.411756992340088
102977,4.730352878570557
37042,4.633648872375488
52321,3.8018319606781006
25128,4.583853721618652
67961,4.85806131362915
31449,4.421250820159912
12285,3.8580210208892822
45251,2.5596253871917725
27577,3.9867281913757324
29638,3.9118807315826416
41967,4.801206588745117
7289,5.214976787567139
29661,4.564328193664551
97251,4.817718029022217
29796,3.962383270263672
16200,4.8304877281188965
79201,4.705963134765625
104092,4.39506721496582
3852,4.275108337402344
104269,5.12174654006958
100161,4.822343826293945
45777,4.204207897186279
65047,4.8436737060546875
47546,5.105630874633789
71247,4.790333271026611
64747,4.634399890899658
96183,4.246366500854492
44341,4.94824743270874
72953,5.029465198516846
21064,4.544757843017578
31438,4.082459926605225
4508,4.2793354988098145
100982,4.538000106811523
91084,5.102953910827637
105570,3.7350175380706787
6478,4.66359281539917
22060,3.888186454772949
12835,3.830622673034668
15044,4.244455337524414
1364,3.629502058029175
106917,4.775509834289551
65751,4.19586706161499
43527,4.040712833404541
70568,4.919290542602539
66960,4.953074932098389
15438,4.647726535797119
50386,3.7373249530792236
86357,4.026829719543457
93127,4.737475872039795
81236,3.9642786979675293
94633,3.8286890983581543
88597,5.238887786865234
6263,3.722496747970581
107442,4.850353717803955
62289,4.648804664611816
11103,4.391418933868408
71563,5.152221202850342
19108,4.7703022956848145
28365,4.921797752380371
105551,4.399206161499023
34932,4.578065872192383
10208,5.487156867980957
102864,5.00844669342041
33684,4.73574161529541
50479,3.996321439743042
70125,5.150529384613037
81443,4.454826831817627
70332,4.707562446594238
72034,2.9923956394195557
32824,5.036900997161865
75678,5.132025718688965
83573,4.173985958099365
1429,3.7599427700042725
20786,4.527105808258057
51581,5.821993827819824
3514,3.26365065574646
90518,4.891928672790527
106438,4.945412635803223
24392,3.851536989212036
92516,4.941631317138672
24593,4.3245086669921875
75947,4.279477119445801
92841,5.027313232421875
23403,4.8131513595581055
74934,4.275914669036865
64488,4.455006122589111
82341,5.149171352386475
45628,4.671459197998047
28566,5.132007598876953
77800,4.266164779663086
98182,3.967409610748291
11087,5.000748634338379
61814,4.500331401824951
24552,4.8676581382751465
57401,4.912438869476318
15842,3.8822271823883057
107035,4.846038341522217
35124,5.0821099281311035
84626,3.491778612136841
39524,5.350862503051758
79989,4.5369181632995605
48469,4.5165534019470215
83103,4.780763626098633
15674,4.965551853179932
51049,4.270679950714111
8785,4.631234645843506
55421,4.291975498199463
4104,5.218874454498291
86780,5.128634452819824
26927,4.471164226531982
54837,4.155964374542236
96242,4.207688808441162
98313,4.327057838439941
27874,4.810348987579346
78134,4.977309226989746
77683,4.499760627746582
12250,4.814483642578125
44096,4.949328899383545
16662,4.362575054168701
73299,5.113933563232422
20107,4.820954322814941
15968,4.594886779785156
76342,4.9924421310424805
86659,4.9181013107299805
51862,3.927217960357666
15468,4.772302627563477
74991,4.82763147354126
93682,4.184623718261719
24850,4.854462146759033
52148,4.242245674133301
91,4.274587154388428
90761,4.443801403045654
21061,5.308961391448975
97959,5.036815643310547
76138,4.5083231925964355
29453,4.578783988952637
73846,5.021824359893799
70122,4.75671911239624
85165,4.70400857925415
32467,4.952287197113037
60945,4.5081892013549805
102435,4.966890335083008
25569,4.250908851623535
8100,4.96293306350708
72504,4.1412224769592285
43873,4.3372273445129395
104813,4.140029430389404
28691,3.782554864883423
61766,4.435797214508057
20136,4.7978315353393555
71550,5.038524627685547
86884,4.901816368103027
79499,4.948634147644043
72842,4.650355339050293
101532,5.058711528778076
5036,3.1226258277893066
46350,4.2521233558654785
87101,4.600131034851074
32839,4.443023681640625
24540,4.560787200927734
87348,3.7278404235839844
56267,4.6135759353637695
80418,4.928150177001953
105395,4.884754657745361
29784,5.001866340637207
100730,4.670110702514648
78696,4.749542713165283
43895,5.032693862915039
42361,4.6643524169921875
49887,5.11634635925293
17807,4.8289265632629395
39736,4.383849620819092
7645,3.9217374324798584
73258,4.681310176849365
7278,4.2922773361206055
65189,5.181940078735352
62790,4.24952507019043
73806,4.067575454711914
62731,3.8542497158050537
18919,4.2496018409729
53735,4.474160671234131
37670,4.624005317687988
66600,5.072755336761475
77408,4.863463878631592
15969,2.8247838020324707
33358,5.201711654663086
96134,4.595462322235107
67606,2.1410646438598633
9780,3.1625216007232666
55727,3.9175329208374023
94562,4.216977596282959
97308,3.6932215690612793
8181,4.867748737335205
86723,5.045581340789795
57206,4.612091064453125
33048,4.822545528411865
53945,4.875280857086182
77127,3.9801158905029297
29928,4.820127964019775
79154,5.013920783996582
43134,4.3722147941589355
81991,5.106674671173096
83070,4.381967544555664
65232,4.866081237792969
68198,4.484431743621826
76789,4.344099998474121
82500,5.296197891235352
30121,4.476056098937988
6055,4.799681186676025
61405,4.840755462646484
10997,4.370936870574951
94494,3.9374935626983643
96879,2.617159128189087
45416,4.54439115524292
75629,3.740286111831665
61265,4.837179660797119
18370,4.991565704345703
31567,4.975496768951416
32234,4.869569301605225
4932,5.291800022125244
45068,4.865652561187744
75344,3.5733797550201416
106650,4.882601261138916
31791,3.8422725200653076
39365,4.646762847900391
11501,4.309972763061523
24653,4.390822887420654
87170,5.138408184051514
13271,4.699751853942871
18041,4.940480709075928
92753,5.1989593505859375
86390,4.277742385864258
70674,4.7582688331604
33649,3.97302508354187
73905,4.151609420776367
92723,4.869272232055664
52589,3.9178218841552734
74678,3.9904725551605225
23193,4.468622207641602
87907,4.315464973449707
69199,1.89858877658844
89502,4.848655700683594
55682,4.346925735473633
52632,3.554469347000122
70990,5.142483711242676
20242,4.929896831512451
97578,4.447002410888672
9920,5.012381076812744
67311,5.003074645996094
76005,4.225107669830322
79235,4.836654186248779
11014,4.378328323364258
30503,4.877499103546143
57737,5.306126594543457
105365,3.5587780475616455
93846,4.479722023010254
17051,3.715892791748047
3978,4.468371868133545
97267,4.495634078979492
77686,4.954254150390625
13993,4.408076286315918
86534,4.896066665649414
69437,4.14253568649292
9666,4.598567485809326
38036,4.6476922035217285
104117,4.2674970626831055
3621,4.494637966156006
26517,4.5036211013793945
93850,4.082911491394043
11998,4.521758079528809
41056,4.384065628051758
49198,4.147484302520752
43042,3.9918339252471924
59527,4.368161201477051
44513,4.676112174987793
102705,4.464854717254639
92307,5.160149097442627
38413,4.7254204750061035
18677,4.3623175621032715
1888,4.229301929473877
87219,4.6574177742004395
1871,4.461541652679443
88167,2.7101502418518066
36329,4.378050804138184
51700,4.253526210784912
89388,4.588530540466309
57287,4.134835243225098
14144,5.281097888946533
46073,5.085376262664795
8255,4.109874248504639
51855,3.551008939743042
49878,4.956954002380371
74659,4.47321081161499
88260,3.8312902450561523
5131,4.586838245391846
894,3.4028449058532715
89241,5.378206253051758
54806,4.9238667488098145
99100,5.08115291595459
25405,4.706123352050781
29264,4.308845043182373
96431,4.732580184936523
60907,3.6341819763183594
16754,4.363983154296875
57615,4.9071946144104
58349,4.4658637046813965
68593,4.553404331207275
10927,4.879969596862793
53975,4.68552303314209
37268,4.509513854980469
103029,3.9092605113983154
50823,4.836908340454102
71399,4.619816780090332
46537,4.1666741371154785
70975,4.123318672180176
72775,4.272842884063721
81118,4.916245460510254
99450,3.0759665966033936
52617,4.358548164367676
30510,4.179004192352295
69572,4.223842620849609
28235,4.706657886505127
36446,4.913674831390381
17016,4.397359848022461
45936,5.119394779205322
73508,4.645050525665283
94560,5.154374599456787
84492,4.215642929077148
26346,4.695053577423096
57328,4.888303279876709
25819,4.873536109924316
37829,3.9496877193450928
97436,3.4763917922973633
53228,3.8081107139587402
58681,4.207676410675049
105845,4.8157453536987305
54805,3.349804639816284
16027,3.5076756477355957
17052,4.5630106925964355
33871,2.8686225414276123
79606,4.518760681152344
99,4.67611837387085
19407,4.997809886932373
94475,5.291975975036621
32296,4.817114353179932
94680,4.033349990844727
11122,4.703608989715576
90953,4.54867696762085
55955,3.786280393600464
50988,3.6917548179626465
28133,3.412843704223633
49994,4.522141456604004
20371,4.686951637268066
100049,4.268263339996338
23741,4.502409934997559
23049,4.665019512176514
32524,5.170655250549316
26195,5.097908973693848
31297,4.00631046295166
95226,3.5946545600891113
90843,3.6525161266326904
102867,4.713752269744873
59147,3.8082191944122314
59765,4.071816444396973
105203,4.174847602844238
99628,4.623605728149414
90159,4.69179105758667
33743,4.643997669219971
42713,4.45988655090332
45465,4.166790008544922
80073,4.668143272399902
7830,4.209780693054199
27239,4.407238960266113
10192,4.785935401916504
78599,4.33760929107666
94218,4.4435038566589355
27171,4.99201774597168
99941,4.105801582336426
100675,5.167372226715088
67092,4.6309967041015625
45487,4.868877410888672
16581,4.686731338500977
57124,4.074740409851074
79597,3.7382171154022217
47691,5.108660697937012
93177,4.43398904800415
104569,4.872501373291016
3833,3.970607280731201
105970,4.6106953620910645
31783,5.00646448135376
29986,4.137384414672852
88295,5.430539131164551
58293,4.915960311889648
88311,4.925899028778076
27220,3.9541568756103516
63198,3.883152723312378
42653,4.8874101638793945
98959,4.022496223449707
84056,5.09524393081665
77057,4.892357349395752
14976,4.531155586242676
91391,4.351168155670166
7649,4.507790565490723
64704,4.097153663635254
74304,4.164059162139893
14491,2.8245296478271484
12119,3.9668543338775635
67012,3.6643242835998535
21057,4.972568988800049
54582,3.9200503826141357
100278,3.692493438720703
59984,4.145278453826904
107267,4.095176696777344
23840,4.948477268218994
17967,5.279913425445557
293,4.148477077484131
18237,4.702443599700928
12738,4.308874607086182
8292,3.9686942100524902
20841,3.927985191345215
24260,4.767488956451416
103427,3.772157669067383
97115,3.8524396419525146
48345,4.43597412109375
84024,4.464197158813477
25626,4.5419135093688965
78601,4.594135284423828
48107,4.908383846282959
31870,3.0223939418792725
77941,5.127599716186523
76681,4.683526992797852
83328,4.896799564361572
35269,4.756760597229004
62372,4.386560440063477
29504,4.643542766571045
106063,4.061284065246582
25102,4.8417253494262695
95521,4.786076545715332
105765,4.508603572845459
37905,4.676271915435791
56630,4.477745532989502
51956,3.6541945934295654
68679,4.477218151092529
43602,4.434337139129639
65464,5.004469394683838
104920,4.69609260559082
24985,4.520223140716553
68509,4.424366474151611
41167,4.550940036773682
43407,4.861417293548584
86878,3.044041633605957
24265,4.652889728546143
56691,4.215879440307617
10566,4.7244391441345215
22090,4.8324713706970215
87548,4.507467746734619
69548,4.2422776222229
61273,3.8112902641296387
77349,4.216650009155273
34515,3.717928886413574
42098,4.575469017028809
41762,4.9342427253723145
13310,4.820624828338623
3887,5.205199241638184
103089,4.3923726081848145
39490,5.30079984664917
12026,4.538188457489014
37582,3.7222561836242676
36444,5.148709774017334
54752,4.1761250495910645
51718,4.850430011749268
20482,5.165790557861328
50920,4.859553813934326
99334,4.0484490394592285
26079,4.758612632751465
100166,4.392714023590088
64275,3.722200870513916
26788,4.534033298492432
56296,4.883627891540527
99092,5.060115814208984
100782,4.377720355987549
56073,3.871774673461914
26859,4.428372859954834
20221,4.377871990203857
78625,4.162095069885254
93246,4.733493328094482
26225,4.564663887023926
108610,4.196671009063721
52975,3.1619465351104736
30348,5.235372066497803
48200,5.557075023651123
81983,4.629716873168945
107916,4.518879413604736
73035,5.073269844055176
56921,3.6085569858551025
74133,4.438121795654297
58101,4.511233806610107
20983,3.9901275634765625
55064,4.187557220458984
37930,3.700943946838379
53212,4.662868976593018
24187,4.8086748123168945
19292,4.2177252769470215
45590,4.863485336303711
63107,4.866422176361084
26240,4.208565711975098
21199,4.446537494659424
52731,3.2837815284729004
1198,4.8008809089660645
57095,4.197930335998535
75786,4.328278541564941
95094,4.066442966461182
36722,4.541510581970215
58170,4.164964199066162
65665,4.814700603485107
39424,4.316755771636963
92580,4.171478748321533
71010,4.614169120788574
12318,4.286149978637695
7050,4.892500877380371
43780,4.943343639373779
66944,5.048252105712891
63022,4.12178373336792
92752,4.83793306350708
77123,4.766976356506348
8921,4.455463886260986
5945,3.540788412094116
5759,4.395961761474609
30096,4.800602912902832
13235,4.614360332489014
35363,3.938063859939575
43170,5.251621723175049
36427,4.2036943435668945
39130,4.603541851043701
30119,4.952520847320557
106914,4.088713645935059
99151,4.22529411315918
104072,4.944180488586426
86318,4.562886714935303
94657,4.4380784034729
29276,3.6815309524536133
55608,4.834328651428223
38015,4.786568641662598
12394,4.372712135314941
96547,4.885839462280273
98584,3.780099630355835
74583,4.9264068603515625
87995,4.877699375152588
3478,4.901463985443115
99763,4.1720499992370605
63215,4.661180019378662
18907,4.858071804046631
98029,4.819576263427734
34821,5.207354545593262
30962,3.8818576335906982
5075,3.8688509464263916
77967,3.7769086360931396
82521,4.907116413116455
77731,4.633246898651123
1915,4.7194695472717285
8252,4.053840160369873
104584,4.608121395111084
94561,4.840819358825684
70465,5.123170852661133
40750,4.938972473144531
17362,4.346243381500244
32366,4.655483722686768
36307,3.95829439163208
31927,4.52921199798584
14825,4.815269470214844
52525,4.251583576202393
69789,3.908905506134033
86392,4.811699390411377
12928,4.765109062194824
24436,4.8111114501953125
98998,4.139493942260742
68437,4.304795742034912
27582,4.91348934173584
27803,4.045169830322266
105299,3.9610862731933594
79720,4.1504082679748535
83214,3.4390573501586914
18861,5.079285621643066
55583,4.974527835845947
33935,3.127678871154785
14643,4.750107765197754
78420,3.9799928665161133
70213,4.559441089630127
90835,4.2701921463012695
32335,3.965892791748047
29745,4.383443832397461
92217,4.351499557495117
4497,4.592223644256592
77071,4.170806407928467
97089,4.222067832946777
53869,5.019448280334473
25810,4.94600248336792
102536,5.103215217590332
90778,3.85209584236145
47519,4.448293209075928
45021,4.991868019104004
57703,4.387691020965576
38895,4.098660945892334
108410,4.691110134124756
68824,4.276163101196289
45887,4.385656356811523
83712,4.093111991882324
30638,5.27401876449585
41517,4.698666572570801
69792,4.59891939163208
18342,3.2736825942993164
7905,5.251940727233887
48567,4.730648517608643
36325,4.208178520202637
44813,4.930105209350586
107379,4.2842020988464355
98430,4.891469478607178
95393,4.312859058380127
77596,4.747889518737793
71925,3.8311409950256348
36378,4.936513423919678
74464,4.771968841552734
25259,4.774188995361328
93613,4.132652759552002
89402,4.754847526550293
74904,4.2529473304748535
24404,4.43595552444458
50641,4.492458820343018
28241,4.487782955169678
57727,4.726620197296143
79605,4.494781970977783
57145,4.36391019821167
85453,5.08788537979126
95003,4.661884784698486
83642,4.975210189819336
51880,3.41399884223938
42803,4.98822021484375
95517,3.8903610706329346
32561,5.067028999328613
85833,3.8018856048583984
28159,4.763720989227295
38097,3.8631491661071777
87085,5.0663838386535645
27495,5.126673221588135
93214,4.712389945983887
57345,4.5996413230896
49802,4.7403364181518555
105809,4.74248743057251
86903,4.2127461433410645
63839,4.969343662261963
56867,4.857355117797852
4465,4.456209659576416
62124,4.482036590576172
79251,3.142855405807495
24278,4.724571704864502
48491,4.6563401222229
29644,4.864242076873779
87688,4.638585090637207
2733,4.523504734039307
96677,3.5325968265533447
100726,4.198453426361084
91444,3.6971030235290527
78641,4.351202011108398
42542,4.522613048553467
41276,4.381796836853027
52493,4.267521858215332
19994,3.9335739612579346
13384,4.161962509155273
64677,5.259876728057861
17412,4.510479927062988
31224,4.706178188323975
77081,5.086075305938721
49547,4.189842700958252
82400,4.605443000793457
72645,4.992769241333008
42819,4.689396858215332
22410,4.924412250518799
63717,4.130016803741455
107943,5.169287204742432
6107,4.163916110992432
28053,4.68922758102417
81204,4.743143081665039
40558,4.368172645568848
85746,5.069864749908447
31254,5.063945293426514
38350,4.47546911239624
29428,4.460670471191406
1136,4.769237041473389
47034,3.90164852142334
54351,4.859154224395752
91191,4.272073745727539
34727,4.135423183441162
66152,3.8023571968078613
97784,4.305531024932861
42485,4.156245708465576
77939,3.999584913253784
98969,4.486381530761719
79354,5.072980880737305
58850,4.638505458831787
77,4.169803619384766
49513,4.23608922958374
90470,4.648094177246094
38432,4.735827445983887
93102,4.953886032104492
39651,5.164794445037842
98775,4.533080577850342
96658,4.198122978210449
16110,4.656382083892822
18053,4.7251386642456055
8127,2.9281461238861084
30475,4.448915958404541
23788,4.184730052947998
55448,3.7636494636535645
84955,3.864269971847534
9071,5.037042140960693
25721,4.879726886749268
91585,5.419579982757568
54725,4.657735824584961
74665,4.446510314941406
22391,4.4930315017700195
37522,3.747023105621338
22375,4.743102550506592
106612,4.515862941741943
84107,4.5088067054748535
67151,3.4786341190338135
21866,4.843127727508545
30207,4.564089298248291
49586,4.0947675704956055
15386,4.641923904418945
79599,4.336438179016113
30206,3.9749648571014404
62297,4.8166279792785645
53175,4.169215679168701
25397,4.730498790740967
61069,4.494382858276367
20952,4.546666622161865
95075,4.372644424438477
6140,4.329133033752441
82723,4.8074774742126465
2768,4.90071439743042
34744,4.59578800201416
71977,4.919406414031982
15486,4.710753917694092
29311,4.870757579803467
81064,4.907189846038818
27960,3.1343271732330322
70055,5.239801406860352
18096,4.765268802642822
43907,4.211729049682617
9172,4.14540433883667
15471,4.084268093109131
83994,4.376274585723877
106665,4.947264194488525
37736,4.615625381469727
65395,4.926337718963623
96711,4.287294387817383
90046,4.556507587432861
87923,4.869457721710205
70325,4.318726062774658
29429,4.484976291656494
75150,4.776330947875977
54654,4.370733737945557
57515,5.026588439941406
38116,3.4058125019073486
38425,4.66633939743042
4793,4.548387050628662
29347,3.9068872928619385
93101,4.679451942443848
73567,5.105429649353027
54003,4.958049774169922
32845,4.687628269195557
79783,4.680241584777832
96104,4.025238513946533
47222,4.219120025634766
70256,4.928642749786377
61284,4.627941131591797
83203,5.096346855163574
84842,3.426647186279297
85752,4.471624374389648
82764,4.626388072967529
81258,3.8935959339141846
30816,4.254465579986572
92593,5.13639497756958
21530,4.253654479980469
93742,4.720880508422852
67407,4.167736530303955
726,5.2343339920043945
95254,4.511484622955322
45238,4.550143718719482
74786,4.719947814941406
38548,4.8111653327941895
79025,4.208047389984131
32480,5.094776153564453
50965,4.43269157409668
98482,4.614717483520508
76089,3.320601224899292
37714,4.638611793518066
40049,5.240265369415283
40595,4.27988338470459
35966,4.047950267791748
75115,4.5899457931518555
17311,4.405421257019043
39220,4.571232795715332
94297,5.087349891662598
83452,4.5364155769348145
72129,4.168515682220459
63396,4.376154899597168
13028,4.685021877288818
61274,4.594637393951416
25517,4.967746734619141
68488,4.803277969360352
27005,4.257256031036377
14259,4.925581455230713
81834,5.027004241943359
97238,3.988964557647705
21548,4.218758583068848
2967,5.0633344650268555
4603,4.895528316497803
61889,4.82551383972168
558,4.061069011688232
3588,4.8256754875183105
37822,5.472340106964111
108452,5.537625312805176
47297,4.2656660079956055
25836,4.970914363861084
31150,5.041828632354736
26692,4.253349304199219
63881,4.752795696258545
70112,4.560113906860352
99051,4.931254863739014
85319,4.8791046142578125
31038,3.2786130905151367
12722,2.736025810241699
5703,5.091342449188232
29055,4.613970756530762
100502,4.928882122039795
35107,4.701944351196289
33902,4.642301082611084
46737,4.561801910400391
19803,4.2039570808410645
28612,4.914398193359375
52501,4.840078353881836
48847,4.1105055809021
8138,4.087630748748779
1260,5.10426139831543
52124,5.078729152679443
74802,3.95426869392395
38743,4.663933277130127
68387,4.415310382843018
15431,4.311132907867432
38099,4.03416633605957
90449,3.921567916870117
94636,3.5408010482788086
63402,4.078251361846924
42142,4.869103908538818
63298,3.6624064445495605
49843,3.360761880874634
15809,4.906388759613037
102231,4.3999810218811035
19583,3.5042166709899902
52656,4.796520233154297
9820,5.296462535858154
72855,4.905710697174072
32381,4.666049003601074
79459,4.762343883514404
1913,4.41313362121582
7659,5.4803972244262695
88963,4.055108070373535
98389,4.3279290199279785
20825,4.677485466003418
17859,4.243023872375488
44579,4.499368667602539
1188,4.8387651443481445
54040,4.711232662200928
91512,4.031844139099121
20856,4.172627925872803
90201,4.709940433502197
104795,4.736374378204346
27427,3.728867292404175
80587,4.691027641296387
67064,4.918109893798828
27979,4.619710922241211
50209,3.696807622909546
87582,4.437416076660156
18910,4.019813060760498
92766,4.9829792976379395
33386,3.350531816482544
18492,4.181639671325684
3962,5.073911666870117
73024,4.5282745361328125
21013,4.600718021392822
4132,4.967691421508789
96331,4.503790378570557
2381,4.653579235076904
48179,5.1135430335998535
37882,5.297457218170166
3708,4.173672199249268
36529,4.99732780456543
32346,3.8282816410064697
92711,4.755461692810059
6887,4.036004543304443
31511,3.900298833847046
66036,4.822150707244873
81190,4.615978717803955
53227,5.020482540130615
65691,4.299243450164795
80849,4.234681606292725
107430,4.811305522918701
5076,3.5506207942962646
680,4.582216262817383
76547,5.006723403930664
68776,4.130275726318359
60519,4.500848293304443
29229,4.309889793395996
89851,3.9651777744293213
7554,4.753646373748779
58122,4.289544582366943
107877,4.91027307510376
102586,4.550985813140869
89159,4.833776473999023
93900,4.337422847747803
52989,4.831146240234375
69944,4.418556213378906
40663,3.917372703552246
107707,4.773276329040527
71386,4.757360458374023
101186,4.545653343200684
80512,4.753802299499512
45215,3.614281177520752
35174,4.805783748626709
12338,4.6167216300964355
82463,4.215066432952881
15374,5.0745038986206055
106285,4.788921356201172
93763,3.719296455383301
58211,4.774169921875
53339,4.4275360107421875
86218,4.475471496582031
18235,4.6970367431640625
45995,4.870737552642822
19509,3.8073770999908447
69459,4.420863628387451
80551,4.293414115905762
30796,3.783799409866333
68484,4.4760589599609375
36031,3.247906446456909
9418,4.308791637420654
63634,4.984104633331299
61078,3.2253286838531494
54522,4.75381326675415
35655,4.526233196258545
48602,4.441976070404053
75468,4.106533527374268
74295,4.672513484954834
63016,5.144539833068848
78791,4.338770866394043
100289,3.8636856079101562
72075,4.208685874938965
56764,4.746243000030518
98785,4.581190586090088
69407,3.7938380241394043
39354,4.923662185668945
38640,4.065399646759033
27323,4.039468765258789
81308,4.412346363067627
91341,4.697149753570557
18191,5.076392650604248
15349,5.116998672485352
90406,4.853721618652344
3238,4.867579460144043
102909,6.007972717285156
106493,4.063179969787598
94726,4.761150360107422
2530,5.107598304748535
93820,4.486634731292725
46986,4.757458209991455
29078,4.956075668334961
89394,4.073336124420166
63268,4.228720188140869
2257,4.8521552085876465
18617,4.1262125968933105
24725,4.693029403686523
60941,4.555515766143799
785,4.154463768005371
18476,5.279129981994629
55916,5.152989864349365
65593,4.629761695861816
56818,5.586345195770264
103595,5.352415561676025
32579,4.357757568359375
13382,5.226884841918945
10079,4.388545513153076
13935,4.480095386505127
59954,4.642094135284424
96193,4.660435676574707
68189,4.274715423583984
13872,4.799604892730713
100192,4.8006439208984375
61929,4.705249786376953
4406,4.210357189178467
48053,3.8670852184295654
953,4.497572422027588
9906,4.659659385681152
3947,4.63474702835083
91397,4.062228679656982
98922,4.284064769744873
96534,4.538402080535889
29897,4.17624568939209
104973,5.1887993812561035
100222,5.136762619018555
66840,4.859652996063232
3181,4.171417713165283
74906,4.225839614868164
6541,5.007644176483154
42983,4.525562286376953
38071,4.658270835876465
38491,4.708898544311523
28246,3.8722825050354004
13171,4.327946186065674
70268,4.637890815734863
26475,3.2876200675964355
105458,4.20953369140625
96993,4.9196624755859375
38414,4.259899139404297
13917,4.577621936798096
100290,3.642561912536621
8438,4.9979095458984375
45738,4.44534969329834
75267,5.10617208480835
28414,3.8038580417633057
106599,4.763372421264648
85372,4.437892913818359
16682,4.890286445617676
42777,3.6080400943756104
100342,4.573369026184082
1580,4.08983039855957
31253,3.7434260845184326
68081,4.486103534698486
87249,4.737671852111816
89384,4.898608684539795
76112,5.231759071350098
17184,4.004450798034668
42414,4.3596577644348145
31712,5.1588873863220215
74270,3.916999578475952
16354,4.591164588928223
15459,4.712157249450684
55451,5.027292251586914
88319,3.5394368171691895
52948,4.523129463195801
92831,4.724120616912842
52585,3.712237596511841
33707,3.4037210941314697
83621,4.230899810791016
15024,4.601512908935547
20808,4.696780204772949
3115,4.316166877746582
31777,3.613718271255493
11452,3.906876802444458
19521,5.2530317306518555
78245,3.7397096157073975
47202,3.9261996746063232
67692,4.2126545906066895
55263,4.9999823570251465
67118,4.329029083251953
29422,4.434939384460449
92019,4.7814764976501465
61571,4.011205673217773
29130,4.366893768310547
32057,4.395443916320801
97924,4.78223180770874
83109,4.425390720367432
13823,4.0982513427734375
79469,5.1593098640441895
93709,4.267538070678711
50723,4.5866875648498535
60099,4.186400413513184
37028,4.901191234588623
88734,5.166502952575684
30041,3.4503560066223145
108330,5.099026203155518
35022,4.116744041442871
73805,4.582292079925537
66450,4.674533367156982
91937,4.554515838623047
5045,3.74867844581604
70937,3.5953235626220703
8619,4.322124481201172
51186,4.492201328277588
62929,4.605762958526611
3565,4.457929611206055
68847,4.633631706237793
49407,4.696545600891113
18057,5.025235176086426
32123,4.642115592956543
34155,4.663465976715088
92895,4.625123977661133
57667,4.710416793823242
87203,4.25290060043335
52201,4.358400821685791
100365,4.7310075759887695
35300,4.481349945068359
948,4.43568229675293
59488,3.7537269592285156
9305,4.039640426635742
53813,4.448732852935791
79598,4.4340715408325195
70186,4.641178131103516
62875,4.0741095542907715
107760,4.984297752380371
60834,4.4852776527404785
78095,5.104930400848389
46710,4.949521064758301
33693,4.170639991760254
108488,3.8840324878692627
77413,4.48306941986084
72496,4.776639938354492
53305,4.55505895614624
72294,4.2175798416137695
55940,4.398526191711426
15811,3.5469789505004883
29258,4.583478927612305
38899,3.887235403060913
37144,4.308485984802246
14566,4.879327774047852
102040,4.18975830078125
57848,4.228259563446045
9792,4.615393161773682
36968,5.212711811065674
42853,4.427624702453613
90960,4.469771385192871
6560,4.319975852966309
33813,4.047158241271973
106968,4.18002462387085
33999,4.545103073120117
53378,3.9629502296447754
71967,4.734404563903809
102944,4.603207588195801
83583,4.256367206573486
12945,5.045654773712158
6844,4.40688943862915
16275,5.13167667388916
58078,4.533105850219727
88957,4.432378768920898
20871,3.951713800430298
42507,4.539620876312256
67050,4.749240875244141
59783,4.683537006378174
93117,4.331784248352051
92118,4.999560356140137
82604,4.574996471405029
62906,4.073816776275635
270,3.982119083404541
97014,4.551811695098877
93050,4.1853532791137695
38730,4.7584733963012695
107936,4.618176460266113
72556,5.252132892608643
58830,4.565389156341553
39503,4.971141815185547
54668,3.8373641967773438
2501,4.576589584350586
16569,5.003489971160889
35972,3.240943670272827
54254,4.233506202697754
86486,4.829189300537109
4953,4.02079439163208
18499,4.594200611114502
4271,5.278441905975342
46889,4.986288070678711
23901,4.688842296600342
32041,4.404956340789795
11210,4.883654594421387
6655,4.97966194152832
22216,4.55798864364624
107509,5.044946670532227
83056,5.094817638397217
74425,4.736997604370117
98624,4.461989879608154
5554,4.077739715576172
36369,4.411037445068359
9454,3.172916889190674
107745,4.0701584815979
60967,4.362634658813477
57112,4.419575214385986
88623,5.292744159698486
36458,4.498769283294678
89611,4.904492378234863
31014,4.755528926849365
56341,4.567696571350098
17335,4.73708438873291
21725,4.116041660308838
47582,5.110954761505127
54338,3.5048980712890625
98179,3.997697114944458
103239,4.337124347686768
86048,4.386511325836182
69088,4.801957130432129
77459,4.885801792144775
88287,4.416764736175537
70942,5.149059295654297
32460,3.6297569274902344
60153,3.7357845306396484
47790,4.360450267791748
51187,4.306630611419678
63706,4.6670355796813965
34807,5.009486675262451
19321,4.851008415222168
69508,4.1307783126831055
65488,5.031419277191162
71191,4.948801040649414
82791,4.336075305938721
22470,5.240345478057861
40869,4.599766254425049
36448,4.311394214630127
16900,4.32007360458374
83216,5.041414737701416
91288,4.34555721282959
54058,3.1511693000793457
98006,4.3004937171936035
6456,3.9068877696990967
92812,4.659562587738037
3391,3.0916271209716797
84934,4.6980462074279785
33304,2.889171600341797
60769,4.605048656463623
50449,2.9305033683776855
97473,4.854057312011719
106316,4.170358180999756
30488,4.284582614898682
80189,4.894670486450195
83758,4.515812873840332
55624,4.564705848693848
53800,4.650704860687256
1115,4.777910232543945
40597,4.784490585327148
68572,4.8767242431640625
89513,4.64700174331665
76062,4.483315467834473
10295,3.6834373474121094
107234,3.153704881668091
14006,4.482321262359619
94535,3.9746034145355225
83995,4.4101715087890625
61465,4.563592433929443
50305,4.535025119781494
47475,3.597931146621704
97547,5.236060619354248
34651,4.714357376098633
105258,5.224593162536621
97767,4.51818323135376
20130,4.633296012878418
1196,4.801058769226074
97548,4.528525352478027
15290,3.490931987762451
104081,4.2249627113342285
19205,3.829524278640747
7144,4.286283493041992
7707,4.927978038787842
100945,4.791935443878174
86134,4.626812934875488
46239,4.740818023681641
61200,5.1892170906066895
69654,5.268441200256348
33679,5.120431423187256
21686,3.581256866455078
43635,4.228511333465576
33932,4.12448787689209
95591,3.8986401557922363
46520,4.765618324279785
85534,4.184003829956055
73470,4.073055267333984
7430,4.9762492179870605
27640,4.104684829711914
12010,4.585482120513916
96877,4.821084499359131
37844,4.965248107910156
68461,4.097110271453857
74272,4.20184850692749
89723,4.644006729125977
86955,4.957216739654541
84857,4.7501325607299805
9389,4.141467094421387
75612,4.276090145111084
54101,4.08400821685791
20791,5.144482135772705
11714,4.696099281311035
32177,4.720705509185791
51742,3.535071849822998
60223,4.218907356262207
12322,2.7035109996795654
34983,4.513944625854492
24131,5.3126044273376465
6294,4.278203010559082
45916,4.566140174865723
35881,4.86895227432251
12362,3.953650712966919
30681,5.114639759063721
27064,3.4441986083984375
75896,4.578236103057861
73094,4.675805568695068
10775,4.999223709106445
55838,4.5440168380737305
73911,4.774494647979736
16759,4.859908580780029
84256,4.115342140197754
17044,4.398013591766357
38804,4.627017021179199
46036,4.331067085266113
86252,5.115400791168213
6320,3.8691835403442383
105818,4.446848392486572
19387,4.893938064575195
89544,4.369958400726318
60709,4.389200210571289
98376,4.448457717895508
37115,4.1612749099731445
99073,3.772901773452759
78575,4.697864055633545
39641,4.5144219398498535
3911,4.589349746704102
81188,4.934725284576416
12077,4.704040050506592
68875,4.470041751861572
82406,4.959366798400879
20273,4.64461612701416
91152,4.562073230743408
104182,5.15503454208374
20292,4.657764434814453
60160,4.628951072692871
3104,4.538256645202637
43385,4.331663131713867
79144,4.657196521759033
58857,4.0372314453125
23615,4.839264392852783
76642,4.3763747215271
27315,4.471380710601807
70738,4.736796855926514
36841,5.131597995758057
32906,5.047698497772217
58997,3.928985834121704
22586,4.878495216369629
48781,3.7179319858551025
64880,4.696488380432129
5343,4.545356750488281
33694,4.1409687995910645
84069,4.989840507507324
70503,4.51444149017334
104716,4.687925815582275
1027,4.415440082550049
3279,3.3250021934509277
53669,3.82372784614563
9555,4.691582202911377
44696,4.789836406707764
65791,4.255350112915039
64296,3.7836687564849854
62625,4.220678806304932
80904,3.9167699813842773
3306,4.561110973358154
65418,5.206377029418945
60710,4.922010898590088
1732,4.123972415924072
87466,4.253563404083252
65288,4.626590728759766
101755,5.0566887855529785
81899,4.784982204437256
24555,4.627130508422852
86502,4.847161293029785
103172,4.4689226150512695
2745,4.291138172149658
54242,4.74506139755249
85634,5.347875595092773
32552,5.284618854522705
72738,4.61593770980835
693,3.937256336212158
2137,2.8832550048828125
101153,4.470844745635986
100500,4.925817489624023
81391,5.144093036651611
54714,4.241091251373291
11444,4.511738300323486
79914,3.804727077484131
36418,5.1163506507873535
57832,4.14246940612793
32756,4.26926851272583
66609,3.8627169132232666
64815,4.320138454437256
16052,4.4604811668396
58515,3.8314943313598633
50253,4.443857192993164
13201,4.6164164543151855
28996,3.674988269805908
64013,3.7456982135772705
36223,3.2302894592285156
31504,3.9619410037994385
18399,3.595686197280884
86162,4.915670871734619
96896,4.460805416107178
11880,4.161134719848633
82220,5.100731372833252
72258,4.635645866394043
22167,4.808512210845947
78088,5.0543718338012695
8969,4.785154342651367
43399,4.511910438537598
7857,4.322484970092773
47526,4.358069896697998
37651,4.425907611846924
18214,5.090843677520752
47113,4.594336986541748
67393,5.091551780700684
71655,4.79946756362915
59636,4.705544471740723
102844,4.810235500335693
65903,4.651751518249512
65943,4.826613426208496
68133,4.957224369049072
60749,3.632763147354126
97972,5.132984161376953
28986,4.676369667053223
41317,2.847609043121338
26348,4.16424560546875
17633,4.850759506225586
24878,4.6135149002075195
83771,4.3691487312316895
29886,2.5436835289001465
90768,4.714788913726807
38380,4.194545745849609
25510,4.370292663574219
92066,5.001347541809082
103761,4.863675117492676
11237,4.7788801193237305
99341,4.379693984985352
82839,4.480445861816406
101320,4.388973236083984
27540,4.338531970977783
11250,4.824137210845947
8344,5.288630485534668
19070,5.1207990646362305
9019,5.236547470092773
71642,4.277843952178955
6231,3.186915397644043
25883,4.607855796813965
86721,4.650765895843506
69680,4.596741199493408
79343,4.119460582733154
86508,4.833126068115234
70430,4.945222854614258
42971,4.211461544036865
65984,4.457327365875244
46638,5.0395708084106445
2069,4.520349025726318
55353,4.23800802230835
6614,4.478036880493164
108540,5.07713508605957
98435,4.836840629577637
25566,4.4719061851501465
93753,3.7525434494018555
22590,4.790781021118164
35207,4.900136470794678
27549,4.493724822998047
94910,4.24949312210083
66107,4.6705217361450195
87747,4.614258766174316
95235,3.137603521347046
79040,4.907685279846191
52905,4.12907075881958
10907,4.700052261352539
19822,4.785205841064453
67776,4.805160045623779
80366,4.581846237182617
83825,4.0231170654296875
62366,4.366623401641846
87496,4.868231773376465
60076,4.0524163246154785
21157,4.901855945587158
95960,3.7696850299835205
8466,4.978277683258057
47071,3.980663299560547
49959,3.0622949600219727
52570,4.337445259094238
98253,4.479120254516602
20192,4.411791801452637
95900,4.012331962585449
75028,4.745469570159912
77083,5.073770046234131
45900,5.125904560089111
6080,4.678575038909912
63345,4.371185779571533
54996,4.689971923828125
78945,4.810439586639404
96830,3.9893579483032227
73442,4.787490367889404
4776,4.901668548583984
76236,4.204115390777588
52107,4.831911563873291
2952,4.449767112731934
57635,4.95388650894165
27908,4.957585334777832
43589,4.925487518310547
14075,4.8502912521362305
94143,3.905367612838745
62265,4.115004539489746
67003,4.93969202041626
83149,4.222728729248047
85218,4.2986955642700195
70596,4.973328590393066
18969,4.5502848625183105
36584,4.302260875701904
4112,4.997622013092041
102802,4.738678932189941
25720,4.72255277633667
5810,4.571447849273682
42097,4.752884387969971
35766,4.7972917556762695
51425,4.922861576080322
107770,4.686490058898926
21343,4.543073654174805
9908,3.624317169189453
10578,3.36214017868042
84105,4.635716438293457
68196,4.986730098724365
3081,5.476724147796631
64844,4.674079895019531
54759,4.476512432098389
64510,2.7022273540496826
51098,4.454674243927002
67530,4.660405158996582
21598,3.9281718730926514
88507,5.107579231262207
77423,4.73471212387085
82531,4.31443452835083
29565,3.434130907058716
8858,4.755147933959961
43609,4.867334842681885
8027,4.2522358894348145
113,4.631808280944824
28,4.205526828765869
80744,4.544954299926758
10784,3.7288808822631836
69098,4.406627178192139
81207,4.86886739730835
41808,3.7996156215667725
101006,4.610325336456299
49788,3.3131067752838135
90281,4.49080753326416
101615,4.6935577392578125
100510,3.3443853855133057
107444,4.8680291175842285
43695,3.6781363487243652
99684,4.941568851470947
12067,4.104532241821289
65868,3.9908852577209473
96653,3.7916343212127686
81835,4.4186553955078125
33233,3.8989391326904297
7954,4.778658390045166
44239,4.281405925750732
62275,4.967068672180176
33577,4.927037715911865
107532,4.515974998474121
54045,3.4029107093811035
68107,4.093299388885498
60459,4.924710750579834
54903,4.644604206085205
42515,4.703873634338379
57730,4.142627716064453
57477,4.40474796295166
42898,4.470041275024414
94684,3.9838016033172607
15562,3.424302339553833
70886,4.371072769165039
52550,3.9673826694488525
58899,4.471612930297852
8985,4.667530536651611
5527,4.33424186706543
28576,4.745453357696533
58811,3.533291816711426
91961,3.810614824295044
58598,4.746412754058838
87171,3.6906399726867676
106529,3.4069364070892334
65837,3.7980542182922363
98489,4.92013692855835
43265,4.343118667602539
51146,4.56341028213501
64112,3.4027955532073975
87887,3.3807411193847656
64673,3.9785163402557373
43141,4.967065334320068
79102,5.3122878074646
61710,4.4274001121521
57065,4.449542045593262
29467,5.027512550354004
13428,4.3604655265808105
30351,4.771010875701904
81990,5.011050701141357
33470,4.599061965942383
42537,4.96953821182251
60577,4.8758225440979
33101,3.375328302383423
5015,4.845805644989014
2172,4.949217319488525
51532,4.228253364562988
11113,4.776513576507568
18864,3.997718095779419
33226,4.13096284866333
74439,4.737544059753418
103777,4.519980430603027
1899,4.450705528259277
102224,4.6640424728393555
12829,4.795882225036621
36879,5.055253505706787
22047,4.434228420257568
106351,4.494663715362549
8592,4.2971673011779785
36464,4.351562023162842
89514,4.8675150871276855
59425,4.025504112243652
80070,4.135437965393066
81843,4.823958396911621
100704,3.5833582878112793
68110,4.878942966461182
33257,4.96650505065918
85068,4.5128889083862305
42125,3.975003719329834
46728,5.319935321807861
103697,3.363804817199707
48389,4.582356929779053
103167,4.82142972946167
19910,3.891746759414673
100090,4.931440830230713
39239,4.697235584259033
102021,4.6205902099609375
32833,4.595179080963135
7752,5.309774875640869
56441,4.3718109130859375
34090,4.206404209136963
71814,4.660205364227295
92595,4.976991176605225
75108,4.548564434051514
96044,4.8452606201171875
31122,4.585575103759766
84592,4.6543145179748535
10607,4.584775924682617
8031,2.767277479171753
90056,4.777713298797607
32611,4.973467826843262
96781,4.621474266052246
69323,3.416842222213745
75785,4.120393753051758
103205,4.648446559906006
31628,5.039044380187988
49962,5.10525369644165
105603,5.091166973114014
32289,4.869344234466553
19959,4.102293014526367
29013,4.084700584411621
21683,4.658015251159668
13721,4.807680606842041
100106,4.454827308654785
82685,4.711058139801025
14363,4.144628524780273
36798,4.476888179779053
105028,3.881485939025879
24424,4.8699235916137695
9878,4.5937628746032715
33162,4.623774528503418
100063,3.5550293922424316
37249,4.099523067474365
68842,3.7459359169006348
26670,4.488399982452393
54373,3.2231602668762207
55458,3.9972968101501465
73379,4.671363353729248
42720,4.657533168792725
76725,5.484279155731201
65685,5.219106197357178
72644,4.975987434387207
10435,3.749351739883423
108386,4.6612114906311035
57920,4.946716785430908
68644,5.001229286193848
67501,4.548412799835205
104310,4.566628456115723
52361,4.39554500579834
7058,4.4006171226501465
31065,4.886053085327148
49600,4.303277969360352
68603,4.839922904968262
81247,3.6669113636016846
37466,3.890894651412964
42871,4.683947563171387
1676,4.338042259216309
23834,5.133355140686035
26969,3.9188640117645264
25657,4.385347366333008
73538,4.639903545379639
46559,3.7197160720825195
69855,4.286604881286621
98209,4.8835248947143555
73615,4.80230712890625
20805,4.405148029327393
84074,3.717228889465332
42302,4.6234660148620605
58444,4.750911235809326
33288,4.728151321411133
84530,4.886973857879639
48473,4.8524250984191895
49249,3.7896995544433594
62464,4.445464134216309
60707,5.130540370941162
1874,4.88660192489624
94795,4.247799396514893
98445,4.81056022644043
54149,4.190380573272705
49127,4.267148971557617
37118,4.590794086456299
64960,4.394899368286133
98168,4.039317607879639
47163,4.779933929443359
5985,4.68445348739624
12486,4.453030586242676
2044,4.306015491485596
6940,4.294363975524902
83499,4.844459533691406
59990,3.8156182765960693
37516,4.198965072631836
62041,4.507089138031006
26472,3.99761700630188
107459,3.4706826210021973
102306,5.094581604003906
3719,4.215536117553711
97628,4.954949378967285
92917,5.3213677406311035
9726,5.222713947296143
89237,4.574838638305664
29768,4.791619777679443
71514,4.627077102661133
13944,4.413508892059326
98114,5.103791236877441
49366,4.566328048706055
70918,4.301314353942871
15148,4.389918327331543
47417,4.4973883628845215
69185,4.362666606903076
92671,4.56959342956543
67010,4.271520614624023
102634,4.30356502532959
92090,4.971794128417969
85928,4.391144275665283
99944,4.965035438537598
31926,4.349842071533203
103914,4.73111629486084
82019,2.811969757080078
18498,4.6068830490112305
94389,4.299898147583008
85042,4.411226272583008
98274,4.026946544647217
1962,3.991394519805908
44523,4.4424872398376465
10845,4.491011142730713
2724,3.1725542545318604
13666,4.103133678436279
60829,4.218033790588379
50854,4.597364902496338
75439,3.9755489826202393
16939,4.058394908905029
102070,4.437048435211182
27523,4.915282726287842
77458,4.384199619293213
2681,4.32656192779541
105651,4.294810771942139
84348,5.0353569984436035
71393,4.660892486572266
38707,4.5990071296691895
71253,4.967647552490234
7203,4.424383163452148
23093,4.799790859222412
82390,5.4783759117126465
79433,5.011245250701904
80506,4.720761775970459
50578,4.775743007659912
86079,4.567601203918457
4423,4.157674789428711
66341,5.096474647521973
49330,4.573286533355713
72253,3.8326807022094727
84744,3.779876947402954
53497,4.682223320007324
28775,4.552412509918213
63533,3.702979803085327
73522,4.179873466491699
6372,4.228885173797607
64822,4.975228786468506
20314,5.086341857910156
70620,4.7543134689331055
87900,3.673870801925659
98884,4.2486371994018555
10636,4.499227046966553
47543,4.514156341552734
66474,3.8966026306152344
18852,4.748311996459961
13495,5.025582790374756
48385,4.571602821350098
58304,4.973892688751221
105670,4.15443754196167
45945,4.988216876983643
104236,4.90461540222168
76987,4.412981986999512
89171,4.069316864013672
45707,3.379652261734009
87686,3.6025214195251465
67789,4.24716854095459
16203,4.696616172790527
62573,4.621293544769287
31908,4.66523551940918
88870,5.024019718170166
19542,4.000275135040283
104104,4.8091959953308105
49207,4.568414211273193
35982,3.5048232078552246
26766,3.2529337406158447
56164,4.847677707672119
89724,4.342714309692383
8146,4.173751354217529
33981,4.134103775024414
87369,4.283624172210693
7332,4.705441951751709
22962,5.142886161804199
19863,4.976377487182617
101032,5.029024124145508
79796,3.9227588176727295
48147,5.243889808654785
27015,4.236448764801025
59033,4.620459079742432
13188,4.819180011749268
45373,5.279650688171387
43312,5.059802055358887
52009,4.223243236541748
94185,4.474711894989014
34705,4.0805983543396
83681,4.9342851638793945
93211,4.9746809005737305
14405,4.977046966552734
36410,4.544698238372803
52019,3.179077386856079
87896,4.63630485534668
1648,5.371927738189697
95484,3.610576629638672
83417,4.551410675048828
105316,4.652681350708008
62851,3.390319585800171
56546,3.52012038230896
24494,4.266817092895508
105214,5.179365158081055
66237,4.5418925285339355
52807,4.507506847381592
49078,3.813467502593994
67506,4.369102478027344
69643,5.051390171051025
53262,3.966662645339966
46259,4.910089492797852
77299,5.198989391326904
27996,4.039428234100342
85382,4.691911697387695
66624,5.17764139175415
10776,4.336251735687256
88639,4.173103332519531
34405,5.076345920562744
26479,4.6024980545043945
108584,3.94685697555542
6550,4.679391384124756
78348,4.689669609069824
6486,4.528870582580566
71169,5.0006256103515625
85194,4.066237926483154
77188,4.9413557052612305
3957,4.900224685668945
84189,5.11757230758667
78335,4.868841648101807
62580,4.94154167175293
35786,4.690551280975342
81568,4.4436750411987305
9681,3.825756072998047
93751,4.541068077087402
106787,4.60118293762207
56729,3.7195870876312256
5153,4.1017985343933105
57331,4.464682579040527
99274,4.704753398895264
60639,3.4934017658233643
83672,4.927160263061523
59690,2.9428529739379883
33080,4.291836738586426
42651,4.565935134887695
8650,4.9815874099731445
37270,4.308847427368164
102732,4.7668776512146
37243,5.1491851806640625
83408,4.378597259521484
5132,3.5862603187561035
101123,4.126956939697266
104222,4.111213684082031
52517,4.2870330810546875
100564,4.619379997253418
93312,4.954468727111816
32857,4.9211859703063965
36144,5.169821739196777
23517,4.7315239906311035
107658,4.9571099281311035
88668,4.662734508514404
80662,4.92794942855835
39556,4.680506229400635
85790,5.1697893142700195
72237,4.8678483963012695
90259,4.087493896484375
72449,4.080557346343994
91638,5.126126766204834
78635,4.426793575286865
58813,4.98508358001709
64026,4.65548038482666
41049,3.897250175476074
61212,4.882040023803711
19058,4.9304022789001465
87497,5.115159511566162
56763,4.155395030975342
107072,5.015340328216553
71203,4.945601463317871
106338,3.043825149536133
87277,3.3976962566375732
13029,4.300260543823242
19799,4.145824909210205
81209,4.540102958679199
5764,4.11121940612793
39809,4.143069267272949
3167,4.116739273071289
8838,4.282090663909912
23903,5.002297401428223
62669,4.034295558929443
53601,4.997478008270264
16458,4.377692699432373
31868,3.98097562789917
88222,4.006880760192871
87789,4.013345241546631
96582,4.535845756530762
86084,4.837507247924805
90541,4.125630855560303
104563,4.569879531860352
87381,3.756509304046631
29729,5.179656982421875
65749,3.346616506576538
66308,4.991733551025391
79746,4.248683929443359
101875,4.226822853088379
16657,4.839589595794678
104663,4.387963771820068
40007,4.7553300857543945
96584,4.332681655883789
37467,4.289202690124512
58853,4.617615222930908
81349,4.445497989654541
57395,4.1200785636901855
41033,4.006292343139648
2685,3.6193151473999023
103341,4.621326446533203
55133,3.484576463699341
99241,3.9652509689331055
104623,3.9401795864105225
58301,4.803763389587402
93792,4.392922401428223
34656,4.774918556213379
106087,4.150710105895996
38018,4.843360424041748
28192,4.704620361328125
62158,4.261490345001221
9433,4.754454135894775
62525,4.671042442321777
89290,4.945209503173828
80593,4.8308820724487305
26285,5.023478984832764
66172,5.01792573928833
11634,4.378040313720703
92305,4.480467319488525
71976,4.815604209899902
84537,4.7007737159729
106771,4.941925525665283
99856,3.906132459640503
85002,4.7340087890625
9291,4.204054832458496
38856,4.26097297668457
44316,4.950257301330566
5846,4.5186662673950195
14589,5.105093479156494
27922,4.678384304046631
95645,4.480542182922363
26815,4.783979415893555
78759,4.219803810119629
87531,4.4950947761535645
71858,4.508215427398682
26050,4.975039958953857
66195,4.005832672119141
43664,4.528280735015869
25188,5.265477657318115
85687,4.711705684661865
61523,4.793306350708008
102631,4.622051239013672
30848,4.269217491149902
31072,4.47921895980835
107156,4.760313034057617
10446,4.282594203948975
4085,4.228057861328125
45925,2.2491958141326904
29536,3.9290170669555664
69410,4.074471950531006
101177,4.855614185333252
44201,4.459622383117676
74311,4.146678447723389
92155,4.853716850280762
44656,4.410159587860107
98353,3.92352294921875
91027,4.487078666687012
49461,4.703114986419678
81750,4.356751918792725
65223,4.096531867980957
78764,4.96579122543335
23138,3.2181248664855957
12531,2.8694701194763184
28222,3.6673295497894287
3638,4.07567834854126
77873,5.410426616668701
97248,4.406135082244873
32285,4.602108478546143
475,4.458662509918213
613,4.717569351196289
93230,4.338432788848877
36524,3.986503839492798
11205,4.259199142456055
72326,4.960533618927002
62658,4.444571018218994
23174,4.717151641845703
86266,4.9042134284973145
77448,4.294768810272217
37444,3.2551429271698
84515,4.4718828201293945
72467,4.816220760345459
72680,4.6804399490356445
50158,3.5689239501953125
10665,4.300454616546631
29167,4.955340385437012
105726,4.558975696563721
32212,4.428464412689209
100217,4.012171268463135
81034,4.6178789138793945
71934,4.336025238037109
77581,4.219990253448486
64706,4.260182857513428
64859,4.104180812835693
103829,4.747770309448242
94725,4.435770034790039
105517,4.904376029968262
60385,4.569457530975342
16041,4.692533016204834
60392,4.597022533416748
52231,4.800413608551025
53729,4.5386762619018555
74973,4.568352699279785
43501,5.085421562194824
80919,4.8583550453186035
5310,4.360002040863037
56447,4.046530246734619
26539,5.24631404876709
41867,4.942637920379639
56172,4.772106647491455
18175,4.6689863204956055
10482,4.542169570922852
87525,5.152227878570557
35325,3.916717052459717
63840,4.38493013381958
61511,3.7582268714904785
92961,4.375313758850098
41279,4.294233322143555
52380,5.223971843719482
64015,3.9296131134033203
13497,4.193663597106934
541,4.85660982131958
95906,4.932816028594971
90555,4.261302947998047
89054,5.113280296325684
3906,5.498611927032471
102002,4.642406463623047
29763,4.7255330085754395
19454,4.902095317840576
97847,4.339781284332275
29807,4.3870849609375
65645,4.8083672523498535
36400,4.81882905960083
6296,4.567689895629883
103630,4.905913829803467
71889,4.181347370147705
108223,4.387722492218018
89932,4.714756011962891
52998,4.433185577392578
18334,4.119505405426025
50561,4.753904819488525
64254,3.8343684673309326
42690,4.804546356201172
55803,4.419981956481934
83877,4.112055778503418
56851,5.201173305511475
47332,4.510218620300293
58063,3.674978494644165
19670,4.839654445648193
103874,4.856965065002441
42510,4.8461689949035645
74412,4.797597408294678
31434,5.050879955291748
47558,4.623960494995117
47585,4.97282600402832
100216,4.719959735870361
51510,4.678318500518799
19882,4.073617935180664
15070,4.615737438201904
15152,5.258728504180908
80808,4.867675304412842
67975,4.5628461837768555
14852,4.744529724121094
77974,5.025354862213135
39502,5.254377841949463
50936,4.264190196990967
32755,3.9473326206207275
76356,5.297690391540527
8575,4.4746479988098145
23648,4.412364482879639
1442,4.3047895431518555
90189,4.209071636199951
21988,4.67861795425415
21556,4.073584079742432
76306,4.934065818786621
57416,4.820623397827148
5647,4.724947452545166
94823,4.328786373138428
31526,4.369400501251221
50763,4.8633317947387695
49025,4.912100315093994
64734,4.5081658363342285
12587,5.055860996246338
30062,4.8165059089660645
30635,4.715120792388916
62169,4.537353038787842
73409,4.596417427062988
730,4.49632453918457
48083,3.6501309871673584
94044,4.377275466918945
65748,3.641451120376587
25454,4.742610931396484
60056,4.667356491088867
34208,4.753212928771973
40476,3.569129705429077
107739,4.8456244468688965
86517,4.860033988952637
83632,4.937561988830566
69449,4.100135803222656
18444,4.5092549324035645
96288,4.41400146484375
47914,4.515870571136475
94714,4.832760810852051
82367,4.245758533477783
74689,4.83638858795166
5175,3.6493449211120605
23537,4.804441452026367
69399,4.2528228759765625
85485,4.804071426391602
102935,4.730710029602051
69541,4.746386528015137
87610,4.721795558929443
30991,4.861253261566162
19838,4.011568069458008
63377,4.67994499206543
62145,4.3335795402526855
84467,4.543437957763672
60165,3.7633273601531982
24108,5.064158916473389
53474,3.8579859733581543
38868,5.291383743286133
7057,4.790637493133545
47486,4.498805999755859
19331,5.00510835647583
45355,4.4957356452941895
64501,4.609992027282715
79220,3.703444004058838
18262,4.288792133331299
15448,3.8308303356170654
18615,4.732996940612793
56293,4.821506977081299
52872,4.161508083343506
40854,5.037879943847656
79787,4.744215488433838
64177,4.55469274520874
82530,5.134162902832031
75021,4.942307949066162
22367,4.892322540283203
81087,4.672240734100342
82773,3.4760801792144775
15520,3.0787301063537598
89147,4.333150863647461
22506,3.5001983642578125
48392,4.506607532501221
47856,4.275648593902588
19682,5.247498035430908
99612,3.9930005073547363
11267,3.777155637741089
13025,5.017999172210693
78149,4.671092987060547
3395,4.502356052398682
57132,4.287860870361328
28984,5.1952314376831055
62969,4.773356914520264
15480,4.955894947052002
27756,4.470087051391602
71729,2.892181158065796
65087,4.872921466827393
18257,3.7122485637664795
69359,4.402108669281006
67922,4.475843906402588
87451,4.108094215393066
70340,3.867504119873047
5972,4.837876796722412
94166,4.616376876831055
98323,3.329054117202759
80704,4.14847993850708
23664,4.95340633392334
50173,4.245783805847168
28356,3.578850746154785
86273,4.86438512802124
35910,4.781970977783203
95847,4.254228591918945
108490,5.06510591506958
18968,4.480405330657959
96562,4.903913497924805
68775,4.39148473739624
82818,4.243349075317383
29917,4.8923258781433105
4695,4.943748474121094
7537,4.426271438598633
90134,4.441888809204102
9133,4.0988383293151855
1917,4.201740264892578
39552,4.063187122344971
12790,5.076818943023682
101928,4.760066032409668
56636,3.8288753032684326
19403,4.796250820159912
66766,4.589057445526123
44680,4.630289077758789
49660,4.851953029632568
68857,4.502501964569092
100609,4.928981304168701
54334,4.674871444702148
20997,4.486097812652588
20598,3.6038625240325928
13439,4.552046775817871
27285,4.711566925048828
103410,4.887137413024902
68536,4.7165045738220215
53897,4.441736221313477
107111,4.238709926605225
91793,4.908758640289307
853,4.216533184051514
79801,5.063807964324951
6373,4.432410717010498
52017,4.101561069488525
48416,4.093514442443848
33706,4.266968727111816
41601,4.591554641723633
32603,4.223211288452148
3346,4.417215824127197
9804,4.883149147033691
67788,4.662367343902588
85191,3.9227118492126465
44702,4.958558082580566
522,4.508794784545898
102476,4.506929874420166
78441,4.152435779571533
82135,4.096144676208496
40314,5.148586273193359
94336,3.119631767272949
76782,4.10358190536499
60700,5.0365142822265625
10325,4.248807907104492
11716,4.813125133514404
96238,4.885316371917725
105036,4.0887579917907715
92072,5.142377853393555
76159,5.203956604003906
14294,4.805818557739258
68833,3.699286937713623
81731,3.9444148540496826
30583,4.0189642906188965
68069,3.8501505851745605
49732,4.294864654541016
65606,4.591216087341309
24093,4.39269495010376
43785,4.605942726135254
40648,4.360376358032227
101676,4.18811559677124
41547,4.9874958992004395
41844,4.437231063842773
26251,4.704808712005615
50541,4.053060054779053
43326,4.872277736663818
27284,4.436373710632324
96899,4.08914852142334
33271,4.861968994140625
107083,4.022402286529541
55853,3.5880982875823975
2225,4.932703018188477
107161,4.772180080413818
93006,4.629805564880371
55096,4.62636661529541
71157,4.774860382080078
56709,3.687443256378174
60321,4.9840006828308105
46942,4.9210309982299805
77548,4.817389965057373
31635,4.47615385055542
44466,4.262426376342773
21131,4.433812618255615
93045,3.979926347732544
32092,4.283241271972656
62787,3.6528468132019043
36480,3.6450932025909424
83467,3.406575918197632
74987,4.772239685058594
23509,4.550436019897461
90409,4.980641841888428
56111,4.324913501739502
39268,5.157100200653076
81901,5.164491176605225
48817,4.420822620391846
47714,4.854028224945068
106953,4.690446376800537
36334,4.788003921508789
78877,3.846782922744751
18003,4.745290756225586
7679,4.578364372253418
82157,4.916333198547363
14647,4.943647384643555
25929,3.9098293781280518
2526,4.243356227874756
45550,4.158937454223633
56086,3.71417236328125
658,4.942033767700195
78273,4.232670783996582
29767,4.785790920257568
74612,4.035464763641357
6401,4.792974948883057
25636,5.072328090667725
60661,4.706019401550293
37548,3.8636441230773926
92598,5.024195194244385
45563,4.586452960968018
96679,3.9035534858703613
60003,4.18515157699585
15746,3.7661969661712646
41192,4.064086437225342
68072,4.652705192565918
60659,4.502932548522949
61908,4.974124431610107
2933,4.799599647521973
40541,5.0014424324035645
17083,4.378456115722656
3443,3.8939151763916016
37526,4.816643714904785
96559,3.6102166175842285
102359,4.969349384307861
66062,4.90238618850708
58750,3.871201276779175
85743,4.853039741516113
79344,4.146944522857666
69791,3.2872214317321777
107376,4.960943698883057
64096,4.6255717277526855
22207,4.6915154457092285
2431,5.127103328704834
66565,5.201483249664307
96155,4.621196746826172
38685,4.589125156402588
62502,4.65728235244751
79562,3.8507063388824463
106095,3.8509914875030518
26751,4.587465763092041
49375,3.9207122325897217
84221,5.183699131011963
72544,4.418267250061035
6592,5.043684959411621
90635,4.471957206726074
77176,4.834023952484131
99269,4.753357410430908
59770,4.32204008102417
27105,3.9866013526916504
106466,4.472602844238281
13507,5.227635383605957
5029,3.5185279846191406
52528,4.121870994567871
40403,5.09474515914917
89761,4.762155532836914
64559,4.468780994415283
6109,4.328144073486328
88066,4.234282493591309
43425,4.773350715637207
99001,4.975212097167969
61734,4.06644344329834
104023,4.127834320068359
16179,4.615317344665527
70928,4.939958095550537
56263,2.8994102478027344
89431,5.125455856323242
76890,4.449043273925781
105143,4.0196943283081055
4946,4.870178699493408
50970,3.658353805541992
94751,4.0958147048950195
23789,4.3439435958862305
78520,4.696348190307617
18826,5.290236473083496
90234,4.674502849578857
40970,4.0954976081848145
51358,3.686450719833374
64375,4.5555100440979
60681,4.762451171875
1989,4.280949592590332
69237,4.899214744567871
39085,4.779962062835693
96274,4.720485687255859
87807,3.6182665824890137
94088,4.306019306182861
34924,4.879682540893555
49255,4.988286972045898
54873,4.155539035797119
70423,4.686622619628906
79566,4.217989444732666
76520,4.983241558074951
60211,4.428735733032227
59260,4.660110950469971
96777,5.01760196685791
41800,5.001413822174072
26750,4.402223587036133
70752,4.957993507385254
20113,4.128863334655762
99506,4.915141582489014
74930,4.40960693359375
59811,3.8514397144317627
77975,4.979094982147217
50507,4.238498210906982
9119,4.623071193695068
21966,4.487816333770752
21270,3.8354718685150146
6272,4.617231369018555
64245,3.770211696624756
39439,4.203171253204346
85701,4.663461685180664
59377,4.888443470001221
51080,4.80425500869751
107890,4.615174770355225
88411,4.565300464630127
82707,4.412899971008301
8212,3.8456671237945557
27476,4.778992652893066
80304,4.825674533843994
46508,4.855809688568115
23327,4.4944634437561035
32513,4.956735134124756
14573,5.088149547576904
105194,4.31194543838501
61182,4.172308921813965
72430,2.907646417617798
104948,5.171824932098389
7578,4.812500953674316
15541,3.9575085639953613
66623,4.916412830352783
86992,4.318033695220947
100852,4.355699062347412
36923,4.0014872550964355
37200,3.9589974880218506
32262,3.856261968612671
103054,4.1441969871521
49505,4.5635552406311035
92350,5.0715651512146
20500,3.7183542251586914
32100,4.138904571533203
93691,4.8868303298950195
25269,4.491854667663574
2766,4.428865909576416
51559,3.6638941764831543
81057,4.637363910675049
7916,5.011922836303711
88325,4.4121294021606445
53107,5.11987829208374
10608,4.842859268188477
32297,4.335287094116211
82076,5.065002918243408
30298,4.496016979217529
21583,4.33897066116333
31152,5.228610038757324
23908,4.742021560668945
83307,3.8661255836486816
69922,4.067694664001465
19306,4.820991516113281
107309,4.782847881317139
94055,4.391380310058594
81712,4.375267505645752
76046,3.139688730239868
58965,4.697200298309326
37681,4.714645862579346
35594,4.783769130706787
34773,4.104206085205078
55560,4.727020263671875
35622,5.19798469543457
81375,4.513339519500732
22759,3.711038112640381
77282,4.7898759841918945
16970,4.822309494018555
42566,4.033738136291504
19808,4.7723774909973145
100986,4.554531574249268
96991,4.851746082305908
50659,4.574525356292725
69743,3.9343202114105225
94082,3.982095718383789
107260,3.2965168952941895
61463,4.775660514831543
32538,5.220016956329346
68458,4.441481590270996
50251,4.26879358291626
11280,4.993154048919678
51101,3.17787504196167
11026,4.247374057769775
75348,4.782795429229736
17098,4.890055179595947
33412,4.4139933586120605
68892,4.280231952667236
10151,4.102694988250732
33648,4.9240031242370605
30547,4.161187171936035
2674,4.6652750968933105
30749,4.729572296142578
62999,4.941593647003174
4246,5.8900556564331055
35292,4.357641220092773
83382,4.9019060134887695
47244,4.143133640289307
15599,4.310276508331299
23697,4.95925760269165
14198,5.069507598876953
36533,4.909236907958984
94116,4.21887731552124
27613,4.851062774658203
61649,4.411841869354248
38382,4.265971660614014
70347,4.64821195602417
67218,4.347485065460205
98263,4.1879472732543945
71119,4.383691310882568
5044,4.620433330535889
45588,4.46444034576416
12863,4.8982133865356445
37323,5.1306610107421875
33118,4.699338436126709
105725,4.620138168334961
69434,5.179304122924805
62832,4.735443592071533
18598,4.5205512046813965
74413,4.5760908126831055
64583,4.39296293258667
7081,4.4736223220825195
97782,3.458200216293335
96724,4.664340496063232
105295,4.588767051696777
2084,4.163877964019775
52401,5.1210503578186035
49501,5.142905235290527
41435,4.323225021362305
2402,4.955202579498291
96640,3.6539292335510254
63409,4.570327281951904
90699,5.033796310424805
101106,3.3934428691864014
58828,4.020384311676025
38053,4.9427924156188965
76054,4.409756183624268
47514,4.286325931549072
34786,3.2818636894226074
94790,3.7403221130371094
77834,4.88118839263916
106504,4.641640663146973
46216,4.774964809417725
55229,4.0809478759765625
8081,4.469770431518555
79297,4.62968635559082
74210,4.833932876586914
54011,5.196147918701172
29451,4.515208721160889
22132,3.3086414337158203
58755,4.528290748596191
44560,4.805423259735107
89215,4.510887145996094
64187,4.900420665740967
57951,4.353155612945557
107843,5.378454685211182
34670,4.908834457397461
26786,3.869248390197754
91139,4.28839635848999
51339,3.544570207595825
10095,4.54758882522583
15573,4.794503211975098
58039,4.235994338989258
100878,4.860380172729492
24284,4.059351444244385
62198,4.878981590270996
82004,4.5321245193481445
66878,3.954782724380493
106353,4.055794715881348
98052,4.574765682220459
75291,5.379334926605225
90978,4.261201858520508
4335,3.7217397689819336
69284,3.8669962882995605
36627,3.374188184738159
49232,4.195784568786621
22944,4.787250518798828
63950,4.463194847106934
38390,4.151461601257324
10920,4.080024242401123
81025,4.55596399307251
53804,4.613003253936768
5363,4.9841694831848145
93808,4.852680683135986
37011,4.299559116363525
16225,5.117390155792236
32422,3.678964853286743
1716,4.856228351593018
24427,4.254422187805176
98334,3.910881519317627
60765,5.150423526763916
105083,4.211857318878174
43008,4.763998508453369
47281,4.666886329650879
70139,5.138105392456055
7530,4.069943904876709
105685,3.8292202949523926
60506,4.1429219245910645
84929,4.980514049530029
24998,4.136292934417725
27906,5.048506736755371
96523,4.297954082489014
78355,4.818789005279541
98567,4.4305806159973145
8648,4.524894714355469
57004,4.415221214294434
64808,4.433664321899414
7728,5.368988990783691
62952,4.956684589385986
20959,4.56963586807251
48161,4.753808498382568
80106,5.008769989013672
26656,4.507445335388184
101162,3.60734224319458
99644,4.598102569580078
104768,4.837778568267822
58580,4.0183563232421875
104059,4.805263042449951
33215,4.312238693237305
9539,4.608391761779785
89864,4.997218608856201
66525,4.936334609985352
38045,4.364699840545654
99347,4.5529255867004395
70284,4.177340030670166
92062,4.889089584350586
69629,5.128769874572754
6327,2.994802474975586
56346,4.666306018829346
6334,3.568730592727661
44764,4.698176383972168
10172,3.7451257705688477
95316,5.001908779144287
89616,4.674158573150635
74179,4.786823749542236
6177,4.484004497528076
39607,4.551874160766602
92992,4.664400577545166
27937,4.694595813751221
78185,4.921815395355225
53118,4.743669033050537
27418,3.9693944454193115
61261,4.623481750488281
87236,4.3101654052734375
35331,3.722968101501465
86873,5.116110801696777
105047,3.9819250106811523
53411,4.478643417358398
15185,4.351288318634033
51370,3.6311051845550537
101723,4.520513534545898
103209,4.551571369171143
66338,4.746315956115723
90162,4.575411319732666
95631,3.5024404525756836
32970,4.769205570220947
80387,4.4446635246276855
97896,4.346224308013916
46382,3.8087666034698486
1354,4.3259172439575195
22352,4.170013904571533
92783,4.982996463775635
102173,3.9065310955047607
15233,4.567245006561279
75069,4.761699676513672
82458,5.287986755371094
44968,4.794277667999268
24536,4.225134372711182
65920,3.810203790664673
103639,4.934087753295898
99852,4.627035140991211
48092,4.310078144073486
77978,4.470042705535889
65935,5.456394672393799
88906,4.568964958190918
91202,3.7158782482147217
26318,4.704930305480957
45847,5.044009685516357
6530,4.318934440612793
13369,5.284854888916016
47471,4.552478790283203
77140,4.128102779388428
29100,4.1511077880859375
63442,4.179365634918213
70016,4.1019744873046875
4875,5.15098762512207
42603,4.293487548828125
59991,4.415113925933838
63595,5.267225742340088
33454,4.345346927642822
19282,2.2530510425567627
63267,4.030702590942383
7856,4.817664623260498
86994,4.970497131347656
102724,4.4070234298706055
37808,5.271871566772461
105231,5.218018054962158
29662,3.8288283348083496
101232,4.628061294555664
1250,4.877373218536377
74383,3.687284231185913
70973,4.593325138092041
58550,4.3844451904296875
47813,2.8624870777130127
23898,5.355035781860352
22531,4.786036968231201
8848,4.571681022644043
5537,4.1839189529418945
12307,3.186464786529541
8196,3.5895254611968994
70631,4.0279154777526855
52045,3.5280158519744873
37545,4.977853775024414
62480,3.5224902629852295
91207,4.263565540313721
63180,4.732842445373535
64868,4.261916637420654
12329,3.4932146072387695
45073,4.748836040496826
69624,5.1066975593566895
73208,4.365288257598877
49203,4.508938312530518
57235,4.5529279708862305
99603,4.50213623046875
31332,4.531206130981445
81873,4.253478527069092
37951,5.194733619689941
68795,4.586300373077393
82066,4.391808032989502
22333,4.015801906585693
80630,4.321118354797363
60806,4.581321716308594
107121,4.750033378601074
48329,4.636948585510254
70834,4.526856899261475
27552,3.5711913108825684
54767,3.103557825088501
16501,4.245432376861572
73479,4.4770827293396
961,4.591494083404541
86232,4.9393229484558105
1491,4.5648298263549805
38153,4.354589462280273
30021,4.353063583374023
83357,4.73080587387085
90501,4.048365592956543
39613,4.435454845428467
44069,4.258159637451172
43270,4.961402416229248
47956,3.3785955905914307
52474,3.923369884490967
78819,4.390346050262451
43680,4.697127819061279
39804,4.000559329986572
41008,3.8990116119384766
6975,4.383553504943848
23075,4.379515171051025
15941,4.404812812805176
23592,4.696158409118652
33821,5.141605854034424
29154,4.393194675445557
41840,4.328413009643555
11343,4.931112289428711
108525,4.470345973968506
45999,5.03157377243042
27632,4.815042018890381
68238,4.757384777069092
40145,4.161144733428955
64273,3.9501731395721436
50481,3.8453972339630127
95017,4.089413642883301
80470,4.5210065841674805
55012,4.9874491691589355
44921,5.205001354217529
5445,5.080163478851318
4880,4.869117736816406
17672,4.448913097381592
34984,5.037077903747559
102556,5.125382900238037
53376,4.9937744140625
83400,4.60126256942749
102521,4.504260540008545
29220,3.7894287109375
91008,4.568912982940674
35714,4.020571231842041
84896,4.994358062744141
45682,4.277064323425293
94145,4.898819923400879
42969,5.00833797454834
39089,4.324911117553711
46488,3.278057813644409
11304,3.867652654647827
165,4.351440906524658
90708,5.005546569824219
12984,4.25521183013916
32439,4.43476676940918
78959,4.672170162200928
91409,4.547257423400879
16978,4.759864807128906
79253,4.726560115814209
44595,4.449069023132324
71206,4.7205095291137695
96581,4.307971000671387
85740,4.7218499183654785
71582,5.108659744262695
21722,4.1012187004089355
96569,4.9110026359558105
68073,4.899844169616699
93412,3.321239948272705
105347,4.907671928405762
25557,4.761936187744141
60380,4.93265962600708
43235,4.9152421951293945
44305,4.654935836791992
27335,4.7433762550354
46129,4.612415790557861
92261,3.6532673835754395
99605,4.896120548248291
95632,4.180246353149414
35830,3.071908950805664
88922,5.00600528717041
64518,4.005715847015381
102352,5.004394054412842
75466,4.495854377746582
58802,4.991934776306152
27156,4.853554725646973
95199,4.127561569213867
86000,5.009376525878906
1817,4.948118209838867
13392,5.303381443023682
9337,4.268337726593018
38794,4.3168768882751465
95370,5.094117164611816
32440,5.015299320220947
25650,4.690329551696777
4791,4.8906426429748535
44881,4.193604946136475
67514,3.015228033065796
69439,5.164705753326416
36516,4.350929260253906
64819,3.6682255268096924
57006,4.394038677215576
19556,4.991669654846191
17390,4.567747592926025
13128,4.403092861175537
53141,3.191758155822754
81748,4.940547466278076
107198,4.342838287353516
100807,4.766811847686768
7171,5.188805103302002
97567,4.522467136383057
65477,4.256815433502197
53699,4.51529598236084
23080,4.838326454162598
39212,5.076961994171143
91854,5.012574672698975
70832,3.2287662029266357
61377,4.964749813079834
77929,3.9746909141540527
47195,4.759738445281982
69639,4.916029930114746
73632,5.163818359375
12622,4.491043567657471
90941,4.3084235191345215
78697,4.617639064788818
105156,4.109198570251465
49619,4.541269779205322
15593,5.039793968200684
57469,4.039340019226074
30086,4.126518249511719
32488,5.208102226257324
80942,4.38680362701416
91903,4.6090474128723145
84005,5.0046820640563965
88924,4.780776500701904
61875,5.0675554275512695
14318,3.210012912750244
101898,3.746516466140747
78476,5.033275127410889
86747,4.7744035720825195
26987,4.569623947143555
75225,4.766550540924072
18996,4.941782474517822
106170,5.19668436050415
83883,4.958954811096191
92420,3.466757297515869
83169,4.905724048614502
14805,4.805671691894531
50987,4.70767879486084
108340,4.3779520988464355
92721,5.173316955566406
73325,4.864050388336182
102410,2.9849114418029785
6469,4.111814975738525
7647,3.7090773582458496
63660,5.032810211181641
54853,4.8212175369262695
42951,4.94768762588501
4943,5.021153926849365
67113,4.514204978942871
62353,4.166773796081543
46982,4.9668288230896
77293,5.121297836303711
54908,4.942266464233398
27260,4.504689693450928
3893,4.9086103439331055
96768,3.8065383434295654
77910,4.365315914154053
34624,5.280899524688721
94075,4.493879795074463
101390,4.897069931030273
56292,4.625670909881592
21718,4.604733467102051
60848,4.615211009979248
83913,4.407816410064697
49444,4.538541316986084
27180,4.693267822265625
73354,5.041391849517822
84838,4.529971599578857
65092,3.4049251079559326
50960,4.58800745010376
91715,4.907438278198242
232,4.9553422927856445
22351,3.9257731437683105
48957,4.134437084197998
41616,4.689224720001221
54751,4.116334438323975
90782,4.1115312576293945
81161,4.523035526275635
19250,4.314452648162842
106743,4.809427738189697
56491,3.9925696849823
82947,4.737771987915039
38977,4.484298229217529
85797,4.332758903503418
42923,4.3199639320373535
84552,3.7477645874023438
43467,5.301884174346924
72422,3.868558168411255
17367,4.969849586486816
97889,4.1320271492004395
2925,4.398037433624268
61393,4.589336395263672
26532,5.046566963195801
36179,4.522649765014648
40133,4.791443824768066
79797,4.2724785804748535
71065,4.181607723236084
47429,4.162287712097168
35763,4.433319568634033
96103,4.0149712562561035
20989,4.941110610961914
54478,4.369279384613037
57995,3.892540693283081
13350,3.189842462539673
15877,4.743770599365234
48231,5.048378944396973
3855,4.0085768699646
25329,3.32066011428833
49337,4.879000663757324
42218,3.409755229949951
61145,4.890433311462402
75238,4.6736016273498535
70348,4.9614033699035645
78786,4.890562057495117
78594,4.290802478790283
77926,4.713623046875
92376,3.536320447921753
74617,4.3539252281188965
16642,3.5403127670288086
27301,4.456989765167236
103921,4.635135650634766
56146,4.553391456604004
85715,4.929995059967041
40924,5.211824417114258
40325,4.576413631439209
11883,4.919617176055908
55176,4.827166557312012
37465,4.851551532745361
60800,4.528622150421143
66167,4.704676628112793
18441,5.082061290740967
88573,5.058431148529053
16597,4.2640886306762695
104107,4.102980136871338
33097,4.381403923034668
27394,4.779063701629639
39894,3.9362423419952393
84522,4.775927543640137
65130,5.035028457641602
18605,4.92762565612793
4649,4.580228805541992
31534,4.773476600646973
427,4.0218610763549805
81270,3.682124614715576
43423,5.224164009094238
33992,4.4152631759643555
30942,4.747840404510498
7686,4.536904811859131
94505,4.135252475738525
47259,4.635488986968994
71394,5.225947856903076
9670,4.994702339172363
39717,4.153183937072754
7436,4.7974114418029785
86848,4.933287620544434
64873,4.182005405426025
61,4.741054058074951
63787,4.875104904174805
59297,5.0537824630737305
39035,4.065637111663818
101042,4.893422603607178
10800,4.745759963989258
69514,4.746307849884033
47654,5.0616302490234375
102653,4.196062088012695
73763,4.2738423347473145
72092,4.518034934997559
15243,4.981060028076172
15278,4.353929042816162
75602,4.5991058349609375
56675,3.7936089038848877
78798,4.782932281494141
93766,4.702358722686768
61368,4.0611443519592285
34127,4.750865936279297
32166,4.9927568435668945
40806,4.852381706237793
17405,4.483502388000488
5152,4.50156831741333
34007,4.429281234741211
73692,4.327536582946777
68468,3.266186237335205
29290,4.46840763092041
13653,4.046308517456055
39388,4.4146037101745605
82022,4.673357009887695
45741,4.684134483337402
82599,3.760523796081543
937,3.4391140937805176
65000,4.459285736083984
33320,4.8338727951049805
31576,5.051026821136475
102859,4.695173740386963
5013,4.685331344604492
43681,4.506378650665283
39038,5.164261817932129
38983,5.093114852905273
47552,4.020255088806152
41993,4.653563976287842
12161,4.691817283630371
42986,4.402364253997803
2187,4.582901954650879
75382,4.103065013885498
107661,5.000027656555176
107902,4.164060592651367
71759,3.8460259437561035
87229,4.258171081542969
59615,5.180674076080322
27776,5.101921558380127
45840,4.726163864135742
74874,4.658135414123535
3758,4.505163669586182
101215,4.385458469390869
85174,4.016335487365723
26312,4.286811828613281
19035,4.3564019203186035
24866,4.742269039154053
26068,4.736326217651367
15956,3.469789505004883
5966,4.805778980255127
68001,3.893781900405884
72967,4.839683532714844
37224,5.172057151794434
18570,4.88059139251709
91947,4.745870590209961
65028,3.9920732975006104
27306,4.3897318840026855
51476,4.289901256561279
93908,4.626340389251709
58490,4.85969352722168
48803,4.01913595199585
24915,4.89812707901001
33514,4.589908123016357
4825,5.002040863037109
36778,4.6923322677612305
77605,4.416586875915527
44050,4.548251152038574
95174,4.274021148681641
70421,4.166576385498047
89437,4.275386333465576
77266,4.8375115394592285
71417,4.712518215179443
107321,4.14689302444458
23247,4.910580158233643
60213,4.417497158050537
88795,4.48082160949707
97705,4.419769763946533
40470,4.279445171356201
105126,4.193703651428223
69013,4.222599983215332
21221,4.633823871612549
88373,4.146583080291748
5421,4.8232011795043945
38248,4.716405868530273
107550,4.6112141609191895
72033,4.636177062988281
30163,4.854082107543945
84539,4.995623588562012
79660,4.560136318206787
85028,3.879272222518921
98394,4.414307594299316
51100,4.7028889656066895
75770,4.278545379638672
92385,4.7780842781066895
59296,4.385839462280273
70731,4.35447883605957
2550,4.441437244415283
99175,4.463354110717773
70622,2.9125616550445557
28927,4.881293296813965
8482,4.663667678833008
105220,4.807023048400879
80352,4.760064125061035
98050,4.595340728759766
56235,5.284916877746582
43221,4.58518123626709
75054,4.43427038192749
78878,3.41304874420166
29670,4.797025203704834
46853,4.385837078094482
27361,4.608922481536865
65281,4.2145891189575195
5729,2.9227795600891113
18274,4.77279806137085
42326,4.497073173522949
10227,4.74158239364624
80648,5.194945335388184
18039,4.846655368804932
38009,4.908946990966797
18289,5.128689289093018
20318,5.1897125244140625
72180,3.3739922046661377
85378,4.422756195068359
80612,4.821610927581787
42524,4.4787492752075195
22852,4.811297416687012
44689,4.446903705596924
2415,4.137371063232422
54619,4.764233112335205
58736,4.519932746887207
10311,5.4128098487854
54800,4.849678039550781
36784,4.580352783203125
95575,3.352966785430908
68396,4.8677215576171875
54405,3.6594057083129883
64806,4.783281326293945
83291,4.599141597747803
86050,4.514115333557129
93432,4.194021224975586
28837,4.696579456329346
99162,4.500446319580078
37035,4.279719829559326
105763,4.758570671081543
18217,4.783308029174805
50417,3.829773426055908
41846,4.200895309448242
39662,4.803577899932861
94358,4.533651828765869
62966,4.558584213256836
108241,4.965893268585205
55220,2.962185859680176
23882,5.083946704864502
46807,4.802289009094238
13411,3.666718006134033
72052,4.142636775970459
13213,4.248432636260986
54240,4.007765769958496
17735,4.5417704582214355
89614,4.90845251083374
81408,5.094973564147949
61492,4.333438396453857
36781,4.8465576171875
59856,5.096530437469482
70356,4.826441287994385
66701,3.501917600631714
32368,4.613310813903809
61798,4.612995624542236
16390,4.624265193939209
28786,4.996689796447754
55375,4.861372470855713
97019,4.325237274169922
39145,4.2937445640563965
27923,4.6745123863220215
57273,4.4482855796813965
42304,4.99661922454834
18164,4.7175612449646
97664,4.50715970993042
3353,4.1728739738464355
32890,4.0055413246154785
50815,5.041783809661865
11834,4.014734745025635
101815,5.136473655700684
71374,3.0546963214874268
1772,4.079781532287598
34739,4.350498199462891
10112,4.908141613006592
4171,4.206051349639893
79381,4.8877153396606445
63672,4.718238830566406
28998,4.491798400878906
33858,5.025720596313477
76579,4.751254081726074
57517,3.7730872631073
25960,4.0576395988464355
79649,3.5005266666412354
63618,5.202821731567383
10328,5.05400276184082
92364,3.2443439960479736
64315,4.134811878204346
11947,4.256167888641357
28781,4.785033702850342
98875,4.4353461265563965
19003,4.677862167358398
91704,4.211093902587891
7600,3.3257102966308594
26618,4.454074859619141
8073,4.366794109344482
89777,4.039012908935547
97568,3.9762892723083496
98067,4.125880718231201
83097,4.698911666870117
31565,4.867470741271973
9712,4.949692726135254
54966,4.778712749481201
97665,4.46459436416626
36246,4.817304611206055
18851,3.98923659324646
29716,4.457128524780273
85379,4.437047481536865
22019,5.203244686126709
35922,4.878095626831055
45507,3.8654446601867676
83532,5.090703010559082
74601,4.812443733215332
86085,4.435426712036133
10071,4.992891311645508
42429,4.055870056152344
3497,4.539825916290283
22324,4.764338493347168
58054,3.982356071472168
53025,4.262383937835693
17665,3.8340938091278076
67361,4.757351875305176
67704,4.240767002105713
28321,4.729672908782959
103511,4.8740057945251465
70669,4.85137414932251
39963,4.628709316253662
100409,4.6049933433532715
74388,4.758602142333984
86962,4.705203533172607
55781,4.719198703765869
15362,4.798805236816406
106224,4.253727436065674
87757,4.984457969665527
89671,4.858590126037598
94100,4.106888771057129
98355,4.241334438323975
84481,4.774837493896484
2293,4.150699138641357
21679,4.8672966957092285
96406,4.412459373474121
95717,3.998055934906006
17769,4.523375511169434
426,3.6996042728424072
61341,4.958087921142578
14639,4.777507781982422
94550,3.9723336696624756
63877,4.955442428588867
90035,5.162837505340576
5281,4.437833309173584
71785,3.796490430831909
77225,3.690037965774536
47279,4.256377696990967
27689,4.341342926025391
104844,5.436872482299805
56903,4.001676082611084
47960,4.4869208335876465
106074,4.572813510894775
6234,4.0501322746276855
46445,4.314892768859863
46930,4.741014003753662
34273,4.63976526260376
13618,4.586816787719727
6671,4.4164509773254395
45801,4.728131294250488
42379,5.048276424407959
60423,4.651149272918701
89894,4.511662483215332
41377,4.983383655548096
29952,4.957470417022705
60342,4.621952533721924
80195,4.930804252624512
6524,4.706934928894043
15929,4.6541948318481445
60161,4.6353759765625
45264,4.516226291656494
33251,3.7909348011016846
26995,4.5842485427856445
96048,3.293269395828247
102441,4.6048665046691895
35271,5.338877201080322
89959,4.848493576049805
88217,3.335360288619995
107043,4.982666492462158
103601,3.1906096935272217
23067,4.2691755294799805
82079,4.432121753692627
72155,4.637701034545898
102510,4.658439636230469
98891,4.952029705047607
51144,4.347035884857178
16553,4.818524360656738
91104,5.043507099151611
38314,4.420915126800537
91225,4.573876857757568
60807,4.488813400268555
10983,4.102707386016846
104452,3.8230297565460205
9062,5.037901401519775
76622,4.59421968460083
96951,3.49630069732666
55553,4.723138332366943
81847,3.245102643966675
92925,4.940796375274658
70400,4.024894714355469
35708,4.611044883728027
43991,3.4349443912506104
25908,4.551849842071533
103055,4.51047945022583
104206,5.5343217849731445
55998,3.2839431762695312
78929,4.585833549499512
49013,5.023173809051514
20682,3.9891910552978516
2379,4.788808822631836
18871,4.7302703857421875
50773,4.983544826507568
46197,4.957704544067383
47491,3.597708225250244
74482,4.168435573577881
35950,3.552295446395874
96004,3.366792917251587
41433,5.2321062088012695
25979,4.290921211242676
74370,5.113308429718018
43493,5.123848915100098
41574,5.087564468383789
69367,5.104220867156982
84027,4.214068412780762
63726,3.3874154090881348
100625,4.158834457397461
83212,4.97870397567749
17033,4.091987133026123
78473,5.044486045837402
96792,4.633052825927734
83891,4.641781806945801
39468,5.039973258972168
87061,5.091739654541016
99308,4.764617443084717
57427,4.652010440826416
85448,4.414368152618408
16658,3.955852508544922
38740,4.330841064453125
89748,4.490102291107178
36836,5.2326459884643555
39496,4.602460861206055
89780,4.683943271636963
59250,4.879644393920898
15083,3.809149742126465
43676,4.4833173751831055
79086,4.936802387237549
68844,4.480955600738525
86632,5.138725757598877
65209,5.212634563446045
42260,3.764234781265259
89243,5.535858154296875
12709,4.90329122543335
106539,4.13916015625
20706,5.079799652099609
3923,5.525942802429199
63173,4.589388370513916
30699,4.529587268829346
52825,3.1372437477111816
1756,4.0263872146606445
8338,4.671510219573975
89666,4.621234893798828
103622,4.238377571105957
21771,4.7955522537231445
96400,4.025710582733154
17679,4.882659912109375
85231,4.307579040527344
82009,4.527238845825195
336,4.88362455368042
75640,4.76350212097168
18106,4.737240314483643
71521,4.780440330505371
94227,4.5723772048950195
89797,5.00754451751709
100846,4.826093673706055
14305,4.648141384124756
70376,4.541835784912109
14269,4.501317024230957
53271,3.9078171253204346
16378,4.590587615966797
59207,4.2284674644470215
80510,4.355879306793213
50521,4.661910533905029
14547,3.2449545860290527
38094,2.925520896911621
2644,4.280140399932861
7653,4.168747425079346
81603,4.941054344177246
9527,4.861454010009766
97500,4.558904647827148
76570,5.213669300079346
5052,3.9236743450164795
58283,4.195614814758301
14677,4.620937347412109
35127,4.955684661865234
5320,3.8763654232025146
83701,4.696833610534668
86875,5.358962059020996
95328,4.556488990783691
35301,4.723583221435547
23098,4.460506916046143
89112,5.078678607940674
61590,2.0875046253204346
78281,3.9425172805786133
98683,4.3233795166015625
61981,3.866237163543701
56338,4.685419082641602
62376,3.894834280014038
85441,4.905941486358643
14231,5.109339237213135
4403,4.471210479736328
96186,4.774075508117676
70666,3.9648914337158203
13097,4.367105484008789
79786,4.638746738433838
39891,3.30959153175354
18269,4.35650110244751
44238,3.5741350650787354
94098,4.015740394592285
96470,3.4067792892456055
92056,5.019073486328125
51299,4.053850173950195
76151,4.722738265991211
80025,3.8091204166412354
30953,4.194133758544922
79185,5.02980375289917
12081,4.464109897613525
27507,3.785785436630249
20267,4.707254409790039
77035,4.999403953552246
74551,4.505431652069092
85644,5.016690254211426
41745,4.3473615646362305
66421,4.887706756591797
31886,4.702033042907715
43173,4.944979190826416
30135,4.534001350402832
73941,4.552439212799072
7113,4.615302085876465
25558,5.055288314819336
76268,4.501972675323486
24885,4.377999782562256
22350,4.922112941741943
30917,4.541869640350342
90487,4.777162551879883
104796,4.529747486114502
75500,4.726454257965088
37624,4.342982292175293
66630,3.378889799118042
73272,4.450538158416748
48394,4.297236442565918
1985,3.988715887069702
91431,4.385293960571289
13260,4.344267845153809
97747,4.485167503356934
10530,4.473379611968994
48997,5.477891445159912
28762,4.833960056304932
45819,4.919978141784668
85274,4.389296054840088
30758,4.883401870727539
41760,4.230966567993164
52708,4.265155792236328
10131,5.106074333190918
32693,4.651744365692139
8105,3.9492032527923584
68186,4.081813812255859
16929,4.9124321937561035
74485,4.297248840332031
63916,4.704965591430664
77331,3.9807984828948975
55640,4.699749946594238
19225,4.8801655769348145
11545,4.920731544494629
42221,4.767621994018555
95156,3.992716073989868
60754,3.6167919635772705
71271,3.665958881378174
15790,3.4617111682891846
77745,4.501343250274658
107873,3.8600070476531982
90963,3.9700372219085693
69951,4.759063720703125
77298,4.985893726348877
7357,4.208823204040527
84459,5.029667854309082
40632,4.331785678863525
102199,3.8720407485961914
30757,5.407480239868164
56159,4.504960060119629
37561,4.437140464782715
72298,4.631868839263916
104505,3.887824296951294
82697,2.9955697059631348
47462,4.634827613830566
15780,3.5675952434539795
76826,4.702517509460449
100231,3.4516940116882324
37785,4.350698471069336
77892,5.051900863647461
15364,4.332614898681641
71790,4.3828444480896
78005,5.11098575592041
101040,4.524770259857178
86767,4.485124588012695
22371,4.003695487976074
83908,4.083016395568848
45202,4.672510623931885
32363,4.021385192871094
56107,3.6549203395843506
103869,3.784609317779541
80879,4.837100982666016
5466,4.8507232666015625
54138,4.023890018463135
38289,4.698647499084473
54886,4.614344596862793
106375,3.2430427074432373
44845,5.027252674102783
34160,5.08085823059082
56261,5.084267616271973
59945,4.873132228851318
66621,4.6714277267456055
81534,3.6598403453826904
65957,4.386571884155273
1476,4.05283260345459
68467,4.036888122558594
59171,5.038880825042725
99432,4.002358436584473
69817,4.239499092102051
13936,4.939114093780518
20361,4.956894874572754
108511,5.021951675415039
52181,4.430655002593994
61834,4.7750396728515625
17791,3.60404372215271
3668,4.643743515014648
13606,4.529056072235107
62928,3.9579031467437744
27338,4.4500346183776855
7023,4.886951446533203
29016,4.906320095062256
92392,4.721995830535889
73225,4.773727893829346
6842,4.62165641784668
88068,4.444580078125
37218,5.031081199645996
56492,5.195838451385498
52957,4.071282386779785
47109,3.613119125366211
18543,5.156219482421875
67693,4.5250372886657715
77191,5.062582015991211
68755,4.937816143035889
20299,4.8531880378723145
106096,4.427846908569336
8939,4.516597747802734
56552,5.247574329376221
33021,4.550337314605713
9290,4.869290828704834
12205,4.067325592041016
96454,4.9666523933410645
67641,4.301749229431152
62490,3.5963306427001953
103818,4.312567710876465
94032,4.5439133644104
98119,4.570764541625977
74645,4.327539443969727
29602,4.790314674377441
31183,4.969343662261963
24066,4.633040904998779
50636,4.6374359130859375
74958,4.00758171081543
55234,4.12787389755249
51182,4.306843280792236
45885,3.7971880435943604
35451,5.018439292907715
48342,3.9652745723724365
98795,4.181877136230469
23279,4.870712757110596
3615,5.019617557525635
96618,4.440899848937988
24117,5.351002216339111
98191,4.508448600769043
90973,2.1634693145751953
14511,4.347062587738037
33149,4.878830909729004
50161,4.310511112213135
8186,4.151355743408203
99710,5.21999979019165
70659,4.787781238555908
29777,5.27398681640625
73452,4.070426940917969
97700,4.695406436920166
82308,4.3788957595825195
5944,4.690983772277832
20236,4.667410850524902
18187,3.748180627822876
25217,4.140116214752197
24842,4.631765365600586
28950,4.593385219573975
97466,3.8054592609405518
33597,3.7727627754211426
6631,4.269731521606445
61504,3.9579148292541504
90067,4.52031135559082
85467,4.854006290435791
26543,5.1364426612854
97437,4.387826919555664
40226,5.058650970458984
96514,5.136102676391602
75296,4.59381103515625
89318,4.976553916931152
8861,4.156361103057861
45341,5.255758762359619
84211,4.7799973487854
7060,4.670783996582031
77115,5.189402103424072
78898,2.2040321826934814
67562,4.641526222229004
59317,4.88396692276001
33318,4.826737403869629
53273,4.608311653137207
39974,4.41024923324585
87698,4.2219157218933105
32519,4.798508644104004
36284,4.5594482421875
12554,4.5736517906188965
27356,3.7480461597442627
70520,4.744869709014893
52843,3.73970627784729
56074,3.818039894104004
41390,5.031162261962891
53639,4.306691646575928
102889,5.07672119140625
19481,4.8980607986450195
90488,4.8369927406311035
65348,4.470682621002197
26234,5.026488304138184
73746,4.49314022064209
76485,4.794355392456055
22322,5.204331398010254
26635,4.012604236602783
96773,4.787136554718018
49251,4.764632225036621
31523,4.5228681564331055
28770,4.785007953643799
11454,4.976359844207764
106213,4.391807556152344
50155,4.403207778930664
1738,4.006415843963623
18715,4.522050380706787
70127,4.773156642913818
37536,4.398764610290527
28861,4.864782810211182
67233,4.716471195220947
60845,4.565037727355957
50547,2.166229486465454
88763,4.95808744430542
43757,4.158397674560547
107928,3.7445192337036133
10300,4.841629981994629
71543,4.201787948608398
101107,3.553358316421509
75938,3.9124722480773926
52498,3.799553871154785
53688,4.547769546508789
47358,4.250550270080566
6658,4.289628028869629
50607,5.0342512130737305
57826,4.777976036071777
98719,4.488562107086182
11331,2.8064332008361816
61997,4.557750225067139
97838,4.20224666595459
80769,4.638935089111328
100334,4.544548034667969
67394,4.60161018371582
45829,3.8332676887512207
63846,4.839415073394775
37015,3.8119513988494873
94593,4.083107948303223
27062,4.091160297393799
41125,4.716149806976318
14064,4.422863483428955
66748,4.615694522857666
69561,4.4419426918029785
32817,4.464313983917236
19987,3.4586386680603027
28093,3.877532958984375
72211,4.299789905548096
19218,4.937729835510254
82208,5.3124518394470215
103281,3.9563257694244385
65284,4.730532646179199
7348,4.618919372558594
88179,4.096033096313477
48647,4.926525115966797
74212,5.117680549621582
33548,4.691659450531006
78737,4.912631034851074
48013,4.961271286010742
23817,5.172662734985352
72540,4.881049156188965
31902,4.6096696853637695
96577,4.21479606628418
107957,4.28646183013916
20634,4.3479814529418945
77180,4.528436660766602
40850,5.351494789123535
37768,4.829530715942383
50037,3.3716156482696533
47871,4.153804302215576
100677,4.481888771057129
14122,4.631580352783203
55968,3.6152098178863525
40858,5.026963710784912
56290,4.725042343139648
33292,4.842807769775391
42865,4.922010898590088
38886,4.817891597747803
43616,4.841300010681152
4676,4.877811431884766
5901,5.038566589355469
15889,4.677130222320557
60990,3.9355626106262207
7331,3.993455410003662
49142,4.911406517028809
89727,4.725531578063965
32173,3.879347324371338
7270,5.230052471160889
21676,4.367806434631348
85101,3.1385796070098877
52464,4.383784770965576
912,4.791812896728516
53726,4.813672065734863
64948,4.745673179626465
26957,3.2805635929107666
82403,5.027225494384766
80833,4.575739860534668
25385,4.464784145355225
65993,3.8665733337402344
96233,4.843815326690674
68101,4.816331386566162
29364,4.390921115875244
63970,4.319482803344727
96422,4.480563163757324
42133,4.420596122741699
37122,4.940072536468506
82848,4.750750541687012
100396,4.314031600952148
3134,3.565253973007202
80548,4.245022296905518
70770,4.156895160675049
79893,4.719512939453125
100710,4.8195929527282715
39171,4.911586284637451
27445,4.694443702697754
97245,4.437047958374023
62496,3.9867358207702637
88928,4.700155735015869
8667,4.243199825286865
33991,4.545624256134033
50637,4.772644996643066
59170,4.866589069366455
131,4.137943267822266
54567,4.565347671508789
27396,4.808187961578369
16189,4.7646331787109375
102734,4.038182258605957
20998,4.914410591125488
98925,4.438665390014648
43637,4.301779747009277
14227,4.8072309494018555
103989,4.821003437042236
47403,4.1118974685668945
82752,4.082365036010742
89277,5.218835353851318
91902,4.760347843170166
59060,4.348642826080322
88269,4.780237197875977
84776,4.716689109802246
60811,4.745393753051758
2009,4.702155113220215
107606,4.986005783081055
101999,4.865124225616455
66818,4.674890995025635
29641,4.812280654907227
85786,4.609946250915527
90015,4.503701686859131
10161,5.0631184577941895
62442,4.40540075302124
107360,4.8161396980285645
72515,4.964447021484375
44188,4.288973331451416
29044,4.175127029418945
85580,4.681876182556152
98242,4.80737829208374
95993,3.578336477279663
94863,4.194845676422119
71025,4.367901802062988
55851,4.0870561599731445
100629,4.844887733459473
47722,4.949951171875
59053,4.860354423522949
87543,5.2490949630737305
2136,4.884341239929199
14823,4.91248893737793
53269,4.876196384429932
80423,5.111062049865723
94221,3.9790313243865967
102619,4.611747741699219
21240,4.434205532073975
17516,4.080604076385498
67322,4.377518177032471
84364,4.973542213439941
23440,4.331084728240967
23040,4.855930328369141
10452,4.029374122619629
13396,5.134577751159668
104780,4.707907676696777
59450,4.460896015167236
14734,4.112493991851807
103928,5.468376636505127
89368,4.840905666351318
31678,4.083930969238281
42355,3.959144115447998
53355,5.246614456176758
46789,4.526343822479248
76315,4.7986159324646
18190,4.564136028289795
77541,4.931922912597656
83523,4.566567420959473
21374,4.484792232513428
107514,4.146878242492676
93814,4.78870964050293
15419,4.152623176574707
4945,4.451906204223633
57184,4.801102161407471
80961,4.077954292297363
83554,4.853447914123535
44223,4.898787021636963
54475,5.005173683166504
46576,4.065901279449463
9637,2.9516217708587646
32625,4.334820747375488
98288,4.644522190093994
65141,4.719551086425781
80920,3.932339668273926
105014,4.2781782150268555
60763,4.052753925323486
1826,4.583770751953125
34925,4.830193996429443
11244,4.696509838104248
107425,4.034468650817871
75396,4.5387773513793945
32701,4.901299953460693
56796,4.575606822967529
85175,4.165243625640869
2965,3.6110854148864746
29490,4.864686012268066
47346,4.086402416229248
58491,4.819477081298828
58247,4.435635089874268
99398,3.509509801864624
50187,3.726388692855835
28383,3.9851322174072266
45432,5.100060939788818
75044,4.646790027618408
69952,4.597899436950684
93172,4.645163059234619
75681,4.932147979736328
17680,4.985581398010254
7756,4.4020538330078125
14195,5.096806526184082
107440,3.6580610275268555
65846,4.083370685577393
68716,4.707866191864014
48815,4.769114017486572
59580,4.135409832000732
68207,3.0781431198120117
51185,4.473113536834717
31528,4.952413082122803
32275,3.675386905670166
105199,4.77268648147583
57068,4.4297709465026855
90648,4.467142581939697
9639,4.659346103668213
10202,4.995473384857178
5329,4.245657920837402
52067,3.4033219814300537
66193,4.146273136138916
87432,3.727437734603882
3405,3.836487054824829
69296,3.6138033866882324
82427,5.209735870361328
97165,3.33376407623291
57466,4.32002067565918
47304,4.555183410644531
32036,4.833724498748779
45809,4.788618087768555
75698,4.3438801765441895
27811,4.838524341583252
50193,3.8485476970672607
46795,4.242801189422607
41123,4.353237628936768
78214,4.910335063934326
96607,3.8358733654022217
4099,5.124490737915039
7437,5.173482418060303
100976,4.806633472442627
19230,4.791032314300537
105302,4.7871575355529785
3292,4.417739391326904
20926,4.977466583251953
106541,5.271551609039307
7986,4.387777328491211
10267,5.26790714263916
70573,4.107175350189209
60668,4.671070098876953
2112,4.713342189788818
38164,2.7286131381988525
17455,4.987002372741699
1304,4.601683616638184
94663,4.065459728240967
10899,4.605656147003174
7133,4.914719581604004
74532,4.640302658081055
56695,4.214736461639404
28087,4.49546480178833
85140,4.462472915649414
10962,4.394597053527832
36884,5.153245449066162
5929,4.843946933746338
28117,4.5778608322143555
71063,4.2816901206970215
20576,4.50901985168457
67493,4.111534118652344
16235,4.694589614868164
68106,4.766585350036621
6180,4.751896381378174
28853,4.777609348297119
913,4.652844429016113
49926,4.59328556060791
29057,4.452537536621094
7449,4.3769330978393555
94038,4.75931453704834
94362,4.7773003578186035
57475,3.9278793334960938
28572,4.523418426513672
61123,5.191957950592041
13764,4.569712162017822
72815,4.53946590423584
83524,3.5785906314849854
83205,4.897289276123047
56198,4.445442199707031
733,2.525355100631714
24616,3.671429395675659
44297,5.011806011199951
13945,4.362781524658203
66420,5.075867652893066
53102,4.617604732513428
73363,5.151948928833008
67065,4.759279251098633
99300,4.992185115814209
100628,4.740891456604004
8039,4.139147758483887
55357,4.888266563415527
37087,4.6728596687316895
3955,5.023726463317871
17045,4.280706882476807
101806,3.3683090209960938
75359,4.960496425628662
67677,3.8643767833709717
69177,5.127507209777832
39315,5.239027976989746
55707,3.204847812652588
19419,5.024760723114014
97875,4.681796073913574
44038,4.570255756378174
55861,3.7513444423675537
57186,3.64263916015625
88268,4.942208766937256
6812,4.577455520629883
107214,4.795108795166016
100225,4.094930648803711
67531,4.085373878479004
102949,4.78719425201416
95221,4.074573993682861
58286,4.513187885284424
16392,3.423861503601074
4861,4.97546911239624
12472,3.9744884967803955
17000,4.097808837890625
33538,5.197155952453613
89660,4.953134536743164
3039,5.284302234649658
45212,3.6110169887542725
34667,4.92594575881958
67150,4.551233768463135
77721,4.39998197555542
25112,4.547877311706543
85891,4.422312259674072
12302,4.253073215484619
50598,4.811184406280518
58178,3.8317837715148926
36534,4.38705587387085
81392,4.955729007720947
98586,4.731682300567627
2076,4.910696983337402
90851,4.358341217041016
22654,4.328148365020752
3857,4.1324462890625
3746,4.431991100311279
24649,4.6706156730651855
86361,5.067343235015869
17177,4.955312728881836
16315,5.022051811218262
46107,4.696552753448486
64220,5.037608623504639
7793,4.634067058563232
67339,5.248563766479492
23559,5.110202312469482
31520,4.618678092956543
48655,3.627683639526367
79529,3.6401402950286865
80893,4.782910346984863
95642,4.162238121032715
103458,4.189169406890869
103684,4.023801326751709
51928,3.765540361404419
70897,4.762009143829346
21093,4.57344913482666
17520,4.773647308349609
46311,4.554553985595703
44176,4.756349563598633
13977,4.873297214508057
74174,5.1443562507629395
51947,3.8461520671844482
47912,4.192030429840088
43121,5.055743217468262
77443,4.453325271606445
34283,4.4864912033081055
42787,4.970027923583984
44508,3.749788999557495
105015,3.911581039428711
12061,4.138291835784912
14801,5.080347061157227
81114,3.974472999572754
26551,4.685881614685059
85780,4.250028133392334
108160,4.937718868255615
31148,3.8301827907562256
18098,4.929258346557617
54268,4.205626487731934
43986,4.179581642150879
24225,3.872506618499756
2564,4.775439739227295
75867,4.290401458740234
11211,4.690155029296875
88477,4.5731048583984375
4150,4.078649044036865
71149,5.089700222015381
1151,4.652118682861328
91349,4.648484706878662
80556,5.100339889526367
79189,4.92547082901001
59572,4.976667404174805
18986,4.9095048904418945
17860,4.749895095825195
10301,4.749483585357666
36545,4.633222579956055
70343,3.929927110671997
30105,4.654705047607422
53259,4.579098701477051
25728,4.880956172943115
85490,4.84722900390625
6150,4.58552360534668
75509,3.9914181232452393
82543,3.814434051513672
77405,4.411096572875977
29742,4.728250503540039
83226,3.80196213722229
22774,4.910796165466309
56592,3.7696661949157715
106104,5.149125576019287
102646,4.828404426574707
36787,4.652503490447998
49576,4.919675350189209
41025,4.741566181182861
18216,4.114138126373291
43875,4.2455363273620605
25707,4.9267730712890625
86008,3.9999823570251465
96396,4.071385383605957
57040,3.815347909927368
90597,4.479151248931885
105017,4.692525863647461
40078,4.461972236633301
37806,5.4159650802612305
63545,5.212837219238281
62718,4.056524276733398
19117,4.667747497558594
86589,4.770362377166748
12889,4.912367343902588
65783,4.352782249450684
63986,3.9008891582489014
78678,5.340418338775635
45393,4.648484230041504
62153,4.884930610656738
53627,4.837145805358887
35811,4.777080535888672
44758,3.8368868827819824
35672,3.860194444656372
81556,4.811853885650635
10036,4.3374810218811035
428,4.4529194831848145
75426,4.483389854431152
43654,4.542957782745361
38433,4.553937911987305
67172,4.920152187347412
72848,4.584027290344238
49448,4.298916339874268
70646,3.3869543075561523
25643,4.854195594787598
49674,4.661808967590332
36621,4.106464385986328
25160,4.83429479598999
97341,4.183277130126953
63301,4.695618629455566
30138,4.604846000671387
57853,4.322486400604248
54850,3.9410881996154785
29173,4.782165050506592
96825,4.912539958953857
16819,3.919428586959839
82402,5.245028972625732
91376,4.5337300300598145
52983,3.6776187419891357
71857,4.290115833282471
106498,3.7516276836395264
78916,3.994825839996338
48208,3.4334232807159424
43679,4.449285507202148
26741,4.438704013824463
5374,5.011541366577148
8183,4.557010173797607
55689,4.3115105628967285
53636,4.61430025100708
43116,4.77310848236084
87545,5.108938217163086
52513,4.2265119552612305
55014,4.302004814147949
1515,3.8688344955444336
30997,4.806730270385742
49223,4.892117023468018
25928,4.766650199890137
63188,4.696935653686523
68899,4.928177833557129
89737,4.042540550231934
72476,4.472784519195557
77988,5.158532619476318
49964,3.4647057056427
81672,5.037439346313477
20399,4.340301036834717
45785,4.838309288024902
64407,4.7537431716918945
87294,4.9252543449401855
4967,5.1832404136657715
64224,4.606418609619141
76682,4.545444488525391
102825,4.821150302886963
103096,4.76200532913208
38965,5.080758094787598
52455,4.286233901977539
75091,4.094887733459473
25375,4.7135233879089355
65513,3.810645341873169
97282,4.217592716217041
84319,5.171660900115967
85123,4.71610164642334
74871,4.786294460296631
87135,5.007998943328857
1774,4.07628870010376
15658,4.907351970672607
42696,4.686789035797119
65311,5.092031478881836
20153,5.0780792236328125
12465,4.790611743927002
99322,4.370704174041748
11431,4.843057155609131
41220,3.8997068405151367
39693,4.397853374481201
59851,4.35015344619751
82017,3.8502495288848877
45499,3.900543689727783
1909,4.601370334625244
86938,4.835793972015381
18748,4.648532867431641
59186,4.8927507400512695
86229,4.864703178405762
86382,3.757967472076416
79485,4.6871185302734375
82281,4.831597805023193
100021,4.158716201782227
108454,4.421961307525635
83940,4.903048992156982
73677,4.098470687866211
107054,4.380217552185059
66332,5.203077793121338
66126,3.7500743865966797
25712,5.073058128356934
7995,5.06147575378418
1843,4.223474502563477
103903,3.6450729370117188
10683,3.997220754623413
54439,4.635746955871582
67634,4.728287220001221
15875,4.72695779800415
56240,5.000943183898926
80162,5.1304521560668945
42680,4.6692681312561035
41282,4.702512264251709
221,4.626436710357666
84974,3.6154003143310547
88498,4.955342769622803
87844,4.333809852600098
78093,4.997257232666016
13889,4.931541442871094
90329,4.462684631347656
92724,4.117908477783203
24659,4.618280410766602
81951,3.3819363117218018
59110,4.2295074462890625
49200,4.476540565490723
56697,4.454677104949951
69118,4.655691146850586
10481,5.03013277053833
84822,4.790478706359863
31372,4.39749002456665
81959,4.416520595550537
47873,4.69532585144043
1582,4.560577869415283
22297,5.250015735626221
73962,4.059609889984131
15669,4.244993686676025
74301,3.770066976547241
92663,4.514392852783203
70578,4.951904296875
60655,4.745869159698486
43327,4.908106327056885
24327,4.163257122039795
85275,5.245731830596924
95953,4.379966735839844
51796,4.173637866973877
23274,4.228043556213379
34997,4.055786609649658
31959,3.4884235858917236
23107,4.935684680938721
42531,3.418367862701416
54269,3.5580365657806396
102975,4.596446990966797
80394,4.952220916748047
82062,5.074638366699219
106893,4.201851844787598
44254,4.645057678222656
53720,3.188321590423584
106265,4.727612495422363
58919,4.664043426513672
101809,5.04650354385376
59458,4.256656646728516
59390,3.619253396987915
54609,4.025221824645996
62565,4.4034600257873535
2980,5.090848445892334
43393,4.062063217163086
97710,4.595806121826172
79841,5.173271179199219
4285,4.804714202880859
55322,4.844667434692383
41257,5.266368389129639
95302,4.727778434753418
92759,4.790398120880127
87536,4.585507392883301
27142,4.790714263916016
17492,4.916447162628174
32550,4.864270210266113
69831,4.756129264831543
18930,4.423727989196777
97891,4.563068389892578
95185,4.405007839202881
28141,4.871434688568115
6329,4.204898834228516
72051,4.025895118713379
36354,4.287938117980957
40457,4.720358848571777
13548,4.189493656158447
36988,4.88549280166626
1081,4.627359390258789
8522,5.178097248077393
81020,4.172002792358398
87329,4.176077842712402
20240,4.644368648529053
19587,4.181428909301758
52099,3.8778269290924072
23580,4.628022193908691
53607,4.594374179840088
61475,4.87401819229126
26054,4.738192081451416
76478,5.300284385681152
45849,4.782718181610107
9195,4.512451171875
104208,5.274730205535889
2818,4.409547805786133
9956,4.730632305145264
100858,5.0070600509643555
95525,4.482531547546387
20156,4.718545913696289
58460,4.580657482147217
80786,4.880117416381836
44699,4.361722469329834
104113,4.588195323944092
25325,5.002211093902588
4098,4.458277702331543
68631,4.409121036529541
52704,4.712869644165039
66466,4.371406078338623
16476,4.568324565887451
84862,4.758002758026123
37382,4.823103427886963
49276,4.4167561531066895
30770,5.197361946105957
25241,5.032458782196045
105462,4.9700117111206055
19409,4.711666107177734
17648,4.810059547424316
1471,4.527089595794678
105927,4.933237075805664
1630,4.682187080383301
28323,4.675734043121338
80881,3.9197616577148438
86188,4.7089996337890625
5731,5.062572479248047
96709,4.13045597076416
89657,4.488837718963623
74840,3.777097225189209
44225,3.9656753540039062
2444,4.489985942840576
83429,4.756721019744873
16428,3.785053253173828
92212,4.689623832702637
12222,4.81939697265625
31499,4.810268402099609
16243,3.745918035507202
37314,4.075195789337158
42438,5.081907749176025
106025,5.337155818939209
33284,4.803097248077393
35208,4.23099422454834
90646,3.955305814743042
95788,4.423150539398193
86071,4.278585433959961
84291,4.757687568664551
51420,4.53650426864624
86528,4.226397514343262
35998,3.4603843688964844
34756,3.5982887744903564
90567,4.648495674133301
84140,4.613560199737549
32814,4.734609603881836
77271,4.603153228759766
66397,4.36140775680542
3124,3.6543467044830322
49308,4.68222713470459
51115,4.6539106369018555
90111,4.974691390991211
99038,4.926728248596191
70217,5.013582706451416
63688,5.29371976852417
71972,4.713831424713135
52199,4.512531757354736
84009,5.110133171081543
26420,4.014105319976807
38605,4.2034993171691895
53436,3.2294669151306152
96987,4.765552997589111
46707,3.99541974067688
23663,4.903886318206787
95550,3.6427907943725586
17808,4.723557472229004
82279,5.044311046600342
65485,4.1034369468688965
98440,3.939279317855835
96065,4.921131610870361
100563,4.908201694488525
107256,3.8731446266174316
75082,4.370168685913086
64702,4.638274669647217
52956,4.467868804931641
26032,4.487362384796143
88306,4.933274745941162
106347,4.686419486999512
56451,3.4172911643981934
25803,4.234318733215332
63815,4.728656768798828
3765,4.356255054473877
61907,5.0974884033203125
75555,3.8310582637786865
93333,4.789604187011719
19792,4.366891860961914
36629,4.726008892059326
52848,4.718005180358887
92664,4.963918685913086
85094,5.106791973114014
70960,3.743612766265869
11450,4.669058322906494
26044,5.072584629058838
53495,3.8901286125183105
13787,5.120892524719238
58356,3.7964630126953125
528,4.690219879150391
62001,4.800446033477783
80229,4.2755446434021
7472,4.131175994873047
76350,4.998937606811523
3878,4.573023796081543
17704,4.599326133728027
73625,3.9889776706695557
33331,3.824472188949585
28733,4.691184043884277
17039,4.977049827575684
53490,4.775230884552002
7767,3.224987030029297
83893,4.9373250007629395
18275,2.807450294494629
10039,3.7475740909576416
61741,4.131453514099121
62484,4.610907077789307
107434,3.95874285697937
67779,4.212179183959961
43618,4.683369159698486
87562,4.631438255310059
48508,3.1590635776519775
35132,5.043087959289551
60727,3.674379825592041
106809,4.611761569976807
86766,4.312709808349609
22211,4.683221340179443
87793,4.75972318649292
21265,5.143645286560059
108004,5.163613796234131
7240,4.96835470199585
96597,4.170650005340576
75996,4.154368877410889
41129,4.424569606781006
73492,4.390606880187988
32473,4.676210403442383
5893,4.691315650939941
17626,4.757450580596924
80118,3.718233585357666
34296,4.115830421447754
44797,4.900895595550537
47536,4.422140598297119
57731,5.299315929412842
73200,4.284708023071289
106251,4.499825477600098
29418,4.954775333404541
91870,4.436188697814941
42746,4.864990711212158
74261,4.484234809875488
79331,4.49977445602417
104217,3.2524924278259277
6482,4.49160099029541
43802,4.231252193450928
82122,3.205024003982544
90850,4.204240322113037
65882,3.086576461791992
49589,4.4946184158325195
14192,4.453629493713379
7191,4.255922794342041
99261,4.753375053405762
73651,4.591118812561035
423,4.891357421875
102850,5.060652732849121
29893,4.319586753845215
76560,4.7273125648498535
53500,4.63895320892334
90090,4.496150493621826
100062,3.317601203918457
76124,4.931911468505859
16286,5.053185939788818
79225,3.00976824760437
66996,4.574457168579102
104518,4.588321208953857
20008,4.641444683074951
43132,4.519768714904785
39287,5.34355354309082
74387,4.4374260902404785
59394,3.648636817932129
45762,4.995630741119385
46599,4.428318500518799
78465,4.752377033233643
30881,4.68775749206543
54046,4.704261302947998
79015,4.99629020690918
25706,5.248602390289307
8435,4.463385581970215
101891,4.413947582244873
63685,4.060349464416504
9293,4.25714111328125
90912,4.678346157073975
68647,4.715728282928467
51161,4.598708152770996
68854,4.417415618896484
25623,5.019124984741211
15816,4.578935146331787
102421,5.252006530761719
42482,4.947909832000732
41986,4.718559741973877
102840,4.951134204864502
65682,4.527254581451416
36575,5.160022735595703
35775,4.877943515777588
16256,4.7555251121521
35516,4.684464931488037
61516,3.096195936203003
13528,5.001008987426758
79043,4.2834792137146
108446,4.973458290100098
49860,5.0954413414001465
7825,4.818411350250244
39704,3.9472954273223877
60376,4.725905418395996
46225,4.60816764831543
33530,4.8968892097473145
91505,4.812066555023193
74643,3.795687437057495
72724,4.954757213592529
106445,4.709974765777588
39778,4.666761875152588
90211,4.119708061218262
84096,4.681642055511475
67277,4.6246538162231445
70312,4.488719463348389
34746,3.4786810874938965
51209,4.232085704803467
102108,4.748226642608643
42110,4.484085559844971
19902,4.231197357177734
70764,4.214879512786865
71002,4.5687947273254395
18947,4.35753059387207
87637,4.826882362365723
48985,4.762843132019043
8224,4.0569586753845215
13574,4.645203590393066
78007,3.8775458335876465
107290,3.4783732891082764
66205,4.5096940994262695
76731,4.924211025238037
40980,4.179081916809082
62432,3.4095606803894043
61400,5.056882858276367
102739,4.535312175750732
6157,4.794811725616455
71740,4.026342868804932
1148,4.738907337188721
28635,3.7418415546417236
86504,4.7549147605896
14366,3.5112836360931396
76574,4.929992198944092
85873,4.890924453735352
9344,4.151748180389404
40484,4.306982517242432
51789,3.926541566848755
24547,3.526625633239746
80561,4.719849109649658
73715,3.8939554691314697
32946,5.085836887359619
28557,5.014383792877197
108183,3.818171501159668
37538,4.280392169952393
17214,4.417531967163086
43515,5.066536903381348
50256,3.729465961456299
58003,3.8178036212921143
53877,4.975739002227783
71862,4.529649257659912
74768,4.005834102630615
32253,4.91729736328125
26923,4.2146148681640625
1759,3.964423656463623
78632,3.6759846210479736
86171,4.899182319641113
81402,4.966524124145508
38448,4.310780048370361
87979,4.831338405609131
45671,3.69948148727417
73708,3.9020135402679443
59067,4.993109703063965
77580,4.08535623550415
83012,5.036914348602295
88887,5.193118095397949
45652,4.876060962677002
75501,4.32086181640625
43375,5.091608047485352
92131,4.861230373382568
86682,4.661251544952393
100766,4.132524490356445
87726,3.5328269004821777
73203,4.807558059692383
38134,4.303892135620117
27459,4.443014621734619
30278,4.980871677398682
75910,4.457945346832275
29816,4.171842575073242
102994,3.8365626335144043
28408,4.865776062011719
28503,4.36701774597168
5975,4.6736063957214355
81740,4.515901565551758
31303,5.139825344085693
89083,4.875511169433594
94621,3.4743106365203857
108512,5.106710910797119
36256,4.873728275299072
65321,4.154149532318115
30035,4.859625816345215
90417,4.840261936187744
6351,4.13655948638916
78886,4.354531288146973
72593,4.790294647216797
96132,4.846505641937256
1365,4.4318528175354
92875,5.1509199142456055
79863,3.838060140609741
71901,3.851365089416504
35264,5.171142101287842
86288,4.61253547668457
75635,4.622871398925781
84372,5.0451130867004395
20846,3.972080707550049
58250,4.618262767791748
27824,4.882787704467773
19144,4.889276027679443
20380,3.854685068130493
25564,5.054138660430908
7158,4.9757914543151855
21209,4.745984077453613
46521,3.682832717895508
99163,4.842239856719971
70422,4.744670867919922
16758,4.908636569976807
40770,4.467253684997559
56096,4.755682468414307
28459,4.404929161071777
19334,3.8634376525878906
22566,5.1573405265808105
96585,3.800238847732544
78788,3.6120901107788086
63518,4.599624156951904
37389,4.2597198486328125
105493,5.002249240875244
979,4.1058030128479
86053,3.7951719760894775
47132,4.5648722648620605
31398,3.3028488159179688
60263,3.8637759685516357
78098,4.510769367218018
23096,4.381665229797363
65574,4.627391815185547
40450,4.415293216705322
71588,5.163792133331299
22851,4.741005897521973
79335,4.233310222625732
88879,4.48309326171875
106193,3.8067593574523926
66958,5.175612449645996
86887,5.043124675750732
31300,4.897231101989746
14045,4.461081027984619
86694,4.7626142501831055
40111,4.666050434112549
37076,4.5198588371276855
14096,4.848176956176758
50514,4.566050052642822
79183,5.435026168823242
52043,4.130865573883057
8970,4.697638034820557
74767,4.582853317260742
21368,4.6116485595703125
70980,4.312348365783691
12148,3.611208915710449
62746,3.9537839889526367
51342,4.387617111206055
34536,5.399109840393066
71240,4.007997035980225
15181,4.7142157554626465
11346,3.7838497161865234
21461,3.5580904483795166
28109,4.717959403991699
39430,4.506932258605957
62201,4.684087753295898
82524,5.169304847717285
86475,4.437276363372803
74539,5.176872253417969
98386,4.281026363372803
70419,4.839290142059326
29702,4.735816478729248
106577,3.615805149078369
70489,5.400080680847168
30321,3.8907806873321533
102055,4.193556308746338
5378,4.336825847625732
48312,4.5924391746521
20767,4.720552444458008
65204,4.078104019165039
99783,4.811163902282715
33323,4.6150407791137695
101272,4.633293628692627
100028,4.378539085388184
28294,4.990167140960693
83404,4.159066200256348
74536,4.4307050704956055
41481,4.906341552734375
68780,4.846667766571045
84429,4.302816867828369
85160,5.090805530548096
43862,4.46547269821167
44115,4.727264881134033
76162,4.908997058868408
97434,4.791736602783203
20927,4.912456035614014
104131,4.815554141998291
104350,4.355802536010742
11789,3.7472259998321533
91880,4.496044158935547
41047,4.5603461265563965
100219,4.448597431182861
92006,4.943423271179199
42026,4.4399333000183105
82727,5.064079284667969
23945,4.9454827308654785
90127,4.448903560638428
90651,4.625380516052246
108345,5.017214298248291
95371,4.8272786140441895
6335,4.005878448486328
99759,4.768682479858398
104430,4.387268543243408
55913,4.397989749908447
61490,4.164453983306885
91126,5.0720319747924805
97451,4.618829250335693
4559,4.695549011230469
108089,4.874999523162842
64020,4.741555690765381
11488,4.802183628082275
47439,4.269489288330078
7628,4.905764102935791
43426,4.784931659698486
43935,5.157364845275879
2540,4.604379177093506
31067,2.687222480773926
92645,4.683133602142334
27777,4.986560821533203
95755,4.453852653503418
63744,3.898743152618408
8413,4.9525556564331055
93000,4.551067352294922
49023,4.27943754196167
96844,4.564765453338623
64658,4.814469337463379
63665,4.341063499450684
54053,2.885899782180786
17741,4.784051418304443
67132,4.7095746994018555
520,4.344014644622803
74384,3.917313575744629
85636,5.1851301193237305
83102,4.648671627044678
87285,4.371302604675293
50472,4.464364528656006
8676,4.776391983032227
1897,3.8522424697875977
56596,4.130039215087891
53301,4.779559135437012
45726,4.902395248413086
106720,4.242009162902832
72101,4.603903293609619
17459,4.208674907684326
67286,5.261114597320557
97230,3.968032121658325
63044,4.813211441040039
60300,4.862730026245117
66463,4.713277339935303
56887,4.28117036819458
74318,4.6593194007873535
72377,4.936382293701172
95188,4.03792667388916
100559,4.830151557922363
71418,5.041233539581299
44889,4.457507133483887
69144,4.232974052429199
68553,4.778525352478027
38741,4.179287910461426
96912,3.955854892730713
87991,4.829761028289795
43739,4.596989631652832
5342,2.035947799682617
71474,5.2112956047058105
100907,3.8581671714782715
77515,4.71868371963501
50745,4.073172569274902
28669,4.082168102264404
41589,4.281075954437256
21730,4.213004112243652
107767,4.082800388336182
76134,5.128326416015625
75680,4.8497700691223145
23018,4.423827171325684
41721,4.831569671630859
28990,5.017423629760742
93444,3.9412331581115723
77147,4.8290114402771
48658,4.509597301483154
50486,3.609473705291748
17475,4.160638809204102
64332,4.426846027374268
50369,4.409796714782715
22721,5.1358537673950195
106626,4.742258548736572
20849,4.612308025360107
24608,3.546199321746826
30787,4.56209659576416
87970,3.484616756439209
71913,4.102336406707764
76321,3.4172723293304443
77711,4.39681339263916
106361,4.948555946350098
105972,3.323350191116333
87005,4.173305511474609
100929,4.968603134155273
78514,5.0488409996032715
732,4.976632118225098
64005,4.074647426605225
1956,4.919168472290039
103487,4.967624187469482
2992,5.326824188232422
60244,4.165617942810059
88051,4.908820152282715
46768,5.000946521759033
11863,4.9150214195251465
80783,4.6786932945251465
48481,4.672628879547119
42671,4.692135334014893
98856,4.9460673332214355
26677,4.683799743652344
72485,4.833399295806885
65254,4.951460361480713
108291,4.648050308227539
53220,4.610689640045166
1052,4.865216255187988
48323,4.539403438568115
9151,3.855393886566162
59229,4.0508317947387695
33593,3.9421167373657227
30818,4.332596778869629
18369,3.79205584526062
16277,4.419910430908203
76760,4.158570289611816
87279,4.62532377243042
47472,3.1102070808410645
77312,5.168411731719971
80446,5.005256652832031
91908,4.99000883102417
37851,4.191081523895264
72366,4.907666206359863
56790,4.733964920043945
78533,4.968595504760742
75533,4.755167007446289
7391,4.788478851318359
59396,4.239228248596191
11751,4.726555824279785
60079,4.671487808227539
28260,4.619191646575928
42567,4.28844690322876
2976,5.364497661590576
92655,4.886525630950928
68942,4.413508892059326
26511,4.659403324127197
54133,4.2586588859558105
83484,5.210482120513916
53901,4.432772636413574
32259,4.192524433135986
38568,4.717494964599609
31580,4.588940620422363
60226,4.1241960525512695
17289,4.70693826675415
92259,4.5824360847473145
98523,4.727625370025635
106362,5.098593235015869
59013,4.23773193359375
34736,3.986427068710327
3732,3.870758056640625
49327,4.678107261657715
34923,4.0335164070129395
2585,4.495380401611328
54493,3.856335401535034
76296,4.978888988494873
44945,4.003267765045166
35483,5.312702178955078
58543,4.789705276489258
50546,4.73396635055542
37093,4.844977855682373
97539,4.865015983581543
31141,4.814321517944336
52057,3.900197744369507
37139,3.8200395107269287
104294,4.4364471435546875
39121,5.124789714813232
51362,4.16500186920166
71831,4.793305397033691
73037,4.570868492126465
36439,4.41077184677124
8396,4.473507404327393
57285,4.4235520362854
95652,4.536220550537109
42640,4.418419361114502
79870,4.643981456756592
101800,5.095249652862549
98685,4.738100528717041
8257,4.036809921264648
39385,4.695274829864502
59406,4.585886001586914
53750,5.007626056671143
105770,4.078066349029541
33832,4.3058648109436035
107355,4.767351150512695
106574,4.816227436065674
65714,4.746624946594238
23893,4.256631851196289
92892,4.0669732093811035
97022,3.7555460929870605
38249,4.74493932723999
21757,4.039970874786377
35056,4.668581485748291
57153,3.6815712451934814
87175,2.41927170753479
98019,5.191908836364746
6688,4.751934051513672
10843,4.030641555786133
73334,2.9128310680389404
102003,4.487700939178467
27702,5.032867431640625
102037,4.359439373016357
22881,4.215969562530518
51731,4.809559345245361
65503,4.787353515625
13407,4.51609468460083
11943,3.6793301105499268
98385,4.755207538604736
57888,4.408543586730957
18026,5.177207946777344
1658,4.829915523529053
93495,3.079568862915039
102812,4.907454490661621
45752,4.322114944458008
38763,4.679275989532471
75477,4.1965556144714355
13076,4.3106489181518555
49697,4.6318745613098145
103387,4.009341716766357
94091,4.168238162994385
15204,4.644741058349609
18612,3.4898762702941895
22782,4.960995197296143
104822,5.068443775177002
8361,4.153151512145996
27166,4.26420259475708
24719,3.9378998279571533
72077,4.613306999206543
96948,3.9720897674560547
2267,4.638347625732422
80997,4.759427547454834
15325,3.9227070808410645
11256,4.65726900100708
88798,3.755356788635254
77730,4.363117694854736
42864,4.59486198425293
92324,5.186029434204102
83767,4.671969413757324
63097,4.780190944671631
95794,3.951582908630371
2618,4.776327610015869
33020,4.705541133880615
88171,4.5745744705200195
13687,4.63970422744751
102832,5.010075092315674
60795,4.484203815460205
23916,4.603089332580566
100555,4.770467758178711
40043,4.855117321014404
87370,4.740835666656494
107044,4.8086957931518555
24333,4.800370216369629
104512,4.161046981811523
89754,4.476286888122559
13647,4.040266036987305
55807,4.676358699798584
15410,4.923790454864502
81713,3.4837276935577393
50885,4.687556743621826
54812,5.065550327301025
69887,4.351193428039551
20027,4.912271499633789
7591,5.63754940032959
20069,4.647851467132568
30037,4.7944560050964355
64243,4.988654136657715
28618,4.569080352783203
108036,4.676226615905762
45786,3.9062018394470215
63714,4.53721809387207
6991,4.735896110534668
57828,4.218462944030762
82,4.936457633972168
102387,4.700160980224609
67976,4.415945529937744
101471,4.05823278427124
46222,4.37781286239624
68788,5.022256851196289
100653,4.241914749145508
91436,4.741952419281006
103536,4.20556116104126
5394,4.8153839111328125
64067,3.2185611724853516
42649,4.278185844421387
72806,1.7191132307052612
52611,4.53660774230957
66687,4.440942764282227
30960,4.687063694000244
31098,4.048105239868164
76160,4.86031436920166
269,4.38804292678833
16791,4.832474231719971
2397,4.975854873657227
97467,4.810567378997803
46074,3.661470651626587
53776,3.371180772781372
55837,4.5901713371276855
86275,4.862302303314209
13231,4.490683078765869
16089,4.464396953582764
35954,4.135069847106934
84750,3.297961950302124
44098,4.866836071014404
103077,4.562806129455566
47704,4.586958408355713
32288,4.148406982421875
50266,4.639800071716309
4256,5.4574360847473145
44880,5.118462562561035
92996,4.467957496643066
13801,4.803271293640137
74476,4.850710391998291
15807,3.7801496982574463
81688,4.5020365715026855
108425,4.5649261474609375
77373,3.8386590480804443
106536,4.512636184692383
29795,4.8469767570495605
19467,4.412047863006592
49813,3.937199354171753
5718,4.796322822570801
87373,4.986947059631348
40271,5.104666709899902
91162,4.634258270263672
48084,4.572158336639404
51564,4.9585771560668945
53026,4.635385513305664
94538,5.031038284301758
67739,3.991960287094116
29514,5.148083209991455
101962,4.279914379119873
38232,4.183863162994385
33872,5.139455318450928
5226,3.642791986465454
11781,3.6837236881256104
12241,4.801817417144775
104577,4.086887359619141
105855,5.372345924377441
41188,3.5310614109039307
93898,3.7383551597595215
107087,3.959080934524536
9313,4.926542282104492
86690,4.864448547363281
43243,4.692508697509766
29408,4.901346683502197
97822,3.8529763221740723
74733,4.420865058898926
101558,5.346447467803955
35636,4.582879066467285
92466,3.6067986488342285
40944,5.1708149909973145
26724,4.408331394195557
40521,3.4083614349365234
99810,4.999720573425293
32130,4.594442367553711
45224,4.345460414886475
64799,4.2678961753845215
1457,4.763237953186035
42797,4.949345111846924
52046,4.154579162597656
72063,4.931534767150879
83347,4.3472723960876465
70216,4.138731479644775
32777,4.233085632324219
39480,4.389135360717773
52759,3.6745662689208984
90958,4.849588871002197
79177,5.267171859741211
63287,4.195415496826172
55323,4.463826656341553
91840,4.1696085929870605
59313,4.816801071166992
2784,4.9828386306762695
69700,4.749355316162109
72759,4.747121810913086
38487,4.697927474975586
106875,3.699551582336426
36704,4.58901309967041
104331,4.220464706420898
83840,4.793336391448975
11427,4.37807559967041
101883,4.608868598937988
70258,4.822920322418213
77835,4.280938148498535
25272,3.7490620613098145
38217,4.304588317871094
89646,4.462434768676758
48436,4.499848365783691
6545,4.142871856689453
8956,5.135607719421387
9803,4.90907621383667
7328,4.7549729347229
54396,3.751920700073242
67887,4.560272693634033
27252,3.8292107582092285
1007,4.763437747955322
54175,4.424232482910156
60486,4.419230937957764
86824,4.863897323608398
75771,3.6636765003204346
42657,4.0142083168029785
2787,4.767058372497559
64169,4.463963031768799
28493,4.815377712249756
39204,4.944622993469238
40698,4.253024101257324
100467,4.3519978523254395
56871,2.5374157428741455
15650,5.051347255706787
36834,4.740861892700195
93780,3.7411458492279053
55156,4.552206516265869
2387,3.1406819820404053
83808,4.953570365905762
69202,2.7757184505462646
65136,4.722419261932373
24026,5.338106155395508
17690,4.313575744628906
5644,4.410665035247803
44480,5.1353440284729
38368,4.563081741333008
74556,4.844526290893555
62503,3.008897542953491
56349,4.770313739776611
80191,4.813209533691406
49827,4.851357460021973
9687,4.952057361602783
14987,4.805975914001465
35507,4.422576904296875
14447,5.103857040405273
93869,3.8322019577026367
24292,5.146050930023193
107923,5.159035682678223
41679,3.4145777225494385
100463,5.07305383682251
22020,4.744074821472168
100794,3.940507411956787
51323,3.1925864219665527
23579,4.555252552032471
62675,4.823896884918213
79156,5.3123579025268555
11580,4.578920841217041
68247,4.518146514892578
40437,4.54249906539917
25562,4.669283390045166
59139,4.694876670837402
3550,4.097455024719238
1820,5.050282955169678
80072,4.712523937225342
53739,4.2715935707092285
105902,4.56962776184082
45618,3.800450563430786
62755,4.760919570922852
30453,4.096107482910156
76662,4.669976711273193
83411,4.851161956787109
68377,3.1457772254943848
24687,4.744724273681641
46381,4.281343460083008
27617,3.9856269359588623
27762,3.9352803230285645
12855,5.034237861633301
8995,4.918675899505615
51638,4.120566368103027
1292,2.837893009185791
11664,4.120898246765137
9608,4.838329315185547
40452,4.253204345703125
92500,4.478484153747559
85109,4.878546237945557
8828,3.951390027999878
51627,4.17617654800415
63758,4.465030193328857
96827,4.057839870452881
63250,4.175671100616455
22568,4.117641448974609
37264,4.702911376953125
13661,3.9403958320617676
44013,4.045845985412598
58263,4.725470542907715
57842,4.515115261077881
105612,4.2901105880737305
21754,4.498824596405029
43436,5.017141342163086
12724,4.458522319793701
56641,4.222771644592285
97526,4.384048938751221
70045,4.468079566955566
102550,4.334249496459961
65101,4.435976505279541
31456,3.7704155445098877
102837,5.205928325653076
96294,4.833178997039795
93572,5.291408061981201
70534,4.8809428215026855
2608,4.9662766456604
67100,4.673380374908447
91092,4.669088840484619
31134,4.731420516967773
31426,4.455023288726807
45092,5.226189136505127
70879,4.803702354431152
39483,4.962060928344727
83690,3.99694561958313
33893,4.8791961669921875
91287,4.830085754394531
11841,4.596287727355957
54686,4.623979091644287
101983,4.886779308319092
75618,4.738587856292725
68400,4.656504154205322
53799,4.639726638793945
5360,4.434090614318848
13736,4.431086540222168
46999,4.800761699676514
56442,3.804079055786133
17676,4.008037090301514
35762,4.327150344848633
44152,4.53019905090332
1593,4.358709335327148
105257,3.844733953475952
67883,4.438990116119385
19525,4.5243754386901855
19051,4.621121883392334
95300,5.164562702178955
67102,4.432174205780029
47671,4.914738655090332
60501,5.078990459442139
103615,4.845754146575928
88591,5.163973331451416
65671,5.342052936553955
63079,4.507379055023193
31878,5.091765880584717
18780,4.842896461486816
96729,4.329098224639893
15997,4.073390007019043
47587,4.655224800109863
79627,4.387789726257324
6135,4.888089656829834
106520,3.838573694229126
68921,4.772484302520752
90644,4.4569830894470215
45607,3.2492263317108154
83970,4.396043300628662
84749,4.311121463775635
6337,4.071325778961182
54308,4.036308765411377
26367,4.7309346199035645
100596,4.857409954071045
102392,5.267277717590332
22675,4.187370777130127
36880,4.323803901672363
85272,4.439820766448975
72073,4.424361705780029
27288,3.7832791805267334
71709,4.77864408493042
107813,4.698309421539307
68732,4.841790676116943
34690,4.9033732414245605
1655,4.135054588317871
68105,4.027309417724609
79737,4.359796524047852
87928,4.575520992279053
44049,4.27234411239624
84449,4.185828685760498
104847,4.923861026763916
88545,4.2611308097839355
20400,5.1959967613220215
104108,4.923086643218994
1796,5.002490520477295
33758,5.084639549255371
104647,4.326635360717773
101346,5.335447788238525
68274,4.698852062225342
40143,4.692882537841797
75515,4.281392574310303
19519,4.833971977233887
30436,5.257752418518066
99550,4.0184407234191895
78731,4.5670061111450195
28866,5.125034332275391
100045,4.376981735229492
25406,4.230564594268799
96359,4.7230401039123535
101733,4.6504106521606445
6596,4.730580806732178
42513,4.64260721206665
103264,4.183502197265625
61642,4.909182548522949
35445,5.0112175941467285
14054,4.815300941467285
99071,4.098734378814697
63355,4.964008331298828
46695,4.4973859786987305
102806,5.227832794189453
42718,4.816696643829346
1109,3.8363888263702393
20685,4.762268543243408
107678,4.746298313140869
7452,4.050594329833984
65366,4.147720813751221
58918,4.717011451721191
106726,4.585076332092285
68031,4.566106796264648
56539,4.613894462585449
26339,4.076010227203369
103583,4.799287796020508
102845,5.059270858764648
17552,4.538869380950928
32109,4.392248153686523
99360,4.270813465118408
7914,4.5498456954956055
27121,4.937742710113525
9858,4.897204399108887
87823,4.478702545166016
4526,1.9994280338287354
27984,5.83099889755249
29944,4.854718208312988
94426,4.102756500244141
27608,4.712048053741455
69489,4.359884738922119
66494,4.544767379760742
87836,4.756230354309082
89984,5.15501594543457
52129,4.404306411743164
69348,5.07581901550293
88356,5.0323405265808105
86282,4.692342758178711
64031,4.445418357849121
68434,4.510937690734863
103675,4.312089920043945
71630,2.687858819961548
69180,4.408144950866699
36807,5.055089950561523
38101,3.929689884185791
92717,4.852801322937012
14514,3.903701066970825
71910,4.144758701324463
21025,5.191298961639404
69656,4.95746374130249
66,4.509080410003662
99772,4.628692626953125
88183,4.154299259185791
65781,4.18529748916626
104671,4.389845371246338
92511,4.917119979858398
49596,5.414426326751709
5884,4.456761360168457
85750,4.456599235534668
34366,5.304141044616699
9441,4.8849382400512695
56683,4.292513847351074
56557,5.146627902984619
15760,4.4375386238098145
47277,4.319119930267334
12631,4.936210632324219
3542,3.8375933170318604
20104,5.0780463218688965
105761,4.722774505615234
25910,3.9806466102600098
10401,4.779469013214111
97061,4.686709880828857
7450,4.264715671539307
22133,4.367733955383301
102125,4.844450950622559
88961,4.470432758331299
49661,4.7334208488464355
43574,5.116519927978516
76396,4.927945137023926
77425,3.803513288497925
7978,3.616889476776123
106877,4.302786827087402
105058,4.4625959396362305
107475,4.6937079429626465
10086,4.749508380889893
95910,4.532113552093506
98517,5.013686180114746
99385,4.070206165313721
74116,4.755456447601318
105153,3.9350998401641846
85069,5.097492694854736
81166,2.8364086151123047
35905,4.017173767089844
33848,4.381856441497803
30432,4.725083351135254
93931,5.229458332061768
29827,4.300678730010986
2093,4.470957279205322
47544,4.445601463317871
52985,4.841276168823242
88586,5.0666937828063965
6878,4.65879487991333
2074,4.347307205200195
49259,4.486361026763916
71067,5.0622053146362305
3057,5.191609859466553
4620,3.5165815353393555
100301,4.236319541931152
50140,4.579167366027832
75648,4.142309188842773
64870,4.6856536865234375
8191,4.119431972503662
83952,4.595163345336914
95129,4.225292682647705
1713,4.037026405334473
98120,4.759869575500488
15455,4.967546463012695
107583,3.890047073364258
42931,5.00547981262207
54128,4.351921558380127
52978,4.193201541900635
100291,4.049317836761475
59836,4.593710899353027
7606,4.684197425842285
34541,5.394581317901611
63263,3.8636388778686523
47036,4.27867317199707
52896,4.0255303382873535
76183,4.998839855194092
91861,4.938055038452148
62913,4.115890979766846
89521,4.086424350738525
101147,4.75325870513916
98302,4.3252458572387695
21324,3.972012996673584
38422,3.8855364322662354
23263,4.866264343261719
37960,4.5909833908081055
44561,5.066615104675293
82191,4.5597734451293945
51320,4.734213352203369
90707,4.477169990539551
37309,4.633567810058594
83259,4.488717555999756
69051,3.997541904449463
68610,4.10970401763916
30963,4.970206260681152
63379,4.716995716094971
88489,4.974043369293213
16954,4.528022766113281
77655,4.59428071975708
100850,3.3513288497924805
25991,4.8876142501831055
107048,4.845621109008789
85185,4.800058841705322
94259,4.268098831176758
8898,4.740894317626953
63027,4.7736029624938965
76044,4.4560418128967285
38687,2.7449309825897217
93648,4.405987739562988
26293,4.976936340332031
63009,4.891842365264893
38059,5.082456588745117
47360,4.54557991027832
108523,4.423817157745361
41446,4.011187553405762
33141,4.189499855041504
15995,3.484246015548706
16822,4.529040336608887
34339,4.937753677368164
17548,4.614683628082275
59062,3.9661779403686523
4771,4.3387298583984375
104056,4.201527118682861
15366,4.365558624267578
91445,4.28816032409668
61763,4.019408702850342
84859,4.89808988571167
69381,4.620193004608154
104562,4.316077709197998
81705,4.978179454803467
101051,4.664602279663086
5053,4.543246269226074
8895,4.902541160583496
29572,4.665684223175049
28276,4.235186576843262
101678,4.966899394989014
83949,4.492188453674316
23328,4.795745372772217
30810,3.6175835132598877
101316,4.914405822753906
81587,4.856062412261963
95457,2.751359701156616
54008,5.2020263671875
99928,4.66038703918457
85269,5.0206499099731445
20524,4.397119998931885
86810,4.204695701599121
76221,4.259471416473389
18637,4.451913833618164
93188,4.550541400909424
26733,4.7326273918151855
56568,4.890509605407715
46457,4.518355369567871
55987,4.501004219055176
102627,4.940363883972168
66789,4.505321502685547
3935,5.109506130218506
72885,4.741506099700928
23146,3.2617361545562744
5279,4.267809867858887
73065,4.607035160064697
58089,3.3898391723632812
98694,4.826905250549316
29894,4.552362442016602
57012,4.036293029785156
51250,4.745532989501953
36717,4.216796398162842
8952,4.877577304840088
8015,4.618704795837402
7524,4.706796646118164
95957,4.09625244140625
98495,4.198437213897705
92778,4.302209854125977
89592,4.6848297119140625
5423,4.888316631317139
75558,4.553882122039795
62075,4.817213535308838
59158,4.647164344787598
34247,3.652942657470703
84331,4.81793737411499
89260,5.233771324157715
52503,4.208349227905273
11585,4.912574291229248
60534,4.530890941619873
38454,4.647245407104492
60411,5.200807094573975
42136,4.668242931365967
65496,4.972825050354004
8914,4.462165355682373
48914,4.380024433135986
104578,4.313490390777588
17209,4.707612991333008
3066,4.769939422607422
79929,4.0518598556518555
84760,4.68804407119751
16721,4.315088272094727
107802,4.803016185760498
38189,4.631096839904785
7118,4.472895622253418
60786,2.627265453338623
60565,3.5536136627197266
22007,4.631244659423828
93115,4.102190971374512
103694,4.6050238609313965
91174,4.846068382263184
6958,4.776158332824707
20844,3.770275831222534
106102,4.883272171020508
8833,4.390900135040283
8083,4.897858619689941
50338,4.957873344421387
96010,3.2400176525115967
11329,3.669112205505371
51747,4.192429065704346
107819,5.435972213745117
32606,5.098336696624756
18139,4.051210403442383
108616,4.853651523590088
67144,4.296934604644775
73719,4.2891035079956055
77374,4.521438121795654
26500,4.495914936065674
48259,4.485344886779785
66819,3.747746467590332
84968,3.9202449321746826
96876,4.5491814613342285
28892,4.799849033355713
71522,4.950242042541504
13262,4.777283191680908
4134,5.136780261993408
34094,4.597882270812988
58735,4.930088996887207
100759,3.6313068866729736
22200,4.8777689933776855
103873,4.009034156799316
39647,5.165471076965332
6713,5.042742729187012
99799,4.874109745025635
70570,4.86106014251709
69668,4.642138481140137
73890,4.451930999755859
76712,4.857700824737549
49485,4.2740278244018555
12649,4.2248148918151855
19710,5.021954536437988
32810,3.4530909061431885
77514,4.60591459274292
53872,5.292221546173096
36393,4.782172679901123
12071,3.597273111343384
72771,5.477541446685791
92383,5.1772613525390625
4738,3.6041512489318848
52717,3.8341526985168457
23867,4.7941741943359375
77390,4.007654666900635
88738,4.588833808898926
18255,4.7791337966918945
90322,5.026235580444336
20575,5.182453155517578
48319,4.648785591125488
79855,4.117740154266357
54294,4.2351531982421875
60142,4.3300886154174805
53310,4.302501678466797
36450,3.8155319690704346
88118,3.3545241355895996
28860,4.2558183670043945
18108,4.622962951660156
91641,5.047105312347412
65082,4.253472805023193
50082,4.627077102661133
86926,4.493088245391846
4492,2.9584503173828125
628,4.944447040557861
78942,4.0289483070373535
66276,5.108728408813477
66229,4.320109844207764
84043,4.911825180053711
34517,5.057053089141846
14535,3.8236801624298096
35596,5.130097389221191
7046,4.459867000579834
56488,5.054293155670166
50491,4.190784454345703
17136,3.1958253383636475
18913,4.509888172149658
66121,4.418682098388672
82322,4.825797080993652
26916,3.716623067855835
37791,4.944962024688721
71156,4.569743633270264
51516,4.415905952453613
21527,4.648799419403076
95987,4.401582717895508
37758,5.247060775756836
37204,3.865845203399658
90303,3.7075467109680176
76932,4.400697231292725
25686,4.185858726501465
73779,4.920346260070801
5397,3.4821908473968506
53542,4.687933444976807
87371,4.3479228019714355
31851,4.778212547302246
56089,4.693167209625244
24930,4.149864196777344
40715,4.486935138702393
17040,5.1366190910339355
61197,4.022593975067139
30647,5.261602878570557
53579,5.000999927520752
51316,4.981093406677246
95493,4.1293535232543945
41480,5.009368896484375
52979,4.362916946411133
81130,3.637552261352539
22858,3.381885290145874
43136,4.791423797607422
9214,4.727411270141602
34217,3.8201003074645996
43691,4.672314643859863
17074,4.638768672943115
63728,3.914729118347168
66137,5.7136640548706055
48714,3.9668614864349365
81320,5.001117706298828
102029,4.276275634765625
10611,5.006502151489258
18557,4.1452717781066895
72475,4.034567356109619
14539,2.994347095489502
39300,5.559146404266357
46229,4.560737609863281
100032,4.365820407867432
64141,2.9158151149749756
80471,4.8416852951049805
22191,5.275215148925781
25276,4.25209903717041
42966,4.549803733825684
44775,4.512365818023682
63955,3.4266810417175293
89585,3.9263522624969482
43545,4.735434055328369
85742,4.682015895843506
22157,4.827420711517334
63412,4.3442158699035645
79946,3.953101873397827
34344,4.731114864349365
6232,4.467075824737549
39928,4.958691120147705
38016,5.0845947265625
35051,4.043429851531982
21579,4.269088268280029
3608,3.9236068725585938
88968,5.180171489715576
9437,4.17719841003418
81711,3.9277870655059814
35065,4.9269280433654785
32597,4.591024875640869
67898,4.7856364250183105
82077,4.8228349685668945
98326,4.600705623626709
21492,4.566652774810791
104141,4.80365514755249
101593,5.002399444580078
73278,4.499186038970947
28379,4.740281581878662
70000,4.187553405761719
62761,4.164785861968994
80347,5.058948993682861
97600,4.377313613891602
22749,5.00933313369751
30972,5.035551071166992
4975,4.900592803955078
29099,4.001114368438721
44111,4.971670627593994
3265,4.5638556480407715
24612,4.561068534851074
67192,4.5613932609558105
3501,5.128378391265869
23959,4.840967655181885
30299,3.5477294921875
78152,4.907637596130371
42889,4.79912805557251
53934,4.969408988952637
41727,4.528658390045166
15179,5.063396453857422
47088,4.601967811584473
15144,4.6916890144348145
89795,4.8691606521606445
44168,5.062195777893066
80960,4.677901744842529
107002,4.399382591247559
18064,5.068906784057617
52306,3.761704683303833
2151,5.029114723205566
10097,5.198955535888672
76983,4.7592291831970215
91100,5.119349002838135
1041,4.3180952072143555
16088,4.850718021392822
36757,5.212813854217529
24731,4.834222793579102
2763,4.112207889556885
97799,5.012990474700928
16555,4.850134372711182
97594,4.906872749328613
23117,4.106171607971191
86333,4.359521389007568
63166,5.026670932769775
62821,4.2276835441589355
75718,5.06734561920166
58584,4.703695774078369
87805,5.342233657836914
54526,3.726595878601074
100186,4.091840744018555
62250,4.450033664703369
50993,3.8560070991516113
73745,3.983673572540283
5371,3.877779245376587
97801,3.816042900085449
70723,5.203537940979004
82350,5.06377649307251
104877,5.232519626617432
25771,4.764617919921875
17641,4.129471778869629
47402,4.319839954376221
68322,4.857050895690918
7880,4.604389667510986
71609,4.460351943969727
17546,4.440191268920898
102978,4.942906856536865
72391,4.993365287780762
63936,4.676069259643555
78853,3.502040386199951
1629,4.681967735290527
46028,4.6397881507873535
25786,4.840550899505615
32251,4.621906280517578
84409,4.993042469024658
23895,4.4578166007995605
96944,3.1866061687469482
39071,4.776609897613525
10837,4.839110374450684
79060,5.090640068054199
17501,4.327347755432129
39616,4.910080432891846
64513,4.175956726074219
81942,5.115392684936523
36631,4.398878574371338
82720,5.103877067565918
3040,4.409788608551025
86886,5.6468305587768555
107448,4.95209264755249
82578,5.022894859313965
82555,4.574258327484131
15992,3.238424777984619
106007,5.328624248504639
860,4.317197799682617
90262,4.482028007507324
56905,4.403896331787109
107023,3.7909107208251953
92538,4.6526618003845215
42476,5.046178340911865
53083,3.9570703506469727
32103,4.60149621963501
92233,4.15792989730835
75043,4.5383620262146
29838,4.216953277587891
60134,3.6927316188812256
72661,4.060263633728027
67381,4.303680419921875
64623,4.590709686279297
22658,4.340712070465088
46002,4.583359718322754
57859,3.371457099914551
83448,4.80330228805542
8967,4.3983330726623535
52395,5.1571760177612305
11956,4.131801605224609
108503,4.557186603546143
80220,4.865998268127441
84248,4.193854808807373
61848,4.476407527923584
52285,4.732807636260986
54859,4.522767066955566
3885,4.548871040344238
48393,3.3441529273986816
17577,5.002717018127441
61031,3.563934803009033
34575,4.081602573394775
27199,3.7856340408325195
16100,5.005095958709717
36987,4.850173473358154
69061,4.8363237380981445
34388,4.966982364654541
40814,4.70280647277832
35194,5.178181171417236
47634,5.062288284301758
33697,5.052281379699707
103266,3.667327404022217
98204,4.4542460441589355
28014,4.3723578453063965
8862,4.553613185882568
66368,4.480942249298096
28708,4.705617427825928
31393,4.101870536804199
95643,4.339228630065918
16074,4.01487922668457
36541,4.835945129394531
64043,4.302804470062256
67964,4.843298435211182
92337,4.92796516418457
1191,4.967952251434326
12536,2.569065809249878
99666,4.775946140289307
2535,4.744515895843506
69037,4.4990553855896
41790,5.040331840515137
32627,4.5680084228515625
64629,4.792124271392822
79979,4.035473823547363
94666,3.7979378700256348
74996,4.257246971130371
72238,4.460679054260254
40761,4.640901565551758
86043,4.469533920288086
103566,4.556999206542969
93297,4.621765613555908
74860,4.962362766265869
24903,4.001970291137695
4948,4.704799175262451
22273,2.9615461826324463
91730,4.715080261230469
50661,4.5738606452941895
50454,4.0172529220581055
54252,3.395778179168701
12237,4.616031169891357
25681,4.554333209991455
59386,4.268924236297607
13488,4.51022481918335
12423,4.511003017425537
78235,4.824931621551514
105290,4.771086692810059
58091,4.26159143447876
107388,4.634969234466553
57423,4.934447288513184
96839,5.06566047668457
103842,4.0883283615112305
103933,5.155202865600586
33568,3.849966049194336
27501,4.747410297393799
18867,4.778286457061768
19964,4.320311069488525
27605,4.8042097091674805
55506,5.112888336181641
53445,2.9793310165405273
3138,4.503942966461182
104196,3.57072114944458
78171,4.07959508895874
24164,5.2068867683410645
27096,4.525784492492676
33551,4.511833190917969
88433,3.481046676635742
49980,3.422532558441162
53218,4.199246883392334
75556,4.211865425109863
87447,4.337655544281006
106322,4.984617233276367
95836,4.645493507385254
18488,5.182354927062988
59760,4.082647800445557
85361,4.472687721252441
84683,3.8302133083343506
64405,4.748061656951904
28345,3.778864860534668
90455,4.357213020324707
25959,5.009738922119141
86725,4.490298748016357
93957,4.486035346984863
59505,3.0835652351379395
10013,5.000300884246826
103767,4.794905185699463
107629,4.616946220397949
45107,4.831182956695557
84519,4.020409107208252
9742,4.464970111846924
49849,3.6900413036346436
41822,4.8259100914001465
689,4.7240118980407715
9580,4.89491081237793
24942,4.8590593338012695
19174,4.526620864868164
16588,5.0059590339660645
744,3.852735757827759
68277,4.246311664581299
102310,4.013608932495117
66032,4.630810737609863
104035,4.49293327331543
78608,3.9538490772247314
97659,5.877663612365723
3593,4.939852714538574
65775,4.357207298278809
32917,3.5202198028564453
105633,4.46785831451416
49559,4.948163986206055
4263,4.584125518798828
62465,2.9110724925994873
14258,4.646641254425049
30762,5.298559665679932
47307,4.1574015617370605
45538,4.620023250579834
94262,5.285764694213867
26399,3.939894199371338
5536,4.573630332946777
60194,4.750466346740723
26845,4.982373237609863
48755,4.088362216949463
45453,4.956874847412109
56075,4.604487419128418
54604,4.6991167068481445
99636,3.8743319511413574
57531,4.655234336853027
50302,4.065684795379639
15206,3.690697193145752
27818,3.9083871841430664
95825,4.589931011199951
70725,4.972616195678711
40613,4.865657329559326
85412,4.601476192474365
1840,4.897526264190674
41203,3.924556255340576
73370,4.638641357421875
102241,4.471589088439941
11291,4.600215435028076
40359,4.613398551940918
106795,4.832025527954102
55619,4.083637237548828
32245,4.749237537384033
52775,4.391781806945801
44444,4.820145606994629
102816,5.26373815536499
20458,3.8776912689208984
4596,5.0057830810546875
17723,4.233875274658203
70625,4.7167487144470215
100,4.349146366119385
9449,4.088852405548096
53642,4.492938995361328
39362,5.361474990844727
67202,3.353886365890503
68821,4.53619909286499
43670,4.543576240539551
63499,4.294119358062744
62240,4.9237895011901855
84100,4.381073474884033
99933,4.1909565925598145
51334,4.164551734924316
97455,4.462832927703857
108509,4.38629674911499
33614,3.7331080436706543
50102,4.52445125579834
103516,3.950861930847168
25340,5.148961067199707
2153,4.842939853668213
41214,4.368074417114258
52906,4.819032192230225
97189,4.579157829284668
76605,4.858081817626953
95875,4.628645420074463
82969,4.7128424644470215
73431,5.000910758972168
43182,3.758681058883667
71569,4.693514347076416
18012,5.085028648376465
108038,4.848352909088135
14055,4.902369976043701
66833,4.745396614074707
88376,4.44013786315918
56419,3.2918572425842285
25923,4.397826194763184
24420,4.216012001037598
61002,5.094130516052246
9761,4.952592849731445
96025,4.5896100997924805
90980,4.6406402587890625
63167,4.1215925216674805
56294,4.730055809020996
71439,5.091251373291016
44156,4.964521884918213
87045,4.616568565368652
19913,3.8354804515838623
75314,4.686676502227783
83182,4.653961658477783
21914,4.568695068359375
46394,4.937916278839111
99686,4.4845147132873535
29469,5.158161640167236
51053,3.9788637161254883
69104,5.031233310699463
91042,4.714558124542236
1520,4.751673698425293
22025,5.056941032409668
98721,4.276625156402588
14019,4.2809648513793945
97372,4.014631271362305
45095,5.552801132202148
52077,4.049981117248535
76763,4.780502796173096
80151,4.743098258972168
100327,4.75291633605957
20149,4.63574743270874
40273,5.198423385620117
73893,4.4499664306640625
58538,4.863552570343018
85430,4.524069786071777
86062,4.286892890930176
76892,4.635824203491211
77058,3.9622156620025635
67324,4.5455546379089355
69890,4.2607421875
24151,3.3260397911071777
82373,4.593125820159912
3445,4.191036224365234
69378,4.935759544372559
35934,4.454549789428711
13729,4.293179512023926
106050,4.58831787109375
65272,4.429694175720215
24017,4.382254600524902
58537,5.086761474609375
8179,4.265487194061279
55929,3.6353816986083984
39648,3.835627794265747
766,4.0854387283325195
81934,4.91691255569458
65601,4.030236721038818
67265,4.898646354675293
40487,5.121152400970459
11422,5.085195064544678
16953,4.791301727294922
46569,3.2232351303100586
78801,4.217756271362305
42475,5.077798843383789
11309,4.621485710144043
8120,4.388960361480713
24394,4.233421325683594
104508,3.8395819664001465
101371,4.87908935546875
104438,4.603947162628174
43036,4.658374786376953
7799,5.274262428283691
106836,4.597790241241455
1647,4.952288627624512
52320,4.582675933837891
103019,3.935527801513672
99069,5.095741271972656
35779,4.4359564781188965
18460,5.076231956481934
31760,4.236660480499268
15757,3.6445419788360596
100354,4.2889838218688965
53505,4.62204122543335
108518,4.447192668914795
16910,4.909561634063721
57817,4.411971569061279
80342,4.652667045593262
46843,4.592354774475098
38982,4.401289463043213
87785,4.381720542907715
40262,5.128650665283203
7721,4.266583442687988
30469,4.824466705322266
62554,4.839443683624268
20094,5.2296857833862305
72537,5.019454479217529
84214,4.727702617645264
27455,3.290618419647217
85951,4.856011390686035
10503,4.911900043487549
16842,3.2236826419830322
23523,4.912801742553711
82893,4.591871738433838
56741,4.05202054977417
27,3.1643495559692383
103444,4.842283725738525
108449,4.487585544586182
68710,4.54712438583374
71218,3.995748281478882
65182,4.362981796264648
537,4.719810962677002
57104,4.321420669555664
83043,4.75731086730957
29900,2.443220376968384
101842,4.052081108093262
62807,4.485562801361084
7269,5.164317607879639
11869,3.2342748641967773
19141,4.7199320793151855
42578,4.557154178619385
29376,5.1000847816467285
101285,4.43381929397583
23355,4.275405406951904
106254,4.52957010269165
20365,4.870725154876709
30215,3.559817314147949
63934,4.555909633636475
32962,3.872685432434082
48137,4.54019832611084
81882,4.906619071960449
27500,4.979479789733887
79558,4.972504615783691
90066,4.370687484741211
96377,4.828735828399658
38234,4.54470157623291
101870,3.888634204864502
100135,4.415187835693359
14252,4.672978401184082
57301,4.355342388153076
42183,4.955729007720947
81460,4.482679843902588
92301,4.5619001388549805
65260,4.5873942375183105
33113,4.614438533782959
18872,4.2571916580200195
68444,4.182363986968994
75816,4.59367561340332
63779,3.542813777923584
52415,4.785277843475342
81749,4.807744979858398
73589,3.9825189113616943
3436,4.513308048248291
56041,4.1924662590026855
977,4.233375549316406
29722,4.639838695526123
67569,4.289700508117676
98968,4.1528801918029785
70108,4.886155605316162
81476,4.75597620010376
323,4.079297065734863
53710,4.289112091064453
31036,4.788995265960693
21536,4.197766304016113
70141,5.033152103424072
33336,4.386932373046875
10655,4.94948148727417
101250,4.664966106414795
91955,5.0203447341918945
21194,3.911144495010376
84855,3.353640556335449
79174,5.339009761810303
57471,3.4989006519317627
106325,4.274749755859375
86806,4.57997465133667
84913,4.3593316078186035
76375,4.720926284790039
58062,3.845614433288574
76300,4.406715393066406
106028,4.729725360870361
47282,3.4920594692230225
24239,4.820574760437012
81305,4.931621551513672
32827,4.5623626708984375
102729,3.8628528118133545
83903,4.1800336837768555
91595,4.303315162658691
89294,4.636497497558594
84898,5.083252906799316
6449,4.341222763061523
87284,4.7273149490356445
32171,3.642089366912842
37836,3.732727289199829
9031,3.978106737136841
40905,4.39434289932251
20873,3.441800117492676
10865,4.491137981414795
42597,4.711823463439941
36190,4.744446754455566
31259,4.618626594543457
68760,4.967103004455566
513,4.843430995941162
64335,4.955399990081787
50221,3.0841526985168457
2516,4.649698734283447
4755,4.134565830230713
95630,4.547097682952881
104282,3.9669270515441895
33229,3.619385242462158
52571,4.158481121063232
9536,4.8605265617370605
72536,4.564516067504883
15518,3.5606908798217773
107236,3.6789538860321045
25869,4.960611820220947
88154,3.154606819152832
63925,4.825142860412598
84534,4.180122375488281
106521,3.694735050201416
78169,4.55182409286499
32874,4.805525779724121
70718,5.069374084472656
7941,5.155433177947998
45230,4.360545635223389
66515,5.098245143890381
70443,5.190899848937988
87491,3.8588664531707764
78693,4.469831466674805
48615,3.6458346843719482
2107,4.1577935218811035
85505,4.71193790435791
85921,4.522396564483643
103671,4.02659273147583
58332,5.038334846496582
64697,4.211582183837891
28795,4.5432047843933105
74794,3.2330055236816406
96464,4.861892223358154
68682,4.959420204162598
56922,4.356677055358887
106209,4.920241832733154
42274,4.274953842163086
36578,4.777550220489502
99176,4.661562919616699
64889,4.016976356506348
8153,4.019248962402344
27769,4.807456970214844
65148,4.5738444328308105
76172,5.204092025756836
69935,4.818230628967285
102276,4.296484470367432
11306,3.863813877105713
101580,4.4021148681640625
17306,4.8207316398620605
73759,4.714311122894287
92736,4.906280517578125
52969,4.408881187438965
64436,4.230753421783447
42980,4.682919502258301
33236,4.623962879180908
21706,3.4199726581573486
74013,4.982460975646973
65623,4.069531440734863
23863,5.020853519439697
91701,4.99085807800293
9870,3.7863831520080566
98329,4.462482452392578
64309,4.051608562469482
108338,5.136709213256836
77080,4.47428035736084
11003,3.599947214126587
88647,3.7973644733428955
20186,4.984803676605225
19252,3.610922336578369
80108,4.5248494148254395
61534,4.137813568115234
82670,3.6852409839630127
79407,4.634930610656738
85798,2.1252944469451904
74091,4.956304550170898
68859,4.140632629394531
63141,4.699560642242432
47622,4.423607349395752
73832,4.957452774047852
47494,3.8503236770629883
63261,3.938547134399414
94935,4.083746910095215
14946,4.78550910949707
95016,3.2399237155914307
17238,3.589449405670166
99842,2.9211955070495605
92453,4.697493553161621
35169,4.916506290435791
91954,4.437590599060059
74111,4.811388969421387
41548,4.911166667938232
44944,5.214921951293945
31928,4.3836188316345215
32411,4.5629472732543945
43061,5.078739166259766
21204,4.45109224319458
8668,5.033732891082764
31533,4.229204177856445
40324,3.723600387573242
100614,4.416121959686279
68293,4.5363383293151855
17105,4.177896022796631
5119,4.410944938659668
28279,2.940995454788208
104522,4.16705846786499
57756,5.009640216827393
106151,4.715154647827148
36814,4.391598224639893
13475,4.744999408721924
5570,4.534854888916016
95079,4.083389759063721
18687,4.904684066772461
8670,4.691420555114746
55699,4.2733588218688965
1764,3.9596030712127686
22013,4.816739082336426
90226,4.522969722747803
65375,4.166963577270508
101565,4.629818916320801
78866,4.222105026245117
33482,4.568778038024902
52232,4.497568607330322
18583,5.04539155960083
62642,4.073319911956787
80055,5.076128959655762
30194,4.504108905792236
36142,5.110449314117432
47663,4.661733150482178
73934,4.868849277496338
106389,4.790834903717041
79572,5.030637264251709
65356,3.2749547958374023
94556,5.066948413848877
44830,5.011534690856934
83609,4.269972324371338
29121,5.026252269744873
36295,3.2633466720581055
96115,4.2549729347229
43968,4.039072036743164
87891,3.9296481609344482
1669,2.9220781326293945
47075,3.742108106613159
107109,5.131132125854492
103087,4.570939540863037
84601,5.016985893249512
28427,4.508749008178711
79636,4.188848972320557
5212,4.6277570724487305
74341,3.649923801422119
37263,4.285295009613037
95379,4.903773784637451
55743,3.9956376552581787
82484,5.038856029510498
29769,5.150052070617676
88857,5.042165279388428
72376,4.860262393951416
95472,3.956700563430786
10806,4.8853254318237305
87450,4.4834136962890625
77571,4.4351911544799805
33575,4.919951438903809
105560,4.584716796875
76573,4.598414421081543
12415,3.0187480449676514
84147,3.829960584640503
85926,4.651790618896484
8987,5.065428256988525
62210,5.034498691558838
25981,4.4500298500061035
9384,4.2080254554748535
2007,3.8526906967163086
28999,4.582459926605225
48445,3.6766324043273926
103251,3.6575093269348145
97854,3.913137435913086
1350,4.918348789215088
21590,4.884830951690674
74774,3.9343786239624023
67409,5.03404426574707
41829,5.003994464874268
92780,4.58751916885376
72601,5.24753999710083
103107,4.60261344909668
46337,4.877379417419434
3992,4.63060188293457
27331,4.419215679168701
75573,4.6264448165893555
7901,4.466771125793457
94513,4.149978160858154
28530,4.834435939788818
11240,4.447335243225098
98654,3.921487808227539
11293,3.7573094367980957
32669,3.9113237857818604
53142,5.153717517852783
35560,3.5565850734710693
27146,4.930343151092529
13329,4.380122661590576
7783,4.077846050262451
74606,4.582216739654541
43844,4.928597927093506
59366,2.833064556121826
44400,4.7134809494018555
33081,4.827308177947998
69945,4.074609756469727
103101,4.446482181549072
8329,4.924699783325195
32281,4.81020975112915
51423,4.288928985595703
83503,5.989763259887695
68033,4.151347637176514
4955,3.8107192516326904
9340,3.787224292755127
60266,4.487919330596924
18624,4.267766952514648
54682,4.3635172843933105
55112,3.974850654602051
100949,4.18211555480957
72286,4.919349670410156
7523,4.391861438751221
6163,4.332112789154053
21227,4.24035120010376
6761,4.5801920890808105
103544,3.8788487911224365
90497,4.628657341003418
75336,4.981050491333008
39247,4.972364902496338
85128,4.443258285522461
67988,5.374075412750244
19922,4.103423595428467
76861,4.4482197761535645
92946,4.565530300140381
18725,4.939365863800049
91230,4.267697334289551
89580,4.754794120788574
90347,4.954256057739258
15892,3.247560501098633
16367,4.231478691101074
37700,3.997180223464966
15724,3.070119619369507
34098,4.262993812561035
97722,3.830907106399536
86083,4.310133457183838
12994,5.036901950836182
59238,4.804004192352295
19895,4.02940559387207
49850,3.481268882751465
25799,4.119084358215332
32588,3.9693551063537598
99752,4.758658409118652
28143,5.021543502807617
99286,4.6498799324035645
72820,4.851367950439453
78283,4.470212459564209
16128,3.611210346221924
40341,4.870567798614502
76534,5.271937847137451
10272,5.161136150360107
49440,4.5787153244018555
60131,3.337620258331299
6853,4.6931657791137695
93855,4.215822219848633
70878,4.623015403747559
96627,4.032902717590332
88389,4.192070960998535
6686,4.32139778137207
101825,4.761305332183838
23743,3.5251529216766357
26119,4.932549476623535
86672,4.978616237640381
93772,2.8469159603118896
64988,4.302944183349609
83648,4.9277262687683105
25561,4.963062763214111
55463,4.457927703857422
83142,4.234736919403076
93681,3.644390821456909
11964,4.088975429534912
52408,4.655015468597412
86560,4.686801433563232
42894,5.251463413238525
78221,4.563284873962402
45492,4.656001567840576
91590,4.472912311553955
11744,3.9871175289154053
86042,4.60845422744751
55577,5.046833038330078
1263,4.965260982513428
51856,4.934863090515137
63581,5.266219139099121
45184,4.538798809051514
25189,4.704601287841797
47004,4.237165927886963
38451,4.705946922302246
102948,5.005743980407715
71705,3.45912766456604
73678,4.603950500488281
85663,4.828188419342041
98466,2.9152345657348633
93599,4.9002766609191895
76660,4.016382694244385
14905,4.493257522583008
23264,4.895400524139404
58610,4.4648332595825195
98770,4.859246730804443
89595,4.459722995758057
85432,4.993293285369873
51593,4.945247173309326
31597,5.1798529624938965
23299,4.502342224121094
21432,5.248028755187988
13103,4.877419471740723
108307,4.79335880279541
101803,5.073221683502197
93550,5.20799446105957
49632,4.586062431335449
18774,4.818908214569092
66219,4.254783630371094
107690,5.252788543701172
108436,4.195030689239502
67823,5.088208198547363
71382,4.9432454109191895
9583,4.853534698486328
50049,4.423183917999268
44406,4.998948574066162
74684,4.201530456542969
90210,4.789454460144043
5516,4.299581527709961
87103,4.913105487823486
77578,4.88203763961792
48562,4.721531391143799
102877,4.74675989151001
17132,3.7773053646087646
53371,4.696331024169922
102662,3.176297187805176
89338,3.288633108139038
48188,5.097989082336426
7092,4.6092963218688965
102163,4.1293768882751465
14454,4.618376731872559
25526,4.418446063995361
75209,4.560396671295166
104403,2.772477626800537
86850,4.2225446701049805
38985,4.9760589599609375
42404,3.8861029148101807
105333,4.754342555999756
91453,4.919975757598877
108019,4.438989639282227
69692,4.7545928955078125
26980,4.770534515380859
59001,4.784837245941162
85904,4.854045391082764
35959,4.363792896270752
49362,4.590272426605225
56892,4.4729323387146
43604,4.706327438354492
25199,4.321023464202881
59663,4.061707496643066
37244,4.644716262817383
93396,4.300141334533691
66141,4.424849987030029
100078,4.417410373687744
51906,4.048764228820801
67007,4.925191402435303
79584,4.3602447509765625
28010,4.432818412780762
59551,4.528325080871582
34124,5.047717094421387
31734,4.294428825378418
26253,4.657711029052734
21930,4.323757171630859
22530,4.952208518981934
11373,3.824599027633667
90456,4.526605129241943
48038,4.256178855895996
95470,3.869882822036743
107014,4.7494072914123535
34002,4.239063739776611
65142,4.307964324951172
20396,4.682751655578613
72917,4.390731334686279
63119,4.852895259857178
58788,4.881618022918701
41949,3.618835210800171
65453,4.91505241394043
82419,5.4114203453063965
75294,4.920543670654297
85417,5.060746669769287
79383,4.751399517059326
14851,4.387079238891602
16340,4.359574794769287
38777,4.796806812286377
88330,4.026645183563232
21472,4.684791088104248
12580,4.945096015930176
5493,3.5857527256011963
89358,4.7021989822387695
82618,5.1381120681762695
21316,3.813046455383301
74653,4.1760640144348145
32563,4.199716091156006
1249,4.5849289894104
98257,4.342878341674805
23428,4.293450355529785
68363,4.6991448402404785
28805,5.014379501342773
6154,5.039090156555176
42327,5.008780479431152
2249,3.286059617996216
58392,4.296915531158447
99502,5.06850004196167
57559,5.148600101470947
10956,4.677940368652344
101109,4.3868865966796875
14053,5.100266933441162
80303,5.106527328491211
68549,4.8702545166015625
10111,4.178533554077148
10355,5.25797700881958
32332,4.030910491943359
40947,5.104336261749268
69218,3.1916565895080566
47333,3.983929395675659
42121,4.24766206741333
36484,4.815865516662598
76468,4.3402276039123535
71295,4.066370964050293
99514,4.542722702026367
65061,4.765539169311523
79493,4.801327228546143
31590,3.7906718254089355
105964,4.473285675048828
37047,4.293938159942627
48037,4.3056182861328125
67216,4.227643013000488
87773,5.372230529785156
124,4.764283180236816
48670,4.294243812561035
75670,5.0792107582092285
10375,4.804662227630615
107808,3.7111198902130127
77538,4.341613292694092
57054,3.817427396774292
3237,3.69189190864563
92221,3.852541923522949
10812,4.195924282073975
23644,5.086066722869873
70320,4.338929653167725
16294,4.893653392791748
93207,4.39499568939209
40822,4.869442462921143
22146,5.047718524932861
3731,3.947390556335449
104928,4.906087398529053
72266,4.125812530517578
11773,4.612103462219238
63364,3.5791332721710205
86294,5.290701866149902
1275,4.5736541748046875
12670,4.546995162963867
16940,4.1865081787109375
65896,4.564157485961914
18978,4.654213905334473
26174,4.6895751953125
20239,4.203958034515381
49951,4.748826026916504
42314,4.6784892082214355
34735,4.92343282699585
81405,4.696938514709473
12654,3.998596668243408
56167,4.2265520095825195
67292,4.459360122680664
86874,5.3172807693481445
25671,4.923067569732666
38775,4.237942218780518
93562,5.139148712158203
39346,4.752116680145264
50306,4.7831830978393555
70865,4.249819755554199
11015,4.509531021118164
59620,4.860305309295654
106481,3.440089225769043
106859,4.029530048370361
79628,4.611370086669922
85230,4.329923152923584
69014,4.563350200653076
2958,5.233063220977783
30479,4.5397491455078125
40552,4.582163333892822
83122,4.594258785247803
96486,3.667236328125
80179,4.836905002593994
99556,4.137190341949463
58157,4.587706089019775
100977,4.798563480377197
38279,4.223476886749268
61902,4.970370769500732
102993,4.665040969848633
11386,4.095907688140869
78105,3.286494493484497
78992,4.212406158447266
71690,5.177088737487793
55013,4.974376678466797
39353,4.734313488006592
21383,4.6912078857421875
22084,4.730138301849365
3556,4.771321773529053
20918,4.484630584716797
104572,5.0408220291137695
90735,4.583493232727051
98138,3.9103055000305176
10281,5.381219387054443
105414,4.0440473556518555
79425,4.540589332580566
833,3.702069044113159
57612,4.326836109161377
63473,4.454661846160889
94024,4.70426082611084
45771,4.1421966552734375
87361,4.9391679763793945
42176,3.987602472305298
82068,4.205331802368164
18046,3.2246572971343994
38479,3.8103342056274414
51750,4.435741901397705
66661,4.346620082855225
79844,4.5343756675720215
68811,4.632317543029785
65251,4.904397487640381
95475,4.398403644561768
36260,4.900449752807617
59554,5.205916881561279
26294,4.5063862800598145
57669,4.097530841827393
20252,3.8680360317230225
44959,4.685605525970459
95126,3.4339382648468018
79180,5.020846843719482
84441,5.031834125518799
81813,4.9888811111450195
89214,4.548497676849365
31248,3.8385045528411865
80541,3.837531089782715
81170,4.283496379852295
8864,4.623498439788818
9487,4.7148518562316895
83119,4.607084274291992
30322,4.742661476135254
33506,3.233642339706421
48221,4.727229118347168
57677,4.628793716430664
107504,4.434309959411621
33896,4.981543064117432
21947,4.7682085037231445
107320,4.690587043762207
75923,3.9609999656677246
56996,4.205275058746338
55155,4.922369956970215
64089,4.835911273956299
56929,4.134883880615234
17584,4.756394863128662
5263,4.549811840057373
72499,4.07996940612793
95552,4.1426496505737305
7915,4.713825702667236
56984,4.428138732910156
61673,4.538917541503906
80867,4.301182746887207
96995,4.232141017913818
24686,4.821699142456055
71595,4.814818382263184
1801,4.8114447593688965
95380,4.966507434844971
49439,4.5096845626831055
40975,4.280434608459473
35060,4.729775428771973
72173,4.688821792602539
27949,5.934366226196289
60823,4.485000133514404
24577,3.8049604892730713
25878,3.644150972366333
72749,4.200460910797119
19120,4.624768257141113
55566,4.272721767425537
24768,3.2792110443115234
67771,5.019893646240234
35286,4.5414204597473145
16385,3.582224130630493
108334,3.8201065063476562
102052,2.6719253063201904
28226,4.295569896697998
32316,4.330204486846924
84438,4.667254447937012
64194,4.849047660827637
83872,5.0376996994018555
82015,5.006787300109863
39945,3.658963203430176
29204,4.508819580078125
53849,4.864589691162109
24417,4.5109171867370605
33624,4.579954147338867
5756,5.230358123779297
28538,5.038546085357666
43115,4.816188335418701
71081,4.485532283782959
15538,4.280900478363037
89072,5.262048721313477
18646,4.465898513793945
66210,4.703377723693848
34929,4.214825630187988
24821,3.895216941833496
41296,4.477710247039795
45374,5.458207607269287
65976,3.8644189834594727
102666,4.754537105560303
22454,4.868571758270264
66732,4.432654857635498
23311,4.706586837768555
25820,4.586306571960449
16005,4.676033973693848
35034,4.207975387573242
107949,4.481463432312012
95511,4.420922756195068
59630,3.522273540496826
27052,3.7577970027923584
20790,4.641274929046631
4046,4.892980575561523
25168,5.14332914352417
69660,4.610468864440918
84460,4.686325550079346
44224,4.518391132354736
103994,4.740809440612793
31723,5.104553699493408
93509,3.8727800846099854
43465,5.365407466888428
76241,3.6290667057037354
14637,4.650012493133545
57257,3.3303027153015137
73018,4.977599620819092
94884,5.181368350982666
4879,4.453661918640137
101310,5.003816604614258
63641,4.3476033210754395
51868,3.183112859725952
59439,4.331636428833008
36250,3.557900905609131
87509,5.0119242668151855
13827,4.906094551086426
38765,4.1057448387146
23864,5.096478462219238
20372,4.137864112854004
84373,4.786409854888916
29612,4.2569899559021
54912,4.267609119415283
4819,4.693031311035156
107776,4.676912784576416
52799,4.096675872802734
45149,4.929104804992676
98843,4.688645839691162
87859,4.5031938552856445
48506,4.771418571472168
94758,4.388230323791504
66632,4.079922676086426
85424,5.002488136291504
54024,4.8351640701293945
97878,4.001683235168457
32745,4.092573642730713
76928,2.9083635807037354
107572,3.478353261947632
39467,5.217036724090576
58883,4.81707239151001
42700,4.396857738494873
7114,4.747181415557861
24959,4.591777324676514
60675,4.705864906311035
81796,4.852395534515381
84998,4.767820358276367
77794,4.958133220672607
37192,3.925191879272461
252,3.5305821895599365
46685,4.3157057762146
11733,4.65993070602417
95059,4.803130149841309
20628,4.76779317855835
94853,3.7389144897460938
13211,5.0688581466674805
84884,4.454779624938965
47964,3.2803444862365723
14433,5.154078483581543
26205,4.262730598449707
90512,4.716827869415283
55817,4.295504093170166
42590,3.9429266452789307
87994,3.91923451423645
61646,4.636801242828369
72232,4.553089141845703
75122,4.688791275024414
73849,4.954881191253662
15939,4.347484111785889
91216,4.539774417877197
4575,5.017945289611816
46380,4.076977252960205
39493,5.402764320373535
11805,4.9326863288879395
16268,4.927389621734619
29267,4.985546588897705
71402,4.504764556884766
55914,4.436010837554932
70479,5.15308952331543
82884,4.501763820648193
22473,4.525019645690918
100635,3.7974131107330322
80079,4.677679061889648
45133,4.383105278015137
95130,4.883606433868408
21340,4.614067554473877
70594,4.821864604949951
73121,4.3033905029296875
52918,4.202764987945557
81007,4.2349042892456055
20923,4.8235697746276855
26356,5.05736780166626
36640,4.555682182312012
45400,4.814808368682861
17494,5.101886749267578
46130,4.349104881286621
107438,4.981631755828857
84734,5.036518573760986
39199,4.358154773712158
69582,5.069699287414551
36691,4.5176100730896
100806,4.64138650894165
54743,4.015506744384766
76497,5.385391712188721
67808,3.383366346359253
105799,4.088685512542725
3458,4.2244181632995605
32865,4.373528480529785
30341,5.053949356079102
88083,4.968276500701904
18802,4.637036323547363
73786,4.234999656677246
46389,4.4901885986328125
43550,4.709339141845703
103911,4.74886417388916
22869,4.151586055755615
74175,5.028462886810303
103981,4.260422229766846
42416,4.402320384979248
38641,4.509035587310791
99705,4.090704917907715
104760,4.602655410766602
9640,5.001377105712891
97199,4.215694904327393
91524,2.337411403656006
39638,4.116971969604492
70144,5.126073360443115
22887,3.908306837081909
64746,4.8934760093688965
74062,4.879340171813965
40754,5.024746417999268
98813,4.537181854248047
67768,4.776899814605713
84128,4.071042060852051
55820,4.316126346588135
92936,4.858687400817871
91062,4.608118057250977
88449,4.688860893249512
81085,4.656085014343262
60212,4.388815879821777
76576,4.042552947998047
23090,4.244431495666504
59499,4.087480545043945
108188,4.68297815322876
11071,4.026031494140625
17726,5.053976535797119
5379,5.091855525970459
23681,4.201523303985596
93206,5.0398335456848145
26590,3.5868377685546875
104270,4.189938068389893
34644,4.520778179168701
77366,4.619021415710449
70805,4.450832366943359
15720,4.309942245483398
65970,4.222882270812988
101277,4.7007293701171875
89511,4.800103664398193
88919,5.247440814971924
55693,3.0226378440856934
50279,3.744941473007202
93769,4.558423042297363
56220,5.048839569091797
58402,4.407192230224609
35823,3.3210127353668213
54280,4.67732048034668
17674,4.8084259033203125
104548,4.462520599365234
55654,3.9891884326934814
95554,3.7317121028900146
35727,4.578402042388916
101257,4.177740097045898
49280,4.212913513183594
62194,4.869429111480713
36058,2.754979133605957
48024,4.703426837921143
93499,3.9099409580230713
12018,3.7626793384552
55692,4.180139541625977
17551,2.6243813037872314
4692,3.3910555839538574
95556,4.152933597564697
20355,4.848867893218994
76518,5.343621730804443
21017,3.9224050045013428
86936,4.372528076171875
65173,4.614576816558838
11891,4.5562214851379395
102397,4.333232879638672
58637,4.930904865264893
35781,4.978370666503906
79046,4.606490612030029
16265,4.5478973388671875
100891,4.835652828216553
85086,5.015650749206543
30694,4.743946075439453
70293,3.6798434257507324
791,3.9178450107574463
19901,3.937922239303589
33131,4.237776756286621
18206,4.535817623138428
107331,3.8438351154327393
74386,4.39502477645874
82949,3.928955554962158
82475,5.447267055511475
1590,5.116688251495361
49880,3.9737396240234375
100123,4.507719993591309
80021,4.072843074798584
50651,4.714406490325928
10361,2.3576650619506836
11960,4.817246437072754
77616,4.733580112457275
87416,3.9020462036132812
53696,4.76094913482666
70991,4.548897743225098
42266,5.040800094604492
90717,3.5966787338256836
86206,5.021059036254883
78867,3.4932007789611816
7834,4.484988689422607
4020,4.725472450256348
42691,4.879212856292725
19131,4.8823370933532715
31714,4.633060455322266
63549,4.924380779266357
67033,4.798683166503906
67894,3.8365402221679688
42212,5.050787925720215
88043,5.075864791870117
8390,4.573836326599121
34340,4.266077041625977
94654,3.4184112548828125
46194,4.697865009307861
39379,4.692779541015625
71907,3.9297733306884766
58539,4.712907314300537
57329,4.945863246917725
73021,4.934100151062012
27293,4.705906867980957
55846,4.639553546905518
31503,3.9819629192352295
106156,4.620072841644287
15626,4.060833930969238
26932,3.8463029861450195
95102,4.141864776611328
102468,5.196463108062744
91695,4.571502208709717
78157,3.2046921253204346
23912,5.095711708068848
10121,4.059305667877197
84271,4.614955902099609
50759,4.846884727478027
42716,4.774067401885986
96482,3.980774164199829
66344,4.4758524894714355
45857,4.258573055267334
76234,4.397828102111816
63369,4.534482479095459
94730,4.648277282714844
107429,4.82390022277832
80525,4.50120210647583
10245,4.762081623077393
47357,4.200767517089844
7288,4.375197887420654
65551,5.66852331161499
81241,4.049155235290527
23189,4.484955310821533
58337,4.790435314178467
66700,3.9174129962921143
98882,4.595091342926025
23367,4.853424549102783
87609,4.597132205963135
25069,4.057804584503174
24650,3.7565300464630127
91370,4.200800895690918
82095,4.48512601852417
29650,3.6226701736450195
6913,3.9722917079925537
59010,4.2810139656066895
77012,5.187994956970215
84178,4.893327713012695
62015,4.938475131988525
51122,3.909104347229004
80596,3.853553295135498
32380,4.524239540100098
25879,5.189667224884033
39351,4.856075286865234
95634,4.183342933654785
47895,3.918635368347168
18111,5.044866561889648
98670,4.5778422355651855
29148,3.976206064224243
40516,5.063162326812744
25842,5.030083656311035
80499,4.582362174987793
96272,3.4061520099639893
6746,5.054322242736816
57621,5.282095909118652
89380,4.026625633239746
10945,4.641357898712158
36229,4.414783000946045
41695,4.564801216125488
24991,5.022542476654053
39508,5.4041337966918945
56634,3.9488141536712646
73785,3.9298226833343506
76045,3.285339593887329
5217,4.557610988616943
8831,4.9158148765563965
107141,4.721889019012451
74749,4.620035171508789
19851,4.2130656242370605
36864,4.967973709106445
33460,5.033496856689453
89328,4.574222087860107
52812,2.736940860748291
41113,4.844590663909912
93308,4.620556354522705
41903,5.041567802429199
25495,4.390650749206543
99146,4.761194705963135
6001,4.269701957702637
52056,4.1781697273254395
106381,4.8124284744262695
10142,4.313680648803711
16459,4.615787029266357
66923,3.148329973220825
93100,4.484738349914551
60450,4.4563798904418945
61662,4.95660924911499
36312,4.625364780426025
64144,4.1963887214660645
55522,4.675933361053467
13106,5.10959005355835
93473,3.9445385932922363
20695,4.501562595367432
25147,4.785346031188965
95253,5.087109565734863
26507,4.796331405639648
77728,4.781793117523193
11901,4.283217430114746
72791,4.342625617980957
82125,4.341977119445801
48446,4.219297885894775
45117,4.084627628326416
70337,4.566814422607422
42235,4.419249057769775
100917,4.766255855560303
54566,3.8866477012634277
5309,3.2216458320617676
69383,4.654990196228027
4935,4.808716773986816
98347,4.715995788574219
73033,4.5288496017456055
33070,4.407959461212158
27170,4.551388263702393
41412,4.914627552032471
88547,3.632868528366089
50937,4.582921981811523
93413,4.024447917938232
11400,4.990599632263184
75571,4.406688690185547
15470,4.481095790863037
41507,3.7161502838134766
103831,3.7212417125701904
11002,4.222203254699707
52944,4.865890026092529
78364,4.980827808380127
76252,4.307778358459473
63447,4.168664455413818
6899,4.34378719329834
31131,2.903883695602417
77695,4.937683582305908
61751,4.262111663818359
59872,4.981213569641113
22340,3.502293348312378
62569,3.711256742477417
85900,3.002565622329712
4599,5.289322853088379
29813,4.142054557800293
98284,4.786656379699707
77270,4.8116583824157715
13999,3.9899702072143555
38184,4.388573169708252
30927,2.9732840061187744
44649,4.836025714874268
68148,4.929514408111572
88326,4.491500377655029
42068,4.699123382568359
20020,3.8809309005737305
48173,4.654211521148682
57588,4.652750015258789
3003,4.582662582397461
85803,4.490863800048828
44976,4.342697620391846
101208,3.345707416534424
89024,4.783203601837158
84169,4.292295932769775
23434,4.887887001037598
9811,4.583220958709717
41927,4.555340766906738
45940,3.801274538040161
46448,4.703440189361572
95660,4.459172248840332
65445,5.135021686553955
71415,5.051454544067383
104652,3.4818904399871826
36332,3.840959310531616
37893,4.870380878448486
79955,4.314782619476318
43559,5.482237339019775
34839,4.324891567230225
66079,4.67869758605957
39911,4.743889808654785
30189,3.8991222381591797
34369,5.252721786499023
29385,3.753932476043701
10818,2.270961046218872
49533,3.7689502239227295
422,3.9813404083251953
30262,3.7564141750335693
83383,4.212553024291992
55539,4.4606146812438965
83335,4.710763454437256
62842,4.074986457824707
70089,4.7199201583862305
102116,4.818088054656982
13146,4.634092330932617
1357,4.625566005706787
59702,4.664797782897949
82187,4.768733501434326
28903,3.7668769359588623
83720,5.230469703674316
19046,4.6417765617370605
7968,4.4603986740112305
92750,4.074043273925781
20140,4.633693218231201
9029,4.449516773223877
46227,4.8720831871032715
75850,4.793884754180908
68067,4.309772491455078
73232,4.4484100341796875
13452,4.156276226043701
91706,5.103458881378174
14453,4.804716110229492
108455,5.0294413566589355
104478,4.662208080291748
75397,4.729050159454346
80224,4.713042736053467
2823,4.771461486816406
9162,4.590319633483887
94275,4.994900703430176
57901,4.837728500366211
81100,5.059201717376709
69912,4.368910312652588
101091,4.7167534828186035
9596,4.980408668518066
76454,4.0875444412231445
91629,5.225435733795166
106657,4.878978729248047
72831,4.170103073120117
49099,4.5299787521362305
35988,3.903977394104004
86383,5.082589149475098
44440,4.541665554046631
61799,4.768455982208252
49107,3.6553311347961426
19652,4.300941467285156
48990,4.19711971282959
101401,4.569880485534668
85723,4.930670738220215
53556,4.917130470275879
39027,4.785561561584473
21735,4.967218399047852
5815,4.630852699279785
106764,4.700539588928223
18650,4.797300815582275
38555,4.61718225479126
74150,5.284371852874756
831,4.895050048828125
177,4.83156681060791
94813,4.528957843780518
101777,4.870911121368408
77193,4.923440933227539
106288,4.25091028213501
40154,4.1883392333984375
43876,5.126501083374023
40880,5.282408237457275
81516,4.626236915588379
1901,4.228508472442627
33507,4.343264579772949
93685,5.101338863372803
25700,5.116606712341309
28652,4.920269012451172
70029,4.891987323760986
43003,4.631741046905518
2129,4.7432732582092285
93391,4.15474271774292
38766,4.004178524017334
89930,5.467308521270752
14866,5.005929946899414
63419,4.371432781219482
81544,3.954373598098755
93878,5.06044864654541
96231,3.3794243335723877
54335,4.796669960021973
85952,3.7604966163635254
56106,4.754949569702148
103571,3.8995578289031982
106756,4.438140869140625
34326,4.863246917724609
32553,4.822354793548584
55724,3.723564863204956
92153,5.2458343505859375
86410,3.974644899368286
10616,3.373079776763916
32930,4.272222518920898
69661,5.145319938659668
48842,4.8981475830078125
5951,3.8630261421203613
107660,5.9954915046691895
73897,4.580704689025879
67395,4.933079242706299
65932,4.720401287078857
78919,5.085453987121582
51562,4.61644172668457
34806,5.067812442779541
57626,4.633528232574463
28802,3.5546867847442627
42668,4.895144462585449
39140,3.977628469467163
17532,4.436769008636475
20417,4.637772083282471
60005,3.171593427658081
55301,4.267243385314941
75663,5.148627758026123
41815,4.903660774230957
39339,4.642512798309326
55959,4.338311195373535
74526,4.933996200561523
24937,4.921245574951172
13893,5.050720691680908
16713,4.95231819152832
102891,4.7233781814575195
61851,4.627183437347412
31383,4.77232027053833
90962,4.948600769042969
84935,4.850258827209473
40009,3.6526148319244385
88931,4.386212348937988
108167,4.8370490074157715
104176,5.229183197021484
54807,4.671243667602539
102164,3.5843496322631836
37461,4.7989678382873535
82699,4.749730110168457
97899,4.006288051605225
2220,4.62053918838501
87953,4.7857561111450195
7757,4.504339694976807
89995,4.429174900054932
102131,4.336426734924316
72533,4.916878700256348
1889,3.9603753089904785
27305,4.8211669921875
2372,5.160963535308838
45160,4.573671817779541
8271,4.753296852111816
6505,4.090222358703613
88661,4.745036602020264
40167,4.645145893096924
76616,4.699885368347168
106930,4.875671863555908
89672,4.026251316070557
97907,4.305274963378906
82886,4.088479518890381
36574,4.643336296081543
87386,4.9613237380981445
77174,4.626512050628662
106199,4.267786502838135
6086,5.155210971832275
381,4.080872535705566
104139,3.392672538757324
52882,4.7256035804748535
103789,4.5283613204956055
106090,5.000059127807617
42131,5.149982929229736
21098,4.250137805938721
40407,4.13153076171875
82854,4.710007667541504
3469,4.13368558883667
6204,4.120751857757568
50042,2.7228384017944336
69448,4.1789398193359375
79825,4.357698440551758
2014,4.232686519622803
51335,4.301879405975342
49374,4.367528438568115
59438,3.263260841369629
18240,5.019102096557617
105688,4.6635422706604
88891,4.877037048339844
102493,5.029341220855713
5529,4.627234935760498
67402,3.9989285469055176
72368,4.659610748291016
36761,4.987727642059326
105309,4.794908046722412
69021,3.6806418895721436
46884,4.196908473968506
84906,4.943476676940918
68659,4.804093360900879
43046,4.152005672454834
52421,4.794456958770752
97447,4.7745208740234375
34511,4.4721198081970215
48417,3.9879977703094482
103501,4.8447489738464355
18467,5.20709228515625
25897,5.082100868225098
21910,4.993795394897461
3944,3.783029317855835
6726,4.318704128265381
83355,4.318288803100586
104102,5.069047451019287
66990,3.9121217727661133
104982,4.673582553863525
35170,4.543686389923096
6455,4.361339092254639
52609,3.7309377193450928
16907,4.833135604858398
79261,4.219670295715332
16825,4.427292346954346
104013,4.451169967651367
99467,4.917599201202393
519,4.446918964385986
102749,4.951120376586914
30143,4.61578369140625
44974,4.377689838409424
82945,4.244778633117676
63544,5.149666786193848
79541,4.892828464508057
4969,3.964754819869995
84843,5.002853870391846
24135,4.534389019012451
12627,4.275389671325684
39349,5.133030891418457
45369,4.455099105834961
61381,4.844737529754639
32361,4.558673858642578
45807,4.160400867462158
19665,4.546661853790283
32948,4.402713298797607
96988,3.939196825027466
79678,4.644055366516113
60018,4.149636745452881
19290,4.699307441711426
39722,4.6572113037109375
1687,3.195417642593384
100009,3.749312400817871
104437,4.405845642089844
29982,4.447422027587891
88176,4.220344066619873
3917,5.369352340698242
15897,4.708150863647461
36826,4.957997798919678
87486,4.684324264526367
34505,4.307047367095947
104731,5.1627197265625
41378,4.052963733673096
6778,4.071873188018799
103257,4.322059631347656
71592,4.991752624511719
29518,5.071258068084717
3518,4.519296646118164
104936,3.7979745864868164
19936,4.345739364624023
73938,5.015232563018799
52180,4.893052101135254
77823,4.224028587341309
88257,5.053409099578857
50888,4.827506065368652
20283,4.54840087890625
22607,5.0584282875061035
12239,4.274101257324219
73617,4.27252197265625
48290,4.466999530792236
27054,4.849704265594482
47940,3.988076686859131
102420,4.896860599517822
3876,5.091619968414307
84070,3.7426130771636963
22884,4.639721870422363
18535,5.2816481590271
70209,4.877368927001953
82967,4.546097755432129
51600,4.720527172088623
75262,3.7903804779052734
87835,3.927051544189453
91748,2.7476258277893066
13822,4.418910026550293
87017,3.956382989883423
16137,4.7466840744018555
41278,4.83323860168457
32840,4.416557312011719
80288,4.2862749099731445
39156,4.279335975646973
89792,4.192150115966797
74176,4.926510810852051
27332,3.6931889057159424
76360,4.266088485717773
8999,5.070538520812988
61289,4.268685340881348
99565,4.316306114196777
58368,4.849273681640625
62819,4.280813217163086
42225,4.987400054931641
15372,4.43328332901001
27092,3.3478493690490723
44532,4.868834972381592
4070,4.553647518157959
42710,4.256898880004883
102912,4.8041534423828125
108298,3.06418514251709
20837,4.742541790008545
39064,4.335068225860596
13442,4.387098789215088
67490,4.022031784057617
76893,4.241459846496582
90053,4.987076759338379
25904,4.59915018081665
34325,4.795830249786377
38309,4.047902584075928
78769,4.283885478973389
68177,4.377529144287109
47310,3.7874839305877686
102069,3.7220723628997803
30255,4.2179951667785645
35687,4.299912929534912
17217,3.6703712940216064
75042,3.872462272644043
97957,4.754672527313232
73109,5.023036003112793
53188,4.637691020965576
51474,4.933661460876465
80697,4.164420127868652
32984,4.613988876342773
98049,4.924890995025635
39003,5.196976661682129
104248,5.203478813171387
106584,4.4472503662109375
95721,3.379542589187622
82352,3.7436206340789795
82788,5.268343448638916
59331,4.625889301300049
32294,4.4412150382995605
5793,5.046303749084473
58076,4.112506866455078
62312,4.467538833618164
49357,3.684732437133789
54872,4.163916110992432
32656,5.089086055755615
22835,4.211367130279541
31548,4.200922012329102
105672,4.772098064422607
82710,5.169712066650391
41962,4.663853645324707
67578,4.332648754119873
2195,4.347644329071045
9008,4.256851673126221
103332,4.127163887023926
64173,4.412842750549316
89418,4.862820148468018
63678,5.056845664978027
58605,4.59705924987793
31850,4.501542568206787
20433,4.986205577850342
86215,4.43721342086792
31276,4.157196521759033
69609,4.317539691925049
104068,3.1983563899993896
34203,4.308175563812256
6966,4.627719879150391
15143,3.9997549057006836
70387,3.635007619857788
100351,4.427380084991455
103328,4.158555030822754
25154,4.703810214996338
70134,4.902079105377197
94908,4.907244682312012
58348,4.726894378662109
73365,5.028077125549316
90839,4.252007484436035
60014,4.457342147827148
43563,4.750484466552734
37698,4.097039699554443
65703,4.983497619628906
86811,4.724998474121094
105545,4.8850932121276855
28483,5.002703666687012
23658,5.043789863586426
93616,4.578797340393066
15730,3.7157111167907715
64100,4.557506561279297
46261,4.379096984863281
8847,4.268104553222656
70615,4.41229248046875
64589,4.78843355178833
58701,4.691717147827148
66083,4.560600280761719
95744,4.321308135986328
2131,4.872276782989502
70065,5.231101989746094
86763,4.812661647796631
57122,3.524923086166382
64795,4.429662704467773
40579,4.990198135375977
33193,4.979442119598389
76373,3.9446511268615723
23860,2.806920051574707
13297,4.493890762329102
18631,4.864259243011475
23224,4.741752624511719
20946,3.9848885536193848
24074,3.6040151119232178
30101,4.872481346130371
47988,4.114844799041748
39571,4.859960556030273
65350,4.778802871704102
20681,4.877421855926514
7939,4.076605319976807
4078,4.059038162231445
81174,4.262719631195068
70158,3.2983992099761963
108585,5.290735721588135
15120,5.130939960479736
87161,5.066837787628174
86257,4.944972038269043
96204,4.9969801902771
98500,4.643767833709717
87165,5.0514349937438965
56197,4.278561592102051
99145,4.61954402923584
42192,4.977666854858398
18620,4.671751976013184
83180,4.102253437042236
71570,4.261876106262207
13304,4.773065567016602
54519,2.9812822341918945
35871,4.824796676635742
83033,4.763460636138916
27127,4.97831916809082
68728,3.8945388793945312
12370,4.245291233062744
20334,4.420626163482666
80449,4.742911338806152
28261,4.790651321411133
3775,4.989523887634277
67967,5.4179229736328125
1531,5.203329086303711
42709,4.732465744018555
71949,4.5116801261901855
95635,4.41433048248291
52668,4.981569766998291
46893,5.118890762329102
7342,5.227552890777588
54330,4.7371673583984375
99047,4.333789348602295
13798,4.671441555023193
23739,3.9250969886779785
12727,5.03266716003418
41881,4.886235237121582
59023,4.887724876403809
51211,4.07096529006958
14628,5.319555282592773
61719,4.798215389251709
63766,4.594486713409424
57419,4.2607622146606445
2236,4.4323649406433105
63368,4.694088935852051
47441,4.479907512664795
39857,4.148972034454346
35008,4.606411933898926
44473,4.212821960449219
34050,4.6640191078186035
36206,3.8692445755004883
32985,4.7065510749816895
23881,5.243260383605957
102588,4.836440563201904
56250,4.960564136505127
36438,5.044535160064697
65442,5.042857646942139
24115,4.380272388458252
16712,4.68242883682251
13808,4.853301048278809
11219,4.477170944213867
29445,5.021569728851318
21233,4.417534828186035
104052,3.780604839324951
6106,3.7145490646362305
12684,4.988794803619385
36170,3.517160415649414
597,4.358919620513916
30318,4.899638652801514
87221,4.239014625549316
70346,3.827016592025757
20905,4.484952926635742
13143,5.214943885803223
4390,4.598818302154541
10948,4.817387104034424
12605,4.373115539550781
84446,4.907612323760986
98269,4.52422571182251
101314,2.76869797706604
38576,4.753700256347656
14068,4.564375400543213
103698,4.038731098175049
62252,4.958459854125977
51799,4.23842716217041
60030,4.377859592437744
104751,4.327912330627441
29388,4.477746963500977
84694,5.153162479400635
54391,3.175078868865967
39653,3.6105103492736816
16999,5.162461280822754
91194,4.964489936828613
106411,4.171658992767334
27280,4.477758407592773
89284,5.095047473907471
64366,4.786495208740234
38831,4.260554313659668
72970,4.595088481903076
30182,4.590358734130859
62489,4.441645622253418
100953,4.063260555267334
27223,4.112283706665039
52389,4.675484657287598
41009,3.621677875518799
97287,4.298118591308594
52669,4.588030815124512
20525,3.8986968994140625
61939,4.446146011352539
13950,4.655173301696777
34804,5.2034173011779785
42370,5.033408164978027
78615,4.838365077972412
63102,4.452754974365234
13295,4.909132957458496
104846,5.105565071105957
92151,4.461765289306641
15947,4.903962135314941
9579,4.110660076141357
33359,5.1256537437438965
51056,4.740386962890625
51437,4.837534427642822
14587,5.055133819580078
75387,5.022265911102295
101834,4.787353992462158
22572,4.26248025894165
30737,4.741805076599121
50583,4.542182922363281
96179,4.884618759155273
51404,5.139388084411621
69453,4.302878379821777
62716,4.566905975341797
48349,4.929255485534668
2856,5.009050369262695
30117,4.817395210266113
4972,5.201197624206543
27267,4.008479595184326
101543,4.734551429748535
1467,4.671488285064697
58216,4.7694172859191895
38196,3.372485876083374
71434,4.600830554962158
52315,4.8969268798828125
49960,5.016843318939209
71678,4.266272068023682
94244,4.2387518882751465
54117,4.124447822570801
13193,4.631180763244629
38791,4.496729850769043
35074,4.892833232879639
86533,4.667036533355713
27644,4.788632392883301
71520,4.123194217681885
87331,4.402241230010986
46076,4.00275182723999
87728,3.601984739303589
14603,4.8797287940979
27450,4.6376214027404785
23293,4.759529113769531
84414,4.486615180969238
98655,3.958678722381592
75037,4.780025482177734
73590,5.009729862213135
72519,5.2205119132995605
93131,4.805830955505371
51842,4.7381486892700195
1177,4.819701194763184
52343,4.550158977508545
67551,4.022429466247559
5165,4.552348613739014
102017,4.635891914367676
34885,4.594305992126465
94772,2.981515645980835
3379,3.420647144317627
8557,5.206238746643066
78522,4.900015830993652
54898,4.896012783050537
30834,4.494016647338867
5351,3.782012939453125
66364,4.662967205047607
68632,4.0052971839904785
24995,4.129241466522217
55230,4.97093391418457
40250,4.795673847198486
50061,4.563989639282227
14788,4.525684356689453
35577,4.01479959487915
17027,5.177380084991455
4892,4.434669017791748
53879,5.053929805755615
71995,4.36710786819458
30236,4.870543479919434
54963,2.816208839416504
95795,4.642184257507324
20213,4.5352020263671875
7755,4.951967239379883
98759,4.7901482582092285
77896,4.246576309204102
89549,4.1810526847839355
28452,4.944036483764648
99849,3.302021026611328
76894,4.433503150939941
36926,4.458993434906006
20441,5.09396505355835
57081,4.589780807495117
89732,3.9095680713653564
42104,4.916646957397461
63718,4.686859130859375
81249,3.8005659580230713
62831,3.4352381229400635
3313,3.9630751609802246
80529,4.678255081176758
30803,3.975754499435425
107046,4.551535606384277
50629,4.613853454589844
107659,5.245173454284668
68264,4.039244651794434
31881,3.7745158672332764
3141,4.786360740661621
42208,5.103366851806641
69902,4.319760799407959
2682,4.453843593597412
448,4.918892860412598
77588,4.272310733795166
78316,4.488306045532227
34703,5.006054401397705
50522,4.358643531799316
67486,4.167411804199219
26416,4.75046968460083
70651,5.017740726470947
34421,4.991048336029053
69896,4.903021335601807
74469,4.754931926727295
95812,4.0195207595825195
13155,5.0445966720581055
39674,4.516522407531738
49172,3.8898885250091553
50519,4.866405963897705
10400,4.387037754058838
90841,4.122910022735596
36838,4.981490135192871
8621,4.386906623840332
52750,4.319529056549072
12875,4.483028411865234
57804,4.216495037078857
77593,4.250089168548584
81973,5.147125244140625
470,4.658769607543945
17653,4.704841613769531
9591,4.841650009155273
73756,4.048271179199219
22424,5.058845043182373
75433,4.581451416015625
100198,3.2588303089141846
80145,4.909092903137207
71579,4.695916175842285
72732,4.745808124542236
56570,5.07072114944458
103022,4.4501543045043945
48413,4.42826509475708
38281,3.9545583724975586
59996,4.404372215270996
32255,4.708744525909424
36083,4.873358249664307
30670,5.3198466300964355
33606,4.302771091461182
8275,4.257862091064453
56430,4.443971157073975
35406,4.298639297485352
107179,4.477909088134766
59901,4.429418087005615
36468,4.275313377380371
31975,4.497519493103027
71819,4.625604152679443
96271,4.262488842010498
107580,4.787487506866455
63200,4.256484508514404
74989,4.510485649108887
32626,4.337123394012451
77497,4.622006416320801
82502,4.223837852478027
69973,4.684643745422363
100390,4.650610446929932
18523,4.822046279907227
40587,5.016445159912109
79129,4.879829406738281
50169,4.70925235748291
61594,4.363169193267822
71198,4.521693706512451
42775,4.717556953430176
46361,4.834906578063965
46240,4.844539165496826
65921,4.72689962387085
53559,4.485626220703125
14194,4.530572891235352
19196,5.09412145614624
65894,4.162196636199951
17326,4.831615447998047
2008,4.768504619598389
67500,3.4064180850982666
33009,4.618887901306152
95119,4.744166374206543
21244,4.710068225860596
63761,3.8189191818237305
84485,4.679921627044678
87189,4.491573810577393
54178,4.6335368156433105
105711,4.416872978210449
47023,4.005277156829834
107880,4.67772912979126
85207,4.579276084899902
88601,5.215480327606201
37508,4.3726277351379395
107220,5.0550618171691895
81116,4.985551834106445
69696,4.8013458251953125
39013,4.565566539764404
27835,4.713902473449707
30306,4.316341400146484
11828,4.533045768737793
5857,4.940805912017822
77993,4.786503314971924
21273,5.212209701538086
12027,4.057045936584473
24760,4.364368438720703
78386,4.773583889007568
77321,4.703740119934082
85139,3.292677402496338
94698,4.587319850921631
600,4.195346355438232
58224,4.747708797454834
35160,5.13820219039917
20009,3.968050718307495
61603,4.820090293884277
93969,3.8386685848236084
854,3.6222667694091797
99918,4.642215728759766
66663,2.5299415588378906
29242,4.539681434631348
107905,4.578575611114502
106849,2.578826904296875
52382,4.963563919067383
37390,5.033640384674072
7490,3.811966896057129
90255,4.454133033752441
63303,2.15185546875
46513,4.006388187408447
29653,4.708967685699463
31763,3.933519124984741
67710,4.139218330383301
33462,4.068661212921143
55777,4.11856746673584
90369,4.530235767364502
51941,3.7466320991516113
108106,4.6759443283081055
45828,4.707897186279297
87648,4.683156967163086
95739,5.012127876281738
85418,4.3103790283203125
23498,4.444779872894287
56180,5.2610344886779785
82293,5.102019309997559
35511,4.697574138641357
12564,4.326990127563477
31659,5.316213607788086
60873,4.3755083084106445
9271,4.605231761932373
69122,3.403249979019165
49458,3.9973857402801514
67288,3.7505486011505127
38990,4.691080093383789
94412,4.464957237243652
18341,4.2159881591796875
41512,3.752941131591797
93636,3.7683730125427246
34414,4.0214715003967285
58189,4.241815090179443
107706,5.361470699310303
8407,4.665042877197266
14652,4.845133304595947
27709,4.895843982696533
42426,4.0955352783203125
102319,4.686452865600586
62817,4.006672382354736
32662,4.894127368927002
39867,3.6378448009490967
70062,4.8508992195129395
32184,4.290550708770752
13738,4.5494465827941895
43987,4.556272506713867
25640,4.849694728851318
105491,4.083185195922852
101589,4.6964311599731445
30058,4.240533351898193
81092,4.592501640319824
832,3.589766025543213
80787,4.391773700714111
104725,4.148044586181641
101768,4.2521538734436035
53503,4.508691310882568
25781,5.128726959228516
105844,5.587569236755371
79658,3.9135892391204834
73507,4.985414981842041
104581,4.170080184936523
103024,3.452531337738037
10271,5.066803455352783
30555,5.161865711212158
30128,3.554494619369507
55976,3.4609014987945557
34268,3.5382602214813232
27532,4.342737197875977
65596,4.42302131652832
835,3.9310696125030518
27665,4.9643330574035645
94188,3.8033926486968994
64902,4.439234733581543
75767,4.203766345977783
48318,3.577793836593628
63596,4.8453145027160645
46915,4.999844074249268
75585,4.665940284729004
57129,4.279505729675293
29307,4.445673942565918
17160,4.397462368011475
25547,5.05975866317749
41222,4.902198314666748
68266,3.5251119136810303
61887,4.803133010864258
79145,4.593575477600098
86684,4.335188388824463
76001,4.154838562011719
56105,4.755124568939209
108024,4.659070014953613
910,4.2803168296813965
65586,4.267577648162842
7453,4.487008571624756
623,5.005511283874512
87732,5.000351428985596
87721,4.333537578582764
38278,4.548057556152344
5184,4.230380058288574
100357,5.036376953125
53748,4.262547969818115
49909,4.654109477996826
81520,4.358181476593018
90006,5.288782119750977
70799,4.570837020874023
37271,3.737281084060669
35721,4.552676200866699
75236,5.258686065673828
66770,4.126829147338867
91962,4.727646350860596
87312,4.608879089355469
20607,5.009850025177002
81833,4.14040994644165
4262,3.816912889480591
40674,4.8156514167785645
58285,4.616476058959961
3224,4.43914270401001
42119,4.497119903564453
107292,3.964556932449341
41175,4.5382184982299805
38269,4.538774013519287
68038,4.309858322143555
38589,3.883211612701416
12884,3.6780073642730713
51503,4.971338272094727
28901,5.104975700378418
31415,4.150168418884277
10512,3.997302532196045
21502,4.210682392120361
38431,3.832354784011841
48991,4.339042663574219
28227,5.150657653808594
8281,4.788666725158691
18847,4.879851341247559
43896,4.874066352844238
84556,4.197666168212891
32660,4.9089579582214355
105192,4.5613837242126465
68674,4.094972133636475
78448,4.4945149421691895
55826,4.9475555419921875
45025,4.8927226066589355
31774,4.856431007385254
74535,4.9590888023376465
97883,4.615323543548584
75300,4.710847854614258
23288,4.546644687652588
10592,4.596171855926514
68530,4.520780086517334
53731,4.781251430511475
47694,4.742692947387695
5773,3.829953670501709
22785,4.116236686706543
16818,4.851621627807617
28173,4.119177341461182
56042,4.824713230133057
29094,5.190629482269287
105020,4.122250556945801
94122,5.092844486236572
14476,3.5349228382110596
65579,4.834702014923096
50114,4.691473484039307
107676,4.986100673675537
66232,4.1179962158203125
49244,3.7907416820526123
68614,4.77372407913208
79898,4.603058815002441
54005,4.866297721862793
27061,4.4781646728515625
32076,4.619836330413818
44331,4.885504722595215
4805,4.823741912841797
59881,5.197558403015137
30218,3.7904069423675537
45052,4.410289764404297
73282,5.013829708099365
17770,4.739727020263672
51440,4.484685897827148
45790,4.959403038024902
25919,5.21046781539917
17248,4.017079830169678
101241,4.237698078155518
85598,5.0252604484558105
42074,4.3053412437438965
92080,4.646339416503906
69240,4.291466236114502
7340,5.3257880210876465
33435,4.176632881164551
50277,4.7616095542907715
61938,5.134313583374023
59929,4.944255352020264
9106,4.641627311706543
107945,5.067779541015625
76973,4.667141914367676
46667,4.74901008605957
12562,4.285231590270996
78740,4.728683948516846
2656,4.531164646148682
9469,4.49347448348999
18805,4.0395965576171875
72938,4.483776092529297
95482,4.875547885894775
91928,4.276391983032227
35128,4.678493499755859
80856,4.728163719177246
98303,4.462863445281982
20404,3.2993361949920654
64580,3.6527628898620605
12361,4.160357475280762
34376,5.174296855926514
22674,4.550326347351074
99015,4.515878677368164
15379,5.031285285949707
94759,4.438278675079346
52469,4.058096408843994
40604,4.788974285125732
24809,3.966252088546753
2744,4.341117858886719
18168,4.996888637542725
96199,4.866703510284424
63148,4.162567615509033
13313,4.746097087860107
20349,5.1997528076171875
44287,4.278865337371826
50941,3.662830352783203
65686,5.328320026397705
95938,4.898166179656982
85806,3.395578145980835
59073,5.0658416748046875
11546,4.672966957092285
94991,4.889607906341553
11937,3.455792188644409
92665,5.057761192321777
38185,4.212575912475586
49096,4.7646589279174805
45412,5.119821071624756
9794,4.71283483505249
106367,4.3983049392700195
68287,4.796783447265625
21608,4.824243545532227
40949,4.776777744293213
107433,5.092805862426758
34462,3.418513536453247
89906,4.9433393478393555
92206,4.780728340148926
65660,4.144737720489502
84633,5.236070156097412
86819,4.7831807136535645
98281,4.731713771820068
28498,4.7493696212768555
44672,4.022522926330566
10783,4.603682041168213
47099,4.0989203453063965
64769,5.120906829833984
11506,4.921728134155273
41072,4.93880033493042
76668,4.338942527770996
68465,3.8553929328918457
50422,3.5779383182525635
12912,4.489102840423584
47756,4.7347235679626465
107019,4.315353870391846
89464,4.793832302093506
108424,4.022271633148193
108346,5.1231184005737305
32147,3.293987989425659
62485,4.570429801940918
83782,4.0507049560546875
78274,4.842318058013916
18391,4.763175010681152
589,4.73107385635376
65974,4.589453220367432
9574,4.625394344329834
77106,5.258059024810791
34189,4.733337879180908
51164,4.38225793838501
76490,5.428308010101318
59341,4.484218597412109
50576,4.490536212921143
15526,4.216793537139893
71593,4.902404308319092
17162,4.61916971206665
40327,4.99920129776001
87423,4.529778003692627
60431,4.437029838562012
41180,4.827827453613281
60386,4.484964847564697
102717,4.201460361480713
65135,4.7006964683532715
10720,4.753887176513672
93366,3.566363573074341
105062,3.931924343109131
14710,3.827373504638672
35045,4.05026388168335
1583,4.981979846954346
42238,4.850855350494385
62100,3.8964853286743164
939,2.6632981300354004
37792,4.696354389190674
17094,4.6507368087768555
76318,4.734057903289795
102482,5.125082015991211
57245,4.754010200500488
23613,4.452885150909424
24449,4.616274356842041
96474,5.78354549407959
48427,4.408886432647705
45474,3.771289348602295
51218,3.9761312007904053
103584,4.812849998474121
4913,4.099079132080078
60560,4.984361171722412
91566,5.014657497406006
57555,4.581556797027588
67756,3.2567431926727295
97414,4.680089473724365
84417,3.7886221408843994
61311,4.384753227233887
10991,4.582912921905518
17147,3.9790024757385254
86353,4.973763942718506
72521,4.770205497741699
46846,5.012871742248535
9244,4.551690101623535
102527,4.5655131340026855
92148,4.950560569763184
20005,4.488360404968262
64764,4.908539295196533
82038,4.426933765411377
71809,4.286964416503906
78937,4.642430305480957
74573,4.34696102142334
35274,2.313798427581787
69078,4.482671737670898
105250,4.928253650665283
107307,4.095381259918213
81880,4.776668548583984
82045,4.320775032043457
59747,3.696653127670288
50091,4.833890438079834
52545,3.791229248046875
43113,4.9170708656311035
105895,4.18082332611084
77805,3.973071575164795
65648,4.8294830322265625
94129,5.407212257385254
17488,4.871697902679443
90983,4.926818370819092
45414,4.431872367858887
32852,5.132870197296143
57493,2.9129843711853027
30366,5.154708385467529
103446,4.67397928237915
107416,3.075822114944458
9604,3.408362865447998
90758,4.473471641540527
105256,4.6419172286987305
60135,4.623562335968018
100647,4.3089599609375
18513,3.5810353755950928
70286,4.693843364715576
70159,4.428123474121094
35931,4.206497669219971
1799,4.854382514953613
40427,5.097241401672363
101652,4.761551380157471
85306,4.717189311981201
75189,5.217988014221191
17061,4.170811653137207
35350,4.219871520996094
92984,4.888951301574707
15432,4.19300651550293
71610,4.1444196701049805
58382,2.1948206424713135
102577,4.748205661773682
41786,4.903251647949219
12438,4.870398998260498
90609,4.130833148956299
26317,4.594747066497803
74026,4.534796714782715
103670,4.884582042694092
71068,2.9812281131744385
34323,4.155776500701904
60926,3.7593817710876465
18563,5.091805934906006
51739,4.287214756011963
102212,4.302218914031982
93416,2.8411951065063477
95797,4.511774063110352
107838,4.682647705078125
30721,5.423820495605469
96121,4.30103874206543
5749,4.632128715515137
106939,4.59921932220459
8268,4.701300144195557
24079,4.237133979797363
15021,3.985424518585205
29456,4.174369812011719
18377,4.9522786140441895
79022,4.403148174285889
59918,5.07454252243042
4034,4.506069660186768
67326,5.207615852355957
26928,4.619960308074951
51076,5.2339863777160645
36550,5.097584247589111
49906,4.473243236541748
78748,5.043309211730957
106609,4.340419769287109
46669,4.695503234863281
11130,4.974026203155518
11367,4.438187599182129
16669,4.927789211273193
48687,4.794941425323486
5669,5.166069507598877
62754,3.2849063873291016
41667,4.532415390014648
8054,3.4830522537231445
34927,4.527175426483154
53682,3.9552652835845947
82820,4.858353614807129
72879,3.8054986000061035
38102,4.669320583343506
21285,3.287555694580078
91605,4.861737251281738
40995,4.508148193359375
54820,3.9972524642944336
64743,5.132138252258301
73641,4.531100273132324
34378,4.741570949554443
105476,4.533115386962891
35253,4.011029243469238
43690,4.376012802124023
75137,4.551835536956787
6008,3.0397071838378906
102778,4.864058494567871
91390,4.690098285675049
4878,4.3844804763793945
26405,4.945084095001221
23812,4.191761016845703
100870,3.894333839416504
37583,4.69911003112793
58912,4.783933639526367
45782,4.897507190704346
68079,4.556326389312744
83271,4.293274402618408
68056,3.9263925552368164
49515,4.059754371643066
47320,4.368250370025635
42247,3.64013934135437
43997,4.0055742263793945
92839,4.8508195877075195
4161,5.111654281616211
73041,4.8649444580078125
98441,5.190979957580566
48131,4.802992343902588
98390,4.361252784729004
69757,4.0643110275268555
22395,4.051354885101318
24195,3.8699240684509277
78837,3.226606607437134
5620,5.07600212097168
1461,4.682402610778809
4296,3.530883312225342
83285,4.250537872314453
94251,4.797691822052002
96870,4.114068508148193
19107,5.347416400909424
70707,4.732577800750732
54277,4.534708023071289
51952,4.27650260925293
78350,5.200819969177246
106068,4.062838077545166
60116,4.651984691619873
51249,4.4116926193237305
46736,5.071534156799316
106263,4.320760726928711
58018,4.669833183288574
94213,4.030511379241943
14827,4.996667385101318
50669,4.4376373291015625
2316,4.852810859680176
45931,4.250964164733887
94029,2.8627264499664307
79029,4.274489879608154
32622,5.122045516967773
97603,4.411378383636475
105662,4.799610614776611
37166,4.292713165283203
21767,4.796208381652832
107185,4.367298126220703
65431,4.419063091278076
23190,4.930631160736084
94487,4.387165546417236
54715,4.46815824508667
9837,4.482414245605469
27063,3.8334901332855225
68555,5.0432820320129395
67833,4.869170188903809
17086,4.877716064453125
69436,4.292593002319336
34156,4.405762195587158
100185,4.933967113494873
86045,4.225030422210693
33923,3.479581117630005
72618,4.4053955078125
100685,5.173144817352295
83726,4.824832916259766
7320,4.306562423706055
27217,4.711976051330566
99177,4.749619007110596
92813,4.986380577087402
94194,4.361545562744141
101380,3.888446807861328
1621,4.336873531341553
13089,4.714271545410156
84585,5.048250198364258
13931,4.961796283721924
8834,4.996817111968994
629,4.273622989654541
13556,5.094814777374268
57680,5.144622802734375
43553,4.902138710021973
63912,4.781980037689209
87649,4.505832195281982
76517,5.299948215484619
47952,3.675299644470215
72867,4.838601112365723
21083,4.557424068450928
49196,4.623656749725342
18973,3.6766676902770996
104913,5.133244514465332
40193,4.8343892097473145
73957,3.229199171066284
50107,4.584970951080322
36276,5.0414299964904785
51957,3.7877891063690186
98297,4.110652923583984
4073,5.121184349060059
14893,4.9575700759887695
59249,4.941957950592041
65555,4.155671119689941
36809,3.813293933868408
12019,4.64961576461792
19027,4.335713863372803
18413,4.736184120178223
81997,4.28488826751709
25043,4.686265468597412
35400,4.437440395355225
65740,4.52376651763916
105401,4.339746475219727
34894,4.156188488006592
79727,4.6537885665893555
364,4.878862380981445
66586,5.117915630340576
14671,4.1962571144104
69516,4.877169609069824
58553,3.786207914352417
16274,4.805182456970215
48493,4.491095542907715
13104,4.563208103179932
23453,4.4096360206604
40872,4.859819412231445
95548,3.866860866546631
67377,4.726987361907959
13305,4.872140407562256
46278,4.605014801025391
88743,4.855172157287598
5563,4.927449703216553
63792,4.445648193359375
20074,4.92191743850708
69800,4.401771545410156
4056,4.8554229736328125
106017,4.290618896484375
101505,4.117678642272949
72138,4.255099296569824
93171,4.769111633300781
17571,5.0421013832092285
12406,3.84989070892334
105271,4.8587493896484375
95057,4.813045978546143
66109,4.343273639678955
9686,5.125999450683594
55548,4.4259748458862305
30976,4.524312973022461
62214,4.446818828582764
70755,4.870199680328369
33279,4.395747184753418
49824,3.923577070236206
73481,3.7515623569488525
69205,5.059574127197266
59201,2.699693441390991
21041,5.147036075592041
82924,4.266810417175293
47683,4.1800079345703125
72964,5.042905330657959
4062,4.758477687835693
14001,4.7462568283081055
106314,3.8563408851623535
19807,3.3857977390289307
361,3.7900032997131348
277,4.060366153717041
8408,4.914673805236816
45196,4.414578914642334
43983,4.390936851501465
52732,4.033562183380127
60842,3.957390546798706
105901,4.261610984802246
33931,4.539901256561279
106454,4.690084457397461
56398,4.778164386749268
81909,4.483811855316162
82418,5.342925548553467
25052,4.489492893218994
82493,5.254245758056641
9226,3.8869340419769287
54894,4.2737345695495605
51531,4.492493629455566
107531,4.713677406311035
69568,2.8687829971313477
82242,5.483798027038574
41972,4.209115505218506
83991,4.625597953796387
78804,4.325127124786377
48829,4.99179220199585
93181,3.921095848083496
85036,5.3422441482543945
59435,4.407332897186279
13433,4.6550068855285645
104019,4.214350700378418
16785,4.784199237823486
66588,4.345757961273193
4057,4.965487003326416
78160,3.2699155807495117
97143,4.755288124084473
82664,4.280731678009033
99906,4.4698662757873535
100952,4.535080432891846
61796,4.895481586456299
36027,4.134110450744629
40195,5.019852161407471
51848,3.3977248668670654
87527,5.015791416168213
60209,3.8948092460632324
104,4.816483497619629
41237,5.12367057800293
54291,4.818787574768066
16334,4.700432777404785
69322,4.097851753234863
10198,5.126755714416504
57732,4.765801906585693
73141,4.789189338684082
34113,4.908520221710205
16285,4.7261881828308105
24306,4.301394462585449
76084,4.104551315307617
14995,4.579980850219727
58699,4.7023773193359375
104985,4.447063446044922
32474,5.052748203277588
39923,3.985740900039673
83319,4.917965412139893
50009,4.606532096862793
20697,4.794431686401367
29326,3.2287230491638184
85652,4.5760579109191895
88145,4.13637638092041
87079,4.031570911407471
88708,3.8496460914611816
84834,4.359129905700684
58871,4.718528747558594
37457,4.5182037353515625
1524,4.927862644195557
44339,4.125814914703369
21863,4.478382587432861
86259,4.367002964019775
74136,5.080563068389893
51303,4.969087600708008
5547,5.0882568359375
36002,3.855602264404297
99775,4.033461570739746
49129,3.2275197505950928
38956,4.4198503494262695
76944,4.867932319641113
49759,3.860595464706421
21523,4.532882213592529
70870,4.657870769500732
75781,4.7217278480529785
29554,5.131256580352783
104680,4.334692478179932
53081,4.2877302169799805
12579,4.964457988739014
12211,4.901947975158691
103663,4.050954341888428
80660,4.945002555847168
44981,5.080109119415283
6417,4.614231109619141
4347,3.9057886600494385
13122,4.780202865600586
37799,5.0582427978515625
58561,4.460181713104248
19537,5.233719348907471
59174,4.472187042236328
74297,4.124814510345459
16130,4.406136989593506
71214,4.80117130279541
3652,3.6451220512390137
22077,4.282485008239746
42675,4.6806182861328125
78488,4.229728698730469
69697,4.958103179931641
102534,5.062412261962891
15862,4.533729076385498
65929,4.655795097351074
67279,4.770897388458252
105315,4.699339389801025
84136,4.975249290466309
53129,4.841657638549805
49404,3.200507640838623
96021,4.756019592285156
86591,4.485433101654053
55523,4.433599948883057
13803,4.375975608825684
82285,5.312242031097412
22877,4.539651393890381
21040,4.158712863922119
100420,4.536618709564209
67870,4.829054355621338
80953,4.829558849334717
108353,4.314981937408447
1324,5.043946743011475
108143,4.732402801513672
80367,4.689621925354004
41271,4.255238056182861
80308,4.720203399658203
13239,3.6882269382476807
36938,4.699510097503662
36632,4.758200645446777
18319,3.795853614807129
71643,3.9360597133636475
9196,4.815135478973389
85049,5.018178462982178
75216,4.345194339752197
45403,5.226637363433838
94670,4.215584754943848
42502,4.350974082946777
42341,5.025290012359619
78406,4.8272504806518555
11606,4.861207962036133
85163,4.391168594360352
17938,5.072094917297363
20154,4.387296199798584
26171,4.9532694816589355
34037,4.918722629547119
93740,4.809361457824707
93254,4.611235618591309
53132,4.091030597686768
51291,4.905677318572998
51016,4.097503185272217
63802,4.322308540344238
103936,5.079890727996826
96234,4.886506080627441
73375,4.9771928787231445
5592,3.413210153579712
105489,4.724346160888672
42008,5.171016216278076
46431,4.606120586395264
34302,5.031167984008789
24368,4.917503356933594
27518,4.554311752319336
47376,4.045345306396484
99510,4.826606273651123
81768,4.630792140960693
119,4.569336414337158
18347,5.097448825836182
42556,3.8180389404296875
40818,5.03319787979126
33942,4.516888618469238
39604,5.212060451507568
80295,4.743764877319336
13518,4.812814712524414
12414,4.977638244628906
77077,5.096118450164795
44578,4.631452560424805
75708,4.661493301391602
68664,4.715281963348389
78862,3.3551907539367676
65462,5.17056941986084
91406,4.405836582183838
9699,5.0701584815979
97298,4.2417073249816895
80410,5.03924036026001
90586,4.663578987121582
43194,4.265625476837158
6246,4.544885158538818
81295,2.7910878658294678
39345,4.738479137420654
13780,4.611423969268799
8807,4.559096336364746
77325,4.751893997192383
49523,4.245972633361816
44925,4.644588470458984
90049,5.114408493041992
39851,3.8310770988464355
4667,4.235073089599609
91841,4.983595848083496
25324,4.6946539878845215
104814,4.787511348724365
44844,4.324551582336426
5661,5.044649600982666
78402,4.499722480773926
82163,4.12537145614624
73064,3.8123831748962402
16837,4.5936384201049805
56236,4.893811225891113
61752,4.029731273651123
3728,4.4970784187316895
10635,4.6551690101623535
22137,3.834446430206299
40158,3.9642438888549805
37409,4.100369930267334
42915,4.725763320922852
15392,4.42981481552124
107281,3.779301643371582
40330,4.831096649169922
103256,4.469247341156006
107911,4.8523430824279785
3661,3.499230146408081
91711,4.8929362297058105
74159,5.0286359786987305
35377,3.815897226333618
25649,4.567557334899902
29029,4.753608703613281
35917,4.571621894836426
61416,4.6917853355407715
14651,4.930364608764648
107371,4.956366062164307
62334,4.716081142425537
108282,4.773313522338867
60084,4.37548303604126
29682,5.088951110839844
88212,3.9093923568725586
6874,4.903529644012451
62318,4.963984489440918
84921,4.745304107666016
75838,5.489936828613281
60296,4.559472560882568
53823,4.671126365661621
21167,4.695886611938477
69802,4.7520294189453125
7760,4.6982011795043945
40892,4.189700126647949
13621,4.381814956665039
22158,5.007451057434082
2268,4.711796283721924
102708,4.3761725425720215
25145,4.445443630218506
22804,4.612594127655029
26722,4.754857063293457
1516,4.583833694458008
70969,4.954070568084717
78186,4.135183811187744
30614,4.968739032745361
45704,4.305538654327393
88349,4.3815765380859375
4301,4.8419084548950195
48955,3.527754068374634
104175,4.341094970703125
108113,4.5615410804748535
63638,4.622650623321533
21193,4.800101280212402
4990,3.8861191272735596
96423,4.033289909362793
108037,3.6281352043151855
22729,4.691233158111572
87439,2.6631808280944824
54695,4.263795852661133
45080,4.758831024169922
103298,3.88667368888855
61161,4.897096633911133
43233,4.333096027374268
10038,5.053964614868164
75375,4.20426082611084
90954,4.700509071350098
20533,4.5783843994140625
46365,4.24172830581665
63360,3.5164341926574707
19689,4.5635528564453125
12694,4.524621486663818
60114,6.343681812286377
51802,3.1761457920074463
55528,4.491858959197998
81493,4.927157878875732
11050,4.215269088745117
9005,4.828787803649902
77991,4.686129570007324
105166,3.7049059867858887
16800,5.242900848388672
74178,4.828139305114746
23857,4.691185474395752
100124,4.280611991882324
45301,5.033814907073975
74407,4.993089199066162
2926,4.50541353225708
13423,4.6341047286987305
1846,4.737563133239746
77727,4.880661964416504
99716,4.837188243865967
9473,4.915803909301758
72374,4.586230754852295
64688,5.196681022644043
41921,4.4540815353393555
41610,4.2672905921936035
63602,5.208765029907227
6049,4.552972793579102
16890,4.142988204956055
89283,5.465749263763428
11879,4.902759075164795
55575,3.7881195545196533
57753,5.2436442375183105
61001,4.711313247680664
9152,4.458554744720459
90683,5.240688800811768
44393,5.071457386016846
16537,4.330860137939453
10905,4.235550403594971
60844,4.074974060058594
80154,4.813755989074707
2471,4.5240607261657715
13953,4.658657550811768
15353,3.8991003036499023
79533,3.9964144229888916
64922,4.567105293273926
101134,4.277585983276367
84689,5.185612201690674
68292,4.8230414390563965
66879,4.847204685211182
7200,4.622919082641602
98752,4.013089179992676
14112,5.159425735473633
28969,4.176830291748047
73286,4.2217559814453125
81073,4.920856952667236
17971,5.338590145111084
9238,3.2413721084594727
41792,5.099304676055908
59775,3.272690534591675
67418,4.739109992980957
52218,2.745269298553467
92846,4.86865234375
38014,4.6002116203308105
61730,4.559884548187256
48570,3.3260691165924072
69553,4.769063472747803
45244,4.660040378570557
84363,4.455610275268555
44085,4.733479022979736
54321,4.2122344970703125
48552,3.9546570777893066
75703,3.7889742851257324
8372,4.000842094421387
23458,4.939071178436279
46879,4.793899059295654
13840,4.728490829467773
59247,4.823757648468018
92422,4.2700276374816895
14971,4.663975238800049
39302,4.793734550476074
61895,4.908273696899414
8768,4.555181503295898
86354,4.279775142669678
13996,4.273469924926758
54947,4.797364711761475
90816,4.269475936889648
26471,5.076239585876465
24789,4.4818949699401855
39705,5.209438800811768
81434,4.426918983459473
57083,4.2517313957214355
91894,4.691061973571777
25173,5.111277103424072
93440,4.712902545928955
77887,5.123396396636963
81067,4.161374092102051
101187,4.128176689147949
62444,4.246642112731934
57377,4.944605827331543
101998,5.212287425994873
55381,3.9253733158111572
3586,4.341951370239258
13578,4.338590621948242
106085,4.773410797119141
104336,4.302254676818848
94773,2.9223146438598633
90898,4.694954872131348
66858,4.561883926391602
28045,4.520090579986572
92999,4.196148872375488
24314,4.384177207946777
6959,4.478988170623779
68179,4.748007297515869
272,4.50899600982666
74615,4.133638858795166
16827,4.8267035484313965
11426,4.509180068969727
76904,4.722714900970459
16681,3.1842429637908936
4694,5.099874496459961
100103,4.413241863250732
33103,3.858793258666992
9404,4.820435047149658
77984,5.136712551116943
29053,4.1484293937683105
84925,4.745655536651611
41716,5.00078010559082
54550,4.616499423980713
103405,4.483242988586426
3078,4.146557331085205
98920,3.189133644104004
41232,4.900271892547607
44375,4.876864433288574
62605,4.420627593994141
14676,4.336188793182373
80438,4.87806510925293
43698,4.702490329742432
79014,4.877069473266602
1375,5.108831882476807
8499,5.119379997253418
42815,3.940524101257324
71150,4.68088436126709
77981,4.573981761932373
31079,4.821584701538086
108010,4.613131999969482
107595,4.477680206298828
35275,5.044458866119385
26556,5.180473327636719
46230,4.405648231506348
102648,4.7942280769348145
27367,3.5107014179229736
16845,4.832000732421875
105004,4.697413444519043
66221,4.524756908416748
60220,4.913074493408203
82202,4.4561262130737305
90242,4.676375865936279
28406,4.656125068664551
47902,4.458609104156494
60530,4.73829984664917
88641,5.01125431060791
28633,4.514726638793945
70171,4.870805263519287
51126,4.628361701965332
12076,4.525158405303955
71430,4.774441242218018
95074,4.504499912261963
63694,5.083269119262695
43272,4.940658092498779
73804,3.787658214569092
2386,5.045238971710205
88784,5.133195877075195
84508,4.498826503753662
29792,4.834939002990723
6103,4.461630344390869
60257,3.9438960552215576
87297,4.284489154815674
59533,4.001377105712891
60460,4.357840061187744
17059,5.080371856689453
100273,2.949693202972412
98277,3.9463233947753906
103174,4.423600196838379
33861,4.933507919311523
98102,4.172595024108887
87875,3.9231514930725098
79568,4.97280216217041
67371,4.93766450881958
47760,3.741285800933838
98981,4.19102144241333
104212,4.797360420227051
28911,5.280755043029785
3547,4.411660194396973
65227,4.436695575714111
27881,4.6199564933776855
107108,4.9537577629089355
39211,4.931440353393555
53900,5.160099506378174
91833,4.721765995025635
47601,4.4426350593566895
44206,4.927279949188232
11285,4.49507474899292
38407,4.887507438659668
95064,3.685837745666504
50197,4.334074974060059
96866,3.895491361618042
102143,4.095076084136963
12261,4.569628715515137
27751,5.145010471343994
44887,4.6712775230407715
86696,5.121316909790039
74691,4.335987091064453
27449,3.8667852878570557
24503,4.643768310546875
88816,4.923651695251465
36074,3.453402519226074
81998,4.7575364112854
66063,4.953403472900391
44467,4.949024677276611
35564,5.203434467315674
94705,4.743657112121582
26476,4.366368293762207
60000,4.342105388641357
99798,4.894320964813232
85929,4.887828350067139
79083,4.985565662384033
45165,4.447909355163574
97849,4.49611759185791
17092,4.8163652420043945
33402,4.681182861328125
52112,4.508801460266113
87602,4.43337345123291
106753,4.625154972076416
106327,4.836796283721924
91322,4.830927848815918
83836,5.028356075286865
70087,4.9426751136779785
53421,4.841247081756592
34277,3.2979674339294434
8817,4.758418083190918
36715,4.732938289642334
92559,4.393240928649902
38749,4.030121326446533
81662,4.867593288421631
22411,5.244501113891602
76427,5.490536689758301
55731,3.7806434631347656
58083,4.178230285644531
105268,4.978636264801025
14099,4.535903453826904
64649,4.34983491897583
72044,3.203115701675415
38781,4.597035884857178
6656,4.5980987548828125
77619,4.461441516876221
80726,4.031810283660889
46412,3.9443182945251465
99080,4.338791847229004
73889,4.976187705993652
26647,4.804399013519287
71291,4.154433250427246
32249,4.830550193786621
101139,3.957679271697998
7242,5.100715637207031
101684,4.808691501617432
11700,4.877452373504639
98611,4.345012664794922
50821,4.475198745727539
6769,4.31247091293335
104774,5.062163352966309
107193,4.83330774307251
78577,4.562238693237305
49371,4.659715175628662
28330,5.003006458282471
75590,4.646287441253662
51698,4.780643463134766
22972,4.959677219390869
94026,2.115434169769287
38674,4.1127495765686035
56460,4.288663387298584
5102,4.314201354980469
12621,4.51234245300293
101155,4.630600452423096
48757,4.161592960357666
101861,4.666865348815918
74381,4.6419267654418945
71160,4.50138521194458
83916,4.456787586212158
87314,4.980625629425049
5971,4.700028896331787
63270,4.154846668243408
33913,4.383277416229248
10395,4.0471296310424805
2574,3.5944228172302246
7001,4.620718955993652
54134,4.619454860687256
79404,3.4331514835357666
94383,3.4861066341400146
61517,4.74352502822876
22125,4.498278617858887
15783,4.7785491943359375
51595,5.411442279815674
104457,4.710172653198242
38007,5.174304008483887
37922,4.2235307693481445
9667,4.949743747711182
47978,4.413419723510742
2701,4.887600421905518
98438,4.339637279510498
15535,3.956981897354126
61007,3.976001262664795
55295,4.7288384437561035
99935,4.411818981170654
88093,4.6785078048706055
13427,4.581286430358887
50435,3.964141845703125
55149,4.22367000579834
73568,4.176957130432129
87164,3.5955214500427246
45921,3.5971572399139404
65032,4.51616096496582
85937,3.7746033668518066
84324,4.486080646514893
102583,4.578556537628174
50229,4.622309684753418
77156,4.879775047302246
87664,4.52615213394165
15893,3.9207866191864014
76775,4.747608661651611
93034,4.859210014343262
38780,4.791549205780029
10976,3.7975752353668213
76695,4.286489963531494
80642,5.083151817321777
23838,4.724720001220703
97394,3.6680502891540527
33771,4.634202003479004
57237,4.560070991516113
50027,3.437014102935791
29526,4.247058391571045
74520,4.9092488288879395
94889,4.6179962158203125
47708,4.561385154724121
47967,4.320017337799072
38842,4.049837112426758
97734,4.469290733337402
64926,4.555193901062012
52791,4.158628940582275
97185,3.8496060371398926
88859,4.674832344055176
27219,4.5716552734375
30349,4.675176620483398
98750,4.41977596282959
60597,5.060564994812012
11374,4.198465824127197
573,3.9539830684661865
66486,5.081376552581787
90671,3.4141905307769775
32958,3.917755365371704
34195,4.256697654724121
7300,5.005583763122559
96818,4.791021823883057
38682,4.61785364151001
88028,4.900722980499268
20616,5.096530914306641
102128,4.896688938140869
73138,4.587123870849609
101658,4.081250190734863
102625,4.983768463134766
94361,4.41958475112915
70558,4.718080043792725
2593,4.12454080581665
61316,4.661515235900879
104324,4.603899955749512
56020,4.359983444213867
98897,4.765113830566406
6623,4.874887466430664
79196,4.71240758895874
69920,4.436362266540527
35558,4.2524309158325195
91509,4.520321846008301
66937,3.4090631008148193
97241,4.616951942443848
16357,4.387270927429199
64573,4.6233720779418945
21517,4.583583831787109
27119,4.810893535614014
104308,3.4185619354248047
54384,3.5730273723602295
99663,4.8443074226379395
67299,4.439623832702637
99190,4.097426414489746
26358,4.402009010314941
68507,3.776707410812378
64034,4.48990535736084
92934,3.852492570877075
19277,4.1088457107543945
67936,4.307312488555908
102500,4.797387599945068
58234,5.04470682144165
53422,4.379542350769043
105599,2.21378755569458
36222,4.651171684265137
15839,4.004911422729492
17307,4.756009578704834
100152,4.918457508087158
97254,5.062534809112549
66026,4.617063999176025
24130,3.8379225730895996
59448,3.0265142917633057
12118,4.3893961906433105
42773,4.789820671081543
101238,4.374904155731201
46185,3.990311861038208
34238,3.0140650272369385
75958,3.3286468982696533
63968,4.894196033477783
62123,4.235354423522949
77435,5.1097517013549805
100006,4.744322299957275
81380,4.5849528312683105
31884,3.9439170360565186
68961,4.992814064025879
66828,4.481168270111084
46458,4.477487087249756
67390,4.1722540855407715
16076,4.471264839172363
46423,4.8870625495910645
107801,5.009517669677734
76925,4.8488450050354
55404,4.814848899841309
42267,4.540088176727295
93925,4.965025901794434
28479,4.846226692199707
49206,3.2803804874420166
33744,4.711841106414795
55131,4.537212371826172
106554,4.011045455932617
24807,3.6266448497772217
23564,4.699472427368164
93650,5.37208890914917
16154,4.182718753814697
57072,4.248055458068848
108243,4.905752658843994
37562,4.488989353179932
51421,4.644987106323242
65625,4.748515605926514
86427,3.2326526641845703
56206,4.004298210144043
79934,4.501187801361084
93148,4.134402275085449
62990,4.4007368087768555
20848,4.7252421379089355
90319,4.9005231857299805
54738,4.670373439788818
25384,4.1981520652771
24246,4.061899662017822
30491,4.6009521484375
54390,4.117171287536621
3155,4.577201843261719
6039,4.064051628112793
40404,4.805441856384277
93546,4.278088569641113
43704,3.751005172729492
20517,4.270790100097656
70863,2.9707040786743164
71495,4.544597148895264
30562,4.658965110778809
80397,5.073873519897461
14135,4.763711929321289
56833,3.746567726135254
51178,4.101896286010742
72421,3.9891088008880615
99248,4.520315647125244
45679,4.51351261138916
57255,4.6043829917907715
100845,4.228662014007568
96710,4.699631690979004
2324,4.752930641174316
75516,4.77925968170166
99581,4.142706394195557
56847,4.334202289581299
91969,4.945218563079834
105136,4.317266464233398
91637,4.63551664352417
52982,4.371526718139648
35167,4.464633464813232
19474,5.028432846069336
102308,3.811721086502075
96863,4.397593021392822
22958,4.633144378662109
30772,4.850935935974121
75490,4.840621471405029
89527,4.847449779510498
409,2.199028253555298
8725,4.410429954528809
78489,4.236934661865234
106060,4.212270259857178
71328,5.357906341552734
103382,4.3794846534729
68917,4.656067848205566
9561,4.170675754547119
24924,4.845633506774902
10598,4.77357816696167
107456,4.935963153839111
63512,4.733770370483398
11365,4.818187713623047
57452,4.47659158706665
8976,4.3169660568237305
36624,4.567814350128174
12298,4.348721981048584
90736,3.936272382736206
52216,4.1036810874938965
67244,4.598780632019043
71347,4.627205848693848
101609,4.983423709869385
88081,4.207657337188721
84722,4.5401411056518555
95250,4.648416519165039
94406,3.7160613536834717
20606,5.078499794006348
48676,4.057281494140625
78153,4.483035564422607
12816,5.014561653137207
35821,4.763937473297119
55017,4.4705376625061035
33015,4.23945426940918
97087,3.5435597896575928
12355,4.211610317230225
92801,3.799992084503174
2493,4.6633620262146
92587,5.03743314743042
79813,4.906860828399658
3718,4.426214218139648
10366,3.070681095123291
89411,3.901796817779541
102843,4.6815409660339355
94512,4.69571590423584
9041,4.506316661834717
95646,3.4639697074890137
58186,4.222705841064453
3590,4.928813457489014
94926,4.750513553619385
47643,4.848148822784424
105298,4.8249359130859375
67466,3.7991652488708496
7467,3.8752808570861816
19841,4.238408088684082
83846,4.977834224700928
197,4.71053409576416
87483,4.567425727844238
2846,4.577594757080078
55582,4.5425028800964355
13608,4.2051849365234375
79000,3.736816644668579
77856,5.342670917510986
67825,4.12030029296875
64536,3.157634973526001
84061,4.944564342498779
68462,4.552698612213135
56108,4.917508602142334
65493,5.050196647644043
81976,4.366511344909668
79430,4.507924556732178
92237,5.169600009918213
38967,5.069392681121826
48648,3.7384090423583984
69937,4.684811115264893
44095,4.271573543548584
856,4.898049354553223
62779,4.641641139984131
15978,4.303163051605225
74599,4.83725643157959
57391,4.137321472167969
89301,4.9997477531433105
33799,4.301910877227783
4089,5.152029037475586
95299,4.3824591636657715
102740,3.501443862915039
24500,4.3621015548706055
48513,4.737496852874756
19544,3.9991235733032227
106179,4.813479900360107
63292,3.2964510917663574
60468,4.241406440734863
53643,4.109367370605469
107710,4.688547134399414
63713,3.642040729522705
32042,4.430015563964844
74830,4.308566570281982
106924,5.02681827545166
42362,2.7768239974975586
41713,5.042908668518066
22708,4.968535900115967
1851,4.107019901275635
89496,4.4294562339782715
9658,4.870573043823242
21900,4.57230806350708
57082,3.309229850769043
5169,4.062556266784668
83943,5.13716983795166
103969,4.331128120422363
2121,5.0616936683654785
25760,4.863602161407471
41000,3.92244029045105
106652,3.7052080631256104
99258,4.912062644958496
50626,3.609576463699341
65081,4.2475433349609375
3084,5.481723308563232
6697,4.078279972076416
19440,4.688940525054932
44100,4.295490264892578
42848,4.685801982879639
5305,4.207460880279541
79861,4.310247421264648
101525,5.072520732879639
46723,5.033915996551514
58005,5.1205363273620605
4063,3.4549129009246826
7484,3.6898751258850098
72081,4.217568874359131
58697,4.325634479522705
814,4.386763095855713
18015,4.791505813598633
17640,4.934206008911133
2865,3.5997626781463623
99631,3.623570680618286
45379,3.7760915756225586
13923,5.300968170166016
20984,5.028860569000244
87250,4.429719924926758
23535,5.070939064025879
69845,4.540553569793701
25521,4.030831813812256
17357,4.865067005157471
55209,4.81380033493042
74910,4.3825788497924805
37232,4.696098804473877
13175,4.2779059410095215
9325,5.017261028289795
5601,4.60286808013916
59101,4.519165515899658
72789,4.35720682144165
92034,4.447501182556152
104765,5.207810878753662
67992,3.335618257522583
77460,4.731339931488037
43853,4.387693881988525
27830,5.092629909515381
28074,4.523029804229736
21297,3.906083822250366
59635,4.246770858764648
18755,4.761529445648193
64624,4.371176719665527
83623,4.8777546882629395
36086,4.794954299926758
82381,5.359899044036865
14581,4.66170072555542
11635,3.6641242504119873
651,4.702356815338135
40347,4.826117038726807
78766,3.257680654525757
86057,4.5967116355896
95715,4.23691987991333
56272,4.456599712371826
54637,4.414804935455322
20014,4.622809410095215
95036,4.682471752166748
74631,3.6628611087799072
56850,4.8568620681762695
6111,5.050713539123535
37155,4.239595890045166
52614,3.963601589202881
47773,4.589547634124756
104857,5.057328701019287
104126,3.594270944595337
56510,3.7911102771759033
40444,4.402154445648193
50257,4.592609882354736
57837,4.859249591827393
53428,3.4413018226623535
55119,3.7486379146575928
59320,4.9367451667785645
34884,4.795355796813965
35064,4.492771148681641
51575,3.9349045753479004
51711,4.476650714874268
5185,4.181606769561768
15265,3.479691743850708
91122,5.152549743652344
52610,4.652623176574707
53264,4.757744312286377
76261,3.8722355365753174
108580,4.607723712921143
5508,3.838611364364624
34028,3.798180341720581
59285,4.937276363372803
102851,5.016161918640137
94342,3.722414016723633
23172,4.697992324829102
10936,4.556931018829346
1437,4.315105438232422
7403,4.626497268676758
6725,4.553689956665039
13814,4.354302406311035
42209,5.0998215675354
43872,3.774756669998169
69131,4.306032180786133
73744,3.782701253890991
31288,4.739904403686523
62547,4.289006233215332
41704,5.079375267028809
101657,4.40709924697876
70032,4.3812456130981445
101519,4.85729455947876
29417,4.405953884124756
34520,4.690958499908447
27598,4.83106803894043
27572,4.131069183349609
78850,3.9833056926727295
24163,5.039955139160156
73752,4.784269332885742
26075,5.025696754455566
90557,3.8892571926116943
57291,4.422309875488281
77063,4.670722961425781
45191,4.526640892028809
97150,4.837307453155518
66400,4.848076343536377
100237,4.990352153778076
53536,4.158990859985352
101628,5.578803539276123
100578,4.31208610534668
62093,5.241444110870361
38751,4.0051140785217285
45713,4.591760158538818
64881,3.834801197052002
53316,4.792552471160889
4340,4.3399553298950195
42134,3.1825640201568604
1036,4.763984680175781
32350,4.996545791625977
37453,3.796523332595825
2834,4.458747386932373
21874,4.939728736877441
82821,3.7944953441619873
78460,5.067912578582764
4450,3.861815929412842
78069,4.808116436004639
72908,4.774173259735107
68761,4.649067401885986
60268,4.682214260101318
80281,4.647459983825684
17675,4.752429008483887
44697,4.7032694816589355
107176,3.613182783126831
38421,4.293686866760254
62114,3.7752838134765625
14256,5.227858543395996
104123,5.126153469085693
20446,4.000988960266113
48907,3.589121103286743
51025,4.5847086906433105
57009,4.067785263061523
41976,4.512207508087158
27580,4.228667736053467
108337,2.949554443359375
36543,4.795120716094971
45197,3.6329519748687744
73156,4.623712062835693
62204,4.921269416809082
102575,5.0153093338012695
8901,4.0752668380737305
62431,4.892172813415527
105919,4.854889869689941
13109,5.092875003814697
61695,3.6373581886291504
105867,4.972763538360596
103322,4.6644744873046875
95778,4.106916427612305
68305,4.502265930175781
46725,3.957260847091675
58213,4.171268939971924
65174,4.486773490905762
24065,5.233833312988281
58074,3.712613582611084
17304,4.382553577423096
2028,4.974666118621826
72002,4.155623912811279
97012,4.629934787750244
49238,3.526017665863037
55907,4.917879581451416
93194,4.930145263671875
47201,4.339744567871094
54198,4.683322429656982
45168,4.018744945526123
14403,5.05535888671875
51840,4.170110702514648
2705,4.708636283874512
52007,4.258162021636963
80450,4.822886943817139
60219,4.376280307769775
47488,4.255892276763916
50083,4.929314136505127
94829,4.236670017242432
66267,4.791498184204102
47593,4.455282688140869
88820,4.775540351867676
40867,3.8473315238952637
5495,4.912448883056641
58602,4.90863561630249
9982,4.058891773223877
23136,4.155500888824463
38668,4.130281925201416
7516,4.793339252471924
20000,4.255776882171631
99130,3.314884901046753
87946,4.661125183105469
28254,5.046886444091797
47893,3.5495874881744385
43295,4.428426742553711
86580,4.871301174163818
86881,4.855850696563721
93485,4.412450313568115
62471,2.2284038066864014
36212,3.517160654067993
2994,4.887374401092529
52258,3.613813638687134
9767,4.655136585235596
68417,4.6908392906188965
102379,4.671167850494385
86340,3.79683256149292
27169,5.0639424324035645
81743,5.063291072845459
13158,5.293940544128418
31292,4.405137538909912
31436,4.3267292976379395
6480,4.546192169189453
35431,4.009193420410156
56789,4.595295429229736
2919,4.272884368896484
67482,4.51398229598999
43667,4.3452019691467285
36383,4.51295804977417
77415,2.986989736557007
5180,3.599916458129883
97486,4.931263446807861
12990,4.804377555847168
88515,5.017202854156494
98760,3.3067822456359863
102811,4.925381660461426
4580,3.5673460960388184
55604,3.9236104488372803
87512,4.690307140350342
5952,4.814626693725586
57585,4.807561874389648
24822,4.704935073852539
93733,4.4798431396484375
6289,4.618432998657227
25239,5.039342403411865
91014,4.638936519622803
63574,4.463594913482666
97387,4.3477091789245605
14607,4.363674640655518
79182,5.141931533813477
55894,5.16055154800415
61048,4.494902610778809
102756,4.417429447174072
17450,5.004173755645752
77881,4.479053974151611
15274,3.9397435188293457
72974,5.173422813415527
61776,4.81919527053833
10892,4.281141757965088
3490,4.093048095703125
30434,4.050241947174072
86651,4.795478820800781
60312,4.732519149780273
105608,4.667481422424316
105060,3.265723466873169
59544,4.535313129425049
26580,5.247193336486816
66059,5.100755214691162
41001,4.421702861785889
95419,4.896184921264648
51554,4.714409828186035
102194,4.4200005531311035
82290,5.220402240753174
63181,4.1476287841796875
57430,3.6648032665252686
21442,4.68866491317749
50771,3.365325927734375
21087,4.9347991943359375
80325,4.986052989959717
61322,4.648711681365967
25399,4.9688639640808105
89067,4.520253658294678
46730,5.247603416442871
7266,4.703272342681885
61617,3.8686187267303467
15050,4.823050022125244
10695,4.12885856628418
50050,4.936300754547119
99045,5.030113220214844
5854,4.119711875915527
30219,3.956834316253662
52253,3.3906798362731934
69767,4.386963844299316
13614,4.0772199630737305
45725,4.461212158203125
28567,5.114063739776611
61760,4.177018165588379
83034,4.704239845275879
35181,4.012722015380859
47155,4.0835795402526855
98832,4.7074761390686035
74856,4.420167922973633
52965,4.574787616729736
33774,4.807934761047363
30039,4.81125020980835
67195,4.785558700561523
26010,4.541433811187744
33179,3.4804670810699463
105954,4.898120880126953
56862,4.847630977630615
96982,4.417713165283203
11098,4.960746765136719
66197,4.789670944213867
31177,4.013090133666992
60265,4.1487274169921875
101437,2.5024209022521973
105325,4.084427356719971
37080,4.429224014282227
37483,4.706000804901123
57556,5.117510795593262
67746,4.364152908325195
101,4.4897894859313965
101630,4.8590474128723145
22236,5.242630481719971
55883,4.709684371948242
33892,4.941370010375977
52895,4.270911693572998
12226,4.067408561706543
12024,4.350603103637695
61789,4.476351261138916
69170,2.9408349990844727
20426,4.009261131286621
36819,5.211288928985596
33837,4.678956031799316
99866,4.357425689697266
11198,4.747513771057129
61809,4.9253764152526855
33955,4.645447254180908
71585,4.873954772949219
63021,5.0457048416137695
14489,3.9554734230041504
68735,4.019297122955322
47607,4.156487941741943
4639,4.4411091804504395
41662,5.0341949462890625
90654,4.530086040496826
92241,4.780301094055176
92104,5.053755283355713
33742,4.6713128089904785
59894,4.4243364334106445
105985,4.142911911010742
62082,5.119380950927734
4479,4.425489902496338
100580,4.946328163146973
58663,4.924278259277344
100000,4.122536659240723
40753,5.088869094848633
62267,4.092184066772461
64442,3.4749503135681152
102251,4.040568828582764
14353,3.95249342918396
17381,4.703028678894043
64876,4.253062725067139
37214,4.142724990844727
70868,4.342764377593994
46743,4.619182109832764
42454,4.5454487800598145
33199,4.972769737243652
43087,4.06546688079834
35914,4.569695472717285
8075,5.195592880249023
92276,4.565215110778809
103394,4.582814693450928
2370,4.058133602142334
34112,2.810380697250366
4346,4.951515197753906
61521,4.4970855712890625
42989,4.457248687744141
101772,5.266235828399658
39512,4.731933116912842
37208,4.471062660217285
13602,4.212591648101807
36797,5.3202223777771
38239,3.6637260913848877
51311,4.738982677459717
67156,3.3255064487457275
84769,4.56627893447876
9156,4.604805946350098
48894,3.5098938941955566
35777,4.693066120147705
48653,4.703892230987549
23932,4.602643013000488
28023,5.055577754974365
5814,4.207248210906982
45060,4.349775314331055
55453,5.353160858154297
64800,5.105671405792236
16120,4.827577590942383
42956,5.119979381561279
57952,4.59015417098999
37136,3.833862066268921
49044,3.4006118774414062
45,4.564122200012207
59611,5.076003551483154
17594,5.22330904006958
34801,4.308988571166992
80168,5.011414051055908
9768,4.930986404418945
36548,4.593188762664795
31727,4.182077407836914
84708,5.066004276275635
46623,4.871488571166992
37356,4.240043640136719
35517,5.193429470062256
77784,4.52222204208374
60157,4.47496223449707
75919,4.580445289611816
13598,4.37582540512085
47822,4.3090667724609375
89167,3.9081695079803467
105856,4.749413967132568
54183,4.401625156402588
39449,5.336042881011963
12865,4.934774875640869
68245,4.441830158233643
11899,4.8038010597229
60793,4.1335883140563965
63420,3.9361634254455566
86401,5.428789138793945
47676,4.818525314331055
31812,5.0900373458862305
32721,4.488479137420654
75364,3.7995896339416504
27364,4.990716934204102
49526,4.170520782470703
59226,3.5175161361694336
1975,4.419592380523682
3387,4.092802047729492
90352,4.991268157958984
43274,4.446437358856201
8664,4.747453689575195
50185,4.4444708824157715
87437,4.270320892333984
101596,4.903101444244385
40969,4.342392444610596
41908,3.993117570877075
9126,4.708747386932373
95790,4.437497615814209
83086,4.632021903991699
5621,4.659498691558838
95780,3.6462385654449463
92547,4.184543609619141
64109,4.433682441711426
60481,4.312470436096191
85521,4.251660346984863
87435,4.162211894989014
63552,4.539000511169434
36275,5.062463760375977
43901,4.743967056274414
85831,4.665459632873535
80271,5.057588577270508
60711,4.566205024719238
24610,3.9196808338165283
20151,4.159326076507568
71710,4.784809589385986
52661,4.826155185699463
76067,4.308379650115967
59288,3.6640708446502686
21917,4.538331031799316
85950,3.788315534591675
68431,4.0576910972595215
7698,4.334281921386719
3725,4.589188575744629
66475,3.9155101776123047
98022,4.010892868041992
47184,4.7722601890563965
47072,4.493642807006836
105183,4.589329719543457
86007,4.512828350067139
63862,4.7025346755981445
98713,4.841297149658203
98439,4.454617977142334
96433,4.19061279296875
18103,5.166574001312256
38988,4.887053489685059
777,4.7226738929748535
70088,4.423262119293213
24671,4.747348785400391
30655,5.316039562225342
40560,4.498848915100098
32043,4.566372394561768
4106,4.678701400756836
102184,4.203934192657471
85881,4.425060749053955
75723,4.8572611808776855
55299,4.859898567199707
87409,5.851747989654541
34491,5.0809760093688965
100714,3.8805882930755615
100906,3.8008697032928467
68215,3.6602089405059814
41812,4.358448028564453
18614,4.894770622253418
12819,4.5812907218933105
44928,3.9517745971679688
87697,4.5928521156311035
42523,4.685408592224121
53448,4.619890213012695
101092,4.857150077819824
24114,4.218537330627441
45180,4.641289234161377
12763,4.20623779296875
3500,4.496939182281494
105370,4.821508407592773
104351,4.5769572257995605
91691,5.055562496185303
2419,4.590829849243164
30624,4.609177589416504
101955,4.647184371948242
71069,5.159508228302002
20049,4.16980504989624
24713,4.298226356506348
82478,4.877073764801025
20715,4.988309860229492
100963,4.76408576965332
98678,4.297317028045654
28750,2.895293951034546
23962,3.4288647174835205
24426,4.431196689605713
93306,4.931233882904053
42053,5.1728925704956055
104304,3.6479170322418213
19914,4.193221569061279
66367,5.0407795906066895
46932,4.975367546081543
52003,4.33629035949707
29213,4.915740966796875
2775,4.872804641723633
26983,4.950950622558594
58163,4.721262454986572
31936,4.331087112426758
38311,4.146546363830566
5018,4.634251594543457
100471,5.149816989898682
23088,3.7217423915863037
59606,5.204345226287842
45676,4.263994216918945
44355,4.378042697906494
98961,3.577202320098877
73784,4.947488784790039
37198,3.957426071166992
12898,4.452730178833008
81932,5.126535892486572
60073,4.9848432540893555
33983,4.825911521911621
44109,4.904045104980469
107050,4.695556640625
27928,4.513516426086426
82619,4.879586219787598
40887,4.925045967102051
8340,4.445957183837891
103339,4.504540920257568
9314,4.175182819366455
65391,4.856268405914307
2502,4.981130599975586
93535,5.159755706787109
102643,4.72199010848999
79461,5.055238246917725
78301,4.434606552124023
72194,4.459823131561279
92416,4.531458854675293
40610,4.637557029724121
2405,4.628574371337891
14425,4.476383686065674
33776,4.814881324768066
1415,4.762819766998291
9884,4.779282093048096
87929,4.006946086883545
20347,4.299891471862793
75791,4.2662577629089355
59532,4.239358425140381
97965,4.128386497497559
101022,4.057795524597168
34758,4.4067487716674805
66088,4.278088569641113
16201,4.299756050109863
55091,4.245368480682373
84555,3.749101400375366
14900,4.238027572631836
101785,4.621079921722412
89844,4.644290924072266
44810,4.483382701873779
20962,4.566221237182617
44755,4.385395050048828
36146,4.817013263702393
39076,5.035950183868408
30335,4.371297359466553
99043,5.027752876281738
28522,4.028341770172119
44199,4.586874961853027
75134,4.8468546867370605
79477,4.911210060119629
65319,4.745378494262695
83286,4.3251495361328125
18820,4.938548564910889
15904,4.367091655731201
42357,4.5918731689453125
107783,3.1664514541625977
47520,4.623485565185547
6419,4.442004680633545
90726,4.286042213439941
12914,4.912719249725342
20060,4.35623836517334
78812,3.8997507095336914
95433,4.843499183654785
55079,4.114450454711914
15885,3.964648962020874
35500,4.9750871658325195
69431,4.574990272521973
48951,3.995905876159668
21710,3.904935121536255
61739,4.295517444610596
42781,4.903814792633057
786,4.9305419921875
9751,3.3789615631103516
70383,4.572257995605469
86432,3.8681159019470215
61595,1.9316332340240479
74805,4.645743370056152
63130,4.676860809326172
68016,3.0258429050445557
80876,4.041131019592285
54533,4.302617073059082
25715,4.860305309295654
66574,4.26340913772583
23435,3.9798531532287598
67360,5.0679426193237305
31953,3.9591803550720215
103340,4.380285263061523
14517,4.3042402267456055
97203,4.661168575286865
4815,4.18755578994751
26966,4.5964484214782715
23085,4.650941848754883
6664,4.808565139770508
734,5.247581481933594
22663,4.534928321838379
52516,4.4713945388793945
60092,4.770068168640137
104157,4.341449737548828
82575,4.247257709503174
59853,4.713985919952393
74962,4.212292194366455
22883,4.150325298309326
34941,4.730621814727783
32022,4.686555862426758
53251,4.272067546844482
6619,4.983495712280273
82020,4.5329179763793945
53345,4.65284538269043
18762,4.768087863922119
43394,5.055479526519775
21604,4.829398155212402
34468,4.800208568572998
70164,4.552309036254883
99331,4.278358459472656
22689,5.1567487716674805
68896,5.090023040771484
55741,3.4527599811553955
98115,5.022713661193848
44896,5.1225714683532715
32590,5.02161169052124
107944,3.6719071865081787
93398,4.589025020599365
98465,5.112185001373291
102513,4.523646354675293
59151,5.11444091796875
18766,4.7683634757995605
96445,4.174909591674805
73550,4.5638933181762695
43498,4.863061904907227
80146,4.6932244300842285
71225,4.924585819244385
49449,4.458842754364014
58257,4.056048393249512
99544,3.8341526985168457
34391,4.833059787750244
80094,5.118460178375244
5194,4.681241989135742
41311,4.026111602783203
58970,3.6480607986450195
50007,3.9602959156036377
53408,3.840507984161377
59966,4.483656883239746
105630,4.212578773498535
90947,4.538025379180908
40393,4.9937663078308105
12759,4.814023017883301
5787,4.438766002655029
31781,4.870620250701904
91471,4.423985004425049
48477,4.036837577819824
42231,4.94175386428833
88381,4.761906147003174
31726,4.627814769744873
92974,4.350438594818115
8201,4.306761264801025
8380,5.055308818817139
74668,3.3396918773651123
95824,4.543663024902344
100070,3.597865104675293
13750,5.102224826812744
5664,4.905494213104248
99127,4.859140396118164
19804,4.655556678771973
83144,4.472179412841797
6622,2.9623754024505615
57655,4.786859035491943
18822,4.823039531707764
44582,4.699458122253418
42200,4.5150465965271
56120,5.101513862609863
31754,5.240902423858643
53153,4.580036163330078
79250,4.793639659881592
1512,3.9272472858428955
60814,4.0213446617126465
101325,4.115283012390137
92512,4.214066982269287
43216,4.315321922302246
41086,4.285693168640137
37901,5.11653995513916
96046,4.805999755859375
20582,5.100804328918457
104758,4.768695831298828
77599,4.540170669555664
6141,4.326566696166992
47778,4.6769561767578125
65701,4.362118244171143
62230,5.04543924331665
54187,4.55988073348999
95641,4.438939571380615
55963,4.568498134613037
45981,4.355903625488281
25338,5.218997955322266
2495,4.33409309387207
108284,4.768650054931641
31205,4.771888256072998
3933,4.562082290649414
73902,3.578350067138672
105112,4.890209674835205
101712,4.88998556137085
91535,4.996596813201904
4860,4.893286228179932
6225,3.9835264682769775
35884,4.756328105926514
16593,4.485003471374512
35235,4.820085048675537
43314,4.605315685272217
91845,4.5690202713012695
67901,4.578042030334473
10888,5.0431060791015625
51624,4.6515398025512695
68321,4.083169937133789
26571,3.411651849746704
25067,4.378968715667725
60104,4.667113304138184
996,3.9154608249664307
8566,3.885967493057251
91392,5.009755611419678
27492,4.551580429077148
43994,3.823258638381958
23112,3.79231858253479
74372,3.743553876876831
94820,3.962493658065796
47377,3.7521326541900635
103568,4.457269668579102
34427,5.219807147979736
74834,4.7589216232299805
261,4.26997709274292
4581,4.971737384796143
93139,4.5985002517700195
95680,4.772096633911133
41594,4.598193645477295
18703,4.5869269371032715
4231,4.713318347930908
58408,4.546586036682129
41331,4.596923828125
99937,4.008386135101318
81413,5.0777692794799805
4169,4.561813831329346
849,3.843291759490967
2657,4.570747375488281
24872,4.617928981781006
42683,4.360093593597412
90618,4.601167678833008
49391,3.0733392238616943
28811,4.846059322357178
26411,3.9607629776000977
48251,4.243474006652832
26034,4.535802841186523
5855,4.464184284210205
56753,4.931049346923828
84404,3.9488027095794678
13061,4.097871780395508
19533,5.00258207321167
28389,4.674449443817139
33550,3.674938440322876
53038,4.627654552459717
39429,4.675757884979248
90622,4.406959533691406
64389,3.9322519302368164
93629,4.72432279586792
105851,4.939940929412842
75472,4.8046464920043945
75763,4.254262447357178
73132,4.837466239929199
64917,3.853001594543457
101079,4.806055068969727
5717,5.050048828125
36747,3.967283248901367
62433,5.098409175872803
100058,3.995574474334717
62778,4.475701808929443
20911,4.023434162139893
55684,4.4417219161987305
20595,4.59681510925293
29869,4.253560543060303
92464,4.971863746643066
99727,4.733856201171875
102463,4.542821884155273
43418,4.722631931304932
34178,4.308846950531006
92157,5.110476493835449
95891,4.0614333152771
96557,4.386183261871338
77017,5.103580474853516
58430,4.1846113204956055
40823,4.99959659576416
39479,4.6510725021362305
30251,4.615847587585449
85055,4.89359188079834
72201,4.126754283905029
91238,4.5038299560546875
26852,4.843397617340088
86704,5.08950662612915
8946,4.703464984893799
90408,4.088618278503418
95150,4.470040798187256
25755,4.918762683868408
107122,4.464239120483398
71497,4.742894649505615
29315,4.852819442749023
28288,4.583022594451904
19800,3.836726427078247
62629,4.056522369384766
61134,4.331094741821289
102325,4.2585768699646
56580,5.049264430999756
3798,4.770547389984131
63569,4.764031887054443
53145,4.972648620605469
9954,4.538885116577148
108383,4.551571369171143
68991,4.084078311920166
94155,4.423454284667969
64178,4.345324993133545
29195,4.225893974304199
103728,4.686330318450928
100136,4.6573286056518555
53973,5.157908916473389
71035,4.466349124908447
55252,4.5615973472595215
4856,5.273635387420654
11279,4.877631187438965
5946,5.077120304107666
41769,5.017693042755127
48989,3.1607167720794678
75803,4.386589527130127
68895,4.862695693969727
46703,4.170466423034668
26268,4.956556797027588
16989,5.12823486328125
108126,4.293227195739746
83688,4.682219982147217
34611,5.445128440856934
68335,4.454020977020264
83239,4.76352071762085
5868,3.7083449363708496
54355,3.13712739944458
40701,3.7608563899993896
93422,3.8764309883117676
26880,4.041681289672852
77829,3.8308045864105225
9223,4.649933815002441
73400,4.17082405090332
13108,5.211297512054443
13668,3.5094194412231445
2476,4.804698467254639
71344,4.605925559997559
28736,4.3954854011535645
47274,4.441447734832764
195,4.577608585357666
22217,4.806093215942383
21430,4.6964898109436035
28069,4.561266899108887
98628,4.23978328704834
52353,5.005503177642822
49118,5.0760979652404785
103867,4.3915252685546875
21839,4.955171585083008
36678,4.274033069610596
79367,4.74055814743042
61226,4.6776933670043945
50955,4.051016807556152
85728,5.157549858093262
34084,4.866612434387207
73857,4.6416521072387695
41152,3.9464194774627686
63072,4.1629958152771
75031,4.113648891448975
36707,4.345284461975098
55109,4.725641250610352
10761,5.042799949645996
25085,4.345660209655762
59756,3.1894874572753906
83745,4.85142183303833
57208,4.955561637878418
76499,4.704051971435547
2478,4.886638164520264
60127,4.828439235687256
69055,4.581849098205566
86235,4.0408406257629395
68205,4.608108997344971
27697,4.111353397369385
47381,4.543150424957275
63389,4.4842705726623535
24045,5.170753479003906
35014,3.6184723377227783
57961,4.3513312339782715
16507,4.276607513427734
41068,4.771614074707031
80030,4.093484878540039
63511,3.2590529918670654
90802,4.022165298461914
94387,4.105800151824951
61124,4.580347537994385
91490,5.117984294891357
37293,4.430198669433594
30873,4.480400562286377
41245,4.063812255859375
77181,4.853914260864258
62244,3.0619516372680664
46661,4.076814651489258
31308,4.526578903198242
89326,4.588415145874023
78085,4.092564582824707
15621,4.8404541015625
42826,5.178561687469482
28728,4.691965103149414
76101,3.2933502197265625
10565,4.333063125610352
9633,4.432818412780762
106879,4.2638959884643555
86159,4.196281909942627
33979,4.914674758911133
49245,4.808167934417725
100600,3.936997413635254
99695,4.923849105834961
14439,4.988117694854736
14176,5.095954418182373
27349,4.660696506500244
94436,3.593437433242798
14515,3.7439868450164795
102217,4.4156622886657715
101029,4.337909698486328
65046,5.111435890197754
93349,5.1526689529418945
60314,3.6787707805633545
76019,4.024401664733887
20360,4.776686191558838
70066,5.361493110656738
85878,5.029849052429199
95627,3.1459238529205322
38726,4.3808465003967285
79751,4.247557640075684
77296,4.853421688079834
70567,4.76230525970459
33558,4.358814239501953
6937,4.882386207580566
33420,4.896296501159668
17014,4.198693752288818
58367,4.53663969039917
50952,4.738829612731934
70530,4.349917411804199
16703,5.044198989868164
93525,4.453307151794434
2302,4.67981481552124
96098,4.225446701049805
43697,3.992295742034912
3312,4.734564781188965
39327,5.429389476776123
101922,3.9480175971984863
103189,4.654513835906982
73995,4.86864709854126
56913,3.7655484676361084
93041,4.833095550537109
9644,4.3057684898376465
41062,4.074383735656738
104412,4.184525966644287
88487,5.176150321960449
93987,4.176819801330566
72479,3.4233903884887695
75416,4.7006449699401855
8023,3.543905735015869
106324,5.048312664031982
96615,4.522014141082764
17349,4.867111682891846
59665,4.318819999694824
99579,4.581223487854004
4019,4.858688831329346
106906,4.573069095611572
51219,3.986196994781494
78211,5.226021766662598
3164,3.8777663707733154
68000,5.122940540313721
13336,4.574996471405029
804,4.646123886108398
24409,4.476939678192139
51583,5.412892818450928
26737,4.299391746520996
42422,4.93193244934082
36777,4.4792280197143555
11047,4.5386457443237305
44241,3.938286304473877
31175,4.754148006439209
67987,3.988138437271118
66434,4.278829097747803
46776,4.271997928619385
61000,5.059771537780762
51347,4.415220260620117
94569,5.042761325836182
107656,4.867359161376953
79134,5.04437780380249
57011,3.82944917678833
1045,4.549297332763672
47061,4.376461029052734
69940,4.491001129150391
64166,3.2690589427948
71774,3.7950680255889893
9802,5.320858955383301
100554,4.627414226531982
79782,4.212925434112549
87174,4.6318769454956055
96,3.515946626663208
12854,4.566995143890381
82429,4.4132232666015625
46992,4.803920269012451
62603,4.8948140144348145
67791,4.622399806976318
48684,3.970641613006592
22849,4.415463447570801
89091,4.3157057762146
77832,4.434393882751465
75989,4.191102504730225
8943,4.568845748901367
82683,4.324758052825928
79993,4.60557746887207
13779,3.4464221000671387
4024,5.114056587219238
58426,4.284740447998047
96715,4.455796718597412
16223,4.404712677001953
80196,3.5648574829101562
73986,4.8833327293396
70867,4.392178535461426
94142,5.057900905609131
32730,4.744750022888184
6136,4.434594631195068
103941,5.07408332824707
55827,4.576407432556152
22707,4.785106658935547
45504,4.859975337982178
14333,4.767576694488525
10337,5.046255111694336
13522,5.257360458374023
106601,4.66330099105835
29495,4.162487983703613
81736,4.930605888366699
76297,4.60394811630249
91208,4.722318172454834
20103,4.666539192199707
102931,4.673223495483398
98593,3.579855442047119
60400,4.530274391174316
96525,4.033829689025879
72020,3.608551502227783
51346,4.6367387771606445
56572,5.136841297149658
76182,4.925439357757568
38795,3.7275946140289307
96953,4.7783613204956055
23796,4.979808807373047
17515,4.953941345214844
105944,4.381536960601807
57558,4.752477169036865
30625,4.003069877624512
19488,4.984979629516602
103224,4.348072052001953
26258,4.31058931350708
32429,4.890402793884277
86376,4.869320392608643
48141,4.626083850860596
60041,4.298506259918213
19753,4.215909481048584
96372,4.163873195648193
96848,5.653572082519531
23013,4.359342098236084
65338,4.07893180847168
43555,4.105173110961914
87136,4.193871021270752
27324,4.157092094421387
74074,4.910808563232422
1337,4.58289909362793
60051,3.7327041625976562
97040,3.5818779468536377
39690,4.463840484619141
74172,5.179239749908447
100947,4.8315749168396
26290,4.531371116638184
68900,4.5350799560546875
42029,3.6727309226989746
44504,4.688837051391602
89061,5.1365532875061035
12772,4.903891086578369
97397,4.590901851654053
77970,4.706873416900635
101362,4.4115705490112305
90888,4.750112056732178
18227,5.006220817565918
36051,4.943062782287598
3213,3.8291702270507812
58345,4.442488670349121
45156,4.330634117126465
48226,4.950793743133545
43291,3.2162625789642334
64117,3.4120869636535645
5467,4.583698272705078
87037,4.85619592666626
78414,4.756366729736328
42197,4.488443851470947
63811,3.83526611328125
28402,4.424077033996582
10270,5.088641166687012
55870,2.6812727451324463
58858,4.2808427810668945
60633,4.549373626708984
8341,3.4224729537963867
53302,3.4242970943450928
100914,4.820528507232666
48977,4.446743965148926
2002,4.821152210235596
40011,4.902156829833984
97787,4.2852959632873535
62056,4.870851516723633
10930,3.933012008666992
94830,4.384494304656982
40920,4.278132915496826
95099,3.6701111793518066
30249,4.681341648101807
49645,5.003895282745361
40594,5.046125411987305
57199,4.027938365936279
11760,4.43647575378418
32322,4.232193946838379
40396,5.124336242675781
96015,3.575906276702881
46438,3.6973540782928467
99878,4.7212138175964355
88138,5.081948280334473
29951,4.09057092666626
90457,4.950784683227539
19314,4.597014427185059
40619,4.4727067947387695
88533,4.405367851257324
51982,4.507704257965088
39127,5.088642120361328
104387,4.456108093261719
15150,4.752880573272705
95496,4.199228763580322
58768,4.143260955810547
10564,4.943959712982178
24525,4.588647365570068
22723,4.608428955078125
94837,3.285595178604126
56509,3.457369089126587
95026,4.881162643432617
89226,4.8098907470703125
72260,4.882622241973877
53829,4.329568386077881
62650,3.2317206859588623
70436,5.184060096740723
29922,4.639028549194336
60733,4.680581092834473
34548,3.9375827312469482
79902,4.51321268081665
95678,4.635879039764404
68113,4.3296051025390625
82748,3.3268094062805176
98687,4.108099460601807
100089,4.199930191040039
36368,4.959522724151611
81208,4.641638278961182
959,4.334023952484131
86348,4.402574062347412
12221,4.407953262329102
13928,4.850780010223389
12613,4.968402862548828
51117,4.953869819641113
36096,4.1478657722473145
78141,4.825378894805908
77054,3.993441343307495
71073,5.170989513397217
42023,5.0915961265563965
9375,3.168349027633667
81503,4.650135040283203
99034,4.4148173332214355
71272,3.965080499649048
93348,4.875339031219482
90556,4.745529651641846
2981,4.388530731201172
51710,4.743705749511719
29421,4.921398162841797
95038,4.029420375823975
92733,4.545063018798828
73197,4.586889743804932
69688,5.192031383514404
10138,4.486441135406494
84145,5.0856146812438965
14399,4.692723274230957
41912,4.199798107147217
74847,4.598158836364746
48072,4.064001083374023
66058,4.649677753448486
92309,4.751095771789551
64557,4.456719875335693
38123,4.06650972366333
7082,4.936675548553467
82218,4.794660568237305
4937,4.14544153213501
20625,4.724631309509277
35258,4.801687717437744
1110,3.2361109256744385
3854,3.2796952724456787
62606,4.815195083618164
11144,4.606973648071289
28980,5.095370769500732
39976,4.543912887573242
76744,4.7627949714660645
1526,4.439769268035889
1791,3.9184794425964355
52726,3.7472031116485596
50676,4.85884952545166
14527,4.276241779327393
50052,4.787774562835693
96513,4.657764434814453
107138,4.7252607345581055
42726,4.8006696701049805
56186,4.928629398345947
20465,4.637613773345947
81098,4.728408336639404
53211,4.620234966278076
81357,4.7502617835998535
23494,4.873027324676514
34570,3.5001261234283447
59914,4.311426162719727
30974,4.54370641708374
69111,4.855757713317871
43546,4.681690692901611
91791,4.327315807342529
88282,4.93086576461792
53402,3.5853071212768555
4611,4.551507472991943
20422,4.83717679977417
44512,4.625471591949463
62867,3.247429132461548
78485,4.852593898773193
85583,4.158933162689209
107522,4.590822219848633
28942,4.264788627624512
99088,5.051326274871826
26121,4.083711624145508
67464,5.188385963439941
46829,5.0159735679626465
77813,4.690641403198242
76794,4.487982273101807
86088,4.541781425476074
25479,4.718714714050293
99529,4.765612602233887
60540,4.929261207580566
86097,4.726189613342285
35568,5.063196182250977
28768,4.792120456695557
43041,4.921588897705078
89002,4.335094928741455
84497,3.8387176990509033
45964,5.120326042175293
89510,4.573307514190674
101421,4.62151575088501
34281,4.198192596435547
79718,4.04501485824585
58678,4.905570983886719
43251,4.0690155029296875
94956,3.96781587600708
98751,4.460836410522461
76962,4.341599941253662
8693,4.956656455993652
68125,4.946109771728516
39626,4.68652868270874
102636,5.020674705505371
75182,5.1436967849731445
67803,4.6283860206604
91995,4.864480972290039
103949,5.197996139526367
50708,4.7713398933410645
30529,5.255698204040527
77000,4.701927185058594
56387,4.214008808135986
91492,4.888116359710693
40811,4.889077663421631
7925,3.6938233375549316
83290,5.039409160614014
81725,4.2850847244262695
15291,4.73236608505249
69707,4.718097686767578
82087,3.2434463500976562
86739,4.230634689331055
98966,4.324525833129883
88780,4.861073017120361
98131,4.635715484619141
103768,4.407938480377197
31216,4.741147518157959
31285,4.307703971862793
10835,5.089266300201416
11607,4.92866325378418
74892,4.313348770141602
76199,4.970282554626465
40082,4.161597728729248
85003,4.1904191970825195
78284,4.970315933227539
39935,4.4504289627075195
49752,4.762483596801758
37438,4.149118423461914
24658,4.510149002075195
18619,5.030876636505127
68071,3.7089569568634033
59558,4.03689432144165
100531,4.312488555908203
41958,4.591378211975098
84377,4.53041934967041
68667,4.803219795227051
62735,4.548847675323486
91572,4.549593925476074
23388,4.512351036071777
63272,4.623902797698975
10779,4.767946243286133
16726,4.787219047546387
62775,4.366866588592529
80983,4.655035018920898
43287,4.244456768035889
20402,4.949456691741943
45814,4.079910755157471
46190,4.595242977142334
99681,4.637022018432617
82755,4.458535194396973
104863,4.76650333404541
52540,4.495203018188477
91661,4.672214031219482
43140,4.652421474456787
6576,4.124958038330078
95728,3.928102970123291
76263,4.2977471351623535
40108,3.9926748275756836
86839,3.7902798652648926
5346,3.779978036880493
97669,4.24542236328125
15085,3.9479475021362305
21505,3.8063039779663086
34716,5.46726655960083
27911,4.936004161834717
79277,4.7315521240234375
47945,4.144039154052734
100779,4.789597034454346
94047,4.056061267852783
55742,3.984039545059204
67748,4.051695346832275
52136,4.116189479827881
70044,4.645748615264893
82972,4.7123918533325195
89767,4.530958652496338
202,4.115294933319092
1340,4.113824844360352
90205,4.010743618011475
26901,4.527311325073242
22891,4.896063804626465
2414,4.823202610015869
32486,4.1675190925598145
71370,4.5204758644104
24104,5.1493377685546875
96663,2.993953227996826
22551,5.249708652496338
82016,4.019840240478516
74366,4.938802242279053
27463,4.396690845489502
3662,4.542061805725098
25084,4.5689263343811035
104484,2.9357712268829346
81892,5.130498886108398
93425,4.610646724700928
49126,4.133328437805176
85823,4.89368200302124
32455,4.518238544464111
46766,4.791425704956055
41419,4.864787578582764
52964,4.260918140411377
19350,4.968238830566406
72647,4.585946559906006
70803,4.671538352966309
103348,4.337653636932373
105967,4.649923324584961
96759,4.554480075836182
107368,4.697094917297363
78546,5.198699474334717
53843,4.387350082397461
48804,4.204428672790527
105310,4.627241611480713
1407,3.9665024280548096
39762,3.7008776664733887
45658,5.101464748382568
30688,4.553034782409668
83252,1.7995402812957764
10722,4.893995761871338
64647,4.724876880645752
24771,4.408143997192383
71948,4.144920349121094
32658,3.5874218940734863
84260,4.074720859527588
28749,4.297758102416992
15511,1.8288391828536987
71930,4.037616729736328
79608,4.083335876464844
30556,4.978980541229248
4780,2.839830160140991
6635,4.035606384277344
103505,4.860371112823486
54544,4.148797512054443
101247,4.023437976837158
24311,4.406516075134277
4048,4.867623329162598
16769,4.945695877075195
95286,4.925247669219971
79959,4.620328903198242
30722,5.280494213104248
49531,3.9633123874664307
76772,4.366588592529297
103372,4.971569538116455
843,4.100189208984375
98462,4.54635763168335
14032,3.558943271636963
46867,4.025303840637207
90131,4.690934181213379
103828,4.6313276290893555
103956,5.085181713104248
49894,4.093408584594727
56168,5.196684837341309
21736,5.077803611755371
16783,4.727576732635498
79249,3.9558863639831543
105590,4.578927516937256
3396,4.410830020904541
29890,4.179576396942139
45895,4.616163730621338
75399,4.989035606384277
139,4.486847877502441
91599,4.279555797576904
91901,4.069278717041016
1771,4.454601287841797
24460,4.571396350860596
93234,4.455102443695068
67872,4.726266384124756
99790,4.461781978607178
39528,4.889263153076172
52815,3.49981689453125
3307,4.717611312866211
30842,3.523895740509033
98682,4.821847915649414
37415,4.446066856384277
105958,4.263337135314941
48963,3.7554190158843994
81841,4.785910129547119
55978,3.617959976196289
68756,4.660958290100098
55371,5.232716083526611
10521,4.102863311767578
28039,3.258970022201538
37658,4.020561695098877
44068,4.729393482208252
22690,4.981054782867432
73983,4.923711776733398
91086,4.990087509155273
18832,4.6661176681518555
92303,4.4773478507995605
66674,4.383599281311035
22441,4.613182067871094
150,4.848753452301025
105691,4.022837162017822
88417,5.038481712341309
48808,4.590665817260742
97344,4.190220832824707
13727,4.314044952392578
18254,5.082144737243652
30865,4.737871170043945
77441,4.282119274139404
89224,4.911549091339111
87950,3.441638469696045
86807,4.755730152130127
92656,4.959652900695801
77583,3.8973031044006348
72794,4.594965934753418
15311,4.9889984130859375
40055,4.711789131164551
34336,4.516019344329834
54219,3.327280282974243
48085,4.706757068634033
76207,4.912120819091797
24325,4.1665802001953125
36465,4.730111122131348
44954,4.016724586486816
99410,4.477311134338379
46747,4.493846893310547
103319,4.581455707550049
16774,4.761355400085449
33330,4.337648391723633
45207,3.402404308319092
38158,4.419623374938965
40189,3.9493980407714844
93023,3.4243836402893066
10247,5.294254779815674
28165,4.194978713989258
70067,5.283714294433594
3221,4.4577436447143555
37744,4.5962677001953125
17569,5.2280144691467285
4369,2.952974319458008
63244,3.6214122772216797
69246,4.684379577636719
32066,4.801878929138184
19464,4.811093807220459
75208,4.4929633140563965
77537,3.230698347091675
93074,4.8943190574646
34347,4.470345497131348
33171,3.7395918369293213
25328,4.561470031738281
15560,3.6676928997039795
39570,4.980956554412842
23699,4.700239658355713
56837,4.1355156898498535
106703,3.9297022819519043
91149,3.3922083377838135
10495,4.1073832511901855
62556,4.711184501647949
34724,5.1555399894714355
46148,4.938356399536133
39612,4.90443229675293
62182,4.741477966308594
106416,5.0688934326171875
38105,3.6532211303710938
28167,4.70193338394165
69601,4.844192028045654
54462,5.113977432250977
31682,4.550041675567627
25474,4.678657054901123
20125,3.656005382537842
101695,4.703713417053223
76585,4.1467108726501465
31713,4.622311592102051
30755,4.708137035369873
31804,4.529325008392334
30032,4.770994663238525
106603,4.526902675628662
31729,5.1902360916137695
997,4.0055623054504395
15527,4.232144355773926
31418,4.51163911819458
15537,4.499285697937012
52531,4.443741798400879
100737,4.670104503631592
14879,4.995952129364014
65099,4.677194595336914
84261,4.962165832519531
86631,4.766106605529785
47889,3.368748426437378
99395,4.985699653625488
49758,4.748867511749268
38417,3.350288152694702
59407,4.517078876495361
6207,4.777174472808838
974,4.016960144042969
48047,4.46697473526001
76968,4.0511016845703125
101951,5.220231056213379
26889,4.739092826843262
10470,4.946733474731445
87476,4.580379962921143
84008,4.699670791625977
57413,4.515695095062256
31274,4.808343410491943
34176,4.078350067138672
48178,3.957658290863037
19867,4.719221591949463
30936,3.4694607257843018
32566,5.022457122802734
25332,4.929800033569336
52645,4.307806015014648
40716,4.41024923324585
620,4.388122081756592
101585,4.998661518096924
54186,5.214742660522461
54494,3.8111066818237305
12812,5.101668834686279
64671,4.673394680023193
93981,4.758442401885986
84076,4.282905578613281
10796,4.052881240844727
78585,4.344192981719971
58906,4.930604457855225
67030,4.277298450469971
8231,4.2693257331848145
53947,4.64365816116333
24059,5.243886947631836
47887,3.6263396739959717
22201,4.139211177825928
14382,3.8803579807281494
11069,4.532949924468994
85640,4.032281398773193
36820,4.25065803527832
21447,3.4763083457946777
84861,4.47262716293335
7243,3.608067750930786
44325,3.3167202472686768
88193,3.3451592922210693
77642,5.125760555267334
35111,5.234139442443848
246,4.241607189178467
56175,4.571493625640869
83691,4.516283988952637
88173,4.236476898193359
8381,4.948935031890869
75604,4.505734920501709
85581,5.074833393096924
54612,4.443958759307861
70698,4.722952842712402
61882,5.0362138748168945
69276,4.998739242553711
44441,5.008255958557129
59889,4.060204982757568
102390,4.330544948577881
5233,3.3616998195648193
77998,4.260040760040283
106734,3.3908157348632812
22772,4.281843662261963
24138,4.975067615509033
49317,3.6082468032836914
101203,3.718177318572998
21165,4.955479621887207
82869,4.572633743286133
85624,3.1766366958618164
18885,4.7298736572265625
38271,4.669165134429932
78087,4.88853645324707
1222,4.412999153137207
71591,4.575050354003906
21801,4.996694564819336
30087,4.836204528808594
79708,4.064970970153809
77667,4.788794040679932
9859,4.659134864807129
16742,5.003564834594727
68692,4.957139492034912
89982,5.166680335998535
36896,4.145919322967529
102247,4.0501861572265625
15758,4.668884754180908
25618,4.9163384437561035
14800,4.926909446716309
91487,4.899567604064941
9896,4.427081108093262
4402,4.388453960418701
104492,3.960433006286621
73812,4.761262893676758
43135,3.7654619216918945
23292,4.962980270385742
89662,4.284699440002441
15795,3.2468388080596924
50631,4.1426496505737305
73834,4.910860061645508
29283,4.897884368896484
97273,4.295352458953857
41286,4.870780944824219
33927,4.154659748077393
37228,4.894006252288818
71385,5.071632385253906
54164,3.874216318130493
100065,4.446824550628662
30084,3.853996992111206
46464,4.673233985900879
21625,4.9024338722229
100654,4.847043514251709
98400,4.458657264709473
9497,4.5627593994140625
17224,4.945125102996826
38156,3.9518017768859863
67335,4.930521488189697
90425,4.107563018798828
6396,4.597180366516113
94085,4.356772422790527
98947,3.7321038246154785
7970,3.8778162002563477
97196,4.987898349761963
41315,4.901413917541504
15363,4.865743160247803
85256,5.119074821472168
464,4.682200908660889
88574,5.2979888916015625
49033,4.741567611694336
16472,4.469420909881592
3602,4.881094455718994
75147,4.317403793334961
86950,4.829380035400391
81902,4.3733906745910645
28388,4.525861740112305
89904,4.292021751403809
95966,4.040387153625488
82567,4.9136552810668945
23413,4.658875465393066
36674,4.03020715713501
100270,3.846252918243408
20645,3.9667587280273438
12734,4.73988151550293
10243,5.219875335693359
74572,4.730961322784424
107146,4.349689483642578
12703,4.334114074707031
81280,4.642396450042725
45013,5.140715599060059
74090,5.145702362060547
28797,5.143856048583984
7312,4.897060394287109
101340,5.149725437164307
5722,4.850278377532959
62590,4.857701778411865
37134,3.8211545944213867
108381,4.28125
14254,5.195181846618652
3428,4.303226470947266
6823,4.877476692199707
87786,5.250567436218262
104855,5.068053245544434
65905,4.275960445404053
54322,4.160778045654297
1271,4.555548191070557
48123,4.087667465209961
102445,5.198771953582764
106998,4.510887622833252
49833,4.689884185791016
50735,4.519615173339844
67840,4.0830078125
31924,3.5501270294189453
39841,4.075839519500732
91434,4.472234725952148
95257,4.075001239776611
87678,4.591546058654785
2557,5.090461730957031
91729,5.092738628387451
14750,5.040778160095215
38223,4.899837017059326
48005,4.553719520568848
45798,4.220434665679932
8328,4.9386210441589355
71438,5.378648281097412
77239,4.411750316619873
24704,3.956650972366333
86445,4.957441329956055
16485,4.284384250640869
84676,4.842802047729492
83553,4.85384464263916
88195,4.129828453063965
25215,5.280307292938232
44419,4.696387767791748
78481,4.901902198791504
34289,5.000448703765869
106947,2.965268135070801
77186,4.891808986663818
2590,5.041101455688477
70900,4.379419326782227
63020,4.941599369049072
14415,4.960176944732666
77810,4.720933437347412
100252,4.250527381896973
26863,4.163983345031738
25054,4.615501880645752
65058,4.484661102294922
76012,3.6370410919189453
73422,4.955169200897217
4357,4.474701881408691
22035,4.750048637390137
60491,5.03685998916626
12220,3.4341351985931396
71282,4.1168317794799805
29175,4.879070281982422
51034,4.471006870269775
72069,4.188666343688965
20602,4.450882434844971
79274,4.956384181976318
21398,5.065141677856445
80948,4.673006534576416
3951,5.337603569030762
2156,3.555338144302368
98447,4.775022506713867
43829,4.848433494567871
99868,4.17028284072876
55057,4.453637599945068
89043,4.228919506072998
92985,3.4900145530700684
27002,4.346036911010742
45203,4.241103172302246
81931,4.239083766937256
18329,4.462562561035156
25395,4.650772571563721
2616,3.696728229522705
33142,4.52421760559082
26935,3.954768419265747
94311,4.170970439910889
37385,3.8740155696868896
11709,4.761329174041748
11784,3.8025641441345215
15218,4.807313442230225
94588,4.1239914894104
8160,3.9681427478790283
52749,3.5273468494415283
26229,4.081707954406738
16418,4.8896918296813965
18173,4.526980876922607
40299,3.6521553993225098
99358,4.355929851531982
33031,4.432614803314209
13978,4.457552909851074
74358,3.5812299251556396
20148,4.974310398101807
34830,4.386838912963867
28527,4.277280807495117
92722,4.312950611114502
7122,4.7176408767700195
64597,3.7431933879852295
18367,4.546173095703125
73337,3.4417457580566406
32560,4.446122646331787
59864,4.986566543579102
40383,4.90342378616333
73740,4.25675106048584
45450,5.138077259063721
35750,4.593942642211914
75357,5.043776035308838
26184,4.449326038360596
27059,4.843067169189453
17001,5.227718830108643
80970,4.532959938049316
3272,4.652766227722168
44443,4.192780494689941
8564,4.697907447814941
29325,4.5141825675964355
42839,4.687454700469971
34206,4.589025974273682
46905,4.450339317321777
75420,4.200068473815918
16856,4.491748809814453
43858,4.424313545227051
22099,4.71703577041626
48330,3.532655715942383
29360,3.9279704093933105
45868,4.355096817016602
11472,4.031688690185547
52209,4.417946815490723
11424,4.381054401397705
73247,4.983036518096924
35387,4.354292869567871
62369,5.089418888092041
22637,4.674062252044678
54275,4.366953372955322
21861,5.210538864135742
85278,5.303881645202637
57574,5.143313884735107
31,4.340517520904541
3332,4.153013706207275
19775,4.958250522613525
90580,4.7110819816589355
63376,4.587762355804443
87594,4.656044960021973
76840,4.004369258880615
27713,4.899135589599609
66497,4.735565662384033
106472,2.58244252204895
71822,4.724986553192139
61806,3.7097063064575195
22957,4.846182346343994
13065,3.9014804363250732
76948,4.292323589324951
76187,5.087456703186035
42643,3.934299945831299
20543,4.842485427856445
14012,4.391774654388428
16081,2.669384002685547
85518,4.130814075469971
25468,4.794223785400391
36204,4.811122894287109
37659,4.324693202972412
46701,4.616156101226807
53777,4.559257984161377
46309,4.743988990783691
82154,4.5222086906433105
100548,4.903865337371826
1900,4.295258045196533
55340,4.773407936096191
32892,4.294694423675537
6266,4.313003063201904
83010,5.040031909942627
58548,4.541183948516846
7358,5.225072383880615
81293,4.230074882507324
69354,4.417933464050293
19831,4.466786861419678
23062,5.185389518737793
7026,4.636530876159668
90158,4.249144077301025
61998,4.895138263702393
57088,4.092430591583252
68886,3.606088161468506
104420,4.1328840255737305
12045,4.633064270019531
106207,3.9706461429595947
103743,4.737685680389404
36472,4.552994251251221
24208,4.498425483703613
17928,4.280418395996094
35705,4.354391574859619
94503,5.0171098709106445
22601,4.0696330070495605
102913,5.617038249969482
60725,4.6137495040893555
66481,5.056195259094238
34962,4.875631332397461
16851,4.709934234619141
13584,4.039888381958008
14666,4.374608993530273
25005,4.8048200607299805
65584,4.61289119720459
38111,4.453318119049072
26713,4.452258110046387
83624,4.571822643280029
60476,4.394360542297363
74340,4.6897478103637695
18857,4.371783256530762
86541,5.010653018951416
45611,4.41321325302124
7441,3.8907580375671387
47068,3.3579647541046143
31921,3.681413412094116
58908,5.028024673461914
99827,4.489485263824463
27770,4.320523262023926
9873,3.334589719772339
106896,4.886786937713623
66464,4.307394027709961
8797,4.417087078094482
74492,4.871644496917725
83643,4.745606899261475
60752,4.726028919219971
28186,3.130368232727051
47245,4.443061828613281
64255,3.523594617843628
14804,4.640566349029541
10887,4.769134998321533
36922,4.3575119972229
34598,4.439836502075195
39624,3.607623338699341
32775,4.2589311599731445
42673,3.8990142345428467
25637,4.622406482696533
105893,5.22139835357666
75285,4.636420249938965
72348,4.777433395385742
65687,4.770621299743652
61552,4.799360752105713
74127,4.292145252227783
10008,4.99766206741333
3630,4.83079195022583
105122,4.618253231048584
83314,4.043756008148193
40702,4.443558216094971
3244,4.318574905395508
102386,5.133955955505371
86505,4.579275608062744
48258,4.9813103675842285
82572,4.775593280792236
50980,3.6464364528656006
27903,3.2257232666015625
32507,5.155067443847656
74715,4.344607353210449
9885,5.251201152801514
56508,5.188717365264893
9281,3.751725196838379
67905,4.27834415435791
89442,4.728523254394531
51435,4.819553852081299
26242,4.695392608642578
23934,4.838061332702637
37393,4.776695728302002
72119,3.8823940753936768
81106,3.847608804702759
19641,4.62408447265625
11949,4.359553337097168
8618,4.287010192871094
107726,4.885318279266357
35303,3.7907869815826416
83658,5.022184371948242
82270,5.453670501708984
98328,4.666484832763672
28282,4.623505592346191
37668,4.366628646850586
59815,4.357528209686279
62167,4.701899528503418
65901,4.538673400878906
32951,4.576264381408691
20508,5.068864822387695
15231,4.210480690002441
103515,4.755633354187012
78454,5.337193489074707
72089,4.165413856506348
67263,4.597447395324707
90272,4.888364315032959
31761,4.261110782623291
40210,3.947169065475464
94331,4.743196487426758
27648,4.960031509399414
97895,4.250373840332031
104477,4.564612865447998
62094,4.544984817504883
72301,4.821760177612305
99186,4.638484954833984
34976,4.298521518707275
60938,4.939401626586914
43947,4.494576454162598
20411,5.002837657928467
51670,5.150951385498047
108563,4.848361015319824
32233,4.454089641571045
92033,4.833945274353027
101638,5.0482659339904785
1262,4.299797058105469
72278,3.883873224258423
11522,3.8373942375183105
95981,4.282930374145508
97126,4.686296463012695
68449,4.518601894378662
53521,3.9965531826019287
49071,4.645509719848633
67358,4.856986999511719
79593,4.712625026702881
96195,4.740174293518066
8656,4.979842185974121
23277,4.491499900817871
34584,5.276371002197266
57862,3.6633706092834473
105628,4.244536399841309
101461,4.085188388824463
27553,4.735522270202637
88135,4.639105319976807
103432,4.766539096832275
87658,4.095529079437256
55350,5.005767822265625
52619,4.396249771118164
27344,4.748896598815918
4443,4.3063273429870605
14388,4.482689380645752
56559,4.952071189880371
92876,5.182891368865967
7132,4.00724458694458
9673,4.610251426696777
68696,3.8424534797668457
83021,5.01906156539917
94374,4.591673851013184
31582,4.879558563232422
88873,4.507287979125977
35933,4.825145721435547
39832,4.204588413238525
97606,5.002340316772461
105912,4.789305210113525
44737,3.846853733062744
67612,4.203826904296875
77417,4.3102030754089355
61449,4.175497531890869
30466,5.235500812530518
26308,4.54637336730957
35171,4.442049980163574
101349,4.801916122436523
55954,3.6786394119262695
57462,3.3912603855133057
52203,4.88740873336792
16423,4.390763282775879
83793,3.658374786376953
46369,4.736717224121094
61996,4.619545936584473
39260,4.621681213378906
107891,4.737260341644287
93782,4.341413497924805
101114,4.525517463684082
86402,5.398008823394775
82586,5.0933027267456055
103409,4.709704875946045
44200,5.030336380004883
49018,5.0706353187561035
89104,5.0259809494018555
57505,4.745326042175293
30394,4.870818614959717
31623,4.40466833114624
26073,4.164469242095947
70560,4.683725357055664
31984,3.8864328861236572
8439,4.6134934425354
59590,5.152440547943115
9380,4.610622406005859
56003,3.871272325515747
44117,4.6695380210876465
66713,4.680102825164795
14956,4.102210998535156
12969,4.600230693817139
106165,4.716925144195557
37493,3.7050914764404297
18721,4.629803657531738
77620,4.349961280822754
72857,3.928349018096924
76808,4.633951187133789
80018,4.733653545379639
38398,4.065507411956787
17538,4.584898948669434
14819,4.803562641143799
83200,4.163476943969727
59052,4.951144218444824
69023,4.790975093841553
1131,4.186325550079346
67899,4.837043762207031
6433,4.405519485473633
11018,4.2260050773620605
40678,4.328368186950684
84380,4.952389240264893
18582,4.970891952514648
5553,4.374220848083496
28766,3.9924800395965576
81157,3.9976603984832764
70706,5.313490867614746
85145,3.893942356109619
26325,4.7226033210754395
59387,4.338435173034668
89131,4.869497776031494
67253,4.594529151916504
94625,4.367696762084961
7849,4.331405162811279
5571,3.2366514205932617
31437,4.788015842437744
61634,4.911774635314941
2291,4.661317825317383
1370,4.938040733337402
92968,3.9676685333251953
32912,4.606566905975342
89626,4.913488864898682
19659,5.0492634773254395
49954,4.6551947593688965
96757,4.821923732757568
10686,4.443120956420898
20384,4.808950424194336
64989,4.373546600341797
75062,3.499288558959961
92914,5.432858943939209
25638,4.720323085784912
100930,4.6155195236206055
33158,4.218404769897461
8118,4.243420124053955
26398,4.730201244354248
92292,4.7657012939453125
63576,4.723092079162598
93646,4.960285186767578
18655,5.234335422515869
81473,4.025463581085205
8428,4.170388698577881
32754,4.78704309463501
83413,4.946244239807129
97464,4.714147090911865
63632,4.9247565269470215
43512,4.859319686889648
70930,4.915668964385986
35561,5.131896018981934
24796,4.527059078216553
70545,3.56130051612854
71878,4.408687591552734
50621,4.574565887451172
82786,4.2665839195251465
101496,4.037744998931885
52631,4.409163951873779
43127,4.404965400695801
73234,4.065358638763428
15035,4.745080947875977
85355,3.966336965560913
99428,3.2478435039520264
37967,4.793076992034912
19705,4.522529125213623
48802,4.944769859313965
54782,4.440735816955566
52842,5.025968551635742
31691,4.793668270111084
43497,4.756359100341797
59133,4.671240329742432
93065,4.653995037078857
10522,4.601598739624023
74055,4.938243389129639
23837,4.661072731018066
72460,4.66529655456543
48635,4.508088111877441
16699,4.595131874084473
88701,4.591736316680908
64388,4.171525478363037
66492,4.652743339538574
66447,4.127042770385742
60626,3.2486379146575928
82110,5.223762035369873
4126,3.8310256004333496
49775,4.37155294418335
59528,4.618728160858154
97815,4.223496437072754
28415,3.2426700592041016
10748,4.460434913635254
61578,4.391946315765381
82023,4.759345531463623
94850,4.077752590179443
49510,4.612401008605957
95894,4.654395580291748
1767,4.388199329376221
73438,4.912001609802246
66485,4.254948139190674
61553,3.9773154258728027
92107,4.85630464553833
71528,5.072966575622559
9169,4.774343967437744
80365,4.408030986785889
96311,4.97392463684082
91931,4.02393913269043
57346,4.2669997215271
43705,3.8941123485565186
21429,5.2282562255859375
217,4.497793674468994
69790,4.3165130615234375
5158,3.855229139328003
90231,4.768982410430908
80498,4.860892295837402
14220,4.178518772125244
43605,4.203131198883057
46830,3.7833638191223145
78332,5.076019763946533
104439,4.634397506713867
27397,4.958339691162109
7066,4.68141508102417
51368,5.098749160766602
84686,5.204033851623535
10893,4.760946750640869
72451,4.9926862716674805
92669,4.548924922943115
76869,4.7413249015808105
74968,4.614025115966797
46678,4.708225727081299
34185,5.10208797454834
84595,4.904219627380371
60953,4.828295707702637
30948,4.468289375305176
24036,5.209039688110352
106854,4.381696701049805
51985,4.003763675689697
19,4.358389854431152
94208,3.863987922668457
5598,5.117498874664307
47428,4.207676410675049
31492,3.8522751331329346
20463,4.98992395401001
68231,3.0058562755584717
57479,4.393925189971924
16895,4.431654930114746
73576,4.604939937591553
76672,4.176035404205322
67956,3.1688170433044434
37127,3.120941638946533
92419,4.928332328796387
65187,4.311328887939453
4012,4.19681978225708
58798,4.728841781616211
49787,4.8008012771606445
1904,3.8913490772247314
28597,4.1685309410095215
69772,4.531806945800781
104461,3.8703553676605225
81562,4.823337554931641
35039,4.449099063873291
45957,4.80478048324585
99468,4.258235931396484
3064,5.281552791595459
25041,4.639840602874756
37402,4.433905124664307
58938,4.436041831970215
59368,3.973830461502075
57567,5.010823726654053
84144,5.0503387451171875
21118,5.031766414642334
101299,4.7305145263671875
88917,4.745674133300781
107836,5.321057319641113
55168,4.129074573516846
44992,4.591817855834961
13099,4.831768989562988
35632,4.88655424118042
52884,4.555471897125244
86452,4.636928081512451
105454,4.080574989318848
94970,4.315991401672363
84623,3.9018287658691406
67658,4.652885913848877
6311,4.464277744293213
101840,4.476906776428223
89720,4.83449125289917
35347,3.032930612564087
77700,4.510178565979004
69970,3.843675136566162
22863,4.130218982696533
66413,4.088781833648682
98000,4.830652236938477
44035,3.9412593841552734
90340,4.61507511138916
11288,4.7843098640441895
95447,3.6766486167907715
64292,3.778928518295288
26583,4.891510009765625
77219,4.821879863739014
102828,4.758610248565674
80032,3.728243350982666
31536,4.752190113067627
10200,5.38508415222168
104258,4.8881001472473145
81483,4.438793659210205
33370,4.976382732391357
45929,4.60189151763916
7712,4.0613203048706055
62700,3.6696815490722656
20030,4.511659145355225
78990,4.731837272644043
91726,5.16748046875
77397,4.266627788543701
24533,4.544107437133789
70097,3.357316493988037
54893,4.817485809326172
23772,4.60956335067749
22080,4.220259666442871
31887,4.410128116607666
33024,4.637776851654053
54672,3.3810195922851562
90514,4.685174465179443
83454,3.879892349243164
11704,5.0222930908203125
69893,4.967036724090576
75557,4.55232048034668
6735,4.493715286254883
107217,5.026463508605957
43137,4.554994583129883
41417,5.055707931518555
62030,4.587594032287598
56916,4.410043239593506
74027,4.749577045440674
22726,4.156423091888428
90623,4.244500637054443
37469,4.296306610107422
96461,4.7516350746154785
90289,4.605203151702881
104500,4.143738746643066
31246,4.665004730224609
41115,4.386613368988037
67453,4.063233852386475
30467,3.608137845993042
82873,4.937368869781494
62260,4.681589603424072
56966,4.622680187225342
28510,3.7616817951202393
43815,4.281383514404297
3786,4.624416828155518
57736,5.1066999435424805
54999,4.378968715667725
87376,4.789832592010498
98630,4.20865535736084
40028,4.693630218505859
29085,4.861231327056885
5189,3.0702872276306152
71865,4.308859825134277
24221,4.790177345275879
42072,4.281102657318115
61045,5.03031063079834
92528,4.827602386474609
70933,4.915478706359863
21672,4.774683952331543
83539,4.225410461425781
22539,4.944752216339111
98520,4.616943836212158
106952,4.640571117401123
12753,3.9831438064575195
24553,4.916962146759033
10493,4.735777854919434
51845,4.397520542144775
95746,4.033672332763672
39576,5.155616760253906
27243,4.634823799133301
88127,4.82255744934082
79808,4.8575825691223145
84757,5.165600776672363
100659,4.836383819580078
7843,4.19128942489624
6694,3.8880534172058105
59763,4.5185418128967285
10551,4.19805908203125
72780,4.628479480743408
87291,4.547835350036621
58152,4.682075023651123
85990,4.8415327072143555
97749,4.767971515655518
89304,4.97418737411499
100211,4.776838302612305
24672,4.888663291931152
39409,4.595770359039307
80405,4.60410737991333
62439,4.70773458480835
80747,4.648612976074219
48151,3.8896737098693848
100175,3.7887675762176514
44798,4.5254902839660645
77260,4.896531105041504
45204,4.60847806930542
10348,4.966436862945557
27527,5.109602928161621
24464,4.970098972320557
101464,4.388361930847168
67804,4.712618827819824
101440,3.272367477416992
87377,4.273923397064209
58668,4.625816345214844
77579,4.711019515991211
7672,4.829890251159668
16441,3.4413840770721436
5160,4.237158298492432
97211,4.931294918060303
37850,4.6827712059021
87679,4.969219207763672
7926,5.23136568069458
47701,5.4327850341796875
44705,5.053428649902344
74619,4.694916725158691
18531,5.189875602722168
96392,4.759580612182617
43468,4.4187822341918945
105095,4.953764915466309
103076,3.416884422302246
1032,4.301786422729492
73122,4.631471633911133
68134,3.9739856719970703
81031,4.825273036956787
13509,4.853945732116699
79644,3.8662099838256836
91498,4.761632442474365
71772,5.068918228149414
14317,4.64842414855957
12409,4.7592949867248535
40168,4.256982326507568
54687,4.245841026306152
11254,5.1654887199401855
19434,4.851470947265625
106664,4.11898946762085
57106,4.509194374084473
50793,4.418378829956055
74985,4.530372619628906
2012,4.050731658935547
70523,4.5451884269714355
32148,3.942061424255371
85863,5.064914703369141
55912,4.779025077819824
100903,5.092672824859619
48705,4.804126739501953
78451,3.896414279937744
18769,5.191761493682861
90715,4.768612861633301
52467,4.663046836853027
102955,3.6926772594451904
67532,5.090503215789795
72170,4.2847676277160645
18482,5.235348224639893
61874,5.109522819519043
56314,4.606471061706543
85828,4.269964218139648
95488,4.199944496154785
5874,4.216187953948975
65017,4.780339241027832
37168,3.4879841804504395
64467,4.259761810302734
86298,3.63326358795166
81205,4.575746536254883
104976,3.987304449081421
23342,4.71343994140625
70697,4.455148696899414
92014,4.309837818145752
3452,4.410069465637207
26981,4.071887493133545
68430,4.444558143615723
72713,4.579601287841797
108261,4.388865947723389
98735,4.806223392486572
13834,4.525898456573486
26343,3.9834718704223633
59039,4.442368984222412
56771,4.071002960205078
31575,4.626168251037598
6173,4.562384128570557
78802,4.6939616203308105
103130,4.629523277282715
64232,4.443434238433838
26623,4.113076686859131
97684,3.8757781982421875
37471,4.9210076332092285
16871,4.820346355438232
83334,3.990722179412842
69196,4.338427543640137
80880,4.188385963439941
28966,4.67789888381958
6617,3.9759538173675537
72949,4.554491996765137
71046,4.741862773895264
25317,4.806447505950928
50409,4.556186676025391
107837,4.774407386779785
80248,4.731157302856445
60269,4.329092979431152
17849,4.365710735321045
13279,4.178101062774658
22310,4.879947662353516
2283,4.2889533042907715
62120,3.414005994796753
84457,4.978775978088379
74039,4.879852294921875
102581,4.478879928588867
95898,4.9202494621276855
13870,4.418318748474121
78373,4.662384986877441
53419,4.617546081542969
72024,3.942995309829712
10184,5.323741436004639
17805,4.736325263977051
32444,4.9084577560424805
26612,4.219006538391113
60102,4.028264999389648
29765,5.066211700439453
8346,4.788535118103027
11169,5.053097724914551
8799,4.901437282562256
6271,3.7452032566070557
60537,4.630737781524658
12273,3.7440500259399414
3583,4.593530178070068
3817,4.083188533782959
62003,4.967000484466553
105056,4.232207775115967
337,4.685428619384766
49239,4.6339945793151855
66827,4.286017417907715
67496,4.525406837463379
44852,4.94302225112915
25094,4.101021766662598
74020,3.5869884490966797
71147,5.208677768707275
51706,4.530377388000488
8239,4.6565260887146
41929,4.936074256896973
18147,4.420428276062012
23630,4.306462287902832
45138,4.619462490081787
72660,4.697587966918945
37946,4.06719970703125
105179,4.2590765953063965
93030,4.54227876663208
20947,4.527885437011719
17926,4.026906967163086
99507,4.371682167053223
89300,4.851448059082031
99217,4.7024359703063965
100933,4.818192005157471
49883,4.074435710906982
77705,4.669435501098633
34309,4.714570045471191
51254,4.594642162322998
106833,4.44765567779541
98256,4.346428871154785
82186,4.84792947769165
60767,4.616815090179443
11468,4.467904090881348
42269,4.7099528312683105
40656,3.6561765670776367
59352,4.259889125823975
17204,4.661102771759033
53404,3.849700450897217
27730,4.045433521270752
38276,4.579086780548096
12815,4.804202556610107
37003,4.757549285888672
76834,4.277508735656738
92216,4.619424819946289
94981,4.75670862197876
29851,4.575545787811279
64049,3.9339005947113037
90791,3.1888320446014404
33440,4.864181041717529
44361,5.189460277557373
72548,4.705599308013916
36614,4.14515495300293
44747,4.908107280731201
8927,4.544330596923828
93565,4.508200645446777
21012,4.809930324554443
97507,4.033565998077393
89287,4.053918838500977
23002,4.431975364685059
11788,4.902172088623047
100181,4.058791160583496
46329,4.593291759490967
26072,5.271456241607666
101063,4.791475772857666
45477,5.08144998550415
50254,3.916842460632324
54467,4.824272155761719
105081,4.5578813552856445
24621,4.373887062072754
73243,4.929894924163818
74230,2.98529314994812
8102,4.204842567443848
45240,4.52443790435791
31989,4.122119426727295
6683,4.8396525382995605
53381,4.038118839263916
75111,4.632087230682373
68172,4.918030261993408
40769,4.934615135192871
61032,4.471803188323975
108002,4.931905269622803
100250,4.340235710144043
2850,4.83122444152832
41287,4.757571697235107
45879,4.231318950653076
65764,4.738133907318115
97820,3.809288740158081
47097,4.026514053344727
66078,4.4527106285095215
102223,4.211154460906982
35055,4.932022571563721
29409,4.419408321380615
91990,5.012836933135986
18985,4.4078688621521
41795,4.376178741455078
77894,4.995479583740234
82260,5.0908203125
27573,5.0587263107299805
86740,4.851726531982422
29240,4.214138031005859
10504,4.323746204376221
89322,4.210172176361084
6209,4.81238317489624
50572,4.472014427185059
85236,4.757305145263672
96363,4.621488094329834
48746,3.810755491256714
53459,5.073297500610352
64336,3.9404399394989014
103218,3.8363609313964844
14067,4.971936225891113
67001,4.293928623199463
82948,3.99279522895813
54033,4.115480422973633
9684,4.767577648162842
56476,4.793426036834717
26315,4.980713367462158
63965,4.948034286499023
61070,5.192178249359131
94397,4.509653568267822
98879,4.653098106384277
27291,3.8614368438720703
4757,5.318512439727783
90279,4.319451808929443
4159,5.244996547698975
58559,4.145804405212402
15971,4.288894176483154
83324,4.290237903594971
84755,5.3616838455200195
75207,5.472938537597656
35528,5.177863121032715
9451,4.615570545196533
39734,4.077609062194824
98099,4.5662102699279785
57799,4.482107639312744
72414,5.059231281280518
96208,4.133716583251953
67035,4.340333461761475
28940,4.68578577041626
52324,4.025275707244873
77522,4.636543273925781
43793,4.531286239624023
93992,5.140087604522705
10668,4.85032320022583
48008,4.512929916381836
51493,3.7489776611328125
33857,5.086624622344971
25019,4.485311985015869
32018,4.2476677894592285
56481,3.3336093425750732
6962,4.616633892059326
19674,4.386007785797119
85981,4.282176494598389
61338,4.0473127365112305
35364,4.289371013641357
62337,4.042688846588135
36973,4.052073001861572
75743,5.032223701477051
43442,4.631108283996582
64849,4.95325231552124
59714,4.125306606292725
61419,5.009334564208984
17634,4.771381855010986
23758,4.936091899871826
24373,3.863447427749634
85019,5.3060383796691895
85286,3.153529405593872
17346,4.739582061767578
72564,5.049485683441162
69900,4.394876003265381
17462,4.180836200714111
958,4.663046360015869
78667,4.236534118652344
10255,5.498053550720215
56629,4.045673847198486
57300,5.04952335357666
81318,4.625462532043457
50857,5.041723728179932
107673,4.69323205947876
7286,5.054765701293945
85654,3.6329383850097656
27209,4.976813793182373
72524,4.631593704223633
48102,4.5224738121032715
94739,4.16841983795166
11496,4.907016754150391
47114,4.715669631958008
32799,4.1283979415893555
48457,4.416856288909912
52886,4.597257614135742
1170,4.358457565307617
14760,4.6255927085876465
72890,4.269387722015381
65831,4.739442348480225
85476,4.696983814239502
77378,4.77443790435791
19973,3.9529337882995605
26483,4.752001762390137
27581,4.9890546798706055
77363,4.193345546722412
21649,4.155874252319336
77276,4.744105339050293
22691,4.8810296058654785
19695,5.0148773193359375
36806,5.109292984008789
64750,5.140466690063477
9605,4.4665207862854
105223,4.1716718673706055
66090,4.397202491760254
107841,4.814857482910156
8059,4.28267240524292
21347,4.282124996185303
76344,4.187654495239258
49471,4.350605487823486
64874,3.6175129413604736
58165,4.367910861968994
87318,4.583406925201416
28958,4.874000549316406
84473,4.411966323852539
45022,4.470764636993408
64608,4.747625350952148
9764,4.534314155578613
40300,5.265142440795898
8345,4.5781073570251465
51243,4.650875091552734
46356,4.439889430999756
106925,4.68741512298584
14792,5.03749942779541
44006,4.144129276275635
8567,4.592070579528809
15926,3.880669116973877
66223,4.9677414894104
55380,4.961390018463135
60645,4.283111095428467
90306,4.520883560180664
89382,4.264082908630371
57141,4.360296726226807
60038,3.1418874263763428
52806,4.8054728507995605
60298,4.737715244293213
69171,4.809590816497803
62541,4.7466254234313965
66470,4.860466480255127
74501,4.218533515930176
35305,3.719481945037842
69157,4.6647257804870605
95223,4.062657833099365
76864,4.088671684265137
51549,3.4191653728485107
97084,3.4202349185943604
72961,4.681711196899414
5006,4.996458053588867
51110,5.014959335327148
9773,5.03391170501709
59719,4.257297992706299
99397,4.561074256896973
31180,4.164101600646973
41243,3.7342512607574463
62941,4.390970706939697
49423,4.375017166137695
79347,4.910278797149658
81113,4.757550239562988
83526,2.942079782485962
4930,4.4692254066467285
100487,4.005603313446045
54455,4.75219202041626
93084,4.757998466491699
86736,4.626344680786133
48551,4.238001823425293
62916,4.491154193878174
108274,4.871452808380127
88384,4.658073425292969
106707,4.176906585693359
72434,5.018789768218994
69175,4.5744757652282715
30964,4.716190814971924
64941,4.776167869567871
14197,4.807453632354736
30112,4.942865371704102
62727,4.104802131652832
88492,4.532160758972168
64238,5.221088409423828
16731,4.676565647125244
40740,4.773416519165039
65041,4.71079158782959
60825,4.753277778625488
74115,4.598225116729736
24286,5.233139991760254
31892,2.8884201049804688
36004,4.165683269500732
9258,4.589694499969482
56611,4.085752964019775
11812,4.230733394622803
59175,4.3484015464782715
13609,4.650651454925537
27958,4.738334655761719
23640,5.190425872802734
76663,4.994907379150391
10364,4.938079357147217
34029,4.885158538818359
52849,4.829785346984863
3966,3.9652364253997803
89755,4.188213348388672
44099,4.368148326873779
98130,4.594074249267578
16123,4.841042518615723
12011,4.04497766494751
86413,4.415065765380859
20531,4.813591480255127
92608,5.05863618850708
65895,4.105552673339844
62953,4.947596073150635
20205,4.609098434448242
95754,4.479172229766846
46693,5.313048839569092
5231,4.582586288452148
43404,5.009471893310547
95944,4.445645809173584
11201,4.93963623046875
97076,4.606679916381836
83437,3.761533260345459
52745,3.632230758666992
371,4.424996852874756
66245,4.269993305206299
28718,4.469945907592773
34943,4.778632640838623
85120,4.729362964630127
43908,4.418338298797607
80884,4.3017578125
74799,4.573344707489014
99981,4.524332523345947
72659,3.9964540004730225
90203,4.618447303771973
87691,5.070573806762695
42004,4.677648544311523
61661,4.172485828399658
46997,4.228175163269043
8213,4.873881816864014
7037,4.860594749450684
9299,4.171957969665527
1328,4.269320011138916
64840,4.467533588409424
10118,4.7311482429504395
88228,3.3032054901123047
40893,5.112673759460449
72939,4.807344436645508
104793,3.9356794357299805
40650,4.368579864501953
85670,4.329780578613281
19373,4.706211090087891
85617,5.189764499664307
50269,4.1812520027160645
46089,5.136476993560791
50744,4.2982354164123535
70455,4.433533191680908
31845,4.384322643280029
83217,4.694399356842041
12571,4.054476737976074
100744,4.214043140411377
80278,4.661834716796875
57276,4.941503047943115
17817,4.7953410148620605
106268,4.947999954223633
18366,2.8846988677978516
34591,5.08291482925415
13377,4.653080940246582
12962,4.195512771606445
103457,4.299108982086182
34158,5.294859886169434
46769,4.537265777587891
83331,4.910498142242432
17794,4.922046661376953
72561,4.95150089263916
18999,4.4155402183532715
2912,5.182950019836426
56193,3.8947110176086426
81786,4.929791450500488
15276,3.460439443588257
48143,4.937261581420898
16960,4.305053234100342
64277,2.6763792037963867
80996,4.675777912139893
49076,4.707388877868652
73175,4.010375499725342
97331,4.670116901397705
92094,5.0040059089660645
33065,4.514533519744873
39555,3.803708076477051
77463,4.838565349578857
103555,4.257889747619629
17117,3.82954478263855
43579,4.07076358795166
17116,5.054093837738037
14373,4.62505578994751
74692,4.506170749664307
37368,4.27714729309082
39925,3.6806821823120117
71197,4.735409259796143
29370,4.760989189147949
10015,4.440097808837891
98214,4.493304252624512
72651,4.186548233032227
14873,4.91519832611084
68562,4.465987682342529
61164,4.015921115875244
59337,4.663521766662598
16348,5.079135417938232
49958,4.595327854156494
79351,4.090526103973389
15359,4.7935662269592285
101890,3.928948402404785
64342,4.443350315093994
20199,4.792570114135742
15680,3.5315752029418945
7322,4.860416889190674
73372,4.520359992980957
633,4.750879287719727
10449,4.706110954284668
60024,4.376358509063721
61243,5.217074871063232
16487,4.303222179412842
33503,4.742761135101318
77292,4.865814685821533
18008,4.417563438415527
53908,4.407259464263916
8510,4.534000396728516
80817,4.809103965759277
101942,4.45055627822876
51696,4.635513782501221
100316,4.568337440490723
57761,5.429609775543213
74740,4.694164276123047
65964,4.28034782409668
34949,3.9881460666656494
41472,4.7039947509765625
41316,5.005501747131348
12503,3.8704140186309814
79208,4.830345153808594
23794,4.8324761390686035
88270,4.518787860870361
89031,4.440742492675781
47422,4.298526287078857
82446,4.991715431213379
28835,4.782341480255127
61900,4.234551429748535
23992,3.9481868743896484
32879,4.4039506912231445
76113,5.09202241897583
51702,4.933990478515625
108098,4.021622657775879
79008,4.338059902191162
63059,5.214395999908447
11826,4.5908684730529785
34200,4.390906810760498
22459,4.480350017547607
101244,4.3888936042785645
17416,3.9443864822387695
102174,3.690293788909912
62841,3.931962013244629
10213,4.794217109680176
104384,4.787881851196289
95665,4.197651386260986
79928,4.1272382736206055
41603,4.949234962463379
63628,4.357941150665283
56775,3.675565719604492
101779,4.918076515197754
611,4.127074241638184
71031,4.18073034286499
49490,4.300368785858154
73621,4.421329975128174
66418,5.057056427001953
66736,4.619272708892822
19127,3.037121295928955
53986,4.092777729034424
2061,4.328243255615234
57156,4.346857070922852
83801,5.027981281280518
22633,4.533975124359131
31279,4.709808826446533
78588,4.50057315826416
42555,4.205625057220459
104497,4.898813247680664
37722,4.442054748535156
67477,4.599247932434082
57311,4.634180068969727
80001,4.227017879486084
26814,4.262854099273682
44589,4.533322334289551
95901,4.659194469451904
66816,4.424187183380127
72026,4.647038459777832
36253,4.641380310058594
19648,4.915480613708496
50057,4.838490009307861
80685,4.168674945831299
24245,5.018843173980713
70511,4.852008819580078
35903,4.493769645690918
35670,4.388198375701904
12484,4.528958797454834
73990,4.2994279861450195
18158,4.972614765167236
19457,4.6550164222717285
48288,3.7152442932128906
94905,4.261931419372559
100984,4.573648929595947
81091,4.455363750457764
13706,4.812804222106934
79717,4.305544853210449
101038,4.885677337646484
99033,5.138216972351074
86530,4.2576727867126465
68280,3.5556020736694336
6445,4.020671367645264
102261,3.9645254611968994
28217,4.592445373535156
100172,4.482109069824219
30134,4.9079742431640625
85259,4.7652435302734375
18445,4.4884138107299805
84173,4.703795909881592
49048,4.467124938964844
9651,4.716871738433838
32903,5.157581329345703
53757,4.86754846572876
36985,4.789586067199707
79920,4.612414360046387
100122,4.21983003616333
106675,4.309778213500977
35226,4.343270301818848
75599,4.362245559692383
92232,3.731221914291382
10785,5.035789966583252
40287,3.4080636501312256
68923,4.645114421844482
92694,4.817723274230957
104432,4.920639514923096
80958,4.738487243652344
58625,4.7423200607299805
8649,5.113062858581543
97993,4.363090991973877
3678,3.4644718170166016
14050,4.963954925537109
106132,5.087852954864502
65571,4.069916725158691
17752,4.083744525909424
28149,3.679683208465576
28908,3.3509445190429688
68894,4.43248176574707
72973,4.365660667419434
103139,3.8291208744049072
99539,3.67179799079895
13074,4.362159729003906
70253,4.351325511932373
98545,4.73769474029541
108423,4.6205735206604
21372,4.548304080963135
43103,5.05566930770874
7972,4.611367702484131
78423,4.352816104888916
45045,5.184148788452148
97860,4.092753887176514
27537,3.8237760066986084
37936,3.971078872680664
22751,4.8500471115112305
70851,4.394800662994385
35788,3.7508699893951416
2915,4.8964667320251465
43549,4.9206743240356445
18916,4.133323669433594
37413,4.486166000366211
10275,4.448334217071533
61028,4.2303900718688965
77393,3.7182979583740234
41502,4.487285614013672
108380,3.802503824234009
48049,3.722590684890747
35423,4.420352458953857
17649,4.643492221832275
80520,4.002120494842529
43662,4.470632076263428
25016,4.218512058258057
47411,4.76455545425415
16163,4.591631889343262
102058,3.2476212978363037
83001,5.069601535797119
49274,4.721674919128418
15697,3.595473289489746
15772,4.36746072769165
74603,5.009166717529297
103454,4.502808570861816
34401,4.912869453430176
13894,4.602303504943848
21249,4.018982410430908
84922,4.992929935455322
13173,4.697626113891602
24369,4.05203104019165
24929,4.812572002410889
36087,4.4470438957214355
55297,3.522529125213623
17350,4.715588569641113
18047,5.063213348388672
6716,4.077752590179443
12475,4.562231540679932
10864,4.830845832824707
69248,4.493885517120361
51290,4.13371467590332
18564,4.087646961212158
68378,2.865382671356201
92266,4.608617782592773
63621,3.5810201168060303
81361,5.062134265899658
39031,4.623043537139893
37377,4.871184349060059
18215,3.8670315742492676
1094,4.161884784698486
42757,4.688357353210449
70201,4.879843711853027
62767,4.0917439460754395
65659,4.289454936981201
54230,4.646149635314941
91199,3.949155330657959
106205,4.299709796905518
12141,3.4385030269622803
96540,5.08693790435791
53598,4.147598743438721
9632,5.067128658294678
55159,4.20460319519043
35585,4.849889278411865
22436,4.840121269226074
4983,5.076380729675293
75274,4.05686616897583
103746,4.772260665893555
38835,5.068800449371338
41495,4.500767707824707
74283,4.495236873626709
28098,4.44365119934082
7252,4.567854881286621
78307,5.169238090515137
92075,4.509894847869873
8084,4.72413969039917
87702,4.5841169357299805
61401,4.388030529022217
30389,5.229185581207275
72150,4.455164432525635
87778,4.080516815185547
1088,4.218973636627197
2313,4.696857452392578
59383,4.525962829589844
33881,4.690927982330322
26488,4.847228527069092
44971,4.679549217224121
3651,3.5915133953094482
86883,4.760876178741455
43107,4.082496166229248
80000,4.303489685058594
76722,4.090468406677246
72774,4.6856160163879395
82188,5.114651679992676
30476,4.451798915863037
46093,5.118701934814453
96336,3.373277187347412
34720,3.514716386795044
23191,4.1425323486328125
91849,5.102870941162109
26166,4.174522399902344
102305,4.525142669677734
92678,5.1075310707092285
43395,4.963051795959473
82098,4.99830436706543
55945,4.1624627113342285
55394,4.266562461853027
96290,3.87011981010437
103480,4.267871379852295
98272,3.7552602291107178
58774,5.271439552307129
5197,4.257441520690918
3572,4.523611068725586
4302,4.924826145172119
96342,4.645515441894531
45106,4.045023441314697
76676,4.395164966583252
69337,3.9492130279541016
12443,3.8333919048309326
39879,4.7816572189331055
48275,4.609663009643555
6733,4.677340507507324
6928,3.859959840774536
100375,4.900599479675293
92760,4.509132385253906
39001,5.067614555358887
22971,4.914493560791016
18961,3.662353038787842
60442,4.2115960121154785
55484,4.55059814453125
48528,4.7207159996032715
72506,4.667281150817871
55680,3.8443691730499268
12442,4.645921230316162
8045,4.231604099273682
24633,4.149184703826904
79162,4.791677951812744
33077,4.608722686767578
48228,4.590654373168945
79509,5.061695575714111
30794,4.384875774383545
5168,4.414734840393066
96578,4.216889381408691
57535,5.089187145233154
9252,4.462978363037109
9738,4.450965881347656
49569,4.491435527801514
91222,4.714929580688477
75864,4.241514682769775
18454,4.54129695892334
85465,4.866225242614746
70304,4.848364353179932
5578,5.011794090270996
11182,4.695677280426025
33183,3.5506200790405273
33609,4.676222801208496
64847,4.633240222930908
106067,4.024232387542725
27044,3.930785655975342
47851,4.173616409301758
40708,4.224752902984619
81726,4.498921871185303
91348,4.640265464782715
71038,4.737574100494385
46722,4.485259056091309
100731,3.7840609550476074
70610,4.949950218200684
15970,4.14066219329834
45055,4.899711608886719
2872,4.340891361236572
82648,4.416269779205322
103226,4.524581432342529
84171,4.773807048797607
24320,4.033998489379883
11202,4.713829040527344
3358,4.41945743560791
81081,5.020723819732666
3629,4.635112762451172
92524,4.488059997558594
63898,4.029547214508057
24604,3.6048529148101807
55808,4.401259899139404
54986,4.760704040527344
96379,4.1341552734375
18208,5.207754611968994
65389,4.890596389770508
38764,4.6588664054870605
15955,4.007209777832031
90132,4.7859392166137695
66369,3.997708559036255
33066,4.972901821136475
76698,3.4521420001983643
50031,4.306861400604248
105425,3.8479745388031006
42201,4.150103569030762
67341,5.04674768447876
5619,4.391656875610352
20397,4.831731796264648
100787,4.928757667541504
54548,4.1521148681640625
103273,3.6275312900543213
80715,4.2582502365112305
1961,4.840672016143799
48245,5.0895819664001465
57224,4.53505277633667
45714,4.785881996154785
44187,5.068107604980469
15317,4.530111312866211
51800,4.22047758102417
80738,4.570524215698242
76109,5.070889472961426
7613,4.3029093742370605
34237,5.135322570800781
83078,4.502654552459717
31271,4.494467258453369
200,4.835355281829834
70842,3.300508975982666
108084,4.913330554962158
57316,4.661811828613281
80324,4.540722846984863
10610,4.5938005447387695
17489,4.350032329559326
52737,4.159832954406738
22474,4.870715141296387
23184,4.488271236419678
72728,4.801580429077148
28639,4.988351821899414
15469,3.0221502780914307
1341,3.0964155197143555
93943,4.861562252044678
12733,3.9069910049438477
93302,5.0477681159973145
68998,3.8090732097625732
61184,5.103800296783447
52141,4.100833415985107
48430,4.1276044845581055
77361,4.545602798461914
40100,4.645549297332764
74420,4.134822368621826
3170,4.463956356048584
106692,2.7459542751312256
11532,4.804156303405762
96489,4.80408239364624
63041,4.77077579498291
39043,5.012103080749512
108085,4.707396507263184
89690,4.172884941101074
89313,4.4550676345825195
49116,4.25827693939209
69183,4.4455485343933105
92689,5.0845232009887695
104635,4.450393199920654
78347,4.7405290603637695
32269,4.159092426300049
47693,5.401379585266113
94661,4.769215106964111
57926,5.025847911834717
34792,4.292891502380371
85112,4.738046646118164
58886,3.8887476921081543
45708,5.059645652770996
104619,4.395096302032471
36994,4.8484930992126465
60592,4.827465057373047
23820,5.154212951660156
1217,4.971565246582031
106668,4.0826263427734375
48579,4.5897698402404785
19561,4.491092681884766
13402,4.474626541137695
61569,2.6023290157318115
81485,4.653629779815674
45099,4.866665363311768
23823,5.161233901977539
64801,4.721773147583008
89800,4.991901874542236
72115,3.962562084197998
24156,4.668752670288086
61363,4.800146579742432
8314,3.7063655853271484
49851,4.643573760986328
27458,4.076592922210693
26140,4.447484493255615
75492,4.782454013824463
103635,5.310213088989258
108234,4.6150898933410645
51513,4.560009956359863
22953,5.0853962898254395
35076,4.607122421264648
64483,3.9441616535186768
36518,4.509260177612305
78903,5.013087749481201
105749,4.328535556793213
72837,4.741006374359131
79698,4.334263801574707
107576,4.567996501922607
8544,4.810773849487305
76336,5.216427326202393
55134,3.9924376010894775
34846,4.482652187347412
52836,3.9530022144317627
26847,5.0847039222717285
46034,5.202541351318359
12620,4.999921798706055
42530,4.475220680236816
392,4.504091739654541
56309,4.790766716003418
71487,4.785109043121338
84160,4.654589653015137
30027,4.551393032073975
52676,4.24695348739624
79531,3.866920232772827
10239,4.166710376739502
51617,3.7214410305023193
88696,4.536359786987305
64481,4.539296627044678
52556,3.7314417362213135
74148,5.147780418395996
108464,4.987750053405762
5110,4.403542995452881
19836,4.40083646774292
56606,3.8256473541259766
33000,4.667295455932617
49560,3.874606132507324
91187,4.639171123504639
56266,3.8127970695495605
61259,4.88244104385376
7522,4.916313171386719
43881,4.611181735992432
95104,3.495873212814331
44817,4.975654125213623
60879,4.372481346130371
24289,4.444896221160889
39810,4.315062522888184
41564,5.001094818115234
99200,3.536344289779663
52961,4.499135494232178
104038,4.085907936096191
55946,4.066624641418457
15530,4.343893527984619
18801,4.558103084564209
35973,3.893827438354492
49250,4.197595596313477
70091,4.938673973083496
55073,3.809523820877075
68675,5.03344202041626
1749,4.439920425415039
8330,4.5886664390563965
90109,4.718222618103027
54437,4.448636054992676
87586,5.013671398162842
12690,4.845260143280029
56828,4.746941566467285
87073,4.848052978515625
80058,5.176224708557129
95400,4.321181297302246
76730,4.799057483673096
25838,4.894735336303711
95436,4.724926948547363
100865,4.840854644775391
59573,4.094287872314453
93129,3.8489787578582764
66376,5.074224472045898
22149,4.833530426025391
47592,5.290650844573975
76404,5.244052886962891
15799,4.6663336753845215
71619,4.194452285766602
22188,5.09547758102417
51945,4.587026596069336
78326,4.682793140411377
83989,4.492234230041504
89133,4.962453365325928
77742,4.628832817077637
62954,4.797364234924316
95113,3.546989917755127
63961,4.514272689819336
30420,4.084500789642334
30786,4.407488822937012
36481,3.5820717811584473
3476,4.549786567687988
73020,4.762311935424805
48014,4.324718952178955
105381,4.532121181488037
82099,4.277118682861328
81299,4.303830146789551
44379,4.58965539932251
69219,4.394505977630615
74513,4.948632717132568
5324,4.440751075744629
6787,3.921501636505127
52096,4.82197904586792
39009,4.273170471191406
43640,4.695115089416504
100972,4.546121120452881
31914,3.9358479976654053
13915,5.077971458435059
9082,4.257345199584961
14766,4.720828533172607
24147,4.132020473480225
87193,4.548941135406494
1634,4.821706771850586
19934,4.0362067222595215
2853,4.834440231323242
79406,4.39178991317749
24383,4.9324798583984375
108394,4.668296813964844
10360,5.2188801765441895
12268,4.49310827255249
17567,5.238251686096191
46848,4.7677693367004395
19159,4.703543663024902
45406,5.335146427154541
105023,4.475651741027832
104670,4.321193695068359
36952,4.610377788543701
92638,5.089930057525635
88434,4.202846527099609
17875,4.531524658203125
86397,4.756545066833496
29560,4.659282207489014
80282,4.674220085144043
51200,4.6626176834106445
70683,4.878952503204346
90292,5.0649733543396
58764,4.884809494018555
46192,4.955875873565674
97491,4.905120849609375
57472,4.3629631996154785
101321,4.530745983123779
46706,5.147705078125
79641,4.403328895568848
85349,4.6342926025390625
12276,3.81084942817688
72924,4.956536293029785
26465,4.571950912475586
52494,4.681830406188965
101702,4.677706718444824
75774,4.5078959465026855
30668,5.119128704071045
61773,4.54633092880249
107487,4.770784378051758
42763,5.0035247802734375
87226,4.604166030883789
107983,5.1979217529296875
96082,4.647612571716309
40572,4.621877670288086
45960,4.0883402824401855
99732,5.007419586181641
15704,4.592005252838135
29739,4.192060947418213
71969,4.94746732711792
79434,5.016495227813721
24386,3.1486124992370605
82271,4.7324395179748535
16481,4.499087810516357
21172,5.015933036804199
45886,3.1689414978027344
32986,4.988296031951904
70895,4.637299537658691
45802,3.3832309246063232
63039,4.3832173347473145
57305,4.611833572387695
76416,5.317012786865234
96726,4.467806339263916
11586,4.767099380493164
94414,3.9127683639526367
51667,4.8953537940979
102408,3.706355094909668
52066,4.095517158508301
106274,4.9940714836120605
97582,5.2732720375061035
90894,4.78170108795166
81010,4.4773478507995605
17055,4.750036716461182
29606,5.017106056213379
8404,4.750794887542725
12474,4.193910121917725
93711,3.803041458129883
6732,4.155102729797363
18151,4.530925273895264
80795,4.172394752502441
53235,4.5208892822265625
37537,4.4615559577941895
36161,4.271531581878662
43524,4.81910514831543
45739,5.0103759765625
70405,4.728628158569336
13806,4.875192165374756
61622,4.921891212463379
43174,3.9521398544311523
35123,4.885373592376709
100507,4.885617733001709
63057,3.8331730365753174
64266,3.7906527519226074
26304,3.7550437450408936
88562,4.230615615844727
99801,4.840987205505371
12365,3.698256731033325
6703,4.586118221282959
103012,4.7212066650390625
21351,4.430545806884766
66133,5.086655139923096
48890,3.5834696292877197
104636,4.107046604156494
52770,4.051907062530518
13836,3.341350793838501
84650,4.721730709075928
8792,4.158391952514648
90908,4.539676189422607
80503,5.016587734222412
26435,5.0188212394714355
2751,4.411054611206055
85539,4.472746849060059
21915,5.0249552726745605
16062,4.401203632354736
27182,4.788566589355469
64622,4.240760326385498
107346,3.956925630569458
83420,4.610494613647461
99371,4.609186172485352
89728,4.200822353363037
66765,4.563656330108643
69056,4.321367263793945
70994,4.868292808532715
62599,4.630608081817627
21709,4.7791748046875
95428,5.076646327972412
20059,5.125784873962402
73821,5.014834403991699
40430,4.827653408050537
100532,4.468105316162109
60917,5.114169597625732
35664,4.24440336227417
33929,3.8868463039398193
44088,4.577186584472656
48247,3.3716723918914795
82379,4.440213203430176
14204,4.5152130126953125
47968,4.525634765625
94096,4.241101264953613
103261,4.203051567077637
14777,5.002667427062988
34070,4.600085735321045
31315,4.961004257202148
96339,3.5828347206115723
104532,4.834482192993164
64495,4.3960795402526855
49065,4.169198989868164
51728,3.9316318035125732
45140,4.257814407348633
28003,4.691012859344482
97406,4.9661149978637695
28448,4.886136531829834
42874,4.1689372062683105
7618,4.467884063720703
78771,4.487637519836426
74873,4.349310398101807
97538,5.0795087814331055
43655,4.459766864776611
4010,4.077500820159912
23619,4.757550239562988
101011,3.9274981021881104
27298,5.012766361236572
45892,5.187989711761475
73582,4.541837692260742
14117,3.8261475563049316
94111,4.068364143371582
35736,4.220916271209717
54077,3.93865966796875
31540,4.714090824127197
75102,4.936465263366699
104333,4.618600368499756
49486,4.134160041809082
21980,5.112432956695557
65203,4.509614944458008
36062,4.717339515686035
80664,4.592552661895752
24038,5.048588752746582
108406,5.017155647277832
68487,4.808462619781494
6058,4.34809684753418
58523,4.555504322052002
70903,5.122121334075928
47292,4.041563034057617
107997,5.114377498626709
33352,4.230000972747803
28800,4.957215309143066
10069,3.9379634857177734
6936,4.37204122543335
26359,4.1618547439575195
45593,4.298478126525879
88137,5.042967319488525
21780,4.151880741119385
68953,4.985233306884766
52175,4.387764930725098
46584,4.733952045440674
33467,4.412518501281738
4174,5.05873966217041
62195,4.916769504547119
55000,4.680016994476318
66431,4.853645324707031
39825,4.307013988494873
31721,4.7815375328063965
87661,4.510830879211426
30031,4.373181343078613
8740,4.151389122009277
46629,5.054123401641846
94993,4.465973854064941
105578,4.5402116775512695
50647,4.4561262130737305
81376,4.505963325500488
63010,4.770382404327393
86122,4.8659443855285645
74731,4.421360015869141
63485,4.969600200653076
19018,4.435927867889404
65794,3.6843090057373047
27698,4.7212114334106445
100150,4.385905742645264
67721,4.516634464263916
19741,4.9007673263549805
62681,4.303348541259766
14504,3.043398857116699
79442,4.365072250366211
61266,4.7836809158325195
61113,3.3071320056915283
32266,4.610586643218994
44545,5.0473785400390625
105806,4.119015216827393
34614,5.098081111907959
48547,4.730966567993164
4444,3.9963674545288086
52387,4.340869426727295
42084,4.263242244720459
80142,4.249805450439453
19363,4.940291404724121
26164,4.8709797859191895
44946,4.618404865264893
4345,4.406461715698242
6405,4.349321365356445
66300,4.8584113121032715
36735,4.870144844055176
82852,4.623970031738281
104876,5.161793231964111
27198,4.907999038696289
2782,4.116776943206787
73032,4.101850986480713
45108,4.6933746337890625
38627,4.138119697570801
66328,4.74421501159668
53577,4.143153667449951
37117,4.80850076675415
66815,3.455968141555786
12448,4.189948081970215
84963,3.542586326599121
10553,4.89516019821167
56160,4.284402370452881
101778,5.234669208526611
35796,4.680943012237549
3564,4.698278903961182
11600,2.5924363136291504
23204,3.762268543243408
19975,4.00286865234375
82573,4.573787689208984
103935,5.3448662757873535
32574,4.99573278427124
25764,4.140830993652344
76059,4.556795120239258
71032,4.325382232666016
90464,3.303882360458374
4499,3.55828857421875
80969,4.587745666503906
24527,4.601773738861084
106058,4.618312835693359
39464,4.476805686950684
36539,4.110644817352295
3754,3.962252616882324
55859,4.9215312004089355
16922,4.684738636016846
31324,4.283727645874023
63464,2.9629359245300293
31807,4.639127254486084
39032,4.194826602935791
96287,4.473357677459717
40235,4.4438300132751465
85560,4.753870964050293
32718,3.827242612838745
57836,3.9993722438812256
105547,4.5060014724731445
77315,4.484583854675293
88970,4.838120460510254
8594,4.58222770690918
80166,5.131920337677002
36620,4.917880535125732
69015,4.720889091491699
7742,4.467709064483643
21667,4.836682319641113
82663,4.827686309814453
37929,4.05298376083374
64304,3.2288589477539062
90853,3.898677349090576
6845,4.682499408721924
940,4.228367805480957
61940,3.5146353244781494
41290,4.076364994049072
64143,4.7242817878723145
50250,4.581403732299805
81621,4.441939830780029
18253,5.226839542388916
61528,4.808881759643555
86187,4.659492015838623
55629,4.660234451293945
67044,4.4570817947387695
57881,3.1473605632781982
58847,4.102923393249512
1390,4.141664505004883
11318,4.180659294128418
38767,4.2275614738464355
96197,4.941755771636963
2732,3.9824137687683105
40241,4.693539619445801
64071,4.586296558380127
98264,4.343105316162109
102744,5.094572067260742
92054,5.108944416046143
22570,3.7803425788879395
98889,4.833674430847168
44966,5.131478309631348
82781,4.390826225280762
100715,4.29679012298584
7307,5.180375099182129
99472,3.6929943561553955
73613,4.930388450622559
99972,4.4817795753479
62116,4.2495903968811035
75894,4.408092021942139
104347,4.640199184417725
63186,4.075125217437744
13303,5.038403034210205
79947,4.56139612197876
67112,3.727613687515259
89979,4.253231525421143
12008,4.360104084014893
37262,4.893604755401611
1672,4.753208160400391
66763,4.479309558868408
87899,4.588637828826904
82040,4.696194171905518
65190,3.116887331008911
104251,4.47264289855957
92060,4.977294921875
57930,4.912428855895996
80806,3.9077353477478027
82229,4.494204521179199
48628,3.914778232574463
46572,4.367016315460205
105705,4.612429141998291
97656,4.770750045776367
27942,4.823663711547852
55412,5.108321666717529
53075,3.648505926132202
106886,4.670192718505859
1528,4.672281265258789
59228,4.7698564529418945
69336,3.544933795928955
35003,4.256660461425781
99041,4.9796013832092285
12416,5.094100475311279
69750,4.631650447845459
26406,4.517033100128174
55587,5.128264904022217
48588,4.329019546508789
64253,3.3343961238861084
565,4.996478080749512
68228,4.832709789276123
22252,3.7837557792663574
85588,4.8595051765441895
65755,4.139423847198486
17714,4.5684967041015625
16683,4.753658294677734
15613,4.174782752990723
62095,4.722696304321289
419,4.607258319854736
101688,4.803147315979004
23159,4.879170894622803
50891,4.483833312988281
20577,3.3497447967529297
68499,3.644653797149658
15564,4.130330562591553
16897,4.557324409484863
17247,4.5873212814331055
37105,4.7917022705078125
41127,4.289855480194092
97554,5.347663879394531
382,4.752248287200928
90175,4.859864711761475
81232,3.6007306575775146
19111,4.418224334716797
22567,5.036265850067139
106175,4.882136821746826
30122,4.177846431732178
16217,4.480416774749756
72562,4.555778980255127
91996,4.609805583953857
73459,4.725840091705322
19092,4.354398250579834
73468,4.65136194229126
88969,4.440461158752441
80100,3.7699265480041504
10346,5.359588623046875
51177,4.549136161804199
36928,4.657363414764404
48524,4.531219482421875
49019,5.283432483673096
42594,2.9894297122955322
40735,4.358867645263672
50711,4.77948522567749
18686,3.671827554702759
16714,3.882354736328125
35993,4.083264350891113
3001,4.159975051879883
87933,4.442101955413818
89758,4.36625337600708
91365,4.923448085784912
88644,4.2522711753845215
34470,4.707705020904541
95826,3.8912880420684814
78613,4.829077243804932
13003,4.772075653076172
65750,4.531407833099365
18264,4.3459343910217285
79640,4.620880603790283
83636,5.019478797912598
18812,4.245585918426514
57980,4.397825241088867
97210,4.81470251083374
83003,4.2342987060546875
81424,4.796183109283447
64765,5.10556697845459
28126,4.010429859161377
76181,5.050312042236328
53574,3.8369710445404053
91002,4.733247756958008
39929,4.565889835357666
3162,3.4165310859680176
98015,3.6095023155212402
30216,4.708276748657227
1881,4.4108734130859375
45265,4.167017459869385
93522,4.74384880065918
63974,4.453599452972412
68126,4.683791160583496
40159,3.9427342414855957
990,4.087333679199219
67039,4.150735855102539
50898,5.103610515594482
48036,3.6285181045532227
102285,4.9109625816345215
51755,4.730848789215088
54343,5.042919635772705
87828,4.804676055908203
12968,4.9130096435546875
75669,4.708864212036133
24951,4.046493053436279
45456,4.4130539894104
48082,3.833507537841797
19197,4.390510082244873
79318,4.650415897369385
59806,5.162862777709961
23827,3.0797359943389893
94868,4.463702201843262
99327,4.700125217437744
86316,3.8929872512817383
6156,3.524305582046509
23058,4.9605393409729
65519,4.482178688049316
86465,4.900999069213867
43292,3.477911949157715
69280,4.776399612426758
3902,5.0334906578063965
103838,3.4915921688079834
19073,4.941723346710205
80515,4.459892272949219
6468,4.104104042053223
82130,4.452174186706543
63321,5.150652885437012
54056,4.072734832763672
73327,3.7789833545684814
71935,4.022702693939209
73093,4.982701301574707
29923,4.305105209350586
99032,4.1699042320251465
22703,4.683508396148682
84270,4.207648277282715
64657,4.552480220794678
56836,4.90350341796875
91712,4.835480690002441
20712,4.518204689025879
33241,3.9579460620880127
92799,4.352022171020508
39371,5.053495407104492
61454,3.8438119888305664
34998,4.880678176879883
57963,4.973126411437988
52275,4.346078395843506
14496,3.605051279067993
101482,3.585566282272339
29600,4.532188892364502
98250,4.1405558586120605
7365,4.7129974365234375
73691,3.989558458328247
14485,3.3930633068084717
78814,3.6739888191223145
17919,4.138462066650391
1609,4.557903289794922
31151,5.113822937011719
29125,5.132229328155518
5937,4.857418060302734
10002,4.234643936157227
87595,4.360587120056152
22462,5.12152099609375
19327,5.05178689956665
20078,4.950242042541504
21763,3.137617588043213
78478,5.090995788574219
40998,3.416290283203125
92829,3.610649585723877
13098,4.784376621246338
42471,4.418057441711426
23885,4.859565258026123
103519,4.445695877075195
15009,4.269931316375732
10799,4.512619972229004
16631,4.839312553405762
40676,4.137392520904541
68551,4.885830402374268
50761,4.8700785636901855
27050,4.49114990234375
102700,4.334381103515625
6607,4.588974952697754
80668,5.058352470397949
20662,4.931821823120117
26904,4.7239155769348145
14013,4.576197624206543
44636,4.930239200592041
11540,3.7201783657073975
101887,4.654572486877441
86249,5.106257438659668
102782,4.419171333312988
46270,4.140114784240723
85315,4.838276386260986
13077,5.055977821350098
23691,4.885316371917725
14781,4.362359046936035
66998,4.622705459594727
23771,5.141817569732666
17879,4.708868026733398
15606,4.732479095458984
9189,4.424309253692627
7042,4.477639675140381
55524,4.348808765411377
104278,4.838009357452393
43083,3.9886386394500732
63675,4.8799543380737305
61892,4.478811264038086
8170,3.8273842334747314
11708,5.277517318725586
56316,3.8557002544403076
83387,5.011899471282959
27353,4.074626445770264
23180,4.743557929992676
38457,4.440174102783203
65858,4.669079780578613
5251,4.0816264152526855
103988,3.6902029514312744
100789,4.858347415924072
34529,5.0546183586120605
97743,3.9462814331054688
45336,5.228293418884277
49528,2.788001537322998
10509,4.6107001304626465
65738,4.202343463897705
26137,3.6853132247924805
6759,4.2893290519714355
22900,4.083646774291992
35280,4.760166168212891
105150,4.536268711090088
98306,3.2532949447631836
96541,3.8289127349853516
19415,4.943820953369141
40972,4.668603420257568
56500,4.03052282333374
35541,5.3364481925964355
86139,4.853392124176025
10662,4.293642044067383
51064,3.6679091453552246
23752,4.71066427230835
36199,3.719503402709961
81351,4.9083733558654785
14202,4.434607028961182
83925,4.778423309326172
31859,5.07147216796875
12588,4.06999397277832
22008,5.223029136657715
105455,4.133633136749268
8673,4.846092700958252
102129,2.997870683670044
73158,4.686340808868408
30587,5.052396297454834
55266,4.266814231872559
11163,4.9885573387146
9887,4.733705520629883
72653,4.27332878112793
96950,4.002826690673828
94471,4.770199298858643
80873,4.812076091766357
84714,4.465396881103516
101987,4.660465240478516
69028,4.552967071533203
66053,4.985352039337158
54166,4.107734680175781
73483,4.8502726554870605
38639,4.5912885665893555
25279,4.035208702087402
88428,4.802277088165283
65704,4.6590189933776855
16824,4.976350784301758
82559,2.9459657669067383
21643,4.643227577209473
78610,4.666088104248047
103860,3.6222918033599854
34612,5.312624931335449
82795,4.367204666137695
42081,4.676238536834717
86236,4.804452896118164
60606,3.1755688190460205
52101,4.660983562469482
7143,4.9184088706970215
20965,5.060941219329834
49097,4.399681568145752
74085,3.9473679065704346
65290,5.047947406768799
49869,4.507999897003174
104118,4.7032151222229
54884,5.04046106338501
27862,4.567251205444336
28504,4.902351379394531
90732,4.725691318511963
2232,4.177985668182373
17006,5.055263996124268
20451,5.047555446624756
102601,4.813944339752197
38933,4.905063629150391
78060,4.584532260894775
1633,5.2045440673828125
79026,4.786707401275635
38500,4.419856548309326
80400,4.934900283813477
59882,4.978582382202148
79785,4.033753395080566
33394,4.560697555541992
97982,4.942237377166748
12337,4.3120880126953125
23415,4.985927104949951
4428,4.067836284637451
61255,4.559072494506836
69712,4.825519561767578
60720,4.45788049697876
69533,4.060329914093018
88611,4.664440155029297
38665,3.5563437938690186
39962,2.9372267723083496
97158,4.368619441986084
22646,4.905170917510986
14033,4.7629780769348145
102196,4.321124076843262
96964,4.435266494750977
99388,4.807218074798584
45541,4.754769325256348
15958,4.975921154022217
103509,4.651735305786133
77455,4.821749687194824
30846,3.3374123573303223
6645,4.96065616607666
13639,4.378865718841553
78457,3.263082504272461
36794,5.177465915679932
81887,4.85982084274292
106134,4.9555888175964355
42756,4.877682685852051
68698,4.640243053436279
73161,4.918513774871826
54688,4.389410972595215
677,5.137637138366699
4343,4.903680324554443
84253,4.73013973236084
23773,4.830082893371582
39721,3.694629430770874
45905,4.529067516326904
90574,4.625671863555908
47033,4.834441184997559
87107,4.20022439956665
40637,4.212741851806641
10424,4.6032843589782715
50682,4.351747989654541
25921,4.156097412109375
69425,4.721872806549072
4981,4.405545711517334
79473,5.159849643707275
75303,3.8180811405181885
55195,4.69028377532959
10745,4.2693634033203125
72428,4.834583759307861
107439,5.128876686096191
92400,4.963266372680664
3022,3.5363852977752686
77151,4.775356769561768
86492,4.374358654022217
27006,4.722509384155273
7324,4.812532424926758
61130,4.143834590911865
1394,4.243800640106201
60083,4.9558587074279785
86341,4.691771030426025
48897,3.928591728210449
10876,4.551156044006348
68154,3.2108137607574463
17415,3.8844504356384277
66244,4.797881603240967
88064,3.7039551734924316
63243,3.1991612911224365
44397,4.212926864624023
23941,5.250227928161621
19824,4.7226080894470215
57928,4.740866184234619
106342,4.943899154663086
51522,4.8595685958862305
5965,4.854449272155762
58441,3.357241153717041
57410,4.605996131896973
93380,4.2415571212768555
108403,4.707695484161377
73781,4.8213725090026855
102763,3.578990936279297
34460,4.822274684906006
68260,3.5079126358032227
51922,4.25373649597168
81765,4.080449104309082
54732,4.902153015136719
37433,3.627802848815918
95911,4.812013626098633
101050,4.553828239440918
66171,4.156101226806641
97435,4.9162774085998535
107940,4.130712509155273
4641,4.643012523651123
37918,5.176087379455566
69482,3.812093496322632
39198,4.62866735458374
8701,4.057241916656494
61106,3.9328999519348145
35573,4.744028568267822
85150,4.934841156005859
85884,4.543691635131836
89123,3.4282591342926025
27490,4.845709323883057
11187,4.710035800933838
85063,4.664026737213135
107651,4.186626434326172
83647,5.024756908416748
86304,4.1089959144592285
28209,4.386547565460205
93980,3.2574095726013184
25030,4.382126808166504
77136,4.201624393463135
78068,4.217165946960449
54043,2.3358681201934814
95362,3.6891212463378906
15041,3.2504146099090576
691,4.339206695556641
100125,3.6031243801116943
71787,4.566830158233643
46281,4.391143798828125
90734,4.261414051055908
90156,3.9156341552734375
54380,2.595827341079712
61482,4.496441841125488
71324,3.7550463676452637
42699,4.604365348815918
7397,4.858632564544678
62352,5.0857834815979
81536,4.466458797454834
79084,5.355337142944336
10120,4.8449482917785645
42186,4.858431339263916
32572,4.086655139923096
9170,4.051296710968018
24886,4.492155075073242
68773,4.255440711975098
13465,5.178828239440918
9173,4.834586143493652
62635,4.758378982543945
61509,4.5962629318237305
76537,5.345570087432861
39619,4.611043453216553
19758,4.6019697189331055
28808,4.634494781494141
87862,4.001444339752197
16278,4.222326755523682
22214,4.959865570068359
69208,5.6792402267456055
63483,5.163969039916992
107472,4.746583461761475
81535,4.692455291748047
21889,5.341331958770752
7984,4.904935359954834
21225,4.69072151184082
9357,4.873717308044434
24721,4.903497695922852
14418,4.821883678436279
31289,5.296522617340088
49120,3.25315260887146
90590,4.656020641326904
82485,5.149738788604736
48399,4.704372882843018
41819,4.730185508728027
53103,4.820923805236816
93899,4.302607536315918
69860,4.221709728240967
1663,3.9523961544036865
30241,4.468864917755127
79128,5.07820463180542
88504,4.345433235168457
36647,5.008678436279297
55783,4.6314191818237305
12341,5.188779354095459
56386,4.826242446899414
70627,4.059713840484619
88244,4.240417003631592
87986,4.413083553314209
89940,4.744388103485107
99380,4.637003421783447
96703,3.4855244159698486
84462,3.7025411128997803
26052,4.24351167678833
58456,4.524716854095459
5496,3.9609293937683105
32822,3.9158875942230225
61148,4.6450910568237305
23324,4.357428073883057
3795,4.531581401824951
82275,4.029381275177002
81907,5.135553359985352
6431,4.586219787597656
52740,3.9045071601867676
106835,4.918302059173584
25400,4.761423110961914
88838,4.975154399871826
51586,5.186248779296875
87116,5.220468997955322
89934,4.728832721710205
70104,5.250372886657715
44479,3.87510085105896
59940,4.1297783851623535
87368,4.296318531036377
62012,5.290553569793701
31904,4.6569366455078125
4668,4.756652355194092
81428,4.982609272003174
68556,4.945435523986816
61039,4.625524520874023
83088,4.629128932952881
80944,4.953037261962891
19093,4.845676898956299
47391,4.390130519866943
91747,4.868940353393555
107274,4.805671215057373
86784,5.017120838165283
107614,4.841028690338135
11588,4.237320899963379
1185,4.266732692718506
27454,4.458348274230957
1122,3.113945484161377
4607,5.092759609222412
6295,4.50172233581543
58393,3.955570936203003
37024,4.283098220825195
91081,3.6711580753326416
75887,4.508310794830322
56590,4.231354236602783
15909,4.1576128005981445
98202,3.6296451091766357
28035,4.6215620040893555
22825,4.084914684295654
77370,4.619283676147461
88558,5.109803676605225
85574,4.05407190322876
487,3.8680148124694824
36219,4.698200225830078
45172,4.607114791870117
29279,3.54295015335083
26650,5.136403560638428
31121,4.056142330169678
102703,4.44268798828125
25322,5.033215522766113
91676,4.472899436950684
23824,3.8330609798431396
91369,3.9325129985809326
107431,4.720109939575195
21785,5.014010906219482
70200,4.620894432067871
40424,4.95330810546875
67874,4.4884467124938965
55419,5.030651569366455
103902,4.619442462921143
8890,4.900962829589844
4017,4.56235408782959
51767,4.631348609924316
80767,4.68394660949707
4460,3.2698311805725098
5285,4.191628932952881
35393,5.292691230773926
87260,4.148129940032959
64723,5.126972198486328
37306,4.186332702636719
22619,4.420045852661133
105762,4.725754737854004
59216,4.193291187286377
54845,4.291983127593994
43383,5.116547584533691
64416,4.712063312530518
70077,4.519890785217285
4527,4.175405025482178
80686,3.858534097671509
6867,4.7191162109375
14632,4.653931140899658
52987,4.328390598297119
62911,3.5772063732147217
45036,4.844845294952393
32417,4.723001480102539
19416,4.3771281242370605
654,4.79154634475708
20832,4.743190765380859
6025,4.363797187805176
87467,4.345070838928223
26573,5.1770830154418945
15866,3.9020519256591797
51143,4.89353609085083
65295,4.5471272468566895
83998,4.742337703704834
63133,3.9601619243621826
11108,4.693862438201904
52293,4.108031272888184
53085,3.8860864639282227
74083,4.7947211265563965
31348,4.398560047149658
98373,4.692681312561035
43200,4.784674644470215
98842,4.249755382537842
46502,4.251514911651611
58518,4.448896408081055
96913,3.5144717693328857
88725,5.135194301605225
1029,4.871379375457764
57404,4.409120559692383
63154,4.632336616516113
79952,4.363609790802002
55213,4.750241279602051
57722,4.979051113128662
19575,4.512342929840088
29571,5.0762763023376465
67016,4.7591328620910645
59681,4.711822986602783
52240,4.4516282081604
10647,4.8603057861328125
60697,4.881368160247803
41985,4.6104888916015625
96778,4.677148818969727
96301,4.329690933227539
55921,4.730236530303955
81089,4.9321770668029785
71350,5.0336995124816895
63616,3.9507973194122314
98921,4.272831439971924
101500,4.019457817077637
81388,4.99074649810791
6693,4.82322359085083
70592,3.3475427627563477
95889,4.305622577667236
50614,5.103794097900391
34580,5.308538913726807
101190,4.4134955406188965
80429,4.52117919921875
73348,3.148979663848877
37448,4.940398216247559
80542,4.981699466705322
53946,4.74179744720459
100813,4.471187114715576
99283,5.011054992675781
45600,4.014801025390625
27637,5.1374897956848145
99696,4.5102314949035645
58139,3.2152881622314453
74529,3.521334409713745
63626,4.589638710021973
100426,4.824686527252197
16108,4.721918106079102
17407,4.823198318481445
67784,3.9196488857269287
58420,4.258800029754639
71163,4.770848274230957
16050,2.7333126068115234
72901,4.525718688964844
56433,3.9803240299224854
9918,5.2121453285217285
63100,4.561976432800293
13627,4.399292945861816
87408,5.259406089782715
100755,4.239067077636719
88944,5.284015655517578
16411,4.876242160797119
86197,4.916404724121094
23436,4.131063461303711
62950,4.283783435821533
94309,4.8124823570251465
56123,4.225038051605225
21289,5.2513957023620605
97088,4.7584052085876465
3053,4.791862487792969
71544,4.989054203033447
29576,4.672434329986572
34233,3.3713595867156982
69542,3.5689687728881836
31238,3.9601504802703857
99922,3.731174945831299
87090,4.243375778198242
63737,4.47442102432251
98674,3.954500913619995
65884,4.219526767730713
47792,4.268284320831299
77228,4.411212921142578
58278,4.493117332458496
53876,4.844316005706787
46242,4.5518693923950195
66350,4.813045501708984
38720,4.80271577835083
98056,4.867447376251221
73444,4.695751190185547
43911,4.717862129211426
63681,4.834688186645508
80578,5.032690525054932
72178,4.84485387802124
31696,3.4120285511016846
102657,5.142370223999023
77483,3.8671376705169678
10284,3.8609397411346436
25815,4.529347896575928
30596,4.9953227043151855
45933,4.180919647216797
57136,4.37637996673584
24873,4.559568405151367
98693,4.605712413787842
64661,4.984128475189209
22283,4.844058036804199
46133,3.624729633331299
71877,4.3378586769104
106660,4.955331325531006
19760,4.607652187347412
39759,3.4130606651306152
50493,3.8686769008636475
1746,4.0770368576049805
40075,3.8778271675109863
34097,4.664992332458496
25962,4.900895118713379
69959,4.267364501953125
42276,4.494133472442627
105130,4.8909912109375
80781,4.187155246734619
16802,5.151695728302002
74378,4.5934295654296875
94658,4.226490020751953
103188,4.481966018676758
25487,4.872307300567627
4202,4.893093585968018
29025,3.9484012126922607
75912,3.7922146320343018
88569,4.656324863433838
81515,4.638703346252441
25148,4.7363362312316895
19422,4.3020830154418945
21635,4.506994724273682
47635,4.636168003082275
37754,4.960730075836182
53964,4.704133987426758
58481,4.717143535614014
70695,3.736236810684204
88764,5.079771518707275
31836,5.028674602508545
93078,3.368051052093506
22081,3.9718375205993652
35021,4.227684020996094
44760,4.139059543609619
86351,4.5968017578125
74842,4.350986957550049
67769,4.957705974578857
32125,4.958538055419922
29182,4.016253471374512
5088,4.353643417358398
24546,4.0955491065979
43813,4.559625625610352
76855,3.380922555923462
9097,5.138078689575195
36249,4.980136394500732
34980,4.405379295349121
28410,4.4981889724731445
34382,4.297521114349365
2306,4.3715081214904785
92817,4.952376365661621
104136,4.374323844909668
15184,4.604462146759033
56662,4.475552082061768
60444,4.516200542449951
13480,5.205252647399902
46286,4.857048511505127
76307,4.257450580596924
72617,3.831944227218628
46844,4.619934558868408
21387,3.5776965618133545
75076,4.017561912536621
52551,4.067433834075928
67262,4.346495628356934
26226,4.403552532196045
28933,5.151255130767822
6408,4.690608978271484
35335,3.064865827560425
39937,4.226600646972656
106098,3.7282984256744385
78436,3.8204457759857178
55785,4.74887228012085
48792,3.847407579421997
28693,3.415036201477051
106097,4.649224758148193
73183,4.172232151031494
44772,4.941037654876709
95492,4.270862579345703
38770,4.158947944641113
36563,4.262205123901367
90532,4.32299280166626
72856,4.772270679473877
72776,4.6469197273254395
48566,4.3100080490112305
36296,4.032641410827637
33473,3.302713632583618
42305,3.518573045730591
13607,3.748448133468628
25759,4.6953911781311035
33192,4.984711170196533
30526,5.147818565368652
49652,4.993162155151367
34676,5.149989604949951
55319,3.233883857727051
40559,4.776425361633301
50411,4.458309173583984
84619,4.330406665802002
19072,4.88078498840332
48852,4.887730121612549
46071,5.028779029846191
36133,5.22314977645874
54299,4.172311305999756
84772,4.126688480377197
25931,5.090824604034424
26066,4.436715126037598
72663,4.563852310180664
94695,3.83143949508667
26768,4.99995231628418
69934,3.974565029144287
21479,3.3512165546417236
51338,4.556392669677734
48938,1.8320916891098022
92490,3.9885189533233643
35394,4.723803997039795
47100,4.2265472412109375
42473,5.006890296936035
33242,4.871377468109131
93232,5.024445056915283
63339,4.647593021392822
30861,4.044188022613525
79671,4.723621368408203
37597,3.9794905185699463
102047,4.283854007720947
44816,4.991275787353516
7232,5.152017593383789
39863,2.095358371734619
97942,3.8318941593170166
9270,4.670544624328613
55980,4.691377639770508
72122,4.731488227844238
55614,5.122421741485596
24263,4.394412040710449
19720,4.574668884277344
43415,4.554176330566406
89537,5.327769756317139
54466,4.021393775939941
23412,4.29146146774292
94936,4.920888423919678
33674,3.9174306392669678
21128,3.511732339859009
59454,4.52117919921875
78438,4.600973606109619
63441,4.545389652252197
6954,4.8140387535095215
63196,4.545578479766846
38802,4.413602828979492
45988,4.906807899475098
71833,4.703945636749268
107731,4.153323173522949
16904,4.277141094207764
74352,4.5304388999938965
15611,4.912625312805176
36077,4.1910247802734375
5295,4.516268253326416
33553,4.3411078453063965
198,4.464994430541992
41247,4.851535320281982
62548,4.459218502044678
63290,4.377474784851074
77074,4.7181315422058105
73399,5.000385761260986
19875,4.01928186416626
6840,4.268568992614746
20442,4.989744663238525
44285,5.076554775238037
62113,4.308393955230713
26799,5.0792012214660645
88143,4.097203731536865
54356,3.755587339401245
23323,4.002264499664307
26978,4.311068058013916
93859,4.8114447593688965
74394,4.440332412719727
68938,4.784061908721924
74908,5.635234355926514
45306,4.430581569671631
14542,4.691376686096191
7952,4.764407634735107
16374,4.257971286773682
34253,4.559046745300293
58876,4.5942487716674805
37629,4.07765531539917
86798,4.301324844360352
67945,4.251126766204834
101708,4.085676193237305
26606,5.186977386474609
22341,4.3416242599487305
15516,4.211117744445801
12179,4.595647811889648
54600,4.683296203613281
25413,4.727671146392822
2514,4.661933898925781
33056,4.8908891677856445
51364,3.1594295501708984
79091,4.505856990814209
20168,4.130527019500732
35398,4.558013439178467
33324,4.519418716430664
96608,3.7544569969177246
47937,4.672641754150391
48956,4.580205917358398
19136,4.396910190582275
20938,4.809957027435303
27172,3.9394335746765137
50464,3.868363618850708
85570,4.748042583465576
67231,5.105842113494873
73629,5.0764923095703125
57108,3.417773485183716
916,4.076938152313232
15318,4.492281913757324
79422,5.128348350524902
69640,5.018423080444336
97806,3.1688199043273926
65494,4.096153259277344
54394,3.614833354949951
100993,4.851170063018799
90092,4.522246837615967
69044,4.626764297485352
91165,5.172821521759033
77527,4.516661167144775
89695,4.2053728103637695
27466,4.961179256439209
43759,3.835606575012207
24624,4.581548690795898
96865,5.341671943664551
101797,4.413531303405762
11281,3.7986903190612793
771,4.092479705810547
59933,4.99830436706543
60372,5.115286350250244
101710,4.260577201843262
45082,4.985249996185303
57758,3.756943464279175
93794,4.186485767364502
79313,3.0773870944976807
68397,4.501514434814453
7940,4.880626678466797
90538,4.511042594909668
9256,4.604183197021484
96180,4.469668865203857
69962,4.708154201507568
86889,4.757613182067871
73506,4.940717697143555
49432,4.7570037841796875
70684,5.184202194213867
43091,4.756113052368164
52959,4.43589973449707
62555,3.3921377658843994
70782,4.676080226898193
61436,4.515708923339844
34292,4.115206718444824
8289,4.387683868408203
35202,5.041350841522217
32317,4.03084135055542
101182,4.519327640533447
10602,4.713404178619385
56745,3.467719316482544
69257,4.6500983238220215
63708,4.563101768493652
45986,3.0669050216674805
89126,5.148272514343262
29947,3.7679359912872314
33849,4.217283248901367
54662,3.9138565063476562
48419,4.215468406677246
107369,4.993431568145752
35417,5.069087982177734
72637,4.932811737060547
5123,4.666295051574707
39786,3.6810598373413086
52861,4.395054817199707
28477,4.541858196258545
45980,4.146287441253662
78452,4.918935775756836
32700,4.8926286697387695
13560,4.870628356933594
41966,4.996750354766846
73191,4.10109281539917
81066,4.670563220977783
5658,4.768097400665283
61067,4.792380332946777
44327,4.617424488067627
49858,4.610553741455078
105390,4.810006618499756
39618,4.1206955909729
90499,4.684227466583252
33308,5.192687511444092
100855,4.428145408630371
30869,3.967930555343628
95053,4.376095771789551
48840,4.811841011047363
54049,4.322864532470703
99652,4.723499298095703
37540,4.727941989898682
23808,5.107306957244873
98801,5.432365417480469
65271,5.129677772521973
12623,3.9395782947540283
105317,4.652464389801025
2654,4.756870746612549
24309,5.056521415710449
6430,4.836667060852051
30538,4.812683582305908
14952,4.680046558380127
106043,4.829487323760986
97951,4.668236255645752
59525,4.64043664932251
13053,4.5006608963012695
16585,4.445042133331299
107249,3.4156150817871094
6081,4.344882011413574
5914,5.122922420501709
34543,4.138744354248047
49483,4.217086315155029
106605,4.1500244140625
83765,4.470271587371826
8500,4.78855562210083
38117,4.486184120178223
49932,4.420981407165527
15954,2.581230401992798
2801,4.273160934448242
93984,2.9835283756256104
39387,4.76226806640625
35366,4.49334192276001
103000,4.467628479003906
6709,4.322833061218262
49339,4.187114715576172
61306,4.6613335609436035
102611,5.172496318817139
81818,3.5106828212738037
27743,4.194949150085449
46184,4.620375633239746
46774,4.363803863525391
86278,4.975629806518555
73770,4.636740207672119
62612,4.735921859741211
52796,4.082363605499268
71766,4.63606595993042
67356,4.583155155181885
84699,4.443623065948486
51655,3.9915175437927246
476,4.327840805053711
103813,3.9977915287017822
25849,5.123957633972168
77710,4.956405162811279
89772,4.827789783477783
16764,3.74636173248291
103815,4.168082237243652
22189,4.923849582672119
95012,4.247381687164307
60164,4.322531700134277
65414,5.0674238204956055
103930,4.948916435241699
22481,4.826834678649902
29649,4.572838306427002
2127,4.905948162078857
14861,4.910057067871094
55341,5.254908084869385
25596,4.810564994812012
105526,4.771309852600098
95018,4.587402820587158
68872,4.64963436126709
49836,4.849503040313721
78296,4.853185653686523
100601,4.76650333404541
13280,4.835535049438477
38230,4.028740882873535
3653,4.462869167327881
38303,4.06680965423584
5207,4.022555828094482
12068,4.342584133148193
95542,3.653986930847168
42153,3.5399484634399414
45489,4.496471405029297
25828,5.152467727661133
84953,4.042607307434082
1588,4.141106605529785
11238,4.900518894195557
70466,4.704642295837402
101716,4.462324619293213
95852,3.8667428493499756
48706,4.645458698272705
81602,3.641908884048462
1842,4.173598289489746
65388,4.907442569732666
20462,4.993541240692139
62845,4.15394401550293
34355,5.002346515655518
94359,4.750947952270508
27948,4.41464376449585
5913,4.495094299316406
59827,4.228509902954102
38690,4.874785423278809
49052,4.16431999206543
59676,2.9515814781188965
13821,4.82984733581543
2719,4.687636852264404
51354,5.078171730041504
38851,4.252705097198486
73176,4.554239273071289
55065,4.814589023590088
93259,5.089247226715088
79047,4.651092052459717
41585,4.55427360534668
13740,4.750690937042236
92615,4.205564022064209
2143,4.786590576171875
8665,4.59355354309082
79764,4.825492858886719
83487,4.857290744781494
99770,4.306764125823975
51967,3.3236119747161865
80261,4.98793363571167
24252,4.639551639556885
40346,4.8546953201293945
85932,4.548111438751221
56838,3.7489681243896484
88304,4.94302225112915
107640,4.4193034172058105
6500,4.022068023681641
33759,5.138540267944336
101143,4.734062671661377
2617,3.2668473720550537
73607,3.642345428466797
27467,4.830745697021484
97576,4.3524603843688965
24635,4.095455646514893
44842,4.473850250244141
35828,4.580709457397461
59225,4.444515705108643
6720,4.051212310791016
74773,3.6849265098571777
67170,4.847400665283203
36429,4.84996223449707
25208,4.379199504852295
27129,4.714488983154297
99730,4.55220365524292
1839,4.951869487762451
72387,5.200589656829834
103214,3.5521609783172607
107626,3.8466055393218994
7338,4.910290241241455
8610,5.041570663452148
93224,4.347222805023193
74345,4.386319160461426
94299,5.093661308288574
33671,5.262819290161133
94054,4.328096389770508
18309,4.337587356567383
67401,4.919394016265869
92478,4.487436771392822
107641,4.5850830078125
15886,2.8852672576904297
43340,5.3288068771362305
107020,4.9221343994140625
83852,4.758236408233643
97637,5.282066345214844
90225,4.84445333480835
107313,3.8840479850769043
49800,3.860917568206787
32888,3.6197497844696045
3831,4.564750671386719
46796,5.191442012786865
57443,5.067757606506348
80693,4.302317142486572
84914,5.010463237762451
29357,4.176129341125488
21614,3.0080935955047607
81260,4.272452354431152
83062,4.850245952606201
9997,4.35046911239624
17231,4.936038017272949
95766,4.115372180938721
100035,4.506161212921143
28507,4.699251651763916
32770,5.149532318115234
48291,4.307231903076172
11263,3.9560534954071045
27360,3.739170789718628
33206,4.182664394378662
51824,3.4492883682250977
75647,4.76292085647583
74440,4.314761161804199
47232,3.6951370239257812
38103,3.6057496070861816
79332,4.555994987487793
43833,4.916377067565918
67131,4.547874450683594
95344,4.574101448059082
45086,4.37341833114624
26792,5.180228233337402
8823,4.974832534790039
53191,4.428850173950195
70822,4.538282871246338
11950,4.325325965881348
44979,5.364279747009277
57922,4.42312479019165
94584,4.054068565368652
35591,5.149376392364502
9306,4.329977989196777
82198,4.540815353393555
53671,4.217841148376465
55214,5.2638983726501465
42015,5.014326095581055
63789,4.98123836517334
43286,4.9763407707214355
81584,3.507601499557495
105875,5.61124324798584
62261,4.690354824066162
96809,5.197092533111572
55965,4.583133697509766
62367,4.402679443359375
52862,4.232160568237305
96071,3.7433769702911377
95846,4.310692310333252
21581,4.63001823425293
107573,4.792323112487793
6006,4.169434070587158
28033,4.685449600219727
60527,4.832058429718018
77937,4.49978494644165
61301,5.124754428863525
50555,4.663120746612549
31645,5.099627494812012
21400,4.518586158752441
90119,4.1439619064331055
86614,3.700892686843872
34290,4.601794242858887
18150,5.184390544891357
108534,3.627652645111084
104943,5.303077697753906
11640,5.115595817565918
23488,4.496586799621582
78579,4.425106525421143
94287,4.4179840087890625
4988,4.86681604385376
6833,4.866363525390625
59695,3.4822933673858643
105943,4.980658054351807
25266,4.6516242027282715
86098,4.706820964813232
108086,4.029816150665283
13573,4.3521318435668945
58808,3.895189046859741
74497,4.798640727996826
94424,4.551462173461914
88700,4.596129894256592
100747,4.516602039337158
41764,4.595344543457031
80251,4.706699848175049
8983,4.893755912780762
85411,4.735991477966309
106733,3.7169547080993652
80921,4.343623161315918
35944,4.735746383666992
16346,4.9311981201171875
101443,4.178665637969971
43481,5.390646457672119
32534,4.969910621643066
5166,3.7803540229797363
22979,4.948484897613525
89897,4.392129421234131
7167,4.808078765869141
74354,4.594210147857666
52724,3.746274948120117
88397,4.743465423583984
27858,5.247943878173828
64556,4.738258361816406
59767,4.055330753326416
53043,3.8942196369171143
15210,4.3287129402160645
103775,3.9732444286346436
29540,4.214504241943359
94295,4.990856170654297
56449,3.3606984615325928
12895,4.298343181610107
99483,4.616245269775391
38816,3.3675637245178223
7715,5.101292133331299
103623,5.234841346740723
89609,3.8332011699676514
76908,4.880349159240723
55032,4.663614749908447
74562,5.0048956871032715
75940,4.22465181350708
22560,4.528230667114258
35222,3.933938980102539
12331,4.1837873458862305
31143,3.725278377532959
41013,4.2888336181640625
8717,4.16493558883667
11961,4.79045295715332
82661,4.4272003173828125
68187,3.8636860847473145
14617,4.567981719970703
49551,4.228318691253662
8974,4.073482513427734
41138,4.525450229644775
29805,4.380685329437256
57281,5.072787761688232
25501,3.2598938941955566
54552,2.7659528255462646
60403,4.803498268127441
87159,4.99717378616333
78687,4.8200602531433105
1640,4.966813087463379
49354,4.59596586227417
101254,3.7236666679382324
39000,4.723360061645508
54821,4.481289863586426
106598,4.002963066101074
20141,4.873729228973389
67566,4.170315742492676
44232,4.4439778327941895
71706,5.182239055633545
101945,4.014439582824707
77279,5.201522350311279
25498,4.429082870483398
92087,4.857699394226074
28514,4.549134731292725
80721,3.7494637966156006
38917,4.23745584487915
61107,3.933651924133301
79998,4.120884418487549
77114,4.536451816558838
18848,4.844764709472656
7627,4.968346118927002
108071,4.818585395812988
48403,4.260727405548096
5781,4.876324653625488
19274,4.641593933105469
51408,4.058423042297363
54699,4.506459712982178
10404,4.089779376983643
35179,4.729815483093262
108554,5.2114033699035645
81933,4.616191864013672
85435,4.454834461212158
43925,4.690164089202881
106116,4.616001605987549
53896,4.947449684143066
82862,4.227582931518555
70603,4.68826961517334
14890,4.921611309051514
96946,3.868507146835327
11759,4.176795482635498
90836,3.722076654434204
106216,4.361608982086182
36340,4.917428016662598
6753,4.960690498352051
3603,4.941569805145264
102765,4.61468505859375
46482,4.414905548095703
15159,4.562230587005615
56859,4.5012383460998535
34683,4.860070705413818
45997,3.949547529220581
84872,4.2808756828308105
39850,4.443622589111328
84192,4.656285285949707
21014,4.802806377410889
95384,4.523019313812256
103514,4.390977382659912
75693,4.979062080383301
101802,4.717708587646484
14087,4.846067428588867
88646,5.095226764678955
33903,4.746243953704834
76822,4.848509311676025
107486,4.788721561431885
39124,4.805497169494629
59930,4.620194911956787
85635,5.185079574584961
3097,4.039971351623535
8875,3.2859387397766113
99535,4.58066987991333
59116,5.262052059173584
60023,4.25076150894165
106887,3.8640847206115723
54731,4.223473072052002
46515,4.401778221130371
58665,4.822729587554932
2418,5.082080364227295
20390,4.949988842010498
79881,4.4089555740356445
56997,3.2383978366851807
4282,4.230559349060059
52160,3.8461689949035645
64735,4.099410057067871
17560,4.7264204025268555
91640,4.691288471221924
20367,4.537145614624023
33570,4.957719802856445
33638,4.882309436798096
5039,4.515963554382324
21972,4.751857280731201
37636,3.5392048358917236
101727,4.409763813018799
98679,4.121138095855713
72312,4.630397796630859
90309,4.648909091949463
105847,4.751837253570557
38338,4.5964179039001465
54620,4.451653003692627
105443,4.27490758895874
102757,4.563715934753418
99942,4.527563095092773
70233,4.839217185974121
64210,4.025088310241699
15413,3.833193302154541
86474,5.112419605255127
43777,5.17220401763916
19624,4.346285820007324
52692,4.3017778396606445
40085,3.4832847118377686
97384,4.468037128448486
34829,4.50506591796875
26215,4.646562576293945
84103,4.184748649597168
36492,4.481551170349121
62881,3.2331478595733643
46267,5.102131366729736
70117,4.400525093078613
11554,4.587762832641602
106299,4.154607772827148
28247,4.420736312866211
88024,4.113375186920166
19339,4.980612277984619
58292,4.471370220184326
62435,4.969058036804199
101227,4.682893753051758
19489,4.796836853027344
59597,4.689967155456543
107698,4.7187957763671875
34481,5.188195705413818
91247,4.337457656860352
43573,4.473778247833252
13673,4.851364612579346
104187,4.516709804534912
27080,4.186104774475098
82771,4.055014610290527
41602,4.946264266967773
93524,4.946079730987549
51281,5.0238471031188965
41165,5.023368835449219
83592,5.041390419006348
49607,4.966047286987305
63440,4.58137321472168
75783,4.342843532562256
58207,4.355457305908203
87081,4.701318264007568
92332,4.678282737731934
95573,3.821870803833008
86131,5.084281921386719
39416,5.209428310394287
84041,4.8487548828125
52626,4.560447692871094
7927,4.505472183227539
51246,3.934366226196289
62902,3.8716623783111572
24167,5.1327362060546875
44657,4.181032657623291
47373,4.3071112632751465
97713,4.848227500915527
73514,4.672936916351318
57714,4.961928844451904
73302,4.432012557983398
10077,4.510813236236572
40616,4.907278537750244
42358,4.427728652954102
47093,4.014691352844238
77820,4.987074851989746
43990,3.8625831604003906
107317,4.29033088684082
89947,4.790949821472168
107422,4.482418537139893
33471,4.929549217224121
55129,5.020971775054932
50151,4.2734551429748535
37563,3.1680054664611816
44434,4.984358787536621
86124,4.9487433433532715
16741,4.912425994873047
45968,4.040036678314209
9440,4.849285125732422
15502,2.545462131500244
41960,3.454362154006958
54890,4.90284538269043
91768,4.933756351470947
60208,4.266282558441162
41725,2.811537504196167
56622,3.931342601776123
24665,4.831439018249512
37735,3.3995883464813232
49639,4.911269664764404
39854,2.7894961833953857
2964,4.962067127227783
87856,4.700780391693115
73560,4.4877166748046875
1322,4.844604969024658
44938,4.886263847351074
79877,4.892098426818848
106321,4.3351359367370605
64869,4.35195779800415
98577,4.816692352294922
82563,5.032100200653076
56603,3.823347568511963
57494,4.196800231933594
12046,4.797698497772217
23487,4.4513750076293945
49640,4.869576930999756
65904,4.202726364135742
56080,4.987046718597412
51318,4.367137432098389
77872,4.725142955780029
66657,4.5030999183654785
33789,4.922952651977539
4121,5.261780738830566
47878,4.382450103759766
2750,4.874773025512695
5648,5.202273368835449
40588,4.269745826721191
20648,3.995535135269165
10338,3.6666319370269775
14906,4.396811008453369
106920,4.224747180938721
93997,5.233078956604004
26167,4.507424354553223
72906,4.4325947761535645
104395,3.8518781661987305
84811,4.7967095375061035
2380,4.650918483734131
104698,4.17193603515625
69823,4.712960243225098
42914,4.6197028160095215
74141,5.225275039672852
6818,4.37746524810791
85385,4.72178316116333
47827,4.798900127410889
101527,4.855764865875244
21759,4.859021186828613
63023,5.115303993225098
50407,4.804244041442871
98218,3.8698503971099854
40127,4.5089030265808105
8574,5.089059829711914
41104,4.817971706390381
26220,4.564413547515869
87863,4.731541156768799
53250,3.9036128520965576
102033,4.689048767089844
79431,4.5007476806640625
56520,4.643998146057129
1688,4.617199897766113
99348,4.7101311683654785
14999,4.538293361663818
27081,4.512631893157959
73694,4.608109951019287
50376,4.279836177825928
79996,4.230710506439209
63707,4.3001837730407715
17886,4.944149494171143
17166,4.896501541137695
97543,3.6336829662323
34049,4.940883159637451
75479,4.767249584197998
50319,4.707176685333252
62699,4.834956645965576
87737,4.391108512878418
75253,5.042945384979248
14719,4.598761081695557
97055,4.749809265136719
8169,3.844191551208496
14426,4.706303119659424
14115,4.730015754699707
91302,4.4874491691589355
99431,3.6567232608795166
29885,4.160441875457764
16287,4.228669166564941
21155,4.731062889099121
11670,4.643467426300049
84361,5.093945026397705
99982,4.066506862640381
17099,4.164827346801758
69837,4.480845928192139
27070,3.554694652557373
17699,4.4663777351379395
44554,4.8508172035217285
61497,4.633050918579102
83428,4.69891881942749
30938,3.368208646774292
38034,4.776888370513916
9655,4.552145004272461
74500,4.658544540405273
71527,4.608127117156982
93586,5.000791072845459
23922,5.0368266105651855
31050,4.3232855796813965
48767,3.984985828399658
57271,5.112107753753662
64038,4.722500324249268
47696,4.959383964538574
14972,4.172854423522949
8168,4.172555923461914
31830,4.617141246795654
52446,4.647675514221191
23378,4.326158046722412
38746,4.4310503005981445
80575,4.779101848602295
19691,4.977684497833252
9900,4.546842098236084
7801,5.07124662399292
85883,4.676488876342773
6563,4.833559989929199
71475,5.101665019989014
101009,4.828619003295898
57180,4.238991737365723
62217,4.644532203674316
61205,4.897607326507568
25402,4.717791557312012
16035,4.355823040008545
72255,4.256241321563721
19566,4.902473449707031
26061,4.424635887145996
87824,5.0136542320251465
33457,3.969305992126465
93696,4.479593753814697
5987,4.33064603805542
40911,4.830905914306641
70488,5.603653907775879
65736,4.500266075134277
60757,5.105352401733398
108594,5.243020534515381
88971,3.9885716438293457
25995,4.98356819152832
83077,5.034077167510986
44130,4.184360980987549
88128,5.02404260635376
73129,4.339912414550781
29646,4.989291667938232
41849,4.5510430335998535
13081,4.893409729003906
32722,4.012706756591797
99568,3.7506203651428223
69346,4.894239902496338
103542,3.852328300476074
37289,4.763021469116211
15498,4.21018648147583
44642,4.246701240539551
95202,4.317685127258301
76926,4.946209907531738
76123,4.992147445678711
78659,4.612669944763184
105739,3.734255313873291
4366,4.664067268371582
60857,4.922037601470947
24372,4.265171527862549
19873,4.327698707580566
83308,4.284436225891113
72962,4.856001377105713
32292,4.908304214477539
92023,5.022091388702393
29228,4.270755290985107
102042,4.049658298492432
89449,5.526752948760986
34767,4.4722466468811035
63750,4.817608833312988
98680,4.310028553009033
49463,3.6495890617370605
17485,4.716666221618652
63969,4.134786128997803
84549,4.71734619140625
107734,4.135639667510986
75632,4.476005554199219
58710,4.446257591247559
73999,4.2828803062438965
78578,3.979994535446167
64450,4.3545823097229
16207,4.999954700469971
32497,4.592972755432129
23422,4.526348114013672
26574,4.59317684173584
40062,4.4502716064453125
39077,5.024054527282715
90899,4.643957138061523
35369,4.652682304382324
47726,4.854540824890137
83060,4.72625207901001
30702,5.273624420166016
25846,4.905087471008301
96328,4.259006977081299
19483,4.688098430633545
6734,4.1275105476379395
20618,3.380614995956421
24748,4.576667785644531
66760,3.526962995529175
29750,3.8992226123809814
32250,4.54872465133667
106789,4.770850658416748
4141,5.218482971191406
12836,4.269976615905762
93600,4.0227556228637695
67637,3.3758955001831055
36046,3.298980951309204
51726,4.859216213226318
46503,4.047009468078613
25350,4.878514289855957
38891,5.1207966804504395
12231,3.9574995040893555
74585,4.819362640380859
79063,4.837789535522461
1559,5.133708953857422
33369,4.005964279174805
28081,4.8195929527282715
30946,4.477657318115234
44383,4.692785263061523
90182,4.4206342697143555
31715,5.058798313140869
23272,3.9522478580474854
14516,3.4998281002044678
38458,4.374741554260254
5973,4.048964500427246
50906,4.842277526855469
101857,4.493083953857422
77314,5.250734329223633
39316,4.705994129180908
24528,4.202147483825684
106407,5.0207414627075195
100988,4.014285564422607
22384,4.338676452636719
414,4.426144599914551
8274,4.648924827575684
33536,4.715372562408447
32759,4.527282238006592
19627,4.51558780670166
35657,4.600439071655273
2050,4.799771785736084
91407,3.9490599632263184
89055,4.354872226715088
50687,4.192066669464111
16718,4.431146144866943
4218,5.189918518066406
67254,4.148156642913818
89778,4.193060398101807
41301,4.48978328704834
2274,4.368964195251465
3516,4.734913349151611
100346,4.851110458374023
64046,4.676927089691162
64885,4.641162872314453
33715,4.1108784675598145
87846,4.2292327880859375
58961,3.731945753097534
96699,3.8600711822509766
36892,5.152186870574951
21474,3.903313159942627
78358,4.5919718742370605
48899,3.6070656776428223
87086,4.960166931152344
25777,4.674258708953857
83391,4.661644458770752
9511,4.956584930419922
57581,5.078725814819336
77675,2.7646379470825195
63030,4.97685432434082
96528,4.077659606933594
42528,4.220123291015625
55891,4.573457717895508
31751,5.211440086364746
45675,5.034526348114014
100040,3.497349739074707
60581,4.8775954246521
85748,5.1314592361450195
86599,4.939892292022705
35078,4.795648097991943
64425,4.767584323883057
100462,4.78912878036499
98809,4.905418872833252
34241,5.047399044036865
29381,4.438892841339111
56222,4.824810028076172
4270,3.0980327129364014
48572,4.608417987823486
62303,4.378233909606934
70644,4.166558742523193
53215,4.938053607940674
73338,3.7556231021881104
67857,4.114625453948975
52638,4.194790840148926
75402,4.954061985015869
15182,4.463065147399902
92590,4.917616844177246
73798,3.655693292617798
43094,3.6482532024383545
106128,4.953939914703369
101342,5.033803939819336
45982,4.050282001495361
62427,4.134655475616455
106778,4.906436443328857
8919,4.902861595153809
106345,4.821253776550293
89386,4.647613048553467
58303,4.502965927124023
97329,3.8967294692993164
6300,4.432326316833496
51620,4.244439601898193
65673,4.009842872619629
52333,3.917428493499756
68497,4.197047710418701
14458,5.087218284606934
3028,5.356464862823486
16326,5.040281295776367
98780,4.246504783630371
96335,4.306156635284424
7610,3.6187150478363037
55392,4.863385200500488
34882,3.796100616455078
69856,4.118335723876953
14963,4.298852443695068
17946,4.875107765197754
107674,3.5269412994384766
71363,4.3499932289123535
77687,4.768369674682617
87683,5.1424360275268555
69035,4.735342025756836
36294,4.874587535858154
81717,5.002507209777832
3797,3.5463266372680664
50120,4.791345596313477
69638,5.063014030456543
106100,3.7032153606414795
4277,4.073623180389404
50320,4.368251323699951
28579,5.334287166595459
12602,4.4700026512146
53751,4.923557281494141
13680,4.414200782775879
75584,4.776714324951172
88099,4.599978923797607
88711,4.378788948059082
92371,4.059789180755615
22353,4.4511308670043945
93831,3.0833840370178223
4542,3.7590749263763428
104398,4.0839691162109375
45670,5.062234401702881
28771,4.272880554199219
15433,4.50718355178833
88407,4.8542985916137695
34144,4.936287879943848
105525,4.267618656158447
80051,4.943912982940674
56825,4.917445182800293
79497,4.740095615386963
102485,3.8187272548675537
32352,4.801314353942871
96593,4.423083305358887
7233,5.088640213012695
69958,4.481441497802734
85508,5.100632190704346
67089,4.140514850616455
91486,4.482188701629639
33019,4.199552536010742
27109,5.0670037269592285
98139,4.553225040435791
51930,4.847559928894043
71204,4.900887489318848
54255,4.557754039764404
100547,5.148108959197998
46049,5.231874465942383
45737,4.964501857757568
31032,4.963852405548096
41141,4.242745399475098
8716,3.9515867233276367
58433,3.478550434112549
38813,4.7429609298706055
87553,4.340536117553711
26207,4.254194259643555
16174,4.23252010345459
51556,2.2249908447265625
91334,3.9108245372772217
91321,3.847721815109253
51085,5.025585651397705
76922,4.240908622741699
88436,4.0399556159973145
22184,3.5960702896118164
23407,4.904538154602051
23320,3.8464975357055664
108264,3.4975998401641846
95398,5.107990264892578
13005,4.0382866859436035
88364,2.8418021202087402
56374,4.825841426849365
31420,4.273807525634766
70626,4.047496318817139
77739,4.0796942710876465
87098,5.116348743438721
5584,4.703599452972412
51915,3.6272332668304443
75166,5.14650821685791
92373,4.606698513031006
62697,4.300197601318359
48476,4.9593024253845215
56628,4.0203752517700195
29604,4.942275047302246
21752,5.154315948486328
4623,4.425348281860352
81526,4.842947483062744
41083,4.575442790985107
52170,4.9008636474609375
37406,4.376221656799316
104656,4.556170463562012
35020,4.28241491317749
46168,4.273651599884033
101588,5.043539047241211
60533,4.937167644500732
38252,4.664854526519775
13248,4.774445056915283
26281,5.076471328735352
1988,3.8066060543060303
72149,4.3150763511657715
59426,3.6606948375701904
42599,4.605852127075195
2849,4.868075370788574
42393,3.516491174697876
82789,4.648679733276367
67185,4.538836479187012
31403,5.142470359802246
95204,2.355379581451416
46647,4.005362033843994
77855,4.828735828399658
89757,4.5214691162109375
31073,3.762592315673828
53965,5.013482570648193
17509,4.643918991088867
8936,4.627867698669434
85557,4.9349846839904785
84741,3.8238394260406494
39774,3.618638753890991
15046,4.784747123718262
105890,5.1260457038879395
21938,4.90290641784668
21079,4.286385536193848
24347,4.6751580238342285
21650,4.51708459854126
97249,4.458922386169434
67925,4.915500164031982
57914,4.931488513946533
20729,4.400371551513672
92225,4.507211685180664
59411,3.9172351360321045
62300,4.98272705078125
14717,4.67419958114624
102282,4.288613319396973
5549,4.238667964935303
50710,4.649576663970947
29905,4.686107158660889
86569,4.599043846130371
65622,4.248774528503418
63598,3.0621790885925293
491,4.69017219543457
30465,4.990793704986572
99442,4.2798027992248535
69543,4.019013404846191
47505,4.741654872894287
39568,4.811259746551514
88266,4.556464195251465
55090,4.947325706481934
43585,4.8699164390563965
82855,4.156384468078613
73002,4.812209129333496
40005,4.587212085723877
57802,3.946265697479248
26391,4.266273498535156
79816,5.053962230682373
83834,5.008887767791748
23450,4.345908164978027
65262,3.876521348953247
53842,4.891479015350342
32546,4.588486671447754
58671,5.061319828033447
108169,4.575066089630127
92003,4.946591854095459
66886,3.767613649368286
61635,4.622350692749023
71255,4.94367790222168
94171,4.623960494995117
57407,5.165435314178467
27767,4.633788585662842
39535,5.2102131843566895
11591,4.716212272644043
36995,4.4132819175720215
105402,4.661663055419922
33289,5.101494312286377
44391,3.824148654937744
69413,4.358936309814453
100849,4.298238277435303
6573,4.481669902801514
20558,4.679760456085205
57658,4.851583957672119
14512,3.773444414138794
96690,4.33717155456543
16222,4.398592948913574
40054,4.476963520050049
71233,4.2227654457092285
47141,4.247806549072266
936,4.631410121917725
13006,4.755433559417725
108255,4.133133888244629
49271,4.516100883483887
76052,4.532535076141357
77502,4.586626052856445
107719,5.287421226501465
8888,5.008822441101074
105393,4.366040229797363
63712,4.285660743713379
87035,3.7014474868774414
28328,5.003916263580322
96620,3.297215223312378
95288,4.1578779220581055
90223,4.417659282684326
6832,4.193934917449951
79655,4.187819004058838
100113,4.468382358551025
74312,4.372043609619141
30591,5.023536682128906
82479,4.986651420593262
84765,4.955648899078369
37980,4.202966213226318
100722,4.030598163604736
37251,4.378986358642578
13291,4.7876057624816895
86346,4.615425109863281
15360,4.329843521118164
43439,5.034514904022217
70,4.688020706176758
63435,3.9498515129089355
28456,4.910600662231445
70281,4.201677322387695
81180,3.8601486682891846
7929,4.586958408355713
6803,4.555403709411621
80576,4.505781650543213
89081,3.329725980758667
85887,3.3962621688842773
71757,4.3662428855896
39785,4.236051559448242
17845,3.4372706413269043
46831,3.5598931312561035
84250,4.696178913116455
100438,4.0235514640808105
81600,4.143686771392822
95277,4.574776649475098
94120,4.217503547668457
83560,4.076920032501221
87448,4.582918167114258
34364,4.726168155670166
921,4.341372489929199
18267,4.89833402633667
89985,4.4600725173950195
23151,4.817781448364258
64458,4.335195541381836
61369,4.454115390777588
74433,4.725369930267334
12540,3.9270153045654297
107411,4.699976444244385
90151,4.842138290405273
69184,4.644233703613281
64522,4.548203945159912
96664,3.216695785522461
99744,4.274590969085693
90241,3.158425807952881
1033,4.939023494720459
74399,4.587841510772705
5917,4.486102104187012
37817,4.811424732208252
74233,4.518428802490234
27155,4.773663520812988
19727,4.275834083557129
80977,4.747130870819092
79260,3.802748680114746
96978,5.050383567810059
81235,3.243818998336792
16244,4.894259452819824
28625,3.3365836143493652
80838,4.77288293838501
72941,4.307696342468262
104416,4.897780895233154
47808,4.315678596496582
18753,5.395074844360352
72111,4.314233303070068
82470,4.836761474609375
88151,4.011607646942139
98580,4.246211528778076
94084,5.016956329345703
9205,4.405129432678223
31849,3.6475307941436768
64887,4.709054470062256
94352,4.110085964202881
61853,4.844298839569092
38496,3.1979033946990967
33299,4.498073577880859
80584,5.10822057723999
88432,4.417332172393799
11941,4.865149021148682
105251,5.297956943511963
25770,4.881355285644531
104889,4.484851360321045
63963,3.7287867069244385
5141,4.5305376052856445
71280,3.455192804336548
20202,3.173067331314087
9622,4.700738906860352
41944,4.468193054199219
29545,4.312511444091797
15700,3.5327959060668945
74763,4.763221263885498
94727,4.531768321990967
52510,3.6733665466308594
92015,4.616954803466797
88393,3.9084885120391846
75268,4.800259590148926
57583,5.027825832366943
28605,5.1076202392578125
97029,3.8070292472839355
8743,4.80612850189209
103508,4.629979133605957
77699,4.796196460723877
74876,4.762102127075195
87705,4.2493133544921875
11846,4.462337017059326
27579,5.075681209564209
75105,4.1795196533203125
59908,5.11829137802124
3372,4.255387306213379
44576,4.166735649108887
70935,4.481348991394043
35608,4.898978233337402
92864,4.567552089691162
66970,4.8596062660217285
90101,4.959182262420654
77451,4.755220413208008
35205,4.399799823760986
19717,5.102111339569092
4537,4.939705848693848
58032,4.700131893157959
2417,4.8390092849731445
23862,4.606496334075928
78094,4.605623245239258
3825,4.005507946014404
103419,4.693714618682861
18672,5.1276140213012695
45686,5.032006740570068
40285,4.896226406097412
106201,4.857763290405273
2736,4.800700664520264
59310,3.35929799079895
103729,4.556317329406738
100330,4.194784164428711
83233,4.284584045410156
96937,4.77268648147583
36792,4.849673271179199
65279,4.6187615394592285
28434,4.339357376098633
22836,4.869146823883057
28815,4.5392842292785645
19969,3.6785614490509033
59028,4.868160724639893
77849,4.166433334350586
60900,4.935175895690918
31920,3.7816808223724365
62467,4.8866400718688965
54843,4.74155855178833
43376,4.705371856689453
92102,4.129856109619141
104534,4.441686153411865
101148,4.2315673828125
20544,4.810283660888672
20999,4.713768482208252
105189,4.846560955047607
98260,4.645325660705566
87009,4.75949764251709
48921,4.367204666137695
91577,4.890605449676514
37645,4.45294189453125
76193,5.096892833709717
97002,4.276571750640869
11248,4.055184364318848
103324,4.582883834838867
10139,4.445886135101318
3802,3.970790147781372
95118,4.248753547668457
40904,4.751277923583984
68749,3.72096586227417
84023,5.020392894744873
51537,4.403091907501221
103187,4.3505096435546875
27954,5.0545654296875
97222,4.757959365844727
62109,3.9753918647766113
64791,4.381762981414795
100713,4.844451904296875
59007,3.5967159271240234
33634,3.9405887126922607
61334,4.629260063171387
101742,4.802350044250488
82325,5.30898904800415
39263,4.999611854553223
89472,4.564611434936523
45318,5.271661281585693
70541,4.653652191162109
90078,4.105280876159668
30551,4.525723457336426
77091,5.2119975090026855
103352,4.212007522583008
85502,5.085813045501709
52823,4.802237510681152
1100,2.9680988788604736
69272,4.517149448394775
45322,4.0010786056518555
88860,4.466833114624023
74161,5.04469633102417
1969,4.724725246429443
31631,4.472376346588135
11447,4.380359172821045
55300,4.558125972747803
55875,4.841034412384033
53442,4.897104740142822
61218,4.910119533538818
62404,4.5541510581970215
22980,4.931875705718994
87043,4.746066570281982
31957,4.381695747375488
100468,4.733312129974365
4556,3.9313364028930664
82277,4.528970718383789
11914,4.076578140258789
5127,3.951209545135498
25876,5.040813446044922
75385,4.556398391723633
66726,4.669246196746826
44634,4.547904968261719
35297,4.637882709503174
94460,4.932347297668457
63175,4.568755626678467
71526,4.585272312164307
80603,4.929558277130127
16053,4.564338684082031
6900,4.206771373748779
44763,4.012442111968994
10147,4.658395767211914
37217,4.359129428863525
77852,4.965773582458496
23594,5.179577827453613
30546,4.909816265106201
30665,4.907920837402344
88895,3.8548481464385986
82829,4.528254508972168
85279,4.0968098640441895
57142,4.453486919403076
62271,4.945432662963867
59221,3.9458043575286865
26515,4.846837520599365
33738,5.052490711212158
90030,3.630624532699585
1804,4.989658832550049
64163,4.842434406280518
82738,4.880162715911865
53889,4.241177082061768
44564,4.3680644035339355
27178,4.520286560058594
87619,4.069459438323975
63654,3.845752716064453
17495,4.188601493835449
21291,4.488948345184326
3567,4.1910247802734375
14205,4.627492904663086
2052,4.146933078765869
55070,4.752704620361328
55478,4.814699649810791
7657,4.424222469329834
83165,4.455583572387695
78418,3.3623173236846924
63838,4.66963529586792
93027,3.939624071121216
79492,4.909453392028809
49396,4.419448375701904
70145,5.009869575500488
79712,4.746417045593262
48235,4.413519382476807
85971,3.490835189819336
88290,4.543127536773682
64000,4.141423225402832
31885,5.005893230438232
52772,3.865190267562866
102366,4.709012508392334
20088,5.231364727020264
96785,4.218724727630615
6561,4.821380138397217
98914,4.628425121307373
3085,5.383501052856445
79664,4.645887851715088
47271,4.643308639526367
40624,4.358073711395264
59086,5.248546600341797
24609,4.415728569030762
106971,4.7307891845703125
89444,4.838318347930908
36695,4.729258060455322
37158,4.374534606933594
8899,4.4995293617248535
32462,4.7210493087768555
4380,4.754085540771484
67667,4.277132511138916
76566,3.9980075359344482
5362,5.219501495361328
26392,4.947116374969482
90539,4.836765766143799
42903,4.873264789581299
13752,4.622901439666748
25201,4.983555316925049
25611,4.75417947769165
79918,4.779799938201904
105827,5.397394180297852
51116,2.3035800457000732
45473,4.735349178314209
90598,4.304014205932617
41251,4.740715026855469
83419,4.290151596069336
102620,4.370280742645264
10795,4.1610026359558105
38277,4.573107719421387
44800,4.416759967803955
44123,4.534510135650635
33704,3.4914064407348633
1863,4.706582546234131
99639,4.225247383117676
90698,5.003258228302002
64231,3.6325230598449707
100386,4.718056678771973
53072,4.093033313751221
86109,4.240546703338623
18284,4.74081563949585
23682,5.097782611846924
64505,4.094641208648682
51386,4.448260307312012
49070,4.404669761657715
73179,4.299651622772217
103347,4.022679805755615
96037,4.605574131011963
37320,5.113299369812012
17297,4.822165012359619
52063,4.15502405166626
45918,3.900930404663086
94885,5.442700386047363
5963,5.306251049041748
21475,4.592437267303467
20370,4.860761642456055
45873,4.715145111083984
13400,5.2046685218811035
36014,3.0079283714294434
65315,4.7899041175842285
93555,4.764010906219482
81146,4.959604740142822
66293,4.619143962860107
81482,4.398591995239258
106815,4.954471111297607
85859,3.60080885887146
90215,4.543586254119873
101253,4.462183952331543
32667,3.2397968769073486
23576,5.283766269683838
108550,4.8913350105285645
69673,4.200042247772217
89293,3.8943581581115723
31946,3.749239206314087
7772,4.113523483276367
3544,4.80590295791626
21367,4.378799915313721
2034,4.0936784744262695
66496,5.054312705993652
100634,4.465788841247559
12896,4.734170436859131
34201,2.7781083583831787
16798,4.013740062713623
49990,3.842357635498047
39136,4.456592082977295
93270,4.546195983886719
49736,4.005204200744629
88727,5.0970139503479
88589,5.0123138427734375
74234,4.727940082550049
91103,4.767939567565918
80750,4.738554954528809
68786,4.925364971160889
38811,4.918898582458496
15335,4.22471284866333
47160,4.054029941558838
58800,4.965048313140869
15946,3.911759614944458
7346,4.880743980407715
101402,4.526370048522949
12935,4.263835430145264
95549,4.308062553405762
80864,4.653584957122803
48650,4.475551605224609
40694,4.560600757598877
103399,4.929170608520508
24999,4.979829788208008
90373,4.733457565307617
29898,4.306766510009766
16508,4.404963493347168
107142,4.259483337402344
6220,3.2427818775177
100080,4.361183166503906
71730,5.02520227432251
32694,5.105871677398682
107107,4.729194641113281
12545,3.781832456588745
63972,4.355100154876709
62197,4.561714172363281
18432,4.936854839324951
47901,3.442610263824463
53398,3.688603162765503
78203,4.703970432281494
65466,4.553840160369873
5551,4.769220352172852
51978,4.2715163230896
71583,4.540614128112793
7455,3.9139254093170166
74081,4.537827968597412
55580,4.76572322845459
70247,4.842906951904297
45263,4.9754133224487305
64235,4.273918151855469
92423,3.10432767868042
43971,2.937488079071045
76852,4.313523292541504
24375,3.4824295043945312
88986,4.8559956550598145
36134,4.915398597717285
103105,3.944185495376587
51536,4.4457106590271
30231,4.793445110321045
3927,4.430813789367676
76568,4.796995639801025
65337,4.794626712799072
60398,4.7358622550964355
13770,4.386865615844727
8571,5.027728080749512
52647,4.9737372398376465
1954,3.6937217712402344
19636,4.908843517303467
45631,3.612164258956909
15275,4.540977954864502
59002,4.723137855529785
106088,4.921295642852783
86601,4.772154331207275
88259,4.52977991104126
46024,5.051609992980957
69145,4.620861530303955
102381,4.3203959465026855
86778,3.692821502685547
50211,4.437674522399902
39178,4.6542558670043945
98756,4.08126974105835
97765,4.485279560089111
93552,4.849066734313965
57379,4.286094665527344
45441,5.027614593505859
136,4.093880653381348
16304,4.83668851852417
32442,4.794427871704102
16022,3.3978347778320312
59408,3.9511218070983887
63976,4.561648845672607
41923,5.005377292633057
46649,4.920719623565674
14265,5.162150859832764
26056,4.76219367980957
98036,4.733478546142578
12492,4.482119560241699
26526,3.5746662616729736
27042,4.957741737365723
49933,5.168898105621338
91690,4.792604446411133
82940,4.771198272705078
7385,5.189002513885498
94872,4.540755271911621
108521,4.982025146484375
103153,4.091052532196045
24157,5.09882926940918
25591,4.742556571960449
108026,5.072399139404297
89403,4.782593727111816
76793,4.616584777832031
1598,5.103010177612305
103246,4.167644500732422
97654,4.336209297180176
46234,4.842344284057617
63053,5.042086601257324
93395,4.413300037384033
14106,5.137124538421631
50425,4.904654502868652
1064,5.0555830001831055
22934,3.242342472076416
84411,4.58286190032959
93540,5.117519855499268
50992,4.977095603942871
57706,4.4905686378479
61304,4.7944512367248535
5096,4.391098499298096
108576,4.909892559051514
12934,4.5873003005981445
34014,4.392060279846191
27236,4.145500659942627
43653,4.370148181915283
59634,4.577791690826416
22635,4.1258463859558105
4434,2.8068907260894775
64181,4.557307720184326
60777,4.250054359436035
28258,4.218630313873291
46934,4.789018630981445
75493,4.879384517669678
107778,2.658811569213867
55117,3.2849314212799072
16518,4.63922643661499
104467,4.112734317779541
99021,4.96309232711792
16991,4.734152317047119
27924,4.630594253540039
99101,4.9179887771606445
3453,3.7226829528808594
45309,4.282953262329102
91798,4.664778232574463
38564,4.72564697265625
23182,4.8198747634887695
41238,5.145627498626709
8247,4.051048278808594
62753,4.555267810821533
32276,4.880749225616455
75627,4.556972503662109
25184,4.977530002593994
101460,3.4577221870422363
93142,4.630785942077637
26040,4.001563549041748
97411,4.526275157928467
102038,3.400120258331299
53629,4.117810249328613
104968,4.059751033782959
75726,4.106695175170898
4044,4.676011562347412
7304,5.003721714019775
30813,4.2616987228393555
16422,3.9951300621032715
74894,5.105536937713623
59654,5.391154766082764
66411,4.536776065826416
60954,4.544070720672607
22526,3.982595205307007
11962,4.00736665725708
63994,4.334022521972656
27860,4.180278778076172
25811,4.674568176269531
43863,4.677377223968506
18406,5.238742351531982
29786,4.884375095367432
25081,3.613569498062134
81427,4.820126056671143
20677,5.021730422973633
97760,4.031374931335449
107756,5.174710273742676
91031,4.167268753051758
85143,4.608920574188232
2969,4.880766868591309
7202,3.9299521446228027
44214,4.654238700866699
12091,4.051312446594238
74948,3.856276750564575
87794,5.0549702644348145
55479,5.029003143310547
59668,4.033186912536621
14218,5.214641094207764
5321,4.131820201873779
22073,4.385808944702148
44667,4.442999362945557
86743,4.619770050048828
80591,4.906352519989014
35272,4.081295013427734
40219,4.883691787719727
36786,5.067950248718262
46113,4.578479766845703
13059,4.353271484375
80468,3.791109085083008
58219,3.957681655883789
47841,3.466271162033081
25567,4.81524658203125
54031,4.534477233886719
22109,4.537400722503662
53568,4.99075984954834
26593,4.651368618011475
22389,4.760884761810303
84671,4.369024276733398
21513,3.4138474464416504
90000,5.278533935546875
33089,4.826813220977783
22888,3.811718225479126
62246,4.829063415527344
67026,4.53695011138916
108064,3.9887797832489014
44923,4.795051097869873
89106,5.025771617889404
25898,5.102904319763184
89629,4.930999755859375
55004,4.119275093078613
95404,4.142986297607422
31556,4.861257076263428
12236,4.4038405418396
76311,4.995977401733398
37354,4.935330390930176
51183,4.090760707855225
34078,4.308568954467773
87212,3.825876474380493
11669,4.9438276290893555
97253,4.333398342132568
107101,3.268988847732544
4039,5.139336585998535
51222,4.7447710037231445
4822,4.214089870452881
37121,4.9669413566589355
24495,4.616323471069336
68955,4.976806163787842
87187,4.838326930999756
16584,4.671769142150879
91696,5.311925411224365
50587,4.763868808746338
10496,4.1225409507751465
29974,4.918055534362793
68743,4.4821038246154785
27887,4.277836322784424
97748,3.7219784259796143
18929,4.52728796005249
18419,4.979851722717285
78143,4.47822380065918
94854,3.486924886703491
11478,4.246424198150635
16505,4.265334129333496
14128,4.860742568969727
42259,4.177637100219727
53156,4.877302646636963
100508,4.656221866607666
50706,4.613029956817627
65799,3.914093255996704
9944,5.068009853363037
40815,5.093603134155273
94418,4.627527236938477
21597,4.403544902801514
15578,4.333292007446289
36164,4.16050910949707
147,4.4246416091918945
101923,4.101978778839111
43721,4.473978042602539
68130,5.010792255401611
33231,4.168132305145264
33993,4.888140678405762
82963,4.055852890014648
50904,4.727654457092285
39627,4.801419258117676
102992,4.7259016036987305
41051,3.190945863723755
51055,4.734914779663086
4093,4.368014335632324
59412,4.220982074737549
37773,5.069950580596924
63541,4.663992404937744
36103,5.112271308898926
90043,4.759977340698242
108587,5.209675312042236
73787,4.79646635055542
35902,4.40942907333374
57495,4.206005096435547
45546,4.744969367980957
25156,4.685830116271973
7079,4.09993314743042
91547,5.096480369567871
105428,4.235318660736084
26231,4.889462471008301
90996,4.960977077484131
102954,4.520059108734131
40798,4.454336166381836
49270,4.770320892333984
75819,4.970959186553955
11131,4.952639579772949
46432,4.040259838104248
77895,4.3586297035217285
104345,4.8619914054870605
77030,5.271806240081787
56022,4.61372184753418
49090,4.311236381530762
15857,4.591429233551025
73727,4.749286651611328
103157,4.725983142852783
107867,4.692877769470215
34433,4.737738609313965
5727,3.8414466381073
44248,4.675087928771973
21671,4.61464786529541
101595,5.227087020874023
28954,4.758183479309082
84220,4.520990371704102
13491,4.286144733428955
54421,3.3769760131835938
67932,5.07877254486084
47410,4.7634077072143555
102347,4.384464263916016
59594,4.906178951263428
59693,4.731287479400635
5679,4.720217704772949
106522,4.368293762207031
21619,4.66509485244751
80794,5.022643566131592
24334,4.569054126739502
1346,4.607725620269775
105357,4.709851264953613
44336,4.694643020629883
8704,4.84049129486084
55869,4.666902542114258
28422,5.112457752227783
32637,5.170070648193359
69155,5.022037506103516
105374,4.558581352233887
24921,4.699203014373779
71513,5.258874416351318
84584,4.396411418914795
100692,4.7300872802734375
43388,4.775944709777832
85400,4.219935894012451
80555,3.6630754470825195
87074,4.867973804473877
26009,3.9719009399414062
61725,4.277209281921387
99776,4.442647457122803
18881,3.87620210647583
93295,3.9896206855773926
80240,5.047791957855225
101309,5.112799167633057
34477,4.509166717529297
24838,4.242300987243652
72117,4.790368556976318
11388,4.835254192352295
26666,4.336970329284668
46378,3.6024622917175293
16775,5.016355991363525
74228,3.2835657596588135
39469,5.32684326171875
37558,3.8731088638305664
82952,4.143426895141602
55681,4.09581184387207
44614,4.394957065582275
21191,4.7360005378723145
7290,4.835646629333496
105127,4.390467166900635
65390,4.930027961730957
43429,5.257654190063477
12358,4.2140116691589355
25376,4.425747871398926
46214,4.880041122436523
40038,4.1443963050842285
67662,4.069589138031006
53851,4.1551594734191895
40146,3.6134889125823975
43683,4.060091018676758
29860,4.220043182373047
37421,4.689029216766357
23572,4.302493572235107
12785,4.027759552001953
103575,4.373298168182373
5897,5.101419925689697
30868,3.9570417404174805
84774,4.705896377563477
1376,4.695592403411865
39924,4.873979091644287
56661,4.310360431671143
4851,4.675225257873535
8511,4.939034461975098
54560,4.5867791175842285
76758,5.073293685913086
57396,4.719542026519775
94158,4.16610860824585
83854,4.342884540557861
68654,4.791473388671875
83459,4.43931245803833
59025,4.471155166625977
6875,4.430723190307617
99072,5.1204938888549805
96152,3.981924057006836
6343,4.579554080963135
44818,4.986601829528809
83372,4.6377129554748535
72489,4.903910160064697
19370,4.902369976043701
93667,4.133304119110107
82554,4.2975616455078125
40228,4.740723133087158
75957,4.183175563812256
56846,4.182421684265137
82142,4.837662696838379
75445,4.157718658447266
24337,3.925139904022217
512,4.872700214385986
83339,4.86732292175293
42325,4.7831645011901855
103722,3.979109048843384
76030,4.31007194519043
12643,3.497978687286377
25234,4.1165032386779785
55202,4.5927300453186035
45039,4.498753547668457
54233,4.614692211151123
35504,3.284965753555298
4631,4.22769832611084
65255,4.632307529449463
21278,4.432979583740234
56720,4.106800079345703
24801,3.932659149169922
42397,3.957332134246826
103678,4.540040969848633
61481,3.821580410003662
12086,3.740277051925659
9304,4.245842933654785
49073,4.461974620819092
54156,2.9375922679901123
81696,4.909217357635498
17776,3.6751251220703125
34883,3.651202917098999
22284,4.72562313079834
101317,4.6752400398254395
90865,3.7347757816314697
29688,5.167075157165527
66617,4.700323581695557
67991,4.939517021179199
70259,4.734241008758545
21044,5.034147262573242
45447,4.4398674964904785
61793,4.740746021270752
41992,4.3801679611206055
63176,4.623568534851074
18500,4.3442816734313965
18830,4.469972133636475
82535,4.69577169418335
52308,4.280939102172852
23266,4.9219970703125
31161,4.6160359382629395
38554,4.2159833908081055
43614,4.154771327972412
27826,5.033122539520264
52900,4.407996654510498
75689,4.615992546081543
107609,4.959812641143799
31402,3.1191771030426025
46687,4.64361572265625
101057,4.144647121429443
25357,4.775534152984619
74792,4.231401443481445
62187,4.721412181854248
5624,4.960446357727051
68470,5.266077518463135
54453,3.39060115814209
104561,4.366922855377197
1558,4.451990127563477
76501,4.905817985534668
81759,4.5570831298828125
83208,4.463167190551758
7873,4.9207234382629395
82615,4.99501895904541
44402,4.8727216720581055
87122,4.7482523918151855
4823,4.315943241119385
87234,3.8370418548583984
76683,3.701616048812866
66380,4.102411270141602
70408,4.89565896987915
8784,4.1643290519714355
13036,4.966137409210205
76544,5.35075044631958
28245,3.364696979522705
84316,4.787808895111084
15257,4.366508960723877
72493,5.099335193634033
48016,4.565552234649658
51763,5.150637626647949
59464,2.996473789215088
41400,4.796278953552246
6183,5.0057902336120605
56329,4.437361717224121
83294,4.503412246704102
6042,4.828640460968018
16292,4.946252822875977
58646,3.779700517654419
65253,4.720584869384766
23463,3.985875368118286
58911,4.416375160217285
99656,4.96610689163208
5894,3.809377670288086
88520,4.35629940032959
43329,4.9702253341674805
265,3.756120204925537
23712,5.111877918243408
14913,4.247447490692139
31202,4.790946006774902
72276,4.9023213386535645
17862,4.954537391662598
55497,4.777711868286133
96349,3.9667601585388184
76033,4.398110866546631
76726,4.627923488616943
88808,4.8517985343933105
65387,4.97679328918457
73761,4.657257080078125
54317,3.2257139682769775
108275,4.912386417388916
77638,4.892416954040527
89253,5.020305156707764
60965,4.288112640380859
96511,4.555485725402832
2045,4.868716716766357
105511,4.0326924324035645
27419,4.3354573249816895
47145,2.6885242462158203
31939,4.565675258636475
40292,4.866756916046143
42748,5.125481605529785
95992,4.25610876083374
48546,5.059112071990967
48902,3.4386584758758545
15466,3.6511118412017822
77003,5.1432108879089355
17351,4.356142520904541
39205,4.532848358154297
27141,4.783467769622803
98778,4.126053333282471
16510,3.772494077682495
98984,4.646514415740967
67247,5.032785892486572
31767,4.111606121063232
100703,4.046003341674805
2238,4.32807731628418
73116,4.69834566116333
62383,4.947437286376953
87059,5.112579345703125
14821,3.8524723052978516
42472,3.5446035861968994
96144,5.0818705558776855
100450,4.814554214477539
54306,4.773522853851318
36119,5.174051761627197
35069,4.980121612548828
46170,4.857481956481934
61099,4.318674087524414
5227,3.6689393520355225
73016,4.689184188842773
75643,3.890619993209839
102409,3.4509758949279785
21506,4.389102458953857
29782,4.885636806488037
64883,4.151591777801514
54689,4.415500640869141
59076,5.1965107917785645
101592,5.266384601593018
99881,4.6513495445251465
51913,4.554877281188965
97597,3.479797840118408
106868,4.647261619567871
96487,3.931356430053711
61268,4.271777153015137
30225,4.1460795402526855
84274,4.912024974822998
71667,3.6475517749786377
38973,5.144290447235107
43845,4.900369167327881
16598,4.563665866851807
24980,4.861691951751709
29303,4.3624444007873535
79085,4.186243057250977
92621,4.740077972412109
50803,4.695442199707031
4478,3.1272809505462646
107401,5.014681816101074
9326,3.9962315559387207
74917,4.403715133666992
89522,4.448210716247559
6727,4.570774555206299
60816,3.2741754055023193
50289,4.4129838943481445
57563,4.289412021636963
52908,4.486814022064209
11322,3.9284591674804688
5173,3.8859312534332275
47600,4.99853515625
10257,5.224451541900635
23484,4.894848346710205
42579,4.557180881500244
83008,4.959554672241211
53736,4.352743148803711
27749,3.9046590328216553
31044,4.608799934387207
27384,5.093444347381592
82263,4.9623122215271
49804,4.552085876464844
13539,4.579850673675537
48177,4.78286600112915
50796,3.989586591720581
90669,4.593709945678711
24150,5.3993821144104
65994,4.438068389892578
105905,4.829289436340332
81243,3.6086485385894775
94484,4.042491912841797
59887,4.8295207023620605
91569,4.88912296295166
41528,4.752660751342773
23803,5.143407344818115
12878,4.857247352600098
78403,4.63513708114624
65282,4.1947021484375
45091,5.321232795715332
82622,4.596325874328613
25278,4.549131393432617
27910,5.134982585906982
53002,3.1453096866607666
107052,4.620684623718262
91362,4.835103511810303
23485,4.248808860778809
22609,4.5669636726379395
1051,4.2070512771606445
30003,4.226519584655762
22523,4.444192409515381
2989,4.485891342163086
48093,4.136700630187988
37535,4.667248725891113
53873,4.628914833068848
71628,3.6079018115997314
79228,4.992154121398926
26328,4.196647644042969
99174,4.432222366333008
57163,4.079874038696289
83502,4.788995265960693
31215,4.832962989807129
90405,4.625193119049072
7708,4.739570617675781
29468,4.041557312011719
85756,4.526352882385254
28118,3.1535353660583496
93580,4.662642478942871
9966,4.846165180206299
25063,4.448291778564453
79883,4.691246032714844
69357,4.934160232543945
84202,5.020135402679443
36566,5.0087456703186035
35011,4.566013813018799
53084,4.379110813140869
102701,4.837642192840576
34065,3.6420207023620605
25903,5.112703800201416
19757,5.289065837860107
27415,5.053099632263184
3019,4.163765907287598
40555,5.024040699005127
65534,4.3676886558532715
28411,5.278898239135742
104616,4.553384780883789
66791,4.355710983276367
24365,4.453364849090576
66680,4.3347697257995605
2350,4.523842811584473
46583,4.379634857177734
1610,5.081873416900635
23462,3.711498975753784
30013,5.011754035949707
108015,4.448570251464844
104839,4.116296768188477
92396,4.0599164962768555
4258,3.9183528423309326
46282,4.6199727058410645
107897,4.739851951599121
35527,4.964664459228516
7930,4.744967937469482
2004,4.30844783782959
72399,3.905524253845215
56735,4.569019794464111
12153,4.437027931213379
31269,4.572577476501465
12600,4.735081672668457
38709,4.3228278160095215
98093,4.510707378387451
73903,3.702568292617798
70482,4.699401378631592
58887,4.859035968780518
16795,4.736072540283203
85924,4.486464023590088
65861,3.6597540378570557
75727,5.010964393615723
89782,4.506371974945068
33414,4.8574700355529785
80144,4.905052185058594
4617,4.251104354858398
106350,4.528152942657471
96940,4.018224239349365
40916,4.960628986358643
35752,4.653281211853027
38386,2.609776496887207
105751,4.509894371032715
64757,4.9979658126831055
96351,4.952857494354248
43792,3.7162117958068848
35625,3.78503155708313
15174,4.796375751495361
58930,4.8323869705200195
73937,4.479342937469482
19042,4.620951175689697
58417,4.069003105163574
47062,4.622554302215576
102969,4.536922931671143
22361,3.8072609901428223
51770,4.424666404724121
95114,3.756159782409668
24179,5.047834873199463
63942,4.453557014465332
7900,5.276302337646484
64721,4.45596981048584
6801,4.503538131713867
100333,4.915147304534912
42509,4.840930938720703
40704,3.9590659141540527
17456,4.340009689331055
45586,4.380227565765381
94948,3.983060359954834
45728,4.294837474822998
103367,4.563747882843018
74508,4.438788414001465
950,4.355463981628418
22488,5.113698482513428
7097,4.710741996765137
24407,4.971351146697998
6302,4.653681755065918
61779,4.926671028137207
2708,5.014676094055176
58825,4.075416564941406
43822,3.9493510723114014
88964,3.8206822872161865
91109,3.1424591541290283
44332,4.8464155197143555
55590,3.3561768531799316
17423,4.787966728210449
76365,3.5640037059783936
30511,4.756444931030273
42828,4.572815895080566
33747,4.975677490234375
42568,4.752197742462158
15064,3.8341448307037354
6852,4.459719657897949
61147,5.2644500732421875
6674,4.907547950744629
44908,5.242154598236084
94800,4.191222667694092
59579,5.014742851257324
65487,5.161712169647217
92255,4.185225009918213
50818,4.569216728210449
80277,4.758371829986572
11074,4.5372633934021
105724,4.871307373046875
14100,4.530257225036621
49059,4.554314613342285
47620,5.141666889190674
9147,4.867344856262207
15596,4.691277980804443
60703,4.401071548461914
93080,4.752213001251221
89164,4.745317459106445
25163,4.655337810516357
80354,4.30596923828125
46156,4.104946136474609
79682,4.423368453979492
94272,5.125472068786621
60571,4.565016269683838
50153,4.567098617553711
74362,4.125988006591797
2389,5.054924011230469
76733,5.4778594970703125
69754,4.678337574005127
15149,5.034599781036377
44314,4.591243267059326
102614,5.087754726409912
106784,4.813468933105469
42171,4.6203999519348145
41210,4.645799160003662
22490,4.412548542022705
108316,4.650455474853516
1493,4.637200832366943
88510,4.900565147399902
74196,4.519521236419678
61669,4.986584186553955
12516,3.0055830478668213
62279,4.770049571990967
55328,5.0057525634765625
51677,4.871784210205078
73374,4.749425888061523
64372,4.380643367767334
49176,4.633510589599609
66899,4.869357109069824
91094,4.6931352615356445
71213,4.111020088195801
32945,4.511082649230957
33655,5.009031295776367
19175,3.5234122276306152
11100,4.686394691467285
97616,4.155611038208008
73185,4.308652400970459
63019,4.934837341308594
89869,4.66087532043457
65878,4.273830413818359
44120,3.6558620929718018
58379,4.903116226196289
79669,4.0132622718811035
98893,4.835888862609863
17222,4.304060935974121
48696,4.753429889678955
79916,4.699445724487305
20632,4.989467620849609
79519,4.361468315124512
46943,4.404232501983643
72484,5.081142902374268
87002,4.773194789886475
60405,5.166403293609619
38010,4.971439838409424
25610,4.696127891540527
65914,5.121433734893799
14571,4.580441474914551
34526,5.247257232666016
106561,4.950808525085449
41619,4.0423784255981445
8931,4.899162769317627
7371,4.6585516929626465
52942,4.280992031097412
85506,4.864748954772949
45342,5.02733039855957
84082,4.422020435333252
56943,4.003109455108643
16124,4.275721549987793
54863,4.599194049835205
103045,4.634525775909424
60435,4.3796772956848145
72223,4.70372200012207
9405,4.055296897888184
11642,4.798841953277588
105279,4.508544445037842
73386,3.8609983921051025
18308,4.888732433319092
49993,4.027124404907227
58806,4.0133209228515625
68982,4.943711280822754
11294,4.8845438957214355
42437,4.9630126953125
25514,4.89700174331665
15383,4.984842300415039
61913,4.695712566375732
42167,4.349520683288574
25600,4.212669849395752
67004,3.389131546020508
51392,5.2024030685424805
35870,4.261692523956299
90765,4.022868633270264
66404,4.693991661071777
91422,4.191355228424072
3133,4.084914207458496
84866,4.578667640686035
43539,5.326416492462158
89715,4.8050103187561035
7048,4.835486888885498
72274,5.049041271209717
83564,4.504096031188965
49008,5.447667598724365
41640,4.200850486755371
92855,4.919942378997803
14401,5.033496379852295
83924,5.1531453132629395
51035,4.069505214691162
4352,4.463375091552734
35845,4.546914100646973
104382,3.8391246795654297
101463,3.8128249645233154
29043,3.9543046951293945
22419,4.74954080581665
107158,4.746030807495117
18295,3.981527805328369
64175,4.901918888092041
35692,4.175175189971924
26837,5.003749370574951
100505,5.083832740783691
100816,3.2917680740356445
44529,4.7797160148620605
76324,3.5450897216796875
94572,3.8526852130889893
61901,5.370352268218994
106951,4.9234538078308105
94399,4.247610092163086
70472,4.3798508644104
27707,4.564698696136475
3496,4.2836809158325195
86701,4.824561595916748
19444,3.9130330085754395
32295,4.897087097167969
12143,4.982510566711426
51686,4.70644474029541
58494,4.679152011871338
60882,4.819694519042969
85699,4.883828163146973
40614,4.289059638977051
19649,4.635004043579102
53954,4.5863776206970215
22573,5.081704139709473
78389,4.5957932472229
10697,4.439671039581299
51207,4.059366703033447
63352,4.631758689880371
3199,4.337026119232178
74146,5.275598049163818
5828,5.170681953430176
72435,5.235065937042236
68662,4.269606113433838
46441,4.085794925689697
80161,4.8858819007873535
1517,4.2418212890625
47802,3.692131519317627
38293,4.756937503814697
87943,3.6682233810424805
18507,3.837981939315796
41615,5.033195972442627
66482,4.717549800872803
56438,4.092352867126465
91440,4.705032825469971
83176,4.817713737487793
71565,4.087846755981445
63387,4.8611226081848145
94252,4.558258056640625
99112,5.239933013916016
685,4.4672136306762695
47193,3.8084540367126465
100639,3.963277578353882
97859,4.016734600067139
24168,3.450437545776367
4491,4.207475662231445
98301,4.2516889572143555
101209,4.035318851470947
63938,4.221919059753418
21068,4.909182071685791
89858,4.923677444458008
107381,4.288888931274414
70809,4.458550930023193
87064,4.5898051261901855
2144,4.005289077758789
7399,4.83986759185791
50747,4.837259292602539
66787,2.5825273990631104
80834,3.465585231781006
85817,4.193169116973877
63603,5.264389514923096
22239,3.6484031677246094
71829,4.649052619934082
6979,4.733316421508789
90762,4.467679500579834
13943,4.544005870819092
25403,4.522639751434326
89941,4.915953159332275
30572,4.745027542114258
108325,5.149733543395996
88670,4.511342525482178
88202,2.9883546829223633
35122,4.894980430603027
94930,4.586937427520752
96005,3.956643581390381
22235,5.17759895324707
9288,4.396266937255859
23711,4.682532787322998
22042,4.36924934387207
1902,4.019107818603516
62033,2.2699787616729736
46157,5.070566654205322
30155,4.361011505126953
47207,4.053951263427734
28774,4.370804786682129
80553,4.24021577835083
51121,4.668503284454346
58820,4.033640384674072
33368,4.981712818145752
85284,5.017773628234863
34686,4.515952110290527
49342,4.373529434204102
7580,4.519093036651611
104328,4.793368339538574
54241,4.3746185302734375
62714,4.617991924285889
39777,3.247558116912842
84292,4.697835445404053
88459,4.888774871826172
40279,4.721338748931885
13424,4.551384449005127
98990,4.0858659744262695
66454,4.723110198974609
57102,4.003087043762207
10518,3.7619261741638184
6494,4.07823371887207
5483,4.56736946105957
86113,5.142538547515869
72531,5.2218122482299805
22057,3.9169669151306152
87854,4.439757347106934
43185,4.565414905548096
23144,4.7924299240112305
54926,4.466781139373779
97380,3.769462823867798
63834,4.748253345489502
32953,4.971632480621338
19189,4.9755024909973145
8893,4.864843845367432
23387,4.6593523025512695
21593,4.647562026977539
28442,4.69741153717041
97608,4.9615912437438965
8215,5.145872592926025
3670,4.647622585296631
102856,4.55109977722168
102727,4.62225341796875
106758,3.8183600902557373
48238,4.5102458000183105
60572,4.491887092590332
64093,4.253975868225098
79304,4.675701141357422
37909,5.042558670043945
46996,4.543032169342041
22274,4.946590423583984
106394,5.080005645751953
8647,4.479730606079102
20564,4.03265905380249
87006,5.366757392883301
17429,4.772236347198486
25603,5.046294689178467
36732,4.758073329925537
21724,3.6265671253204346
82653,4.284234523773193
59280,4.687435150146484
73509,4.909450531005859
81778,4.536568641662598
43322,5.088979721069336
89209,4.630808353424072
38885,5.293576240539551
86094,4.464744567871094
93824,4.382848262786865
8185,4.78147029876709
41171,3.631183624267578
22232,5.254825115203857
89525,4.570319175720215
88781,5.188497543334961
35967,4.289949417114258
93397,3.574256420135498
56595,4.384758472442627
61355,4.548097133636475
88124,4.271608829498291
2954,4.838890552520752
76029,4.425120830535889
67950,3.957416296005249
93367,5.108496189117432
22418,3.888084888458252
81605,4.266186714172363
37843,4.618600368499756
52274,4.387028217315674
97030,4.718080520629883
2704,4.500558376312256
66288,4.361929893493652
62724,4.3198418617248535
80392,4.022918701171875
51986,3.566277027130127
106565,4.711925983428955
20481,4.879560470581055
101090,4.600658893585205
89458,4.362493991851807
75442,4.4822516441345215
87522,4.46538782119751
32751,4.726246356964111
94157,4.712666988372803
66266,4.605720043182373
103030,4.3104448318481445
71539,4.910693168640137
69892,4.594010353088379
10026,4.135342121124268
63308,4.767389297485352
92981,5.046054363250732
32111,4.324258327484131
101225,4.915476322174072
81930,3.42193865776062
88120,4.743121147155762
90018,4.797964096069336
21840,4.453148365020752
89865,3.751636505126953
5412,4.622283458709717
39122,4.9923577308654785
34087,4.465070724487305
91435,3.6172943115234375
43183,3.5877902507781982
44338,4.501175403594971
43685,4.300352096557617
4936,4.632805347442627
84627,4.819457530975342
68116,4.555952548980713
1662,4.052198886871338
32952,4.564379692077637
41026,4.544032096862793
28128,4.018340110778809
43203,4.4371747970581055
9753,5.230576515197754
94314,3.6486310958862305
106818,3.8891196250915527
93862,4.569761753082275
58975,4.591557025909424
32646,5.297252655029297
9128,3.4582912921905518
72920,4.243185520172119
36564,4.355772972106934
93239,4.827463626861572
57856,4.486076354980469
32740,3.960092067718506
45057,5.036754131317139
89824,4.272491455078125
19591,4.375703811645508
46936,5.076938629150391
22595,4.4069504737854
68384,4.2066450119018555
97906,3.5446696281433105
47740,4.871115684509277
23955,4.946617126464844
38930,3.9803943634033203
130,4.8692708015441895
17826,4.216999053955078
50278,4.539926528930664
23381,5.0758867263793945
13481,4.97768497467041
215,4.519103050231934
100328,4.657537937164307
9385,4.841771602630615
22151,4.9134135246276855
45774,5.159910202026367
11252,4.850948333740234
3311,4.749212265014648
56835,4.648375034332275
93017,4.788664817810059
103449,4.927298545837402
75609,3.5567758083343506
29065,4.355703830718994
6098,4.00909423828125
20642,4.541553020477295
83032,4.480057716369629
39328,3.445427417755127
84661,4.881500244140625
57049,3.736884355545044
7102,4.782326698303223
98827,3.749488115310669
92352,3.901507616043091
31423,4.711376190185547
45620,4.235440254211426
43671,4.304689407348633
82765,3.9622552394866943
58590,4.393202781677246
91060,4.774147987365723
88020,4.97381591796875
8007,3.816030263900757
98142,4.668670177459717
44213,3.8488643169403076
69464,3.8343067169189453
68104,4.285263538360596
39740,3.8702878952026367
73885,4.314847946166992
104686,3.830244779586792
6400,3.8871421813964844
13696,4.723519325256348
81947,3.9843146800994873
88737,5.08582878112793
44048,5.057840824127197
47751,5.182018756866455
46908,4.708590507507324
69232,4.147729396820068
65529,5.137649059295654
65239,4.79038667678833
53658,4.315507888793945
89847,4.644803524017334
15235,4.522366523742676
45271,5.019917011260986
98195,4.599710941314697
79768,4.155939102172852
68841,4.5946455001831055
86562,4.970339775085449
30072,4.1637983322143555
39926,4.4614787101745605
17647,4.910083770751953
9932,4.283241271972656
70203,4.185009479522705
38735,4.028496742248535
95046,4.92408561706543
36013,4.285201549530029
80851,4.268610000610352
78965,4.486606597900391
78518,4.775536060333252
60154,4.968719482421875
102457,5.089677333831787
71234,4.16187047958374
42109,5.050199031829834
35082,4.297647476196289
99701,4.698782920837402
81194,3.5231847763061523
18194,4.391692161560059
99415,6.180557727813721
4311,4.039798259735107
63879,4.953587055206299
58085,4.094850540161133
95923,4.954785346984863
34140,4.488935470581055
7273,4.954830169677734
59512,3.7426438331604004
8350,3.8383567333221436
76541,4.397140979766846
72355,3.5041067600250244
77121,3.7568368911743164
90193,4.850982666015625
107684,4.4332756996154785
88410,4.2825775146484375
19655,3.7738523483276367
1243,4.220626354217529
24905,4.952093124389648
14875,4.758038520812988
92331,4.502048492431641
93071,4.297358512878418
39189,5.036656379699707
12755,4.7591328620910645
27513,4.281157493591309
30979,4.137473106384277
63153,4.5075459480285645
81586,4.83122444152832
13127,4.543965816497803
26581,3.9713258743286133
90296,4.37936544418335
98425,3.824082374572754
7072,4.900763034820557
3383,4.329163074493408
93526,4.810712814331055
99809,4.838439464569092
17310,4.379116058349609
19359,5.043966293334961
103983,4.898744106292725
85273,5.322797775268555
890,4.387286186218262
80899,4.31790018081665
101467,4.291459560394287
32,4.417139530181885
95159,3.47306227684021
52147,4.6428961753845215
1137,5.021900653839111
15869,3.252711296081543
39892,3.8542072772979736
89468,3.6403589248657227
108091,4.511312484741211
102180,4.12045431137085
52173,4.45933198928833
86436,5.125682830810547
71351,4.264862060546875
59977,4.463688850402832
90305,5.114145278930664
81970,4.359594345092773
92542,3.896662712097168
75853,4.601225852966309
74391,4.632845878601074
6467,4.626143455505371
18558,5.251195907592773
108240,4.327701091766357
1379,4.375540256500244
88422,4.806673526763916
13371,4.427576065063477
41453,4.825234889984131
11539,3.3507351875305176
67890,4.599939823150635
22912,4.781108856201172
61558,4.274354457855225
57302,4.507397174835205
54509,4.298582553863525
95932,3.453047275543213
11005,4.327709197998047
22951,4.1707258224487305
94744,3.7789673805236816
93836,4.734140396118164
33869,4.393199443817139
28995,4.667304515838623
30689,5.1411452293396
18314,3.540134906768799
54113,4.463625431060791
57912,4.193305969238281
107567,4.495759010314941
47473,3.902926206588745
85478,4.617870330810547
70103,4.769689559936523
23448,4.6975884437561035
5124,4.044575214385986
62371,4.054717540740967
67940,5.3377366065979
19631,3.6548380851745605
101459,4.270649433135986
98033,4.717052459716797
25284,4.212658405303955
25166,3.872575283050537
35512,4.823423385620117
73398,4.8408284187316895
35976,4.165737152099609
102162,4.458956241607666
103653,4.26694917678833
80565,4.933309078216553
22155,5.17529821395874
27815,5.146910190582275
71896,3.9054362773895264
97139,4.601920127868652
25434,4.532454967498779
37085,4.775501251220703
32045,4.087996959686279
76998,4.7622857093811035
15745,4.179720401763916
18243,4.4662299156188965
55211,4.131612777709961
88502,5.170548915863037
85561,4.445425510406494
55427,4.387588024139404
30731,5.32405424118042
82853,4.783082485198975
6873,4.823434352874756
108598,4.873498916625977
2945,5.083444595336914
21578,3.6540863513946533
59680,4.488337993621826
21779,4.708786487579346
40529,3.8120696544647217
31627,3.7000086307525635
58298,4.896790504455566
79320,3.896696090698242
62266,4.702443599700928
42977,3.7383086681365967
65902,4.417003154754639
71471,4.929239749908447
62106,4.409519195556641
24956,4.71860408782959
24098,4.891517162322998
71816,4.079410076141357
48375,3.9268624782562256
41461,4.275579929351807
87620,4.26854944229126
18928,4.6294965744018555
76882,4.706626892089844
56480,5.026920795440674
33601,4.992419242858887
26599,4.632969856262207
81842,4.362555980682373
19952,3.6635615825653076
20392,4.940040111541748
42784,4.805319309234619
96693,4.496061325073242
17356,4.78394079208374
55755,3.5465080738067627
51132,2.824199914932251
84956,4.328316688537598
34115,3.242353916168213
10023,4.7884931564331055
31512,4.148468017578125
53797,3.7478604316711426
30158,4.415441036224365
62395,4.465700626373291
40749,4.770533084869385
93823,4.871577262878418
79457,4.962270259857178
83330,4.920543670654297
84870,4.747021675109863
87916,4.381350517272949
6611,4.61636209487915
3187,3.9071550369262695
44163,4.566115379333496
44277,4.53649377822876
31153,3.9063494205474854
40008,4.86580228805542
45565,4.484340190887451
27868,4.7293381690979
84965,4.052579879760742
30344,4.679218292236328
91771,5.0525336265563965
37475,4.473638534545898
91428,3.222064256668091
46498,5.051932334899902
4076,3.4652581214904785
11567,4.0680251121521
1894,4.012592315673828
46325,4.270092010498047
89852,4.918863773345947
3063,4.775096416473389
40103,4.1677327156066895
107354,4.327945232391357
8713,4.097697734832764
106804,4.550555229187012
40838,4.573296546936035
36918,4.6261067390441895
34645,4.823136806488037
81381,4.576196193695068
81071,4.797273635864258
9946,4.6222052574157715
77551,5.0451202392578125
18360,3.9467885494232178
88046,4.537434101104736
45605,4.413008689880371
672,4.670753479003906
50273,4.491734504699707
59920,3.936371088027954
81524,3.972611427307129
15604,4.433902263641357
15404,4.06770133972168
19479,4.883190155029297
48778,3.6500372886657715
49231,4.392166614532471
97626,5.249442100524902
57989,3.2808845043182373
93917,4.782944679260254
60912,4.712886810302734
64905,4.7125983238220215
49146,4.97227144241333
17852,3.9862821102142334
88617,5.115996360778809
58566,4.781082630157471
65199,4.893882751464844
103823,4.4099555015563965
38306,4.496535778045654
32983,4.7880754470825195
37868,4.657092094421387
96395,3.977146625518799
103760,4.242035865783691
87912,3.844937324523926
22762,5.053699493408203
33661,4.008230686187744
7032,4.779088020324707
106494,4.157614231109619
22106,4.841587543487549
7402,4.367810249328613
74019,5.022188186645508
99949,5.119346618652344
1356,4.35740852355957
38676,4.615983009338379
39987,3.857973337173462
22757,5.110442161560059
67178,4.608099460601807
5678,5.151210784912109
10160,4.441774368286133
72272,5.057830333709717
15649,4.445697784423828
7678,3.737691640853882
66595,4.972264289855957
67999,4.180432319641113
49452,4.25243616104126
5213,4.510622024536133
85779,4.695209503173828
41593,4.399432182312012
8507,4.020745754241943
94639,4.720146656036377
66201,4.539545059204102
376,4.891768932342529
101697,4.659867763519287
95918,4.94865083694458
98086,5.233298301696777
91597,4.941421985626221
97811,3.728626012802124
68825,3.3687121868133545
60198,4.330084323883057
39630,4.648601531982422
53263,4.436783790588379
8096,3.5133280754089355
65563,4.592819690704346
91076,4.4359331130981445
19451,4.399538040161133
100768,4.391006946563721
81133,4.681979656219482
23393,4.732608795166016
94526,4.4842143058776855
68371,4.90407133102417
19632,4.803262233734131
87269,3.806567430496216
39382,5.00339412689209
105145,3.226050615310669
23596,5.07141637802124
104223,4.379228591918945
88215,3.8341078758239746
66268,5.047685623168945
53226,4.538743495941162
37933,4.621434688568115
80538,4.962924957275391
74683,4.997681140899658
22822,4.7155632972717285
53443,4.4592061042785645
108159,4.155411720275879
77990,4.8522562980651855
88136,4.110210418701172
94492,4.201326847076416
81652,4.345996856689453
106615,4.394753932952881
12902,4.73756742477417
17345,4.593822956085205
43187,4.773157596588135
98146,4.164938926696777
13853,4.411173343658447
80039,4.800264835357666
71669,4.280550956726074
68313,4.913220405578613
94364,4.320713043212891
64925,3.9779183864593506
9741,4.451327323913574
1451,4.961413383483887
95343,4.954339981079102
64648,4.202264785766602
64947,4.362367153167725
9415,4.137804985046387
13379,4.515011310577393
66438,5.08461856842041
92251,4.693992614746094
12997,4.117294788360596
76843,4.821586608886719
72987,3.631269931793213
37284,4.361878395080566
93715,5.09945011138916
97533,4.735984802246094
56395,4.459240913391113
106548,4.554142951965332
48889,3.584012985229492
96376,4.0684003829956055
9192,4.659192085266113
10663,4.913598537445068
55094,3.655978202819824
8426,4.162743091583252
40485,3.6661083698272705
52247,4.685251712799072
50104,4.51408576965332
56397,4.780106544494629
49648,4.578633785247803
37584,4.500433444976807
46417,4.32604455947876
19568,4.540581226348877
41632,4.152946949005127
103104,3.290919542312622
105033,3.545912981033325
93356,5.15669584274292
108460,5.298061847686768
84612,4.247753143310547
16463,3.6880102157592773
91559,4.976494789123535
50964,4.400209903717041
107008,4.884514331817627
59234,4.385950565338135
6539,4.886100769042969
36796,5.280205726623535
54680,3.862499713897705
93208,3.7377169132232666
38348,4.048131942749023
46903,4.404763221740723
89981,4.589849948883057
37514,4.1674394607543945
25339,4.79910135269165
24736,3.684558153152466
52968,4.584198474884033
30717,4.998193264007568
91448,5.020204067230225
7884,4.159936904907227
50006,4.097220420837402
51263,4.341526031494141
33159,4.5159687995910645
45061,5.053805351257324
56368,4.888758659362793
85671,4.608560562133789
21277,3.6261279582977295
51306,4.386340618133545
84313,4.8718085289001465
9239,4.797203063964844
107113,4.395015716552734
70989,4.177213668823242
44086,5.071566104888916
40725,4.888814926147461
44495,4.700283527374268
37098,4.446573257446289
101879,4.1125946044921875
19089,4.975499153137207
29712,4.562402248382568
51319,4.414333820343018
26675,4.539870738983154
23010,5.026246547698975
70910,4.33865213394165
82870,4.2275190353393555
25277,4.53204345703125
92637,4.981496334075928
22461,5.056163311004639
53261,4.203868389129639
6357,4.431890964508057
89556,4.5243353843688965
70580,4.924905300140381
48338,4.38128137588501
72803,4.584707736968994
78772,4.278560161590576
85496,4.484312057495117
86143,4.852654933929443
90173,4.769906997680664
74960,4.694091796875
67449,3.7720019817352295
51383,4.830847263336182
61748,4.7358551025390625
29207,4.77077054977417
26899,4.770328998565674
57592,3.34599232673645
32578,4.7243428230285645
10322,4.86077356338501
7732,3.752161741256714
30683,4.7514729499816895
594,4.515840530395508
105993,4.928184986114502
98853,4.159712791442871
29478,4.9314799308776855
85975,4.64957332611084
22476,4.277151107788086
68981,3.7127296924591064
35675,4.587579727172852
97106,4.345369815826416
74052,4.308495044708252
34973,4.356581687927246
51639,2.840703010559082
56959,4.563959121704102
77591,4.842113494873047
41504,4.5548319816589355
107621,4.466259479522705
84357,4.8947343826293945
19239,4.906755447387695
56961,4.095988750457764
17371,4.6117448806762695
30827,4.265467643737793
97980,4.6840972900390625
32119,4.406438827514648
93368,4.817652225494385
18025,4.512475967407227
54002,4.081173896789551
57577,4.217176914215088
61336,4.418795108795166
46161,4.676374435424805
1175,4.768975257873535
102605,5.012023448944092
78904,4.226409912109375
27717,4.686726093292236
83292,3.465836763381958
95189,3.8078548908233643
71485,4.628082752227783
17173,5.026886940002441
11922,5.118467330932617
70780,5.148571968078613
42875,4.249359607696533
42494,4.961361408233643
35808,4.34932804107666
25754,4.952763557434082
1549,4.025325298309326
63571,4.6842265129089355
65339,4.739483833312988
42534,4.147574424743652
62379,4.462802886962891
92106,4.492753982543945
43699,4.211921691894531
105983,4.365261077880859
53662,4.436100959777832
32441,4.942325115203857
37690,4.650668621063232
67586,4.0985589027404785
28369,4.30968713760376
86096,4.652590274810791
18325,3.5789120197296143
73900,4.1249165534973145
65735,4.633971214294434
94599,4.1847076416015625
96766,4.997112274169922
93640,4.0279927253723145
104286,3.8562002182006836
56050,4.126140594482422
103158,4.528278827667236
58412,4.084100246429443
4199,4.229715347290039
53745,4.4710798263549805
106820,4.681423187255859
71982,4.808563232421875
78908,4.0679030418396
42094,4.080896377563477
76119,5.0725274085998535
78888,3.53437876701355
25064,4.617361545562744
66298,4.8769073486328125
105772,3.744926929473877
78449,4.077628135681152
99119,5.410706996917725
31591,4.546706676483154
61230,4.673717975616455
26440,4.995159149169922
69736,4.193528175354004
18502,4.136234283447266
17308,4.329071521759033
15354,4.481522083282471
51963,4.3229756355285645
90937,4.479587554931641
7567,2.425266742706299
49024,5.06554651260376
64645,5.059930324554443
36116,4.878459930419922
85529,4.575833320617676
42913,4.82713508605957
1018,3.6854407787323
91539,5.135595321655273
108539,4.602352142333984
18244,4.330089569091797
63810,4.843325138092041
99541,4.360169887542725
100024,4.808790683746338
85176,3.452725410461426
6809,3.697800874710083
93633,3.8147902488708496
14974,4.543512344360352
56918,4.0288615226745605
63981,4.28623104095459
59208,3.155526638031006
61496,4.787354469299316
86630,5.229429721832275
71868,4.968080520629883
26428,4.5349531173706055
5161,4.434065341949463
14299,5.0167622566223145
30371,4.816650390625
57211,4.470522403717041
57879,4.697625160217285
34921,3.910689353942871
34219,4.804961681365967
4910,4.115362167358398
11311,4.54468297958374
104274,4.414642333984375
50470,4.266171932220459
31740,4.9562201499938965
58280,4.895115852355957
83966,3.756427526473999
22553,4.745212554931641
50730,4.5088019371032715
55818,3.863978147506714
68533,3.9484970569610596
6383,4.45660400390625
73428,5.0964274406433105
94249,2.7582638263702393
87007,4.2340779304504395
1097,4.128978729248047
37878,5.239673614501953
66519,5.13437032699585
84280,5.019172668457031
92477,4.888737678527832
49941,4.698329448699951
87516,4.8075971603393555
41466,3.8817577362060547
78073,4.1636881828308105
85984,4.625649929046631
71703,3.6594934463500977
7768,5.385631084442139
86434,4.749454021453857
9496,4.661593437194824
88125,4.8137078285217285
4167,4.862133502960205
106467,5.510335922241211
68702,4.279590129852295
92513,4.752833843231201
52256,4.9237895011901855
52945,4.368670463562012
41425,5.200324058532715
104374,4.838453769683838
3096,4.418400764465332
95,4.243328094482422
85270,4.920467376708984
74844,4.2215495109558105
100915,4.76170539855957
99932,4.733170032501221
15054,4.366576194763184
38875,4.385059356689453
72714,4.410421848297119
97157,4.197366237640381
40319,5.052709102630615
23874,4.8541259765625
29999,4.5511393547058105
32712,4.525304794311523
55035,4.702345848083496
106770,5.114937782287598
63643,4.524646282196045
6410,5.015141487121582
60172,4.20608377456665
93675,4.0224528312683105
52579,4.898385524749756
34453,4.6988844871521
35889,3.850109815597534
11230,4.068178176879883
16406,3.435084819793701
66723,4.40097188949585
51238,4.365335464477539
48704,4.858570575714111
83447,3.7139062881469727
17953,4.294206619262695
39921,3.9685888290405273
78674,4.542598247528076
46758,4.814587116241455
40464,4.249794006347656
40169,3.8232197761535645
103112,4.733664512634277
78790,4.732944488525391
44567,5.049485206604004
30418,4.728023052215576
8853,4.410427570343018
45273,4.952686786651611
58545,4.841442584991455
23999,4.7059326171875
73011,4.465760231018066
13835,4.600354194641113
2620,5.034819602966309
21867,5.165524005889893
23859,4.79042911529541
64911,4.628823757171631
16564,4.439039707183838
43012,4.995597839355469
86633,5.1104936599731445
11672,5.218732833862305
24964,4.930551528930664
40784,5.081593036651611
40586,4.756575107574463
89903,4.69382381439209
76866,4.310798645019531
107097,4.824333667755127
88665,4.5069146156311035
103308,4.364360809326172
64063,4.150352954864502
86615,5.083599090576172
34534,4.934288024902344
102351,4.933542251586914
3366,4.675109386444092
104786,5.190377712249756
106390,5.122886657714844
28678,5.17891788482666
21090,4.791207790374756
43926,4.937379360198975
68258,3.9880409240722656
27641,4.717607021331787
80344,5.048151016235352
88897,4.554457187652588
19907,3.743511438369751
16099,4.702308177947998
26696,4.66900110244751
69651,4.028126239776611
73454,4.198973178863525
60561,4.522344589233398
93944,4.179892539978027
19152,5.0985565185546875
55732,3.848890781402588
89799,5.191618919372559
101480,4.254580974578857
108288,4.522202491760254
12130,4.557941436767578
40635,4.4122090339660645
49098,4.813271999359131
71015,3.9756107330322266
4278,4.120950222015381
28494,4.701635360717773
83937,4.913310527801514
91842,4.874083042144775
39436,5.304069519042969
56934,4.393191814422607
96520,4.025500774383545
33780,5.168872833251953
103084,4.069947242736816
86437,5.098718166351318
77532,4.692525386810303
21239,4.269632339477539
41447,4.458615303039551
3713,4.4215826988220215
96889,5.197627544403076
71606,4.586065292358398
94525,4.598759174346924
13215,5.03001070022583
88685,3.7769699096679688
68200,4.431126117706299
17541,4.059243202209473
50357,3.544870376586914
101069,4.909433841705322
53152,4.088072299957275
80501,5.041752338409424
69460,4.495955944061279
17380,4.144291877746582
12813,4.793828964233398
64517,4.62870979309082
25550,4.790846347808838
10513,4.03962516784668
56904,4.36782169342041
76553,5.168883323669434
54525,3.873473882675171
13759,4.527987003326416
76486,4.455206394195557
16403,3.8866124153137207
8478,4.73626708984375
88681,4.508536338806152
38173,3.9875714778900146
86973,4.918766975402832
89538,4.69666051864624
103474,4.90299654006958
8986,5.009310722351074
24091,4.377691268920898
37423,4.550198554992676
8755,4.333635330200195
57121,4.119163990020752
48432,3.9192113876342773
29165,3.5206785202026367
33303,4.864074230194092
60674,4.717532157897949
80215,4.713846206665039
74281,2.905231237411499
99974,3.96833872795105
25126,4.626344680786133
70028,4.834375381469727
9796,4.698111534118652
1070,4.4669189453125
15189,4.317070007324219
67751,4.746480464935303
36754,5.1552348136901855
93660,4.1284990310668945
93243,4.664757251739502
97243,3.2949318885803223
75999,3.9901890754699707
61026,4.47890043258667
18586,4.753432273864746
10087,4.577457904815674
16010,4.0372724533081055
70912,4.80816125869751
20369,4.109752178192139
89498,4.567502021789551
66331,4.605769157409668
80776,3.95066237449646
82702,4.04618501663208
39162,4.677309989929199
66098,4.589230537414551
68505,3.887444257736206
50947,4.0268378257751465
66155,4.873971462249756
48774,4.101939678192139
24470,4.5413737297058105
3432,3.901874542236328
46251,4.835031986236572
24197,3.7238993644714355
216,4.094513416290283
5655,4.139111518859863
40378,4.37960958480835
56718,4.422914505004883
25216,4.765162944793701
12206,4.763212203979492
60036,4.419157981872559
94169,4.570987701416016
106838,4.684695720672607
4215,4.308584690093994
3892,4.894321918487549
48922,3.6196372509002686
72425,4.945838928222656
35309,3.6599926948547363
43095,4.845485687255859
77332,4.715982913970947
99284,4.777925968170166
38750,3.7998225688934326
98378,4.298187255859375
38019,4.8655900955200195
59909,4.251503944396973
64037,4.1729512214660645
98298,4.215106964111328
97936,4.896213054656982
90528,4.3678364753723145
6060,4.608065128326416
74696,4.815392017364502
47874,4.23874044418335
64813,4.7132978439331055
88011,5.0444769859313965
39398,5.126514911651611
23298,4.630859375
43351,5.131004810333252
77883,4.597486972808838
101345,5.048996448516846
77047,4.519505500793457
106637,4.652561187744141
78698,4.911106109619141
22718,4.989373207092285
19224,4.559869289398193
22443,4.7604475021362305
30967,4.959429740905762
12973,4.780045986175537
54773,4.503861904144287
17597,5.120917320251465
63729,4.665030002593994
73716,4.6587090492248535
66512,4.521857261657715
83833,4.9194560050964355
48845,4.703007698059082
52215,4.630054950714111
72751,5.069492816925049
87162,3.321103096008301
47639,4.720210552215576
9038,4.273953914642334
70777,4.334722518920898
85466,4.694240570068359
39764,4.4314985275268555
85843,4.703697204589844
93439,4.504853248596191
20737,4.883610725402832
53069,3.6288628578186035
79448,5.2344465255737305
63397,4.004108428955078
5772,5.30206298828125
50985,3.9057424068450928
88793,4.429322242736816
7263,4.868837833404541
9203,4.642268657684326
6702,4.33143424987793
50433,4.1798553466796875
33064,5.032565593719482
107325,4.360713958740234
18232,4.166908264160156
23449,4.73310661315918
90952,4.384356498718262
95994,4.487997055053711
49898,3.328359842300415
12818,4.425090789794922
99461,3.114980936050415
99654,4.297272682189941
18019,3.125818967819214
95332,4.421962738037109
21838,4.938797950744629
96786,5.04894495010376
83618,4.798528671264648
49696,4.822744369506836
21852,4.5680251121521
30507,4.891127586364746
101035,4.4072089195251465
57999,4.76735782623291
36683,4.030048847198486
33604,5.067604064941406
64990,3.9018447399139404
21267,4.9009199142456055
95050,4.925375461578369
49089,4.982298851013184
71104,4.956263542175293
81957,5.087902069091797
90146,3.6780691146850586
75952,4.311859607696533
12154,4.428872585296631
22011,5.439769744873047
182,5.132223129272461
92122,4.4860148429870605
18858,4.902423858642578
38364,3.897552967071533
55217,4.74779748916626
57874,4.415345191955566
26892,4.291225910186768
8508,4.51592493057251
46767,5.145707607269287
78020,4.324159622192383
69500,4.237573146820068
94747,3.172865629196167
61923,4.613038063049316
7497,4.899819374084473
84927,4.658292293548584
102168,3.699326753616333
12730,4.843416213989258
67346,4.458021640777588
78825,4.6541948318481445
70908,4.613502502441406
952,4.350701332092285
108365,4.1927714347839355
76432,4.864038944244385
26362,4.301525592803955
91949,4.541909217834473
76581,4.527483940124512
10447,4.670175552368164
9882,4.227787017822266
3034,4.848762035369873
93004,4.450621604919434
37911,5.0752363204956055
39223,4.689235210418701
34363,5.107912540435791
43884,5.117771625518799
70469,4.06768274307251
44394,4.8183064460754395
5860,4.905921936035156
18357,4.35546350479126
63325,4.808491230010986
58875,3.5771100521087646
54980,4.945432662963867
29543,4.851709365844727
47898,4.041928768157959
26743,4.9214186668396
64593,3.647545337677002
79090,4.053333759307861
76002,4.022292137145996
93976,4.349502086639404
94825,4.558201313018799
68414,3.9783554077148438
52318,3.781977653503418
95320,4.205836296081543
19921,2.8519766330718994
14406,4.505585193634033
38324,4.7634711265563965
35630,4.995344638824463
39897,4.888337135314941
38065,4.7160797119140625
52168,4.063750267028809
28297,4.268955707550049
1116,3.910332202911377
86380,4.655739784240723
47542,4.2721099853515625
25748,4.634542942047119
78983,4.696728706359863
98463,4.642444133758545
70231,3.5353479385375977
13714,4.317867755889893
19643,4.038207054138184
67487,4.599050998687744
63998,4.366424560546875
60290,4.492127418518066
98599,4.722447395324707
76982,4.0744829177856445
70162,4.62111234664917
59784,4.90255880355835
76463,5.2251787185668945
42736,4.451307773590088
8585,4.877614498138428
8420,4.477663516998291
26013,4.543797016143799
69532,4.459411144256592
91631,4.932523727416992
31668,4.75189733505249
11172,5.045780181884766
105311,4.50840425491333
72234,4.435995101928711
5630,4.973014831542969
21113,4.685471534729004
4965,4.9285359382629395
61398,4.761170387268066
102440,4.846243381500244
11975,4.183968544006348
98395,4.299393653869629
4114,4.642202854156494
19039,4.586454391479492
106453,4.225305557250977
61663,4.901444911956787
81387,4.511730670928955
26470,5.138032913208008
20381,4.849728107452393
97314,4.407703399658203
97281,4.735085487365723
41211,4.547095775604248
31530,4.617130756378174
82914,4.389427661895752
89175,4.479063510894775
42902,4.694870471954346
65644,5.129568099975586
68587,4.824106216430664
40946,4.788209915161133
25545,5.028513431549072
58264,4.3609490394592285
93759,4.403778076171875
33098,4.430251121520996
15638,4.942309379577637
102328,5.0351433753967285
26905,4.5279951095581055
59568,5.003727912902832
50141,4.300705909729004
51936,4.595507621765137
479,4.06596040725708
104986,4.563202857971191
52754,3.7924752235412598
94528,5.0570783615112305
434,4.458693981170654
57617,4.9318437576293945
1320,4.554004192352295
73173,3.8653452396392822
66541,4.97135066986084
34918,4.313919544219971
73895,4.319189071655273
85997,4.651028156280518
54789,4.163128852844238
105648,4.5387396812438965
57352,4.372363567352295
74361,4.184778690338135
32941,4.107110023498535
80915,3.954881429672241
3658,4.064311981201172
43503,4.864570617675781
14778,2.7891042232513428
85092,5.062761306762695
76778,4.444392681121826
24504,4.248551845550537
28266,4.376160621643066
4787,5.256895065307617
9360,4.812801837921143
22197,3.8448827266693115
10511,4.675004482269287
76277,4.211693286895752
46136,5.241939544677734
77969,4.839758396148682
37978,3.4389991760253906
67928,4.530449867248535
5451,4.754771709442139
60903,4.380451679229736
26672,4.933128356933594
21599,3.9616124629974365
101864,4.676383972167969
51446,4.295534133911133
79121,3.8164143562316895
2722,4.521656036376953
75257,5.268382549285889
20424,4.8855462074279785
1169,4.052651405334473
66027,4.61116886138916
66540,4.2718305587768555
55622,4.450839519500732
44615,4.727565765380859
15397,5.051185131072998
62803,3.004868984222412
82602,4.47075080871582
57629,5.099279403686523
74850,4.962535858154297
36839,4.8608551025390625
101562,5.003194332122803
38823,5.077418804168701
23032,4.286502838134766
45617,4.106180667877197
106253,4.44486141204834
46935,4.539163589477539
19693,4.471561908721924
61801,4.911632061004639
20112,4.65210485458374
60445,4.833245754241943
59117,3.9431405067443848
10246,4.335948467254639
30127,4.078112602233887
99939,3.6946449279785156
53233,4.037304401397705
35582,4.8917365074157715
15412,3.7812652587890625
88230,3.9744620323181152
38023,3.630418300628662
88575,4.721192836761475
82918,4.622394561767578
48218,4.938918113708496
97482,4.493612289428711
51258,4.552344799041748
12320,3.3691647052764893
2124,4.470714092254639
70262,4.780089855194092
23940,4.951298713684082
64786,4.329505443572998
61994,4.422244071960449
12726,4.680006980895996
100266,4.19638729095459
96318,4.098653316497803
39732,4.632197380065918
16705,4.053650379180908
30019,4.574379920959473
80253,4.6413068771362305
45457,4.374713897705078
60224,4.970747947692871
92997,4.475039482116699
45167,3.77006459236145
64526,6.156174182891846
3506,4.0876688957214355
80125,4.145020008087158
104937,4.251849174499512
58326,4.418120384216309
106282,4.530080318450928
93394,3.8947196006774902
91749,4.541245460510254
83820,4.825893402099609
45472,4.955272197723389
58741,4.754417896270752
95513,3.7126834392547607
65998,4.147269248962402
47,5.203896522521973
39266,4.7416276931762695
75747,4.6246795654296875
32325,4.193938732147217
27437,2.8433072566986084
17499,4.526493549346924
14173,5.360198497772217
46680,4.331772804260254
2758,4.547186851501465
18676,4.9521484375
16865,4.745811462402344
31002,4.439312934875488
105423,4.207545757293701
13064,4.646575450897217
73062,4.923438549041748
88284,4.750470161437988
44546,5.1419148445129395
79190,4.439701080322266
20135,4.7127251625061035
9694,4.196072578430176
72385,4.953739643096924
71453,4.682790756225586
90800,3.820505142211914
108588,4.91749906539917
98862,3.9373810291290283
12467,4.326767921447754
11725,3.9833908081054688
42838,4.657558917999268
47684,4.509853363037109
105734,3.9191431999206543
99289,3.3370378017425537
44577,4.465896129608154
52276,4.181797504425049
82168,4.70706033706665
46312,4.651908874511719
104240,5.450451374053955
75440,4.474637985229492
58459,4.577775001525879
82317,5.163297176361084
35800,4.618630886077881
97590,4.9462504386901855
91093,3.925185203552246
14279,5.1662516593933105
64060,4.2854132652282715
16149,4.818998336791992
67761,3.7760298252105713
83957,4.894726753234863
35753,3.615962028503418
49338,4.699582576751709
49927,4.501291275024414
19896,3.3550865650177
53910,4.43464994430542
39460,4.834636688232422
65086,4.520872116088867
101744,4.469506740570068
49331,3.246021270751953
36670,4.694701671600342
97997,4.698998928070068
8110,4.192758083343506
88787,4.603470802307129
87192,4.758149147033691
13309,4.895898818969727
65927,4.37856912612915
31461,4.592133522033691
12002,3.7398557662963867
28466,3.6507656574249268
91799,5.173293113708496
49346,4.634451389312744
28893,4.9502153396606445
8749,4.676694869995117
59508,4.228155136108398
20876,3.599762201309204
94946,4.851299285888672
76233,4.342235565185547
98088,4.357563018798828
36767,4.291561603546143
105710,4.2674665451049805
48503,4.207456588745117
26952,4.06007194519043
49080,3.555137872695923
54679,4.211722373962402
105565,4.734561443328857
91342,4.867586612701416
35618,3.561375617980957
104949,3.6901090145111084
33682,4.742190361022949
93720,4.527369499206543
82961,4.299473762512207
16238,4.905137062072754
81839,5.217093467712402
77966,4.507809638977051
76437,5.127383708953857
67561,4.059601783752441
82303,4.997800350189209
77128,4.112851142883301
7380,4.48737907409668
77971,4.259808540344238
52438,4.714212894439697
72508,5.2671098709106445
61682,4.019298553466797
24285,4.232972145080566
73773,4.843308925628662
26212,4.894092559814453
103883,4.565167427062988
58463,4.430809497833252
99167,4.723637104034424
20277,4.9869256019592285
105769,4.650928020477295
93891,4.529849052429199
48610,4.512649059295654
18673,4.471188545227051
95888,4.380090713500977
85788,4.221681594848633
85178,4.943018913269043
76135,4.897392272949219
4869,4.585470676422119
90763,3.9644126892089844
41904,4.746206283569336
54441,4.8103790283203125
52377,4.650767803192139
95702,4.7119364738464355
48261,4.203342914581299
24969,4.55458927154541
92207,4.107452869415283
52304,3.588082790374756
39875,4.577152252197266
56445,3.153696298599243
42832,5.16118049621582
66163,4.329583168029785
81459,3.245795249938965
33702,5.081150054931641
57411,3.726294994354248
5407,5.1841559410095215
9070,2.9191508293151855
51293,3.8405537605285645
81168,4.864255428314209
55543,4.039945602416992
59456,3.5019023418426514
39629,3.454185962677002
85223,4.733373641967773
41691,5.0558552742004395
73347,4.514771938323975
61129,4.889432430267334
68408,3.8595614433288574
94878,4.16472053527832
21685,4.910111904144287
7758,4.7853217124938965
94458,4.724729061126709
84442,4.76628303527832
57827,4.772192001342773
68103,4.816840171813965
46375,4.822648048400879
28146,4.536296844482422
21918,4.150902271270752
431,4.9286932945251465
73588,4.389108657836914
29926,4.745309352874756
29475,3.7742295265197754
100546,5.086358070373535
69872,4.393243789672852
104530,4.659607887268066
12797,4.813831329345703
29380,4.829419136047363
100397,4.4070281982421875
107755,5.177125930786133
3816,3.5374646186828613
28485,4.292336463928223
47367,3.930530309677124
84134,3.6394593715667725
80276,4.807652950286865
44210,4.193218231201172
77486,4.624117851257324
69720,4.406976222991943
3738,4.116908073425293
102135,4.586529731750488
20519,4.701098918914795
69330,3.9880096912384033
47198,4.2075700759887695
15701,4.852888584136963
104878,5.026979446411133
54055,1.9097403287887573
38814,4.597804069519043
16138,4.899198055267334
52127,4.899724960327148
40857,4.935270309448242
2597,5.003505706787109
35496,5.0859375
71283,4.241379261016846
46995,5.066041946411133
95237,3.761216878890991
95530,3.9119348526000977
23047,5.047972679138184
35234,5.249246597290039
23482,4.945157051086426
83198,3.554945945739746
108187,4.605772018432617
20739,4.431926727294922
88640,4.337836742401123
38240,3.9892683029174805
36169,4.793484210968018
13701,4.3747782707214355
76433,3.993049383163452
7325,4.9634175300598145
73318,4.3176727294921875
23713,4.4901204109191895
85860,4.685844421386719
15385,4.20313024520874
15731,3.526592493057251
38855,4.947581768035889
80788,5.000469207763672
35481,4.984240531921387
68742,4.6377058029174805
73839,4.982868671417236
104692,3.336315155029297
68229,4.070053577423096
74005,4.760828495025635
34897,4.255241394042969
646,4.1906023025512695
67679,3.9503581523895264
5820,5.20689582824707
8889,4.978379726409912
62412,4.930782794952393
20866,4.59409761428833
39763,4.5176286697387695
70116,4.766195297241211
49687,4.19582462310791
12053,4.154300689697266
59934,4.591298580169678
71333,4.558526992797852
25289,4.89597749710083
26046,4.90056848526001
55250,4.463405609130859
60020,4.209435939788818
62078,4.216624736785889
79880,3.887791156768799
106267,4.525390625
106973,4.587157249450684
77586,3.7735021114349365
11120,4.431788921356201
78646,5.193824768066406
43159,4.401061058044434
95055,4.196957588195801
64263,3.8757355213165283
81919,4.484996318817139
25954,4.176584720611572
55666,4.099332809448242
38733,4.364078998565674
87572,5.320115566253662
31128,4.12675666809082
20724,5.098026752471924
101958,4.8516693115234375
3099,4.146483421325684
9374,4.5596089363098145
23735,4.589620590209961
19593,3.724109411239624
73901,5.017238616943359
25834,5.146153450012207
30162,4.496461868286133
18054,4.357341289520264
83468,4.167008399963379
6019,4.373459815979004
63503,5.131943702697754
20964,2.818892240524292
57195,4.686393737792969
96997,4.990180015563965
7641,3.8670222759246826
92998,4.61205530166626
22614,4.754278182983398
76612,4.188283920288086
79041,4.162604331970215
7194,4.799168586730957
56288,5.25640344619751
86194,4.743812084197998
19348,4.853274822235107
5024,3.7863471508026123
57917,5.1232523918151855
7719,5.38694429397583
37664,4.5311479568481445
26797,4.270786285400391
81735,4.833736419677734
59799,5.233924865722656
14897,5.0794501304626465
89152,4.628771781921387
57037,3.266106128692627
66242,4.8765974044799805
51,4.743180751800537
23429,5.0363945960998535
106237,3.968140125274658
49615,4.668785095214844
51831,4.219395637512207
42662,3.8475921154022217
54603,3.390393018722534
38426,4.433351039886475
1518,5.0382561683654785
61404,4.822236061096191
4817,5.2020978927612305
14417,5.0811848640441895
33456,2.926420211791992
16318,5.058112144470215
62670,4.424226760864258
40620,5.104891300201416
79516,3.693432092666626
74437,4.455008506774902
80729,3.4470202922821045
17425,4.03217077255249
32398,4.960939884185791
91719,4.8503737449646
87431,3.5479483604431152
74276,4.9910430908203125
9611,4.027426719665527
64457,4.102017879486084
13426,4.142021656036377
91780,4.5192975997924805
84903,5.211788177490234
30248,4.099594593048096
43743,4.193238735198975
40286,4.275493144989014
107899,5.147556304931641
21969,4.869589328765869
86336,5.19646692276001
101334,5.301682949066162
97262,4.250759601593018
36233,4.269187927246094
74070,5.127432823181152
69475,4.331114292144775
90660,4.447610378265381
76980,4.758810997009277
4480,4.5381693840026855
7973,5.08066463470459
37512,4.8214802742004395
82033,4.741203784942627
28619,4.3068318367004395
93662,4.912050724029541
54761,4.566023826599121
77185,3.8513171672821045
8572,4.832966327667236
78334,4.44537353515625
51568,3.966064453125
1785,4.277305603027344
100781,4.61229944229126
64423,4.144223690032959
49874,4.647469997406006
47306,3.5710296630859375
37577,3.6157524585723877
104551,4.835556983947754
92798,4.728646278381348
78248,4.929015636444092
81637,4.629377841949463
54244,4.484066963195801
24170,4.438673973083496
61637,4.914730072021484
102923,1.954169750213623
54078,4.313384532928467
38910,5.301700115203857
9481,4.746708393096924
99761,4.371664524078369
66111,4.012988090515137
65805,4.4690470695495605
4804,5.1556715965271
103524,5.002554893493652
84396,4.44899320602417
98841,3.964200496673584
20541,4.1358513832092285
67795,4.944840908050537
134,5.126589298248291
78107,4.730720520019531
38659,4.202917098999023
85858,4.644846439361572
34860,4.868941307067871
62995,4.846188545227051
10317,5.318253517150879
810,3.4348819255828857
59286,4.8734049797058105
53124,4.723258018493652
94822,4.181236743927002
40796,5.249696254730225
55737,3.850435733795166
54591,3.270432233810425
66912,4.393653392791748
107351,4.888312816619873
69994,5.111161231994629
41022,4.296286106109619
73695,3.618161201477051
16490,4.737705707550049
83763,4.4354047775268555
45361,4.567593574523926
77534,4.205430030822754
60387,4.4804816246032715
103075,4.114709854125977
68337,3.9440114498138428
82185,5.042603492736816
59928,4.5783209800720215
48094,4.493332862854004
5595,4.87520170211792
77972,4.7750043869018555
48336,3.6375389099121094
61804,4.66128396987915
84688,4.448956489562988
55206,4.132796764373779
50665,4.246403694152832
50361,4.560516357421875
108237,4.753610610961914
2086,4.304500579833984
50499,4.521322727203369
8107,4.788141250610352
54385,2.492985963821411
13462,4.8890886306762695
26028,4.708133697509766
102076,3.536886692047119
44721,5.186886787414551
102078,3.8736939430236816
14184,5.0084967613220215
78155,4.9281325340271
59083,4.916842937469482
58399,4.644567012786865
98558,4.938812255859375
14597,3.9236202239990234
78969,4.055566310882568
80111,5.109413146972656
88322,5.0301361083984375
82431,4.518800735473633
48529,3.9656338691711426
49307,4.101357936859131
42018,4.615641117095947
77958,3.7643494606018066
38656,3.9062857627868652
32355,4.368445873260498
55219,4.587146282196045
17982,5.169736862182617
77444,3.5859086513519287
18804,4.156353950500488
107245,4.132077217102051
39735,4.020996570587158
81738,5.094991683959961
67429,4.747958660125732
3266,4.437082767486572
99194,3.601088047027588
102203,4.616727352142334
57919,4.925196170806885
30325,3.9965720176696777
63014,4.914522647857666
50012,3.722959041595459
98776,4.30422830581665
100399,4.532978534698486
108327,4.3782501220703125
27965,4.5506696701049805
74911,4.134919166564941
58325,3.487814426422119
21322,4.318724632263184
61533,5.029324054718018
46493,4.937870979309082
19404,4.829605579376221
75827,4.754525184631348
1736,4.573578357696533
89600,5.094877243041992
22946,3.7705013751983643
105176,4.221169471740723
26824,4.4412078857421875
30779,3.975822925567627
2178,4.074855804443359
72218,3.6660637855529785
56056,4.514407634735107
11574,4.354870319366455
59420,4.496784687042236
27907,5.2013726234436035
49870,4.877774715423584
58780,5.031247138977051
3595,4.400689601898193
100624,4.753476619720459
43430,4.75737190246582
2205,4.974864482879639
31264,3.201324701309204
102383,4.247137069702148
68066,3.4876177310943604
60356,4.086106300354004
81469,4.692965030670166
88958,3.839761734008789
76279,4.59163761138916
2221,4.636971950531006
93201,4.859145164489746
66076,4.335903644561768
93689,4.647816181182861
26897,3.7150509357452393
102475,4.995972633361816
91909,4.663351058959961
18723,4.189112663269043
77689,4.973700523376465
41831,4.322222709655762
12025,4.610065937042236
92886,4.057759761810303
99912,4.561359405517578
66549,4.926398277282715
64703,4.953277111053467
81453,4.862462520599365
21868,5.168455600738525
104507,3.488581895828247
29564,4.679657936096191
26721,4.345615863800049
28773,3.836050033569336
44388,4.996303558349609
98757,4.5350422859191895
17812,4.750532627105713
106654,4.682956695556641
65422,4.876525402069092
17428,4.753393650054932
55200,4.241052150726318
68451,4.653231620788574
105819,4.641829967498779
96298,4.636533260345459
22209,3.1678719520568848
72902,4.896170616149902
41404,4.775866985321045
103009,4.597007751464844
69658,4.719762802124023
80649,3.411120891571045
10588,4.002831935882568
96053,4.840250492095947
107473,4.541615962982178
62397,4.645175933837891
101448,4.600660800933838
11316,4.330942630767822
9129,4.006512641906738
40460,4.166849136352539
70577,4.859620571136475
82909,4.74739408493042
14979,4.4568657875061035
12644,4.7179694175720215
7808,5.320350170135498
63805,5.957974910736084
42065,5.049775123596191
103929,5.228546142578125
76347,5.097631454467773
3364,3.8757998943328857
86518,4.493963718414307
107291,4.399261474609375
94916,4.7936787605285645
38654,4.559300899505615
52875,4.629403114318848
107643,4.921060085296631
102401,4.4763898849487305
75985,4.159560680389404
106441,4.8894758224487305
69726,4.5511474609375
42060,4.566420078277588
37412,4.809633255004883
90621,4.737303256988525
82164,4.6960601806640625
107701,3.8893227577209473
52684,4.015873908996582
80247,4.542206764221191
108559,4.965837478637695
893,3.5001986026763916
71006,4.5104546546936035
23286,4.194310665130615
103423,4.827240943908691
19821,5.040207386016846
39364,5.051427364349365
47936,4.585779190063477
68517,4.446101665496826
97837,4.25295352935791
108483,5.140873432159424
59030,4.997056484222412
102779,4.46706485748291
61694,4.886657238006592
90520,4.550839424133301
82326,4.826284408569336
18350,4.013636589050293
28088,4.514497756958008
31656,4.065709590911865
72695,4.233383655548096
28526,5.197208881378174
91039,4.458710670471191
7573,4.733819007873535
12385,4.082943916320801
65117,3.679868221282959
72798,4.389176845550537
76372,5.080994129180908
32074,4.604682922363281
34122,4.464338302612305
26802,4.530788421630859
89924,4.740978717803955
28101,4.831982612609863
24668,4.518859386444092
9519,4.947662830352783
41244,4.390764236450195
1259,5.19665002822876
96736,3.4857938289642334
33170,3.9661247730255127
47091,4.627257347106934
2352,4.892242431640625
19586,4.179770469665527
62874,2.755497932434082
61762,3.7699952125549316
66792,4.176631927490234
90363,5.0568132400512695
48882,3.707540512084961
48300,4.719794273376465
5488,4.7023091316223145
87782,4.778484344482422
20688,4.930537700653076
3839,4.334297180175781
82814,3.717695951461792
3979,2.872955799102783
6819,4.949070930480957
13967,3.8499178886413574
15346,4.371378421783447
50584,4.8093485832214355
2059,3.5916197299957275
108161,4.260405540466309
78586,4.600835800170898
100190,4.182565689086914
36726,3.3143506050109863
47370,4.164517879486084
32211,4.962304592132568
37646,2.9106082916259766
48674,4.412464618682861
52150,4.899914264678955
31816,4.7819671630859375
61248,5.196307182312012
44676,4.318511486053467
67328,4.270807266235352
64670,4.219505786895752
31630,4.727588653564453
1812,4.896366119384766
22308,4.5579915046691895
107286,4.347812652587891
15040,4.485714912414551
12387,4.5293684005737305
36270,5.005646228790283
44404,4.739245891571045
35807,4.776883602142334
38715,4.164277076721191
106538,3.1029255390167236
89602,4.842613697052002
89840,5.142947673797607
82232,5.487085819244385
28946,4.765064239501953
48254,5.10084342956543
19815,4.6992011070251465
87000,4.641472339630127
67706,3.9650144577026367
106588,4.306578636169434
86309,4.689677715301514
84443,4.361446857452393
64685,4.886220932006836
50844,4.446959972381592
26279,5.002588272094727
31494,4.584413528442383
38669,4.567371845245361
101610,4.937607765197754
86975,4.343481540679932
66901,4.314949989318848
43225,4.393458843231201
96094,4.890432834625244
68256,4.476043701171875
89942,4.779490947723389
59342,4.7807135581970215
35411,5.147916793823242
72560,4.627131938934326
101108,3.8947982788085938
35336,3.332651138305664
5561,4.362881660461426
5450,5.347470760345459
26529,4.481492519378662
80037,4.887405872344971
28097,2.680356502532959
2930,5.167397975921631
48297,4.566626071929932
33946,4.428786277770996
67330,3.4785265922546387
24549,4.3050761222839355
13281,4.354065895080566
108447,4.570757865905762
108197,4.444852352142334
78644,4.088302135467529
5195,4.4617695808410645
10373,4.366635799407959
17296,4.215007781982422
59404,4.090648651123047
2233,3.846298933029175
13150,4.9826579093933105
75874,4.526069164276123
101894,4.571381092071533
96861,4.777041435241699
28971,4.2037577629089355
67954,4.919295310974121
16269,4.755344867706299
86643,5.105401992797852
36961,5.1463751792907715
66183,4.6902265548706055
76961,5.1580424308776855
27357,4.602138996124268
37294,4.976490020751953
70385,4.036529064178467
81329,4.778028964996338
15591,3.946493625640869
83589,4.951507091522217
73108,3.864805221557617
90410,4.948441982269287
63538,5.222090244293213
81119,4.8236002922058105
62022,4.788998126983643
75484,4.307571887969971
1074,4.5892558097839355
1619,5.249476909637451
97103,4.912814140319824
23061,4.505508899688721
68584,5.006510257720947
24421,4.0550456047058105
102460,4.90442419052124
78455,5.226818561553955
95983,4.376527786254883
80130,4.9979472160339355
101450,4.892919540405273
11766,4.923954486846924
93741,5.080887794494629
57035,4.408146381378174
108095,4.358603000640869
815,4.463549613952637
86627,4.918099880218506
94943,4.843860626220703
39805,4.092592716217041
14244,4.907294750213623
101166,3.661679983139038
42822,5.024909973144531
62346,5.069176197052002
98210,3.2276291847229004
3202,4.569843292236328
96146,3.9688103199005127
24741,4.6143999099731445
61692,4.239004135131836
16023,4.564328193664551
89735,4.925791263580322
15006,4.803295135498047
82273,5.104963302612305
106531,4.675171375274658
58501,5.009086608886719
44943,4.856144905090332
60636,4.326313495635986
77636,4.13443660736084
4597,5.029552936553955
107859,4.613715171813965
84198,4.573742389678955
91647,4.808871746063232
66039,4.691542148590088
85710,4.784976005554199
105508,4.947188854217529
20843,4.55202054977417
60272,4.112485408782959
22386,4.055790901184082
4482,4.256575107574463
104773,4.458029270172119
45375,4.10467004776001
30034,4.908862590789795
91130,4.661158084869385
68855,3.8828508853912354
21898,3.9645979404449463
29736,4.4142303466796875
88662,4.219901084899902
39158,3.480980634689331
89957,3.8695385456085205
80609,5.100539684295654
11489,4.71896505355835
107171,3.590982437133789
89019,4.461368083953857
105789,4.387184143066406
99528,5.364101886749268
35353,3.3485374450683594
42947,4.48841667175293
60155,4.494488716125488
1160,4.8853373527526855
50753,4.694297790527344
22919,4.616251468658447
78086,4.8234944343566895
94631,4.27999210357666
59902,3.7873711585998535
63567,3.8660874366760254
66822,4.538745880126953
42520,4.772192001342773
10442,4.804430961608887
11946,4.778429985046387
81986,5.040302276611328
29942,4.702441215515137
22316,4.711730480194092
14236,4.287463188171387
48722,4.2182793617248535
17661,4.61433744430542
69678,4.8209991455078125
87628,5.123752593994141
85450,4.324838161468506
93461,4.194957733154297
20768,5.2209553718566895
69869,4.613734722137451
1011,4.81373929977417
13664,4.571939468383789
54606,4.5423479080200195
47556,3.858609437942505
91340,4.8509368896484375
11777,4.755509853363037
47609,4.826697826385498
2767,4.810740947723389
25922,4.888243198394775
84835,5.033153533935547
31424,4.433434963226318
75572,4.738069534301758
15786,4.849693298339844
18731,4.085477828979492
50681,4.9233269691467285
15422,3.6561279296875
43714,4.22282600402832
94413,4.3919267654418945
28509,3.2110178470611572
55999,4.298964977264404
55312,4.567869663238525
70987,4.6463727951049805
37432,4.856313228607178
11173,4.670857906341553
24857,4.513623237609863
20990,4.865161895751953
22460,5.038842678070068
67774,4.718059539794922
18296,3.700676679611206
70624,3.930962085723877
9990,3.85032057762146
20824,3.571681261062622
93122,4.314180374145508
38384,4.394897937774658
30268,4.739657402038574
18436,5.149009704589844
76422,5.229914665222168
67564,4.249041557312012
10479,4.416589736938477
104879,4.924417018890381
96269,3.942770481109619
28621,3.77276873588562
1459,4.289021015167236
1469,5.05872106552124
78442,4.924083709716797
17379,3.7238967418670654
79389,4.750975131988525
74466,4.977856159210205
