ID,Rating
84634,4.907036304473877
55852,4.38270378112793
28875,5.219113826751709
94134,4.907662868499756
31501,4.8675618171691895
105499,4.543448448181152
108116,4.811776161193848
101798,4.9884233474731445
99199,4.795295715332031
11393,3.95719838142395
55414,4.379141330718994
77039,5.039724349975586
64525,3.6345748901367188
29028,5.03478479385376
75275,4.131956577301025
78258,4.4825263023376465
3233,3.656480312347412
84806,5.011055946350098
53333,4.752232074737549
81867,4.520062446594238
37733,4.826585292816162
4567,4.558827877044678
24853,4.646456718444824
85738,4.958520889282227
40311,5.172706604003906
32881,4.540403366088867
62654,4.646267890930176
37370,4.695544242858887
89086,4.483992099761963
32896,4.927731990814209
10820,4.360938549041748
1006,3.662440061569214
53943,4.3712615966796875
22287,4.562326431274414
45860,4.897616863250732
9540,4.365204811096191
83222,4.889608860015869
90940,4.51682186126709
94443,4.764995574951172
48577,4.218850135803223
60054,3.7395904064178467
18633,5.158700466156006
24815,3.8127200603485107
57353,4.017943859100342
10803,3.081172227859497
18398,4.641496181488037
8857,4.383738994598389
43732,3.9435458183288574
65942,4.616157531738281
22847,4.63723611831665
89208,4.874624252319336
66542,4.061600208282471
45260,5.10197114944458
43860,4.916788101196289
12685,4.84432315826416
25831,4.528069972991943
62610,3.902282953262329
70860,3.4750783443450928
29336,4.717211723327637
103820,4.252845764160156
51707,4.784987449645996
4655,4.953550815582275
16520,4.853817939758301
53163,5.382559776306152
55292,3.476233959197998
16998,5.019598484039307
70344,3.4717462062835693
25412,4.503922462463379
78270,4.7608160972595215
32060,3.9420018196105957
49592,5.032587051391602
27879,4.552896022796631
4555,4.578501224517822
103899,4.657816410064697
39323,4.748501300811768
100495,3.947918653488159
21358,4.5817179679870605
75173,4.517629623413086
54967,4.146851539611816
16401,4.410333633422852
103062,4.193949222564697
37100,4.387591361999512
30075,4.468099117279053
1701,4.125131130218506
101632,5.1045989990234375
47759,3.5388286113739014
84548,4.689011573791504
99242,5.0621185302734375
84053,4.6496500968933105
34588,4.929262161254883
103841,4.548083782196045
39566,5.295058250427246
83027,4.868221282958984
49808,4.256750583648682
45190,4.3741374015808105
56826,4.797362327575684
31661,4.405997276306152
21145,4.121346473693848
24215,4.162793159484863
101004,4.841491222381592
35642,3.1483891010284424
50210,4.2298383712768555
86310,5.101604461669922
96716,4.170062065124512
77248,4.393935203552246
4265,4.6792378425598145
41018,4.3137640953063965
28813,4.665073871612549
107894,4.439280033111572
5357,3.3274152278900146
15108,4.336084365844727
52227,4.593972206115723
57,4.556568145751953
45598,4.494850158691406
103905,4.2501325607299805
17473,4.013871669769287
3440,4.97636079788208
85268,4.8977789878845215
31033,4.850620746612549
68576,4.777104377746582
92890,4.761716842651367
90933,5.041003704071045
91916,4.527833461761475
31725,5.063338279724121
5256,4.587616920471191
33746,4.3130083084106445
56366,4.373317718505859
507,3.9381518363952637
30370,4.994420528411865
96891,4.3516764640808105
84353,4.280505180358887
43943,4.267238140106201
68902,4.522712230682373
64395,4.779673099517822
32871,4.245046138763428
38427,4.871711730957031
40243,5.113215923309326
41730,5.1626715660095215
13914,4.684141159057617
70199,4.731431484222412
62436,4.187635898590088
98055,4.623233795166016
68261,4.818633556365967
108137,3.973111152648926
57774,5.224390029907227
1038,4.786139488220215
100837,4.486870288848877
66946,4.388607501983643
74938,4.495453357696533
94814,3.4388465881347656
101561,4.822071552276611
24927,4.76729679107666
78231,5.266359329223633
37202,4.2271223068237305
60546,3.786224842071533
34665,5.4435505867004395
74157,4.848490238189697
85187,4.306047439575195
16415,4.665234088897705
36452,4.969265937805176
47493,3.5043118000030518
98411,4.148873805999756
16541,4.335965633392334
78752,4.153205871582031
82486,5.154716491699219
38459,4.690267562866211
61104,3.7475244998931885
98538,3.54988169670105
49482,3.6097044944763184
26934,4.635506629943848
97905,4.20451545715332
98485,4.643709182739258
88408,4.922346115112305
76974,4.44738245010376
52890,4.568517684936523
37902,5.137343883514404
66839,3.700890064239502
20262,4.9365105628967285
33753,4.4937424659729
94488,3.4807472229003906
47638,4.990475654602051
28682,4.442408084869385
98045,4.647797107696533
73541,4.2696213722229
12101,4.527785301208496
39955,4.798585414886475
23590,4.045997142791748
7587,5.1035871505737305
13596,4.690120220184326
2068,4.924359321594238
41323,4.78544282913208
30957,4.414148330688477
14715,4.470814228057861
76583,4.649664878845215
25752,5.025303363800049
104719,4.212101936340332
8348,5.253236293792725
51112,5.248106479644775
37579,4.763477325439453
102278,4.675217151641846
89686,3.408576488494873
95841,4.596959114074707
97475,4.080136775970459
43505,4.823014736175537
59833,4.892663478851318
33836,4.72647762298584
30891,3.7575764656066895
94875,3.806331157684326
9708,5.05251932144165
28353,4.6110944747924805
87252,4.3596906661987305
24739,3.443192958831787
66181,5.019466876983643
21049,3.9786758422851562
59596,5.118919372558594
19291,4.967338562011719
1272,5.09442663192749
14562,4.6907806396484375
2804,4.768430233001709
102324,3.7685658931732178
100293,3.58548641204834
27763,4.797487258911133
94844,3.8626554012298584
8229,4.451804161071777
36977,4.945766925811768
62824,3.2698116302490234
17142,4.798712730407715
15072,4.593873500823975
45462,4.483916282653809
21727,5.079460620880127
43268,3.8699920177459717
75820,4.855525016784668
55103,4.465086936950684
100681,2.9723362922668457
20383,4.399636268615723
21132,4.769280910491943
104967,4.193987846374512
69738,4.453216552734375
37547,4.619933128356934
21570,4.149768352508545
4375,3.711986780166626
21257,4.496694564819336
102465,3.9857537746429443
99082,3.981065273284912
4217,4.210318088531494
67481,4.533578395843506
31346,4.385534763336182
73124,4.832874298095703
1025,4.461696147918701
43424,4.987827301025391
59800,5.051924705505371
67994,3.5282325744628906
108581,5.08945369720459
91241,3.190209150314331
91441,4.741450309753418
61237,4.695998668670654
55172,5.028412342071533
95373,4.4233293533325195
99665,4.212714672088623
18918,4.417303085327148
74509,5.135894775390625
26170,4.839256286621094
92830,4.446382522583008
82037,4.932201385498047
12683,3.6585168838500977
92275,4.522894859313965
2314,3.7436890602111816
16583,4.860622882843018
30559,3.445169448852539
48627,4.428163051605225
62227,4.407796859741211
79363,4.253594875335693
83300,4.808207988739014
10498,4.50752592086792
86409,4.789459228515625
52273,3.720438241958618
104871,4.859519004821777
14,4.7961554527282715
106653,3.119753360748291
77774,4.464816093444824
60358,4.862627983093262
1855,3.534017324447632
91304,4.1243085861206055
68320,4.82246208190918
41853,4.705204486846924
74630,4.521408557891846
88506,5.207424163818359
104172,4.659803867340088
58867,4.210563659667969
59115,3.9404826164245605
20070,5.098717212677002
6415,4.839893817901611
68750,4.927504062652588
71965,4.864566802978516
104900,4.962136268615723
54622,4.625079154968262
96161,4.778988838195801
40765,4.831984519958496
55647,4.29682731628418
93954,4.840209484100342
30889,4.907928466796875
82975,4.873344898223877
47063,4.6931047439575195
11075,4.415291786193848
104585,4.904957294464111
54756,3.9036645889282227
54729,4.934497833251953
17561,5.167530059814453
91520,4.982232570648193
2483,4.190324783325195
50743,4.175207138061523
31099,4.602222919464111
7424,4.857158184051514
17343,4.570590019226074
65070,4.224686622619629
44352,4.666309356689453
66080,4.498930931091309
75355,3.5308494567871094
66717,4.401488304138184
12399,3.74992299079895
17715,4.046301364898682
4800,4.98243522644043
78361,4.714417934417725
86937,5.09555721282959
57355,4.956938743591309
97426,4.407158374786377
61213,4.580054759979248
84131,4.603036880493164
84190,4.769147872924805
82692,4.44724178314209
3101,4.8558197021484375
101786,4.174663543701172
87832,4.318586826324463
39714,4.228928089141846
14544,5.031296253204346
30764,5.200973987579346
92460,4.614011287689209
12093,4.474044322967529
55563,4.987712383270264
41723,4.225104808807373
105291,3.5100340843200684
12109,4.3419294357299805
52262,4.822261333465576
40853,5.164966583251953
38257,3.1131856441497803
65951,4.442025184631348
52188,4.054216384887695
44963,5.0240960121154785
11770,4.499307155609131
2507,4.715447425842285
61483,4.146475791931152
56260,4.8306050300598145
65396,4.817482948303223
5070,4.049371719360352
106487,2.957155466079712
74350,3.966935396194458
15804,3.943188190460205
53551,4.695311546325684
44108,4.244872093200684
6212,4.767267227172852
40248,5.050511837005615
74530,4.944918155670166
68350,4.9210429191589355
53088,3.7553226947784424
91070,5.321352005004883
103461,2.7857940196990967
13537,4.9102067947387695
9428,4.63497257232666
84639,4.3572916984558105
68637,4.904420852661133
18182,4.731441497802734
3175,4.04246711730957
17787,4.761075973510742
16002,3.7844502925872803
6788,4.557602405548096
88997,5.025733947753906
93756,4.789397716522217
29068,4.516338348388672
64496,4.53162145614624
34649,4.94603157043457
99228,5.094262599945068
41715,4.611992359161377
14330,4.130161285400391
104454,4.517577171325684
55825,3.9551713466644287
40349,4.971429824829102
86535,5.252416133880615
46406,4.371730804443359
62909,4.381742477416992
13229,5.160282611846924
1226,4.468438625335693
86565,4.663824081420898
89074,4.768310546875
8060,4.487476348876953
3050,5.354726791381836
26516,4.152857303619385
704,4.432065963745117
99804,4.937066555023193
80190,5.123307704925537
1473,3.94150447845459
73627,4.941788196563721
7504,5.0971999168396
36679,4.470224857330322
11022,4.037688255310059
90074,4.0714640617370605
9973,4.3693156242370605
106822,3.956403970718384
65752,4.343711853027344
57220,4.462358474731445
91151,4.538656711578369
95183,4.640636444091797
102616,4.60907506942749
54088,4.160696506500244
54823,4.453662872314453
92459,4.810539722442627
53092,4.345314025878906
35554,4.592555999755859
20664,4.566477298736572
1978,4.43632173538208
30073,4.869182586669922
5429,5.275000095367432
32562,4.9560112953186035
70357,4.782243251800537
88415,4.8782830238342285
50294,3.61196231842041
27934,4.521557331085205
30898,4.215260028839111
28963,4.242222309112549
94059,4.037066459655762
53771,4.813896656036377
1675,3.6993329524993896
3300,4.467328071594238
55482,4.959804534912109
39411,5.291290760040283
60734,4.664741039276123
32531,4.813149929046631
75050,4.538144588470459
55015,3.9008941650390625
29430,4.867814540863037
70634,4.6314167976379395
29627,4.1873779296875
14845,4.256615161895752
52426,4.31229305267334
18305,2.264326810836792
19260,2.1059534549713135
34016,4.851836204528809
37181,3.789994955062866
61527,4.718128204345703
56758,3.879908323287964
33116,3.0178017616271973
94899,4.67835807800293
19435,4.246161460876465
76694,4.684281826019287
88869,4.218031883239746
53221,4.223510265350342
71646,4.246891021728516
90784,3.6295130252838135
73275,4.642358303070068
71665,4.0122833251953125
20468,4.678830146789551
8633,4.705612659454346
95315,3.947699785232544
60590,4.209655284881592
79153,5.002057075500488
50333,4.793224334716797
62308,4.6270222663879395
564,3.04506778717041
33917,4.946244716644287
100815,4.891415119171143
79118,4.897623062133789
58355,4.565907001495361
4176,5.112251281738281
102206,3.551499605178833
40433,5.296130657196045
36302,4.3513054847717285
10981,3.954590320587158
47406,4.62429666519165
91836,4.959019184112549
8616,4.371598720550537
38713,3.969632863998413
77868,4.754828453063965
20795,4.636749267578125
90950,4.530601978302002
22694,4.541441917419434
65887,3.5807600021362305
21880,5.201559543609619
27834,4.670660972595215
57616,4.73822546005249
21241,4.783166885375977
107527,3.6372299194335938
18863,4.575041770935059
54456,5.138605117797852
30628,4.442356109619141
99557,4.535159111022949
93574,4.754735946655273
26048,4.682549476623535
69006,4.642242908477783
89730,3.4521543979644775
31961,4.56159782409668
23160,4.764945983886719
94373,4.541416168212891
14929,4.517879486083984
31981,4.117423057556152
37018,4.627732753753662
63724,3.315051317214966
66643,5.311391353607178
90994,4.67055606842041
78918,5.081705093383789
51573,4.810710430145264
76821,4.630210876464844
36009,4.26358699798584
67227,3.9744467735290527
82137,4.594130992889404
13230,4.856342315673828
1382,3.958505868911743
62588,4.4385480880737305
103237,4.249973297119141
37964,4.673219680786133
26834,4.978090286254883
23678,5.003410339355469
54410,4.021106719970703
76161,4.065129280090332
24274,4.8317341804504395
41508,4.347768306732178
71304,3.1449882984161377
50858,3.794304609298706
17779,4.84979248046875
73177,4.765450477600098
61387,4.982371807098389
65599,4.728516101837158
37810,4.949901580810547
4615,5.213160991668701
90970,4.584603786468506
32436,3.2777180671691895
30593,5.338387966156006
42296,4.919234752655029
66850,4.153232097625732
57176,4.590408802032471
72114,3.2378647327423096
65331,5.097326278686523
4436,4.387313365936279
36921,5.050313472747803
4306,4.1960954666137695
57934,4.675003528594971
25965,4.64042854309082
7538,4.81902551651001
53548,4.34127950668335
104825,4.701498985290527
22928,4.610016822814941
86365,4.450113773345947
2325,3.9673352241516113
54412,3.1188743114471436
4030,4.329206943511963
32593,4.788921356201172
40772,4.858067989349365
74708,4.896501541137695
10483,4.605909824371338
107820,5.1882781982421875
108440,4.796595096588135
49721,4.842864990234375
85702,4.492608547210693
10808,4.9331488609313965
50180,4.345834255218506
45624,3.961725950241089
83541,3.822122573852539
75768,4.104583740234375
78897,3.5454888343811035
94009,3.719280958175659
91971,4.287853240966797
74998,4.581676006317139
73171,4.340760231018066
79181,5.257183074951172
27261,4.333255290985107
101878,2.341351270675659
11504,4.21334981918335
6026,4.329924583435059
92342,4.180129051208496
40480,5.23337459564209
98747,4.27998161315918
77022,4.969845294952393
8066,4.321310043334961
3156,4.272449493408203
66297,4.764500141143799
67725,4.419943809509277
31144,3.4323761463165283
43406,4.456133842468262
20684,4.278347015380859
34791,4.1645121574401855
40912,5.192416191101074
28651,4.811906814575195
57519,4.536520004272461
92674,4.812537670135498
35932,4.770230293273926
63674,4.512515068054199
107250,4.081124782562256
66182,4.79746150970459
56834,4.235844612121582
19971,3.6974024772644043
57840,3.8730242252349854
33997,4.480495929718018
103094,4.253150463104248
106935,4.785786151885986
88037,3.5665745735168457
95101,3.1658079624176025
39543,5.01927375793457
82571,5.433139801025391
90349,4.8855743408203125
18409,3.3929293155670166
21189,4.6829833984375
73652,4.435582637786865
23891,5.190397262573242
82868,4.092936992645264
59831,3.8978607654571533
88044,2.819380044937134
54264,4.6741414070129395
43266,4.728899955749512
5777,4.751033306121826
98743,3.601708173751831
39565,4.92756986618042
12671,4.840236186981201
24357,4.5739617347717285
107713,4.8272294998168945
8570,4.168460369110107
16993,4.498228549957275
78276,4.919476509094238
11300,4.391977787017822
88495,4.370106220245361
4853,4.5862507820129395
60307,4.214319229125977
105753,4.442460536956787
53604,4.357354640960693
7121,4.860990524291992
98789,5.896055698394775
42003,4.844997406005859
44778,5.025846004486084
48216,4.792551517486572
16004,3.962703227996826
42930,4.549359321594238
50668,4.918208599090576
101635,4.2158379554748535
81191,4.337308406829834
56688,4.038735389709473
58593,4.125956058502197
105131,4.460703372955322
11096,3.8591599464416504
80416,5.039290904998779
74409,5.3510212898254395
2650,4.823452472686768
4420,4.603955268859863
87419,4.746351718902588
10155,4.747928619384766
103660,2.9202756881713867
24825,4.455730438232422
13070,4.376535892486572
108175,4.678831577301025
57522,4.840939998626709
34377,4.961174488067627
108472,4.694458484649658
87397,3.8117358684539795
71165,5.133028507232666
92503,3.8371472358703613
51764,4.224305629730225
61160,4.172619819641113
25152,5.06063985824585
54137,4.733058452606201
96471,5.767594814300537
59051,3.97278094291687
102698,4.428305149078369
84684,4.6022748947143555
83436,4.727880001068115
35043,4.937857151031494
32307,4.7870025634765625
102197,4.543400287628174
51225,4.034355640411377
104316,4.649650573730469
87304,4.890698432922363
90795,3.237771987915039
57803,4.43154239654541
26885,4.660874366760254
74493,5.01116943359375
59612,3.699110746383667
83661,4.941158294677734
106101,4.963498115539551
28462,4.661068439483643
50527,4.402342319488525
45500,4.897804260253906
17439,4.685185432434082
34977,4.970783710479736
77197,4.88657283782959
14713,4.195901870727539
102896,4.780567646026611
71051,4.09827995300293
38165,3.9669485092163086
20323,4.468656539916992
49604,4.452795028686523
104627,4.688814640045166
63817,4.602790832519531
44573,4.01383113861084
6918,4.042191505432129
15779,4.4726433753967285
47443,3.659780979156494
58464,5.0616044998168945
14627,4.599579334259033
3065,5.097781181335449
15637,4.672604560852051
7639,4.998236656188965
7577,4.508211612701416
19101,4.260788917541504
36047,4.347837924957275
48168,4.625091552734375
92609,5.096314430236816
50883,4.164690971374512
105515,3.955132007598877
25916,5.213872909545898
89581,4.681708812713623
99478,4.449110507965088
37943,4.781792163848877
54253,4.184077739715576
51023,4.958290100097656
45984,4.9031243324279785
34933,4.64033317565918
86160,3.968655586242676
48004,4.605359077453613
7529,3.9873037338256836
58188,3.564058303833008
7985,3.736795425415039
79230,5.091197967529297
8867,4.083045959472656
31401,5.358963966369629
79137,5.151955604553223
58717,4.910247325897217
30735,3.955584764480591
68655,4.994736671447754
3660,4.328238010406494
5940,5.01191520690918
85407,4.6224541664123535
39700,4.82070255279541
92018,4.639587879180908
40391,3.8690438270568848
85855,4.738269805908203
62907,3.495044231414795
56587,4.515507221221924
80302,4.880407810211182
52841,3.344066858291626
51063,4.957759857177734
28185,3.958461046218872
8132,3.1563522815704346
22720,4.479458332061768
38762,4.006289482116699
79285,4.7493977546691895
77173,5.040097713470459
62084,4.815064907073975
1102,4.247129917144775
79360,4.813644886016846
10010,5.007725238800049
34530,4.547051906585693
46208,4.368925094604492
69421,5.028666019439697
21234,4.77017068862915
4363,4.780693054199219
73101,4.475986957550049
58086,3.689537525177002
107131,4.818200588226318
50971,4.724132537841797
63220,4.147261619567871
34539,5.297305583953857
17923,4.664098262786865
89547,4.474567890167236
36425,4.712804317474365
56407,4.619269847869873
22212,5.153807640075684
75878,4.440554618835449
93487,4.792699337005615
20131,4.80173397064209
23382,4.347755432128906
14355,5.325560569763184
48666,4.0242085456848145
11659,4.390716075897217
73758,4.397413730621338
53992,5.078069686889648
90788,3.992968797683716
45875,4.569255352020264
95916,4.636634349822998
11464,4.795967102050781
100456,5.004787921905518
27032,3.9131455421447754
23025,4.978527069091797
89896,5.05299186706543
91664,4.882447242736816
98819,4.763020038604736
40179,4.423429012298584
50055,4.903767108917236
32966,4.80244779586792
27977,4.741528511047363
57360,4.566714286804199
58124,3.55391001701355
31317,4.386246681213379
74976,4.457364559173584
8525,5.077627182006836
42849,5.134695053100586
102072,3.7732691764831543
83710,4.801233768463135
76096,5.134838581085205
76971,4.657583236694336
11870,4.566717624664307
4604,3.990494966506958
47957,4.203440189361572
58001,4.696175575256348
103787,4.292288780212402
9174,4.59896993637085
31021,4.681468486785889
15703,3.6220006942749023
25478,3.731109857559204
102542,4.882533073425293
24352,3.7520313262939453
77007,5.1301655769348145
108421,3.336437225341797
20640,4.277669429779053
17854,4.62474250793457
3873,5.420018672943115
19148,4.876097202301025
81226,4.49130916595459
26719,5.104104995727539
60836,4.5266642570495605
42301,4.60071325302124
82640,4.636593818664551
102783,3.9039549827575684
10852,4.4056525230407715
21077,4.75298547744751
48876,4.21933650970459
31704,4.925661087036133
72972,4.37454891204834
69644,4.75746488571167
9730,4.608319282531738
90087,5.207174301147461
97996,4.504598617553711
108399,4.258894443511963
58132,4.353548526763916
51699,5.028588771820068
28352,4.564016342163086
97992,4.92579984664917
6863,4.283785343170166
23528,4.570147514343262
63032,4.715638637542725
69828,4.282444000244141
11729,4.516111850738525
54943,4.272721290588379
5771,5.006394863128662
94094,4.390386581420898
104050,4.3608012199401855
59666,4.778294563293457
2369,4.099767684936523
89065,4.450511932373047
12408,4.547399044036865
84516,4.633920669555664
101308,4.725735187530518
62887,3.9094953536987305
35787,4.798943042755127
50124,4.526200294494629
40803,5.193580150604248
87685,3.7722527980804443
40,5.258076190948486
59372,4.539340496063232
6279,4.654913425445557
43963,4.271173477172852
6179,3.683208465576172
56100,4.75696325302124
41147,4.779417037963867
54658,3.9084606170654297
101982,4.48397970199585
76436,5.318850040435791
51604,4.94447660446167
89901,4.156854152679443
63241,4.365176677703857
49734,4.375936985015869
50624,4.6075215339660645
107009,4.684780597686768
66426,4.3680100440979
23052,5.0893707275390625
25121,4.521734237670898
39534,4.624261856079102
105273,4.706523418426514
2056,5.039671421051025
49212,4.166538238525391
46045,4.517838478088379
75165,4.342427730560303
76115,5.060295581817627
37137,4.411226272583008
95568,4.166954040527344
56331,4.447110652923584
104230,5.054010391235352
4627,4.697634696960449
10654,3.8867053985595703
43957,4.107416152954102
34847,4.074588298797607
73253,4.87925386428833
73540,4.873382091522217
42812,5.031220436096191
31903,4.57086181640625
54727,4.969023704528809
48252,4.064763069152832
62228,4.60576868057251
40478,4.120566368103027
24391,4.243276119232178
86496,4.959041595458984
101434,4.46917724609375
105300,3.798232078552246
31646,4.676211833953857
224,4.281116008758545
68948,4.279438495635986
1950,4.868442058563232
77780,4.794658184051514
9891,4.874118804931641
6350,4.260880947113037
31019,4.759347438812256
51605,4.496950149536133
18541,4.730384349822998
48368,4.4848551750183105
100398,4.627379417419434
16313,4.114999294281006
9381,4.640249252319336
104697,4.519277572631836
2310,5.049249649047852
65448,4.836218357086182
91178,4.355319023132324
95469,4.532288074493408
36571,5.14936637878418
73305,3.790841579437256
105778,4.481004238128662
24140,5.021124839782715
52560,3.944394826889038
103306,4.470493793487549
51892,3.9200172424316406
26114,4.590826034545898
100864,4.47702693939209
103731,4.314349174499512
98151,3.9180092811584473
50446,4.053043842315674
15137,4.613022327423096
44463,4.127920150756836
55775,3.665292739868164
70052,4.555429935455322
34677,4.505921363830566
316,4.555522918701172
98903,4.676686763763428
12965,4.758975982666016
19316,4.932465553283691
12989,4.009098529815674
56063,4.817865371704102
2242,4.861582279205322
39056,4.427968502044678
39395,5.014817714691162
22134,4.4222412109375
21903,4.828850746154785
66677,4.1911845207214355
81744,4.581404685974121
96515,3.775254249572754
68933,4.153074264526367
74654,4.42981481552124
85836,5.0385589599609375
12413,4.503109931945801
38927,4.5531134605407715
60390,3.514068841934204
96665,3.2148566246032715
80875,4.219943523406982
48689,2.8638432025909424
107727,3.7417778968811035
70533,4.2888078689575195
21438,4.395249366760254
8839,4.6099090576171875
945,4.40146541595459
100985,4.155362129211426
43190,4.2858805656433105
98701,4.019228458404541
106126,4.443735599517822
57205,4.38616418838501
75746,5.233723163604736
3579,4.893049716949463
58295,4.2188568115234375
38374,4.214065074920654
41198,4.988808631896973
99042,5.053582668304443
92427,4.939563274383545
3776,4.6992292404174805
29523,3.8934905529022217
53810,3.7672133445739746
23226,4.3220391273498535
68524,4.460790634155273
33569,4.719056606292725
83703,4.841034889221191
105649,4.250138759613037
21707,4.010690212249756
17107,4.116211414337158
56549,4.917051792144775
13587,3.9612042903900146
78306,5.0733723640441895
21434,5.1724677085876465
36457,4.435278415679932
94232,4.219093322753906
1445,4.368941783905029
10179,4.148334503173828
86618,5.207876205444336
88765,4.793102264404297
6585,4.7322187423706055
6924,4.122577667236328
22701,4.388180255889893
88371,4.862800121307373
7260,5.353830337524414
14941,4.420456409454346
73501,4.529850959777832
78011,4.040046691894531
14088,4.502120494842529
49948,4.3979034423828125
22695,4.343019962310791
98901,4.845213890075684
67665,4.560552597045898
84790,4.94150447845459
80589,4.499700546264648
89097,4.8284993171691895
84711,3.5741827487945557
53097,4.0768632888793945
63906,4.833324909210205
33122,4.834844589233398
105249,4.579087257385254
20031,4.921520709991455
54144,4.397404193878174
65277,4.731561183929443
10053,4.892523765563965
70741,4.3050031661987305
26131,4.710515975952148
79799,5.034890174865723
13252,4.610154628753662
1223,4.775001049041748
88902,4.591063022613525
98292,3.9463250637054443
91782,4.883373260498047
21554,4.4770283699035645
86801,5.423675537109375
30227,3.942021369934082
105937,4.061445713043213
44461,4.580466270446777
54856,4.463954925537109
42554,4.960051536560059
84972,4.04386568069458
28344,4.674911022186279
12995,4.903068542480469
3481,4.791319847106934
103418,4.911194801330566
97117,4.669451713562012
16544,4.224009037017822
51791,4.212290287017822
91009,4.422090530395508
108564,5.10719108581543
19510,5.091547966003418
56575,4.574351787567139
60610,4.284405708312988
98907,4.834982395172119
50341,4.365559101104736
64759,4.777664661407471
92764,4.932320594787598
47750,4.456554412841797
17490,4.851871013641357
98408,4.22191047668457
63597,5.237782001495361
107332,4.409348964691162
59217,4.445202827453613
90426,4.993454933166504
32797,5.321877479553223
50419,4.291136741638184
46200,4.288913249969482
108574,4.214878559112549
67307,4.4922661781311035
3128,4.206928730010986
106713,3.9915835857391357
101415,4.510695457458496
74118,5.03120231628418
53470,4.913053035736084
98509,4.4647297859191895
57155,3.843500852584839
55078,4.1556220054626465
27498,4.682547092437744
55223,4.768818378448486
83776,4.785555839538574
3425,4.92679500579834
66060,4.789950370788574
94060,3.6445257663726807
105046,4.4276885986328125
6100,4.844768524169922
94302,4.523103713989258
72339,4.029262065887451
1612,4.631867408752441
44556,3.797011137008667
97755,4.521969795227051
98289,4.192129611968994
53468,4.901968479156494
532,4.680219650268555
59895,3.9275543689727783
105928,5.090752601623535
5645,5.076173305511475
37405,4.99274206161499
4749,5.243887901306152
28067,4.280431747436523
56335,4.807684898376465
36475,4.95112419128418
86852,4.696167945861816
6747,4.623228073120117
79633,4.408479690551758
44673,4.833668231964111
21673,4.228050708770752
5183,4.203057289123535
60774,4.239929676055908
98536,4.765375137329102
8323,4.722352027893066
55021,4.7520833015441895
71129,5.0169572830200195
77865,4.732151985168457
88747,5.14946174621582
18959,3.844290256500244
70288,4.549217700958252
84705,5.043188571929932
96120,4.840234756469727
15259,4.489326477050781
67703,4.214437961578369
40215,4.618908882141113
90814,4.037709712982178
97077,4.712996006011963
69451,4.283759593963623
1545,4.6155571937561035
108193,4.750833511352539
89273,4.903070449829102
16987,4.621224403381348
6304,3.8718178272247314
86647,3.5339725017547607
76950,4.67399787902832
33240,3.009298086166382
78147,4.118594169616699
2239,4.0291218757629395
20801,4.740431308746338
14984,3.3393452167510986
42012,5.00703763961792
15659,4.822463512420654
91263,4.178712844848633
58198,4.546597003936768
2781,4.5634284019470215
42619,4.284022331237793
95510,3.9221532344818115
8928,4.783059120178223
44424,4.605330944061279
42708,4.042901039123535
26183,5.000797748565674
104884,4.385030746459961
64716,3.7987215518951416
54278,4.799917697906494
6526,4.040696144104004
64132,4.142699718475342
58485,5.013754844665527
45442,4.682547569274902
10623,3.7617764472961426
70195,3.6087005138397217
9949,5.163748264312744
97363,3.9117579460144043
47214,3.539017677307129
98167,3.4677717685699463
93371,5.121439456939697
95291,5.0390825271606445
74769,5.029818058013916
11630,5.084247589111328
50982,4.622777938842773
105,4.653640270233154
89058,4.668094635009766
105518,3.790989398956299
39039,4.640219211578369
62177,4.173411846160889
54472,4.389235496520996
32757,4.298516750335693
19499,4.751716613769531
105449,4.282166004180908
64004,4.107968330383301
80380,4.790404319763184
21243,4.844695568084717
37728,4.500190258026123
38395,3.7191739082336426
37079,3.963205099105835
17096,5.2079973220825195
61066,4.725621223449707
72772,4.114449977874756
11401,4.143017768859863
37145,3.987413167953491
95930,4.560301303863525
89430,4.7792816162109375
42025,4.343173503875732
104160,4.4759955406188965
47709,4.7511515617370605
99847,3.840489625930786
103692,4.109254837036133
38141,3.351611852645874
23016,5.1645002365112305
83173,4.285859107971191
73841,4.905764579772949
21996,4.714541912078857
40212,4.494085311889648
71335,5.015308380126953
35402,4.250858783721924
90987,4.669793128967285
5171,4.149209499359131
102578,4.479244232177734
98421,4.061587333679199
102924,3.0396711826324463
83822,4.290478229522705
1287,4.623456954956055
50769,3.9994356632232666
60264,4.906709671020508
21656,4.218260765075684
25369,5.100395202636719
29447,5.021029472351074
92436,4.658442497253418
30480,5.094714641571045
13487,4.651803970336914
23235,4.354226112365723
59502,3.964578151702881
21987,4.285379886627197
37520,4.30443000793457
47999,4.330505847930908
25787,4.903758525848389
105119,4.501570701599121
105717,4.359974384307861
76577,4.883194923400879
49028,5.083285808563232
87552,4.539379596710205
84264,5.074368953704834
53953,4.696761131286621
76667,4.792464256286621
68355,4.0242815017700195
24530,3.668537139892578
69571,4.395623683929443
37976,4.344058513641357
83829,4.353549957275391
81350,4.849252223968506
56617,4.52230978012085
74011,4.625121116638184
15981,3.9624292850494385
15124,4.638452053070068
6989,4.731235027313232
49298,4.23805046081543
98310,4.578301906585693
69002,3.2672815322875977
32098,4.328292369842529
19154,4.994314670562744
58620,4.608638286590576
2651,4.075908184051514
23781,4.989835739135742
88324,4.3503241539001465
88776,5.190164089202881
62391,3.1518068313598633
36166,3.989895820617676
41686,4.500060558319092
88551,5.11079740524292
6581,4.871796607971191
63417,3.595216751098633
107339,5.029289245605469
5424,4.748677730560303
55411,5.056204319000244
91557,4.579948425292969
28042,4.473158836364746
55705,4.151447296142578
89862,4.950249195098877
41714,4.951020240783691
93437,4.335374355316162
12111,4.4385786056518555
162,5.098138809204102
60381,4.237967491149902
84194,5.007576942443848
47211,4.897914409637451
88699,4.725358486175537
108109,4.062655925750732
24201,4.699733734130859
37790,4.72551965713501
43934,5.081017017364502
99929,4.725275039672852
59834,3.886838436126709
3967,5.154052257537842
25014,4.593696117401123
72379,4.452884197235107
6551,4.1116042137146
19406,4.592657089233398
71435,4.944122791290283
29097,4.928025245666504
46025,5.009325981140137
88482,5.2403669357299805
74745,4.595822811126709
3503,4.624344825744629
82177,4.571161270141602
75022,4.451302528381348
43504,5.085306167602539
72169,4.828653812408447
79240,4.645236968994141
1268,5.023200988769531
46443,4.164271831512451
39150,4.966064929962158
56766,4.403225421905518
55858,4.574210166931152
4543,4.5641255378723145
60430,3.6443049907684326
97353,4.082534313201904
15384,4.654184818267822
49130,4.909858703613281
101911,4.363551616668701
85608,4.189913272857666
17522,4.147619724273682
59713,4.42769193649292
59339,4.426647186279297
5522,4.989315509796143
69739,4.715476036071777
53248,4.382397651672363
14380,4.670653343200684
94402,4.049890995025635
30918,4.442516326904297
5941,4.655567169189453
107406,4.180940628051758
73630,4.359115123748779
104449,4.475758075714111
12334,1.5798287391662598
106331,4.940990447998047
97930,3.550370693206787
58846,4.299803256988525
806,4.5716681480407715
70194,4.515563488006592
103633,4.5191731452941895
5557,4.297070503234863
17261,4.4726691246032715
89197,4.209213733673096
17005,4.280789375305176
38022,3.7810170650482178
48772,3.659823417663574
87996,4.853983402252197
31594,4.267562389373779
38499,3.9051971435546875
98568,5.003298759460449
20469,5.0872602462768555
79759,4.53471040725708
75170,4.9325408935546875
52388,5.034626007080078
107623,4.858505725860596
66601,3.634744882583618
18088,4.351831912994385
70124,4.61456298828125
41719,4.269602298736572
56870,3.843677282333374
35813,4.622874736785889
1724,3.6312365531921387
69544,4.110972881317139
57725,4.567357063293457
7222,4.772655010223389
24632,4.406242370605469
61968,4.084475517272949
87820,3.2575154304504395
90976,4.516800880432129
26414,4.293314456939697
91818,4.266897201538086
87452,4.557241439819336
27479,5.076631546020508
81575,4.752963066101074
89036,4.174746036529541
19303,4.772446632385254
35556,4.524760723114014
18065,5.016877174377441
102545,4.869922161102295
54167,4.188221454620361
41529,4.4085373878479
3331,4.9347825050354
83154,4.9681572914123535
103915,4.6146464347839355
9795,5.2851362228393555
89256,4.353835105895996
52080,4.304192543029785
95327,4.903952121734619
66495,4.73545503616333
69615,4.595065593719482
45451,4.694494724273682
56558,4.756404876708984
72753,4.575080394744873
93853,4.732172966003418
32403,4.073970317840576
41324,4.3217644691467285
84224,4.58137321472168
78323,5.002285003662109
61783,4.359674453735352
35232,4.670222282409668
51312,4.206069469451904
47176,4.723189353942871
52912,4.766689777374268
47534,4.613130569458008
67787,4.450620651245117
102610,5.154729843139648
26778,4.482357978820801
30608,5.0698347091674805
86185,4.932931900024414
61544,3.933361768722534
21321,4.734939098358154
94985,4.672118186950684
21341,4.624897003173828
59018,4.714635848999023
35822,4.932135105133057
9547,3.79325008392334
15870,4.951240062713623
56736,3.9938864707946777
53444,5.037098407745361
53073,4.294322967529297
92978,4.716714382171631
89573,4.57580041885376
53195,4.9334635734558105
64319,4.8257622718811035
28060,4.7550530433654785
39977,4.901437759399414
61296,4.507048606872559
23227,4.45126485824585
66580,4.651026248931885
16589,3.809993267059326
42063,5.137230396270752
37350,4.800515174865723
67580,4.765174865722656
3094,4.165395736694336
79005,4.7464141845703125
39938,5.025993824005127
13939,4.221848964691162
91804,4.921685695648193
97609,3.4384148120880127
51114,4.712772369384766
77826,4.032735824584961
84640,4.306027889251709
55306,4.529053688049316
23849,4.807369232177734
93617,3.952742338180542
88276,4.961504936218262
99237,4.974410057067871
50972,4.936643600463867
57251,4.8736467361450195
92880,4.159406661987305
105735,4.01943302154541
11769,4.734005928039551
13619,3.971618175506592
105353,4.7708306312561035
21948,4.671761512756348
48099,4.840090751647949
86908,4.999337196350098
29788,4.8197922706604
57741,4.782918930053711
16449,4.182546615600586
38462,4.120885848999023
39853,4.166565418243408
44060,4.335251808166504
38517,4.754077911376953
62575,4.442881107330322
67639,3.3916268348693848
43642,3.713191509246826
97113,4.3404364585876465
77102,5.27305793762207
32785,4.228816509246826
25470,4.937325477600098
108186,4.575181484222412
65336,4.412905693054199
9184,4.683674335479736
2175,3.9545979499816895
86833,5.019694805145264
65536,1.7298892736434937
77473,4.7638258934021
25149,4.605337142944336
44890,3.60809326171875
59379,4.384454250335693
16540,5.145092487335205
17804,4.411591529846191
106977,4.285162448883057
67907,4.629510402679443
78511,4.91172981262207
19273,4.897212505340576
5294,4.320611476898193
14661,4.756673336029053
74725,4.931580543518066
75697,5.090742588043213
8022,5.169107437133789
59106,4.943397521972656
250,4.216099739074707
57524,4.602591037750244
72137,3.6793265342712402
37246,4.7889580726623535
48088,4.792491436004639
71990,3.713036298751831
83598,5.010886192321777
94429,4.04467248916626
30421,4.823657512664795
968,4.908051490783691
86679,4.945357322692871
3508,4.763059616088867
88560,5.110739231109619
80896,4.537807941436768
104440,3.775970220565796
100443,4.540956020355225
42541,4.926467418670654
97320,4.308019161224365
27240,4.672065734863281
62827,4.403375148773193
8322,4.317333221435547
37776,5.337239742279053
91857,4.5954132080078125
15084,2.8085427284240723
26376,4.9460649490356445
27956,4.612128257751465
84101,3.5004196166992188
67119,4.6862359046936035
5055,4.32710075378418
70588,4.624520778656006
72456,4.230695724487305
90110,4.564142227172852
11571,3.312941789627075
13057,4.844104290008545
46241,4.329923629760742
85075,5.123691082000732
69390,4.644458293914795
72688,4.6273064613342285
27425,5.012948036193848
94927,4.97318172454834
61620,4.300844192504883
10561,4.2209601402282715
96000,4.440450191497803
53687,3.943995475769043
80313,4.44813346862793
66451,4.740150451660156
104339,4.66104793548584
13154,4.673852920532227
69231,3.9011263847351074
13847,4.461357116699219
64533,3.914771556854248
25504,4.791959285736084
89312,4.865108489990234
76273,4.644632816314697
1150,5.048198699951172
69282,4.747986793518066
5990,4.593775272369385
66329,4.925861835479736
99574,3.2361159324645996
58731,4.729183197021484
100932,4.407102108001709
84073,3.9661402702331543
4177,4.456446647644043
49591,4.757609844207764
42407,4.326870918273926
64338,4.924685478210449
43476,4.889129638671875
22416,4.793618202209473
77487,4.921392440795898
57223,4.89105224609375
90282,4.64232873916626
46618,5.18295431137085
40932,4.689280033111572
107932,4.310401916503906
68112,4.645745754241943
15718,4.8201518058776855
51047,4.0749921798706055
69135,4.425048351287842
101207,4.0756072998046875
89092,4.350030899047852
17972,4.431020259857178
91185,4.290501117706299
28607,4.6657891273498535
6616,4.496627330780029
62402,3.9646975994110107
83141,4.3200273513793945
32061,3.444260835647583
7239,5.0739288330078125
65554,4.483631610870361
1566,5.096439361572266
79774,4.870962619781494
63924,4.508418083190918
25690,5.10190486907959
66775,4.16542387008667
51847,4.161530494689941
38728,4.416894435882568
97416,4.358105182647705
72919,4.435159206390381
67440,5.028693675994873
12382,4.819721221923828
72311,4.056727886199951
65798,2.784065008163452
7570,3.536438226699829
92455,4.873290538787842
21535,4.362944602966309
89116,4.846767902374268
17815,3.666933536529541
106157,4.551563262939453
56210,4.93469762802124
73844,3.993762493133545
84306,4.855376720428467
2985,5.369418144226074
87353,4.7205400466918945
24231,4.124051094055176
18420,4.355607032775879
40531,5.045127868652344
20732,5.202608108520508
14331,4.527900695800781
28008,4.2361602783203125
59734,3.0741381645202637
19461,4.849421977996826
69719,5.187826156616211
66599,4.848769187927246
6894,4.65062141418457
73236,4.235561847686768
13791,4.853771209716797
41366,4.957396984100342
92568,4.465178966522217
1721,4.546011924743652
103472,4.847919464111328
54836,4.497799396514893
4705,5.094872951507568
11432,4.575017929077148
29300,4.4950079917907715
41924,4.617984771728516
29669,4.404850959777832
89359,3.926255226135254
68208,4.412971496582031
6917,4.0102033615112305
74154,4.902448654174805
18117,4.51470422744751
39059,4.294297218322754
50996,4.342110633850098
32760,4.349732398986816
48527,4.781707286834717
75333,4.425191879272461
42583,4.9320454597473145
44601,3.946820020675659
27487,5.027083396911621
48396,4.20145845413208
70133,4.84061336517334
28677,4.234261989593506
106234,4.728843688964844
96135,4.5659098625183105
7362,4.70121431350708
5090,3.973329544067383
22187,4.9840288162231445
43500,5.0535993576049805
46902,4.904750823974609
8400,4.8686628341674805
17911,4.527735710144043
63828,4.849279403686523
11404,3.5916709899902344
41226,3.443150043487549
36121,4.627954006195068
2098,3.85544753074646
10416,4.330912113189697
32084,3.4296908378601074
102337,4.293886184692383
66049,4.942289352416992
69551,5.0092034339904785
82634,4.416081428527832
62726,4.432438373565674
53795,4.276729583740234
40895,4.818718910217285
28184,4.781773567199707
41048,3.6794087886810303
54463,3.706840991973877
79632,4.563414573669434
43397,4.998841762542725
90508,4.269915580749512
9523,4.742562294006348
93578,4.398409843444824
21778,4.293232440948486
99198,4.949259281158447
93927,4.189651966094971
18693,4.129384517669678
82457,5.240041732788086
53116,4.597554683685303
93337,4.648142337799072
40900,4.835536479949951
78609,4.935097694396973
93476,4.646059513092041
40967,4.550112724304199
70825,4.689443588256836
84210,3.809621572494507
36935,3.7479891777038574
73060,4.782149314880371
60898,4.470643520355225
15393,3.768284559249878
48723,4.523225784301758
95713,3.7399449348449707
80420,4.877788066864014
41774,4.928386688232422
81519,4.818399429321289
45517,4.42702579498291
107182,4.990537643432617
20671,4.8433756828308105
88621,4.6014790534973145
101549,4.3646039962768555
28107,3.8322818279266357
29920,4.633344650268555
98479,4.584026336669922
78800,3.8658530712127686
17185,5.307516098022461
2378,4.521274089813232
28767,4.34459924697876
42168,4.757012367248535
35256,4.860542297363281
36416,4.642428398132324
11930,4.548790454864502
16730,5.034109592437744
25691,5.074582099914551
102340,4.67819881439209
83247,4.7550554275512695
76232,4.129246711730957
80375,4.2695207595825195
99216,4.914835453033447
89196,4.602120399475098
12092,4.825956344604492
18784,3.7166237831115723
94031,4.151201248168945
61276,5.234120845794678
2938,4.661309242248535
59240,4.65158748626709
26641,3.765507459640503
9783,5.288747787475586
25484,4.881092548370361
104997,4.490624904632568
65393,5.127049922943115
36898,4.803511142730713
63894,3.9933583736419678
5073,4.165767669677734
60815,4.217054843902588
101981,4.504096984863281
91080,5.248016357421875
99523,4.3748087882995605
12485,4.3338494300842285
6944,4.740421295166016
37623,4.072971820831299
104831,4.625064373016357
12993,3.621838092803955
21897,4.60030460357666
68987,4.6256022453308105
60616,4.382467746734619
37641,4.232855796813965
84926,4.452491760253906
27920,4.344532012939453
93303,5.171416282653809
35251,4.726000785827637
102898,5.0024237632751465
58667,4.040336608886719
106056,5.002894401550293
84342,5.13713264465332
40936,4.712962627410889
82430,5.386332988739014
50557,4.39459753036499
35442,5.101181507110596
67624,4.377321720123291
11032,4.435915470123291
81632,4.038454055786133
10741,5.059535980224609
83724,5.060545921325684
19165,5.468170166015625
92975,5.035882949829102
14981,4.40707540512085
69289,3.9122796058654785
67610,4.458791732788086
98604,4.3327131271362305
42039,5.1889262199401855
89752,4.7804999351501465
26972,4.3656325340271
97365,3.822040557861328
542,3.709728240966797
14761,4.671391487121582
107066,5.047001361846924
12782,5.300596714019775
58959,3.4229888916015625
72629,5.006743431091309
26104,4.630668640136719
28072,4.5473151206970215
34357,4.671684265136719
103689,4.673267364501953
107205,4.895172119140625
99587,3.8555350303649902
72346,4.858381748199463
89786,4.773745536804199
17592,5.077281951904297
26761,3.659440279006958
36172,4.177515506744385
54323,4.880457401275635
57830,4.761088848114014
33937,4.344021320343018
88988,4.658900737762451
10789,3.819523572921753
104638,4.436944007873535
93443,3.958127737045288
107854,5.093848705291748
96023,4.992362976074219
77490,4.591272830963135
73155,4.588939666748047
100093,4.3981451988220215
80622,4.874652862548828
75528,4.328510761260986
40471,4.2256975173950195
56038,4.034099578857422
67426,5.08200740814209
108370,5.15310001373291
1720,3.954399585723877
3368,4.780777931213379
81666,4.816378116607666
104317,2.92840576171875
43226,4.37581205368042
14207,4.953169345855713
71378,2.8774428367614746
1440,4.454468250274658
5327,2.6514999866485596
94578,3.649939775466919
28589,4.463681697845459
48857,4.756983280181885
18747,3.927830219268799
95135,3.7305378913879395
84332,4.771218776702881
24067,4.446702003479004
5976,4.856387138366699
30302,4.6441450119018555
81348,5.11379337310791
63487,4.9414777755737305
103052,4.126962661743164
50876,4.841639041900635
59107,4.49016809463501
66008,4.645511150360107
96605,4.191343307495117
56474,4.944053649902344
87569,4.382646083831787
46351,4.749203205108643
40386,3.7060511112213135
77142,4.217100143432617
41551,4.179955005645752
74441,4.718754291534424
9836,4.611380577087402
97025,5.0079345703125
106262,4.652829170227051
89704,4.852540493011475
2398,4.194247722625732
4372,3.6907639503479004
87772,5.163565158843994
10891,5.097936630249023
51514,4.458869457244873
86718,4.474679946899414
43964,4.450656890869141
106425,5.093979835510254
74072,5.223737716674805
93785,4.367249011993408
6908,4.802279949188232
95354,4.257639408111572
95273,3.739607095718384
82824,4.331667423248291
82282,5.037474155426025
9088,4.663580417633057
18469,4.314773082733154
102249,4.635274410247803
57270,4.701269149780273
29358,4.647659778594971
6829,3.9796009063720703
77294,4.656247138977051
18517,4.343698501586914
89178,4.127951145172119
76476,4.502124786376953
97313,3.8993301391601562
15739,4.557595729827881
76546,4.831164836883545
77936,4.386172294616699
107980,4.879153251647949
26450,4.646381378173828
85498,4.834614276885986
90999,4.967862129211426
90170,4.5130391120910645
18086,5.137669563293457
4600,5.25309419631958
9554,4.926490306854248
55399,5.060093879699707
103620,4.425973415374756
56169,5.095230579376221
48380,4.508813858032227
64092,4.439882278442383
5396,5.279406547546387
37673,4.383447647094727
9217,4.223426818847656
100247,4.857207298278809
69634,4.365424633026123
13383,5.114809989929199
35659,4.8490118980407715
10998,4.501410961151123
25211,5.554630279541016
16175,4.234838008880615
62563,4.44976806640625
58529,4.678198337554932
103627,4.881474494934082
101673,4.452104091644287
39950,4.916905879974365
40794,5.214619159698486
66913,4.8402299880981445
50502,3.8517847061157227
55231,4.4839677810668945
47128,4.932987213134766
66068,4.806114196777344
107784,4.669613838195801
108296,4.901010036468506
70361,4.744317531585693
76797,4.664908409118652
71654,4.056946754455566
50296,4.05908727645874
49745,4.45208215713501
93921,4.640829086303711
15481,4.502237319946289
52814,4.570852756500244
74484,4.81235408782959
80050,5.133256435394287
43547,4.967005252838135
102411,4.3117475509643555
36607,4.548843860626221
93500,4.01786470413208
78294,4.745282173156738
103645,5.180794715881348
80816,4.9783935546875
93795,4.342824935913086
44253,4.360191822052002
42114,5.088860511779785
90121,4.397220611572266
103985,4.47692346572876
102318,4.8976731300354
84873,4.297008514404297
29562,4.7363972663879395
10099,5.202114105224609
1194,3.933514356613159
33287,3.650451898574829
64654,4.605282783508301
53940,2.2868072986602783
78384,4.743165016174316
17861,4.14967679977417
22045,3.3961403369903564
83579,4.790220260620117
40886,4.557522296905518
6531,4.547599792480469
3451,4.672065734863281
106147,4.540502548217773
87114,5.136271953582764
12801,3.2684192657470703
93352,5.2405805587768555
34881,4.095451831817627
78363,4.659602165222168
47870,4.390753746032715
34026,4.861380577087402
22515,5.060278415679932
17122,4.402297496795654
19357,4.21720027923584
18990,3.9695703983306885
48751,3.475712299346924
14349,3.314976453781128
72295,4.771728992462158
76262,1.353812575340271
72251,4.2861199378967285
107426,4.852575778961182
70187,3.926584243774414
28909,4.3806962966918945
5426,5.12648868560791
46403,3.8855783939361572
100480,3.4678428173065186
65979,4.696750164031982
39684,4.0827741622924805
38903,5.042135715484619
74033,4.358006000518799
99746,4.353858947753906
25500,4.0727458000183105
5126,3.8689653873443604
66290,5.047314643859863
9898,4.798554420471191
9716,4.877462387084961
44442,4.292832851409912
49466,2.8105928897857666
11740,3.7551300525665283
67145,4.085837364196777
89101,5.234408378601074
91632,4.677329063415527
25639,4.878807067871094
51920,4.099682807922363
91864,4.459509372711182
11862,4.668604850769043
84657,5.8843770027160645
4448,4.528846263885498
105243,4.4661455154418945
13210,4.540602684020996
49793,4.416266441345215
52459,3.545133113861084
36582,4.650364398956299
58061,4.420651435852051
41957,4.846736907958984
56282,4.588934898376465
20857,3.827124834060669
34165,4.437137603759766
10643,4.588054656982422
85365,3.7821693420410156
75830,5.14960241317749
33622,4.430474758148193
37816,5.158790588378906
84111,4.086516380310059
89060,4.592401504516602
82682,4.704577445983887
85199,4.9268269538879395
105658,4.284202575683594
35210,3.4858145713806152
13184,4.6452131271362305
90176,4.776057720184326
63146,4.928109645843506
31596,4.5086164474487305
61418,3.7885615825653076
15271,3.894225835800171
54516,3.011596918106079
16119,4.835829734802246
84488,4.79152774810791
105507,4.560452938079834
77573,4.7766499519348145
57986,4.8380866050720215
87717,4.2547149658203125
77395,4.214099884033203
50392,4.105229377746582
49881,4.588493347167969
87398,4.798749923706055
14139,4.281734943389893
34898,4.0896315574646
107204,4.711972236633301
44746,4.2902326583862305
44722,3.541163206100464
12218,5.058028221130371
61446,4.403017520904541
52705,4.773372173309326
27133,4.968626976013184
66386,5.167766571044922
59252,4.466085433959961
64729,4.560325622558594
54887,4.030187606811523
56204,4.274166107177734
75320,4.227990627288818
51925,4.359121799468994
75715,4.3921427726745605
105160,4.788767337799072
29776,4.005363941192627
19887,2.8464858531951904
11142,4.173437118530273
105366,4.891526699066162
28251,4.706116199493408
106642,4.401719570159912
69826,4.435769081115723
92920,4.91891622543335
88466,4.914217472076416
73533,4.698790550231934
9103,4.226596355438232
66243,4.822117805480957
92047,5.042747497558594
12697,4.350272178649902
13984,4.399016380310059
94022,4.8426995277404785
99414,3.6878058910369873
88206,4.259599208831787
82212,5.308062553405762
44541,4.878864288330078
33586,4.4063401222229
67184,5.025195598602295
32206,4.50599479675293
63323,4.7082295417785645
58861,5.2680230140686035
95282,4.51169490814209
59500,4.1197710037231445
54954,4.641612529754639
86559,4.546815395355225
72442,4.917803764343262
39099,5.039553165435791
49550,4.072869300842285
23157,4.243727207183838
60512,4.779055118560791
62919,4.962215423583984
41338,5.118268966674805
65819,2.824981212615967
28889,4.528004169464111
99995,4.2785420417785645
82769,4.616149425506592
92906,4.429064750671387
22051,3.6905758380889893
85837,4.871724605560303
86842,5.441407203674316
67153,4.673605442047119
21036,4.466639518737793
86894,5.219344615936279
108267,4.979787826538086
14097,4.800729751586914
92177,4.704641342163086
73103,4.598321437835693
58766,4.967386245727539
50859,3.809896469116211
75973,4.2082600593566895
43138,4.958111763000488
20195,4.603103160858154
42377,4.970340728759766
27699,4.736975193023682
103287,3.799921989440918
20406,4.951716899871826
15262,4.362129211425781
58137,4.2247114181518555
106510,4.4309587478637695
91193,4.4132466316223145
107829,4.955348968505859
53277,4.041079998016357
26144,4.204990863800049
70172,4.142858982086182
41169,4.2685866355896
2862,4.655162334442139
69224,4.412491321563721
14000,4.284233093261719
42431,4.47920560836792
57502,4.048900127410889
81551,4.597713947296143
18379,4.7504072189331055
92650,5.271881580352783
73457,4.779797554016113
96813,4.996443271636963
235,4.924907684326172
13367,4.467297554016113
94832,3.5210559368133545
94598,4.4717559814453125
20979,5.061491012573242
89477,4.537921905517578
69140,4.532886981964111
31416,5.341599941253662
539,4.744513511657715
29375,4.675782203674316
538,4.80573034286499
103078,4.65435791015625
38089,4.497722148895264
74863,3.415283441543579
108067,3.6896045207977295
95239,4.631685733795166
80675,4.995540142059326
11503,4.7928032875061035
50062,4.305734157562256
55445,4.594005107879639
98715,4.64254903793335
38890,3.78878116607666
10260,5.277318000793457
51902,3.745255947113037
4929,3.552701950073242
44910,4.418032646179199
33751,4.802981376647949
16872,4.2912187576293945
80563,4.281108379364014
66530,2.8683838844299316
26132,4.2666449546813965
59935,4.611203193664551
95789,2.7174694538116455
56957,4.418757915496826
79112,5.148751735687256
65620,4.010282516479492
76374,4.449914932250977
88140,3.8729705810546875
68578,5.048487663269043
49699,4.905234336853027
103234,4.542948246002197
96416,4.5345587730407715
94230,4.65647029876709
64352,4.638182163238525
869,3.8214986324310303
17937,4.824169635772705
63791,4.600851535797119
781,4.842275142669678
70974,4.424487113952637
33504,5.140056610107422
13389,4.144335746765137
8458,4.2189836502075195
13934,4.020115852355957
32981,3.255298137664795
76590,4.554012298583984
44849,5.119141578674316
37916,4.814483642578125
61790,4.025824069976807
98499,4.581320762634277
45070,4.291708469390869
100900,4.1721673011779785
57721,4.378903865814209
64215,4.2002458572387695
36791,5.043519020080566
19251,4.045915603637695
45987,5.230395793914795
21594,4.0854268074035645
29320,4.4247636795043945
8757,4.491657257080078
81730,4.820258140563965
17850,4.657328128814697
85354,4.854434967041016
92165,3.885469436645508
50910,4.20678186416626
50194,4.302752494812012
13526,4.713263511657715
35644,4.180400371551514
93002,4.337123394012451
66956,4.455463886260986
95699,4.868617057800293
67133,4.664027214050293
93637,4.407680988311768
55286,4.10115385055542
14098,4.562166213989258
47353,4.207118034362793
21059,5.039628505706787
10928,5.228123664855957
388,4.677109241485596
54667,4.213166236877441
58585,4.669745445251465
62672,4.844022274017334
21074,4.8647236824035645
47041,4.789905071258545
14688,4.308986663818359
79911,4.955164432525635
19261,4.774960994720459
47027,3.9660890102386475
44915,4.889761924743652
76278,4.61663293838501
55037,4.642184734344482
61356,3.9285175800323486
4245,4.6423845291137695
12437,4.589071750640869
20092,4.387694835662842
96938,4.24992036819458
74173,3.7286524772644043
72371,5.092072010040283
1344,4.4542012214660645
55740,3.941218137741089
17226,5.317080020904541
2949,4.700456619262695
52865,4.161067008972168
525,4.317519664764404
19630,4.140685558319092
95176,4.669932842254639
11529,4.833644390106201
88455,4.9696784019470215
50542,3.4835495948791504
51654,3.851547956466675
64530,2.9292659759521484
33107,4.797680377960205
41735,3.7248356342315674
38304,4.599951267242432
81075,4.134918212890625
99877,4.53506326675415
58240,4.734823703765869
86946,4.19950532913208
19819,4.101165771484375
3172,4.512243747711182
76705,4.838145732879639
83515,3.8325037956237793
86141,4.566466331481934
88945,4.968552589416504
47291,4.809931755065918
74634,4.753437042236328
82024,3.756167411804199
7343,4.999340534210205
15225,3.9375479221343994
98506,5.111436367034912
92805,4.396235466003418
35330,3.0768401622772217
2908,4.215774059295654
16464,4.030145645141602
82437,5.130746364593506
37762,3.60737681388855
89153,4.86500358581543
46540,4.178869724273682
4882,4.3046875
102595,5.176262855529785
58181,4.592626094818115
80456,4.8580732345581055
77685,4.1549458503723145
99756,4.467670440673828
70316,4.6579670906066895
50238,4.575961589813232
15026,4.565488815307617
4831,4.7520222663879395
87069,4.639423847198486
57638,4.518076419830322
17818,4.5663862228393555
82687,4.368870258331299
45288,4.993653297424316
35408,4.909310340881348
61139,4.527704238891602
53144,3.9464802742004395
89336,4.715023040771484
48458,4.432099342346191
30439,5.3654656410217285
85994,4.978217124938965
86755,4.995641231536865
80742,4.864080429077148
16916,4.401102542877197
29404,4.872474670410156
90323,4.523568630218506
85317,4.706007957458496
56706,4.070827960968018
92270,4.913163661956787
65817,4.516472816467285
89978,5.0404887199401855
31697,4.993406772613525
63505,4.5586419105529785
84652,4.319350719451904
6638,4.899153709411621
4828,3.7109386920928955
105882,4.951623916625977
9259,4.819231033325195
85623,5.006150245666504
34333,4.8028693199157715
35774,4.2803874015808105
67575,2.2527709007263184
17834,3.9049463272094727
88237,3.655224561691284
100951,4.860711097717285
48559,4.663290500640869
101266,4.450175762176514
73144,4.886530876159668
50271,4.760427951812744
61432,4.259058475494385
85543,5.086440086364746
4205,3.7581491470336914
92597,4.31028938293457
86523,4.7629899978637695
38937,4.841979026794434
35720,4.693221569061279
47589,3.866466760635376
7955,4.815823078155518
7730,5.325127601623535
34191,4.384829998016357
32009,3.1152141094207764
108497,4.897172451019287
42236,4.982324123382568
26029,4.055671215057373
74664,4.713339328765869
83895,4.944587707519531
61959,4.834447860717773
107759,4.907660007476807
93376,4.153157711029053
104184,3.5153138637542725
68717,3.73394775390625
20797,4.233798027038574
20133,3.834737539291382
63388,4.922033786773682
7207,5.058666706085205
5651,3.682565212249756
44691,4.76140022277832
34419,4.727980613708496
103649,3.7644221782684326
8385,5.210984706878662
47240,4.632972717285156
11992,4.684904098510742
84400,3.6245815753936768
96717,4.66308069229126
43798,4.487397193908691
59088,5.099583625793457
31314,3.640962839126587
71371,4.374624252319336
71533,5.01883602142334
42525,4.825064659118652
49049,4.60693359375
35926,4.433525562286377
85781,4.8360185623168945
3282,4.695486545562744
21998,5.284904479980469
99232,4.905617713928223
31925,4.813255786895752
101968,4.931399822235107
108121,4.636600494384766
103213,3.8431754112243652
35559,4.919632911682129
96091,5.112290859222412
24925,4.670092582702637
37620,3.847839593887329
99843,4.383205413818359
68398,4.7928571701049805
58499,4.016399383544922
24757,4.659224510192871
31797,4.173397541046143
101489,4.583683967590332
91414,4.732306480407715
104149,5.036532878875732
107159,4.802972316741943
50437,4.438586235046387
71970,4.379487037658691
79910,5.005938529968262
28553,4.720553874969482
17317,4.7600178718566895
76388,4.383211612701416
30123,4.488470077514648
19956,4.431396007537842
42688,4.515255928039551
89996,5.1078596115112305
69536,3.428583860397339
17580,4.2329277992248535
105388,4.859207630157471
33178,5.060810089111328
16293,5.038888454437256
74117,4.812222003936768
66006,3.762256622314453
23228,4.578956127166748
47174,4.756624698638916
83670,4.649685382843018
37299,5.032848358154297
72200,4.869160175323486
33360,4.8168044090271
48269,4.4995293617248535
105562,5.07672643661499
102624,4.240423679351807
61072,4.522693157196045
28758,4.561383247375488
63874,4.497653484344482
15019,4.463476181030273
65768,4.129986763000488
92814,4.270081996917725
84975,4.033454418182373
17839,4.361425876617432
14747,4.394075870513916
48309,3.0675301551818848
81821,4.5647196769714355
50003,4.588260173797607
23786,5.239931106567383
10004,4.845025062561035
51645,4.915158271789551
35318,4.555824279785156
17282,4.537393569946289
46127,4.5483717918396
104015,3.8591578006744385
93705,4.857265472412109
4614,5.195083141326904
6717,4.861567974090576
84938,4.938955783843994
19378,4.638345718383789
17155,3.2095980644226074
92897,4.165060997009277
71784,4.124051570892334
33209,4.451504707336426
2628,3.4817488193511963
993,4.481680393218994
87663,4.691678047180176
67364,5.315054893493652
32482,4.706981658935547
68284,4.652791976928711
26443,5.02028751373291
38147,4.187314510345459
72204,4.541445732116699
85158,4.325628757476807
42860,3.7592601776123047
52140,4.550569534301758
83071,4.698004245758057
71738,3.6570067405700684
5414,4.551270008087158
461,4.662527561187744
56535,5.053537845611572
79677,4.604934215545654
12376,3.9516425132751465
47134,4.443047046661377
48721,4.69257926940918
47916,4.6245503425598145
14595,4.488452434539795
88475,4.689703464508057
33716,3.8956191539764404
62838,4.6683855056762695
63848,4.937200546264648
69604,4.225684642791748
40662,4.367650985717773
92144,4.829532623291016
68456,4.837535858154297
56780,4.791894912719727
25258,4.885603427886963
71242,4.891807556152344
11035,4.771572589874268
7839,4.6593546867370605
94051,4.504573345184326
63324,4.0540337562561035
3770,4.642393112182617
27779,4.524621963500977
4925,4.516778945922852
95833,4.346866607666016
88599,5.254655838012695
57557,4.638014316558838
106435,4.237554550170898
26582,4.360788822174072
54956,3.3577492237091064
100350,4.4914093017578125
26839,4.969438076019287
85767,4.452139854431152
12982,4.7434773445129395
71023,5.002258777618408
38086,3.5154201984405518
98484,4.641503810882568
33576,4.224010944366455
41658,5.02980899810791
25001,3.723728895187378
70068,3.593782424926758
37445,4.082794666290283
78899,4.6583333015441895
36327,4.64127779006958
15895,4.57411527633667
79140,4.452851295471191
85283,4.820728302001953
30692,3.504079580307007
18427,4.398799896240234
3881,5.463606834411621
20875,3.9873671531677246
48496,3.631540298461914
71781,3.4662694931030273
36998,4.610241889953613
92687,4.447373867034912
44437,4.977447509765625
37788,4.422580718994141
107617,4.381481647491455
4939,3.79675030708313
78712,4.652820110321045
92384,4.162920951843262
83602,4.4832353591918945
25209,4.153135299682617
89272,4.702465534210205
96931,4.126725196838379
26726,4.074190139770508
65569,4.987568378448486
70429,4.046673774719238
93110,4.550670146942139
21350,4.400877952575684
31641,4.568699836730957
62216,4.33387565612793
102585,4.353431224822998
72668,4.828023910522461
41768,4.255108833312988
69843,4.47393274307251
57282,4.8474345207214355
63192,4.1321516036987305
27628,4.826464653015137
56295,4.806464672088623
6198,4.337691307067871
86895,4.489165782928467
83911,4.184263229370117
17565,4.734848499298096
32564,4.925468444824219
29854,4.2784528732299805
11926,4.484296798706055
79258,4.067111015319824
34814,4.813594341278076
82798,4.571454048156738
17700,3.378358840942383
38334,3.5985021591186523
89587,5.304021835327148
68552,4.499058246612549
53461,4.282748222351074
71134,3.786404609680176
49177,4.080815315246582
72594,4.62126350402832
20799,4.724539279937744
47749,5.295355796813965
28315,4.640466690063477
22314,4.403909683227539
26908,3.9630963802337646
10433,4.847057342529297
66355,4.444584369659424
100367,4.599979877471924
17118,4.511481285095215
37173,3.654160499572754
107258,3.9365668296813965
548,5.07932710647583
24053,5.382170677185059
91417,4.964994430541992
7120,4.451241493225098
92507,4.856771945953369
103857,4.250279426574707
42055,4.9028778076171875
57566,4.544884204864502
27222,4.550196647644043
17614,5.155229091644287
99324,4.921253681182861
104872,4.912116527557373
87022,4.442306041717529
90437,5.067091941833496
53788,4.659829139709473
63362,4.654509544372559
46856,4.618149280548096
101858,4.8167853355407715
7878,5.1483893394470215
46989,4.148826599121094
46374,5.176953315734863
103977,4.565452575683594
17582,5.0245280265808105
9557,4.706162929534912
76813,4.218719482421875
76986,5.217242240905762
21405,4.430737018585205
2081,3.9457449913024902
69990,5.028741836547852
79750,4.776634693145752
38870,4.578989505767822
37332,3.755725860595703
60121,3.7985122203826904
93144,4.70044469833374
21941,4.390404224395752
87634,4.243858814239502
20779,4.595890045166016
52727,4.092477321624756
50387,4.473906517028809
29728,4.054054260253906
74525,4.599399566650391
42056,4.499303340911865
6773,2.8560662269592285
63066,4.632620334625244
21019,4.772075176239014
67745,4.366405963897705
72898,4.94611120223999
61575,4.21244478225708
47255,4.398730278015137
91295,4.689312934875488
104747,4.5761919021606445
14235,4.814929008483887
33485,4.905354022979736
49853,4.949402332305908
29288,5.115532875061035
85060,4.338888645172119
90860,4.242697238922119
12096,4.635812282562256
30766,5.14457893371582
36345,4.346007823944092
62458,4.946366310119629
23024,3.2450246810913086
108093,4.664419651031494
47700,4.8433332443237305
93227,4.6555352210998535
6213,4.260166168212891
27401,4.827625274658203
71697,4.484784126281738
75897,3.5903704166412354
70751,4.391505718231201
90576,3.9822211265563965
37140,3.7046501636505127
14820,4.8989362716674805
57672,4.309525489807129
4566,4.930654525756836
73689,4.511735439300537
84696,4.889392852783203
62558,3.3889522552490234
58114,4.722814083099365
9300,4.80059814453125
73851,4.689619541168213
67176,5.1243696212768555
36343,4.690338134765625
32634,4.860807418823242
32143,3.7202091217041016
13300,3.5490882396698
64891,4.312427043914795
18171,4.381595611572266
47764,3.8683502674102783
156,4.446506500244141
92246,4.487265110015869
42965,4.610912322998047
78668,4.4166388511657715
86579,4.433376789093018
56244,4.3367767333984375
8809,4.828110218048096
76814,4.766913890838623
43175,4.882260322570801
9445,4.777120590209961
41136,4.609346866607666
23089,4.5086188316345215
9250,4.157261848449707
72583,5.092741012573242
93418,4.66792631149292
93863,4.633636951446533
23419,4.318239212036133
80611,4.836620807647705
2383,4.058073997497559
47896,4.229872226715088
11923,4.498894691467285
88767,4.948507785797119
19180,4.808703899383545
73303,4.587332248687744
12055,4.631480693817139
71239,4.067358493804932
50081,4.792367935180664
8796,4.980644226074219
41961,4.333040237426758
57865,4.560913562774658
25236,5.087586879730225
47777,4.668606281280518
21082,4.471925735473633
32895,4.409290790557861
57028,4.399316310882568
88399,4.060466289520264
79704,3.967407703399658
103203,4.387488842010498
58568,3.912665605545044
102240,4.430810928344727
34734,4.967358589172363
94472,4.466034412384033
51139,4.390301704406738
88126,4.891891956329346
102454,5.262725830078125
65856,3.8877146244049072
342,4.125779151916504
54430,4.355156421661377
3270,4.523658275604248
85359,4.131910800933838
48027,3.5564146041870117
32387,4.134157657623291
62738,4.469419479370117
8370,5.481810092926025
31764,4.848895072937012
50833,4.762408256530762
7680,4.631146430969238
73228,4.4144978523254395
63354,3.971712589263916
74779,4.829379558563232
55348,4.731290817260742
35751,4.1390557289123535
11661,4.917700290679932
86453,4.720959186553955
99484,4.7748236656188965
64621,4.047690391540527
15898,4.990489959716797
100201,4.993568420410156
29282,4.488773822784424
8953,4.671915054321289
19816,5.196671485900879
16542,4.99086332321167
18016,4.73143196105957
70673,4.182497024536133
67241,5.061585903167725
19678,5.236073970794678
104940,3.746582269668579
66954,5.117465019226074
91181,3.555757522583008
59231,4.754565715789795
4713,4.2318010330200195
106544,4.886088848114014
50078,4.733415603637695
93434,4.551711559295654
97762,3.9934918880462646
65502,2.6633729934692383
19012,4.188472270965576
95441,4.249865531921387
72261,4.3611159324646
57323,4.690933704376221
4644,4.992704391479492
39041,4.913825988769531
80201,4.81998872756958
55924,3.2137186527252197
2877,4.864002704620361
52794,3.936075448989868
18538,4.929773807525635
40447,4.174103736877441
81737,4.955959320068359
95656,4.429512023925781
29853,4.021240711212158
31370,4.222998142242432
17284,4.348020076751709
90536,4.595080375671387
36466,4.638047218322754
106647,4.998693466186523
85957,4.263955593109131
5271,3.4852335453033447
444,4.785592079162598
93347,5.130243301391602
11703,4.227430820465088
72977,3.7656800746917725
95740,3.8592002391815186
26271,4.096125602722168
94007,4.798187732696533
72881,4.59700870513916
93949,4.716641426086426
19574,3.820277452468872
84493,4.302957057952881
104988,4.688276767730713
472,4.854085922241211
12817,5.164631366729736
75772,4.27739143371582
33424,3.2939677238464355
30305,4.9756340980529785
69766,3.3242244720458984
16185,4.836930274963379
78070,5.174505233764648
41379,5.026858329772949
6909,4.629500389099121
16923,4.432045936584473
50797,4.518220901489258
84533,5.052493095397949
52327,4.052145004272461
8437,4.3274006843566895
577,3.9606986045837402
90846,4.071429252624512
20449,4.61346435546875
96035,4.315542221069336
80511,4.984014987945557
48444,4.097472190856934
62387,3.8476181030273438
30456,5.438084602355957
58029,4.690347194671631
9468,4.108583927154541
31459,4.606238842010498
25422,4.948460578918457
6200,4.840124130249023
17922,4.5961527824401855
39061,3.772146224975586
58773,4.165171146392822
102280,4.429049015045166
16587,4.318585395812988
24560,4.146758079528809
86184,4.969370365142822
82301,4.810288906097412
49724,4.922360420227051
108190,4.98870325088501
2634,4.314044952392578
64386,4.621506690979004
5259,4.478711128234863
24868,5.03167724609375
60190,4.407474994659424
20821,3.118529796600342
98716,4.818276405334473
62074,5.012892723083496
93713,4.582559585571289
4431,4.2428460121154785
99632,5.1774396896362305
24941,3.9642181396484375
13374,4.762970924377441
103634,4.306572914123535
79105,4.4971208572387695
91967,4.526225566864014
106645,4.712556838989258
20887,4.707607269287109
38936,4.6432294845581055
11200,4.710651397705078
98619,5.072258949279785
63928,4.579774856567383
43250,4.643503665924072
67101,4.65631628036499
89873,4.725112438201904
19004,2.8600704669952393
29153,5.04391622543335
510,4.610348224639893
75642,4.664074420928955
64977,3.8511300086975098
20173,4.710968494415283
36234,4.3128767013549805
92479,4.568807125091553
94367,4.060300350189209
16469,4.094886779785156
64432,3.8113086223602295
96151,4.558300018310547
66501,4.85524845123291
37835,5.1270294189453125
105730,4.53990364074707
101957,4.581658840179443
58031,3.426729679107666
30640,4.812744140625
49655,4.332061767578125
36362,4.691432476043701
30838,3.8688597679138184
16647,4.374353885650635
40071,4.527815341949463
63236,3.6441588401794434
42982,4.232488632202148
54880,4.9235029220581055
29967,4.325575828552246
44507,4.906092166900635
69301,4.255122661590576
9104,5.053389549255371
100292,4.379425048828125
65804,4.531739711761475
106507,3.8847663402557373
77062,4.964970588684082
4376,4.679478168487549
37541,4.704701900482178
3397,4.6007184982299805
93750,4.524499416351318
13221,4.649027347564697
355,4.138734817504883
81411,4.917816162109375
106695,4.024462699890137
104674,4.631404876708984
80363,5.123804092407227
65064,4.904830455780029
35840,4.720141410827637
97347,4.356308937072754
81550,4.426722049713135
9317,4.378277778625488
76729,4.318869113922119
9894,3.490386486053467
10912,4.518797397613525
24180,5.123532295227051
32369,4.173821449279785
56967,3.6379213333129883
30311,3.0398380756378174
51815,4.5361528396606445
81646,4.628399848937988
83828,3.8817429542541504
31982,4.1318888664245605
64910,4.60040807723999
99966,4.988430023193359
73394,4.450193405151367
97142,4.2508320808410645
36022,4.019342422485352
40097,4.434743404388428
54507,3.116042375564575
14931,3.7163333892822266
71442,5.223782539367676
80521,3.863388776779175
75761,4.179997444152832
78096,5.074916362762451
3206,4.561651229858398
96254,4.14871072769165
1408,4.904798984527588
7710,4.246396541595459
72317,3.8094921112060547
65370,3.724933624267578
10262,5.501893997192383
49426,4.328714847564697
69446,4.777026653289795
16616,5.2581329345703125
86031,4.381529331207275
108029,3.5728986263275146
59845,5.069576263427734
31102,4.447291374206543
10152,4.605629920959473
48003,4.147063732147217
99610,3.5460689067840576
12992,4.55924654006958
35263,4.937833309173584
101943,3.7403743267059326
71267,4.703231334686279
102972,4.272157192230225
39196,4.7436909675598145
76086,3.9582624435424805
41430,4.568609714508057
5984,4.036519527435303
59959,5.124425411224365
104218,4.780194282531738
35711,4.2763519287109375
47603,4.265132427215576
23568,5.047207832336426
36304,4.761824131011963
42990,5.087546348571777
15907,4.632903575897217
4412,4.239861011505127
102761,4.5609002113342285
28253,4.410639762878418
78547,4.74554967880249
2193,4.305825233459473
15156,4.592530250549316
103184,4.8939619064331055
58145,3.9663448333740234
95122,4.63474702835083
15063,3.5677294731140137
53539,4.620955467224121
24592,4.694993019104004
11502,3.725112199783325
91926,4.897593021392822
1827,4.772308349609375
36831,4.68593168258667
25968,5.033674240112305
101419,4.552892208099365
85631,5.084527969360352
24586,4.42259407043457
67930,5.09556245803833
64915,4.213045597076416
36780,4.7909345626831055
27390,4.715562343597412
93186,4.40955114364624
84994,4.5781402587890625
40067,4.388350486755371
28759,3.417736291885376
34493,5.145242691040039
36963,4.293794631958008
36352,4.872903823852539
75394,3.8424072265625
60098,4.462798118591309
42122,4.509747505187988
60025,4.473139762878418
9421,3.9297592639923096
10932,4.842544078826904
5566,4.78604793548584
54457,4.891075134277344
104673,4.323170185089111
86749,4.715452671051025
80938,3.5733885765075684
105128,4.747424602508545
90686,4.619273662567139
24957,4.853784561157227
6221,3.9011642932891846
99430,4.466674327850342
30240,4.063631057739258
55449,4.053951740264893
100171,5.126907825469971
76480,4.854652404785156
10873,4.928865909576416
4985,4.9965057373046875
42112,4.872525691986084
908,4.765341758728027
90372,4.5063652992248535
57690,5.0106587409973145
96054,4.929702281951904
73362,4.411828517913818
10558,4.578038692474365
8964,4.350191593170166
1727,4.993274688720703
25525,4.290660858154297
83880,4.668256759643555
7383,4.87285852432251
25767,4.986029148101807
57805,4.058404922485352
22112,4.7175798416137695
69074,4.254308223724365
100425,4.584652423858643
8130,3.9041452407836914
63106,4.381826400756836
42394,5.012686729431152
70130,4.829006671905518
66589,4.492732524871826
39539,4.908194541931152
25823,5.003077983856201
83700,4.886497497558594
54660,4.2479705810546875
52149,4.593970775604248
93467,4.200345039367676
87102,4.681897163391113
274,4.003931045532227
86762,4.6643147468566895
57654,4.631224632263184
58053,4.166513919830322
10954,4.606149196624756
108301,5.132600784301758
75824,4.569864273071289
31572,3.3758609294891357
38213,4.718628883361816
106874,5.398189544677734
23982,4.484858512878418
80791,5.069697380065918
86086,4.135617256164551
80683,4.553422927856445
1221,4.938215732574463
57179,3.6945364475250244
83469,4.505102157592773
78113,4.193251132965088
16604,4.879146099090576
104458,4.94029426574707
103358,4.702424049377441
64975,4.736814022064209
17036,4.426538467407227
71688,4.267364978790283
57375,4.4343109130859375
73308,4.720829486846924
47541,4.743926048278809
56991,4.005840301513672
42890,4.495456695556641
31909,3.617859125137329
82878,4.269601821899414
53881,4.622843265533447
64604,4.739664554595947
12532,3.7338814735412598
81981,5.060657978057861
108411,4.609616756439209
79342,3.256274938583374
99807,3.6362109184265137
91912,4.463076114654541
94761,3.2398669719696045
36615,4.774111270904541
37020,4.966340065002441
55509,4.701030254364014
62722,4.594169616699219
91157,5.07381010055542
16516,5.1837639808654785
26545,4.371943950653076
7564,4.282252311706543
4697,4.130005359649658
84511,4.580806255340576
66752,4.1706743240356445
38569,4.646239757537842
80358,4.949727535247803
81287,4.585528373718262
23179,3.7095651626586914
52055,4.15956974029541
98635,4.5816521644592285
62101,4.225284576416016
28791,5.097408294677734
84617,4.581676959991455
75451,4.553771495819092
85371,4.788755416870117
31368,4.449698448181152
51898,4.094849586486816
48877,4.058259963989258
29310,5.022758483886719
71681,5.03256893157959
71315,4.28450870513916
5074,4.477609634399414
59078,4.9711198806762695
67059,4.632781505584717
62173,3.622044563293457
9480,4.3276848793029785
18073,4.738682270050049
49168,4.757359981536865
83030,4.70530891418457
4763,4.46855354309082
55126,4.917263984680176
86142,4.73068904876709
22982,4.6546244621276855
29655,4.705597400665283
41445,4.451084136962891
30725,4.889494895935059
43744,3.957658529281616
33542,3.1371212005615234
22354,4.903914451599121
84680,4.998447418212891
57695,4.929884910583496
47311,4.459999084472656
76354,5.43292236328125
60566,5.039429664611816
47186,4.146263122558594
11403,4.151533126831055
70813,4.234126091003418
108618,4.863200664520264
58043,4.179685592651367
24312,4.501410007476807
22642,4.7577900886535645
81642,3.6877565383911133
69888,4.930470943450928
17167,4.818778991699219
68288,4.41168737411499
83184,4.5181121826171875
8816,4.874301910400391
91352,4.190879821777344
39153,5.122682571411133
33073,4.625614166259766
64456,4.109858989715576
92340,4.471771717071533
83752,4.552026748657227
48782,3.3101794719696045
104624,4.7561140060424805
48466,3.671351909637451
72041,4.161733627319336
1622,3.9072093963623047
103316,4.9002766609191895
19986,4.2516913414001465
100529,3.67936110496521
13851,4.472790718078613
57003,4.445445537567139
24445,4.583033561706543
53346,4.857457160949707
78433,5.125421524047852
38679,3.7314813137054443
88614,5.347426891326904
51882,3.765192985534668
74185,4.903493881225586
53117,4.935915946960449
97778,4.574701309204102
18818,4.896313667297363
76871,4.878368377685547
22599,4.309121131896973
304,4.357462406158447
107436,4.421188831329346
107186,4.700079441070557
34501,4.857445240020752
5751,4.946499824523926
104302,3.900402545928955
38013,4.529646873474121
102505,4.7481608390808105
29039,4.408700942993164
47336,3.3627567291259766
28048,4.090425491333008
21440,3.745830535888672
34337,4.664681911468506
29280,4.82951545715332
57960,5.109017848968506
12692,4.848318099975586
65515,4.146636486053467
99967,4.744084358215332
22894,4.38634729385376
46484,4.620863914489746
20667,4.625962257385254
666,4.21183443069458
67635,4.159795761108398
46114,5.015624046325684
96670,3.717533588409424
92912,5.29802942276001
26720,5.054929733276367
17397,4.232287883758545
11815,4.739532947540283
66194,4.83782434463501
39033,4.50953483581543
70692,4.890413761138916
21944,4.392025947570801
65694,4.286632061004639
2584,4.372303485870361
99037,4.159636974334717
58842,3.893268346786499
28160,4.647843360900879
39101,4.711594581604004
40956,4.770831108093262
49132,4.679497718811035
78416,4.947625637054443
35620,4.668816566467285
83686,4.751616477966309
41077,4.045921802520752
62611,4.600341320037842
3280,4.691963195800781
7882,3.939990758895874
5381,4.616612434387207
106415,4.740815162658691
65292,5.034360408782959
104703,4.594180583953857
78029,5.00312614440918
40930,4.230316162109375
94629,4.260171413421631
28177,4.568908214569092
42802,4.41212797164917
59548,3.457658529281616
105668,3.553450107574463
31347,5.762292861938477
8211,3.8842661380767822
73056,4.837945938110352
32454,4.1401777267456055
81319,4.432034969329834
91613,5.2156805992126465
23759,4.655862331390381
12306,3.9006714820861816
92116,3.6938090324401855
57370,4.608956336975098
40629,4.170438289642334
5600,5.04763126373291
44624,4.3014817237854
524,4.725935935974121
39999,4.156669616699219
56977,3.8046460151672363
40255,5.091804027557373
48967,3.5881295204162598
33434,4.827211856842041
66898,4.005470275878906
98174,3.3787333965301514
34001,4.272272109985352
17588,5.148597240447998
69844,4.0391645431518555
19257,5.305182933807373
37679,4.398919105529785
34430,4.683345794677734
4422,3.851123571395874
52689,4.520987510681152
90360,4.881985187530518
56666,3.9133968353271484
81056,4.92384672164917
53594,4.870872497558594
37711,3.6600239276885986
40337,5.051490783691406
87590,4.553093910217285
30580,4.381941795349121
51014,4.742898464202881
69597,3.575948476791382
91125,4.5889668464660645
29196,2.8916263580322266
24699,4.110344886779785
7666,3.782003879547119
33665,4.287787914276123
16351,4.817347049713135
20802,5.123270034790039
2117,4.521958827972412
5675,4.8394246101379395
33439,4.311386585235596
42297,4.875171184539795
7506,3.4751970767974854
94173,3.8181934356689453
11477,4.414771556854248
63555,4.812865257263184
77811,4.630845546722412
71641,4.164786338806152
36306,4.942649841308594
21886,4.791134834289551
56731,4.632574558258057
4594,4.027111053466797
37769,5.033167362213135
105026,4.528454780578613
31469,4.651146411895752
6435,4.376686096191406
25247,4.631997585296631
103039,4.5269551277160645
27785,3.724043369293213
105994,4.884941101074219
29018,3.6467692852020264
23276,4.941041946411133
17645,4.475081920623779
67070,4.881952285766602
52424,4.881969928741455
63645,4.763469696044922
104925,4.990784645080566
80013,4.436883449554443
103551,3.768745183944702
86858,5.2096099853515625
4297,4.089026927947998
77577,4.924520969390869
96504,4.263308525085449
716,4.349147319793701
87957,4.555549621582031
46439,4.984568119049072
21385,3.612069606781006
61088,2.7961056232452393
93968,4.611196994781494
51506,4.595929145812988
62701,5.174711227416992
57165,3.2406809329986572
88680,4.274712562561035
40820,4.69320821762085
70248,4.937733173370361
93399,4.051689147949219
64914,4.445755481719971
106172,4.936726093292236
96723,3.60866117477417
108196,4.4842329025268555
76685,4.6523542404174805
6706,4.978873252868652
58748,4.627826690673828
761,3.600363254547119
63835,4.698720455169678
62378,3.944709300994873
77716,4.479485988616943
73467,4.515479564666748
85356,3.8076484203338623
79554,4.429044246673584
33579,4.380449295043945
32205,3.7911577224731445
41027,3.4090561866760254
107519,5.0677313804626465
1876,3.904866933822632
89050,4.3644280433654785
6767,5.009966850280762
53982,4.658219337463379
53646,3.9189748764038086
33197,4.210176467895508
45002,4.907244682312012
103832,4.400353908538818
78562,4.4374189376831055
104778,4.1797356605529785
102018,4.614476203918457
100381,4.049825191497803
74109,5.094369411468506
27856,5.023077964782715
55039,4.8536787033081055
51900,4.242671966552734
86204,4.816882610321045
35956,4.5734944343566895
28825,4.451783180236816
3665,3.426868200302124
69115,4.950867652893066
30486,4.633752346038818
105929,4.77421236038208
31702,4.544652938842773
82306,5.0281548500061035
96261,4.2736639976501465
81040,5.0338592529296875
84808,4.523995399475098
11668,4.0041913986206055
83938,4.834145545959473
80592,5.169186592102051
57090,4.566547870635986
85627,4.685572147369385
98124,4.004094123840332
18291,5.24442720413208
81506,4.188808441162109
52189,5.014551162719727
71026,3.8923559188842773
10872,3.806185483932495
90553,3.410599946975708
7877,5.293765068054199
79042,3.8057167530059814
55362,5.198251724243164
76521,5.264936447143555
89434,4.788121700286865
39864,4.110247611999512
51716,4.104165554046631
10898,4.622521877288818
29158,5.192333698272705
40260,4.294716835021973
25945,4.698551654815674
76823,4.6900153160095215
55928,4.829015731811523
18888,4.131499767303467
58167,4.574514389038086
104386,4.3340888023376465
40707,3.7989249229431152
92506,4.528682231903076
68491,1.948041558265686
83576,4.519001483917236
10754,4.4062089920043945
895,4.73145055770874
94912,4.688498497009277
18697,4.5237040519714355
86658,3.6631927490234375
61688,3.8245911598205566
97173,4.583908557891846
97358,4.148893356323242
93124,4.316721439361572
69049,4.302718639373779
30812,4.567570209503174
79814,5.086590766906738
15151,4.407073974609375
55132,3.2376089096069336
107861,4.506284236907959
33928,4.7793073654174805
40059,4.028219223022461
45869,4.284416675567627
6336,4.666646480560303
56849,4.52416467666626
39303,4.896633625030518
29754,4.734103679656982
27833,3.6843457221984863
29046,4.971916675567627
103165,4.770786762237549
1514,4.210711479187012
101575,4.692601680755615
4563,4.877823352813721
3880,4.808567047119141
61042,4.798140048980713
46821,5.01958703994751
96985,4.997628688812256
18241,4.740962505340576
101624,4.777087211608887
25855,4.84977388381958
14830,4.605578899383545
90275,3.9079926013946533
105059,4.499697685241699
94954,3.414625644683838
70888,4.98691987991333
40474,5.230838298797607
37910,4.513822555541992
14049,4.010587215423584
788,4.676173210144043
45360,4.2083892822265625
88030,4.418745994567871
48043,3.6458687782287598
41416,4.965641021728516
27147,4.883561134338379
33925,4.946526050567627
50032,5.003315448760986
72627,4.686406135559082
37955,4.796018123626709
18790,4.917468070983887
92575,4.891391754150391
83878,4.938989162445068
69317,3.4535160064697266
26860,3.9492714405059814
98740,4.937921047210693
44439,4.828646659851074
19747,4.624244689941406
95714,4.412276744842529
11587,4.2664265632629395
61842,4.673552513122559
8683,4.906174659729004
40751,4.688785552978516
84638,4.217174530029297
73395,4.420248985290527
95305,3.3009192943573
98852,4.2858076095581055
103970,4.949460029602051
29727,5.042585849761963
52618,4.953460693359375
51551,4.227357864379883
89553,4.749602317810059
48019,4.715030670166016
97457,5.1375532150268555
107089,4.725968360900879
38497,3.6912989616394043
13114,4.555670261383057
71760,4.917330741882324
21737,4.495681285858154
61690,4.437224864959717
14936,4.111767768859863
18724,4.849555492401123
84257,3.989983081817627
88759,4.981293201446533
19920,3.6784911155700684
52993,4.740178108215332
97383,4.166367053985596
63426,4.363709449768066
57105,4.189976692199707
13786,4.648325443267822
9597,4.95749044418335
50618,4.4440388679504395
87233,4.377538204193115
87354,5.031185150146484
10244,5.354146957397461
11107,4.293838024139404
14168,5.07505989074707
12909,5.1004509925842285
51381,3.7894041538238525
37828,5.434969425201416
101435,4.400623321533203
65326,5.335086822509766
15390,5.166303634643555
65828,4.147895812988281
46541,4.329894542694092
83756,4.862646579742432
36637,4.294144630432129
36186,3.087353229522705
65538,5.0608229637146
54495,4.434922218322754
51782,4.8456525802612305
51230,4.097407341003418
22369,4.897013187408447
15998,3.849479913711548
85531,4.555957317352295
81242,3.8549013137817383
42606,4.544177055358887
72209,4.30172061920166
104017,4.1001973152160645
20496,4.599997520446777
73942,4.879988193511963
80221,5.016167163848877
67243,4.604775905609131
68316,4.285006046295166
20012,3.7473268508911133
37784,5.082021236419678
28274,5.0185136795043945
37865,3.578934669494629
12060,4.11580753326416
38463,4.738348007202148
15568,3.846816062927246
49907,4.786096096038818
9743,3.955937147140503
2392,5.158932209014893
64736,5.077295780181885
87345,4.705965042114258
26569,4.537461757659912
75990,4.379456043243408
54691,4.030304908752441
32354,4.114144325256348
62504,4.062565326690674
33851,4.725502967834473
9961,4.722284317016602
48651,4.612154483795166
10195,5.189162254333496
59279,4.962657451629639
44720,4.822821617126465
75901,4.512968063354492
99179,3.1066102981567383
88241,3.9983627796173096
92774,5.001048564910889
75114,4.2191081047058105
23309,4.852128982543945
96256,3.5010459423065186
14687,4.691056728363037
2469,3.414010763168335
80107,5.202973365783691
77418,4.422555923461914
107233,3.5239195823669434
83241,3.818033456802368
91289,3.652820587158203
2639,4.989750862121582
47702,5.210665225982666
62029,4.339183330535889
79446,3.7548882961273193
27049,3.8257429599761963
10886,3.856163740158081
47220,4.232929706573486
87403,4.993701457977295
59623,5.073461055755615
59109,4.711437225341797
93304,5.2876973152160645
54279,3.5214455127716064
65244,4.365726947784424
25013,4.6990203857421875
94508,4.819890022277832
50953,3.7671868801116943
49345,3.5942625999450684
95222,2.6173524856567383
92076,4.947587013244629
10599,4.460793495178223
57382,4.805692195892334
70804,4.6712493896484375
42307,3.8089497089385986
88810,4.884367942810059
48811,4.632713317871094
52715,4.298840045928955
16557,5.066952705383301
104220,4.829451560974121
43937,5.111598968505859
20831,4.362942695617676
98271,4.236568450927734
41821,4.885756969451904
39885,3.714153528213501
18566,5.433141708374023
87458,4.753779411315918
35382,3.344172239303589
82632,5.075491905212402
63350,4.312788963317871
21537,3.9919991493225098
46636,5.070743083953857
76254,4.343785762786865
84238,4.259753227233887
21286,4.564577102661133
66664,4.1267805099487305
95705,4.9304656982421875
11959,4.1998515129089355
105618,4.795442581176758
90535,3.152899980545044
23506,4.921943664550781
101483,4.656778335571289
89034,4.709120273590088
95562,4.257466793060303
84807,4.958852291107178
101385,4.6137566566467285
96689,4.671780109405518
97234,3.6829702854156494
28341,5.031403064727783
17097,4.541510581970215
51650,4.395069122314453
44344,4.816892623901367
73001,4.487635612487793
21248,4.2769389152526855
33486,4.464555740356445
100673,4.828127384185791
95458,3.794890880584717
27590,4.31602144241333
54499,4.724517822265625
81137,3.3804984092712402
22468,5.194189071655273
616,2.991905689239502
16696,4.899825096130371
85910,4.131573677062988
70827,4.594045639038086
59478,4.480578899383545
23345,4.86531400680542
41212,4.488396644592285
80688,4.062166690826416
59541,4.05620813369751
93160,3.918748140335083
8555,4.973705768585205
17398,4.969188213348389
43754,4.192168235778809
41666,4.033796787261963
86491,4.66054630279541
12542,4.230137825012207
39090,4.159275054931641
12859,4.870355129241943
108083,3.895768165588379
83622,4.435080528259277
95011,4.85143518447876
102189,4.554114818572998
24272,4.390695571899414
103996,4.800363540649414
66876,3.7225468158721924
95407,4.244898796081543
45254,4.671874046325684
28578,2.4132964611053467
72189,4.747321128845215
6330,4.3637776374816895
83557,4.561127185821533
101653,4.312215328216553
69675,4.7806782722473145
690,4.833361625671387
59675,4.099763870239258
26307,4.049037456512451
64086,4.680604457855225
70785,4.482814788818359
106776,4.656480312347412
95429,5.099286079406738
59486,3.679302215576172
78927,4.121826171875
74986,4.963794231414795
74895,4.832275867462158
64180,5.083536624908447
100680,3.28568959236145
43482,4.8935675621032715
60494,4.475322246551514
30017,4.788185119628906
102914,4.494917869567871
101963,4.953246116638184
31293,4.607810020446777
48592,4.789022445678711
81657,4.546292781829834
103265,3.276407241821289
45581,5.090943336486816
105219,4.365355491638184
65056,4.193759918212891
34818,4.74332857131958
79648,3.965914249420166
47171,4.397636890411377
79444,5.124462127685547
61557,4.405210018157959
14794,4.899159908294678
13902,4.259186267852783
102926,3.9886486530303955
67584,4.667571067810059
94763,4.4717326164245605
7067,4.314447402954102
98106,4.604780673980713
83014,4.930667400360107
4168,4.587254047393799
61414,4.398109436035156
76619,3.2253525257110596
82401,4.813345909118652
70629,4.996791839599609
27406,4.439730644226074
95333,3.9482498168945312
72406,5.215109825134277
22427,4.75754451751709
98799,5.224174976348877
88894,4.8941121101379395
17822,4.343510627746582
75623,4.617887020111084
68096,4.999901294708252
13237,5.096954345703125
56588,4.442109107971191
81664,4.615753173828125
19854,4.874030113220215
26776,5.004464626312256
12124,3.924682140350342
16402,4.367153644561768
77773,3.8151395320892334
70041,4.5752763748168945
48227,5.238646984100342
4792,4.68352746963501
30103,3.9814627170562744
87749,4.768950939178467
55265,5.025197982788086
93222,4.949604034423828
88842,4.608087062835693
79896,4.784029960632324
33786,4.686269760131836
76386,4.857254981994629
86172,4.860506057739258
22026,5.120697498321533
57698,4.915730953216553
103677,4.32942008972168
103912,4.404587745666504
2948,4.2053680419921875
18958,4.850539207458496
89117,4.379149913787842
72482,4.2548933029174805
38227,3.5875730514526367
78080,5.066599369049072
83371,3.9821884632110596
56278,5.257656574249268
5789,5.2092742919921875
103780,4.860372543334961
68234,3.975438356399536
22773,5.252902984619141
59637,5.0200653076171875
97947,4.702458381652832
27766,4.794930458068848
71880,4.795639991760254
55747,4.137669563293457
44534,4.830262184143066
44744,4.185884952545166
72121,4.317355632781982
85807,3.9847447872161865
34175,4.126471042633057
18783,4.612473487854004
20275,3.1759111881256104
94979,5.047345161437988
106760,5.0746235847473145
107885,5.013882160186768
34752,4.757115840911865
71769,4.930306434631348
31945,3.229264736175537
33850,4.838771343231201
41490,4.875439167022705
6328,4.327088832855225
96013,4.469000816345215
12265,4.639926910400391
66895,4.917191982269287
96403,4.718165397644043
39208,4.729281425476074
92658,4.730159282684326
99591,4.820997714996338
66356,4.798230171203613
74008,4.309264183044434
49417,4.787981986999512
104066,4.9795732498168945
4656,5.076654434204102
43297,4.751237869262695
84345,5.122524261474609
30839,3.528430700302124
80866,4.709240436553955
17682,4.805402755737305
53632,4.529854774475098
14960,4.272247791290283
107987,4.741814136505127
66705,4.802666187286377
43269,4.164646148681641
50372,4.297030925750732
57029,4.260645866394043
29945,4.285639762878418
43516,4.898061752319336
71959,4.804280757904053
61450,4.982906341552734
22920,4.576977729797363
101495,4.419414043426514
48788,3.6679043769836426
2539,5.136047840118408
101715,4.491726398468018
12524,4.800608158111572
69192,4.276466369628906
79267,3.7349417209625244
59720,4.815572738647461
20665,4.377087593078613
82846,4.795072078704834
64241,4.231729507446289
54531,4.3869733810424805
18481,4.50104284286499
64961,2.6638023853302
61868,4.488790512084961
29102,4.65041971206665
46797,5.022178649902344
79386,4.271763801574707
103966,4.75907564163208
83905,4.425834655761719
48710,4.58655309677124
90588,3.2628257274627686
97063,4.516713619232178
107937,5.135385990142822
85034,4.840864658355713
95813,4.682796001434326
103805,4.112392425537109
95695,4.521125793457031
48874,4.204163074493408
75319,4.267415523529053
53451,4.628016471862793
82140,4.437323093414307
52360,4.928227424621582
8019,4.359827518463135
99156,3.4065399169921875
24562,4.449417591094971
63506,5.342619895935059
46032,4.530051231384277
18906,4.693881988525391
107018,4.738734245300293
6610,4.979288578033447
9576,4.244270324707031
94642,4.838557720184326
47765,3.532766819000244
89232,3.2748444080352783
70794,4.587079048156738
83128,4.1311140060424805
108,4.882452964782715
75270,5.0235514640808105
22625,4.672591686248779
21443,3.8935070037841797
105504,4.1897969245910645
56004,4.113426208496094
65745,3.9275918006896973
93292,5.0595879554748535
66598,5.179959297180176
74302,4.765025615692139
84723,4.344330310821533
1509,4.535798072814941
62826,2.3156509399414062
97178,4.973114490509033
46955,4.859652519226074
39256,4.548168182373047
85024,5.1822333335876465
46430,4.092371463775635
16350,4.800687789916992
28134,4.6118388175964355
34875,4.228459358215332
27188,5.008004188537598
26717,5.1478753089904785
46972,4.630065441131592
51540,4.3445658683776855
27583,4.888007640838623
26579,4.3121466636657715
92941,4.892339706420898
73916,5.005041599273682
14751,4.873722553253174
64384,4.638968467712402
18665,4.979626178741455
97809,4.9004716873168945
86040,4.788328647613525
96056,3.716036081314087
71380,4.505489826202393
33936,4.5033135414123535
17706,4.47797966003418
75219,5.087757587432861
102904,5.424782752990723
72242,4.2237629890441895
19580,4.269425392150879
60323,4.000388145446777
93339,5.238671779632568
55816,5.054980278015137
23,4.710423946380615
101698,4.890985012054443
33306,3.8983027935028076
5577,4.56648588180542
9978,4.666291236877441
39352,5.104102611541748
39836,4.6645636558532715
24439,4.290195465087891
81609,4.034826278686523
68706,5.295986652374268
67122,4.376619338989258
2390,4.712470531463623
67615,4.385167598724365
68772,4.7468695640563965
14183,3.350989818572998
82631,4.712569236755371
63697,5.288232326507568
11854,4.659709453582764
36633,4.472502708435059
25221,4.755998134613037
52392,5.0094075202941895
74663,4.894944190979004
79392,4.965310096740723
11058,4.447040557861328
27176,5.0942792892456055
7463,4.110751628875732
90641,4.186124801635742
94462,5.937018394470215
74193,5.159097194671631
76753,6.290190696716309
6189,4.843783378601074
58756,4.9232988357543945
56517,4.522417068481445
325,4.5869293212890625
52781,2.6196632385253906
73970,4.525270462036133
46015,5.015628337860107
44592,4.862417697906494
74021,3.5829291343688965
51777,4.555273532867432
65304,5.025686740875244
29610,4.7603583335876465
95602,3.5289053916931152
34052,4.505212306976318
32957,4.199560642242432
94964,4.9265923500061035
90414,4.936164855957031
25363,4.744766712188721
29820,3.644341230392456
51128,4.627071380615234
82119,4.777355670928955
56888,4.117467403411865
9055,4.44180965423584
102798,4.16705846786499
90701,4.741809368133545
89087,3.964629650115967
46542,4.797976970672607
2778,4.671998023986816
1158,4.657209873199463
17632,5.253307342529297
47431,4.335649490356445
40348,4.769844055175781
105201,4.5126729011535645
102127,4.576929569244385
45046,5.025471210479736
80778,4.330052852630615
61235,4.763115882873535
11185,4.8337297439575195
14832,4.7905449867248535
89627,4.648059844970703
29515,4.3361921310424805
80007,5.01233434677124
49904,4.24124813079834
100393,4.6001129150390625
46756,4.1407952308654785
54085,4.480236530303955
40913,4.614201545715332
41613,4.745037078857422
80946,4.502288341522217
102087,4.036992073059082
99131,4.7999348640441895
101161,4.414646148681641
43576,3.9456233978271484
97257,4.775092124938965
63252,2.9170589447021484
20333,4.868199825286865
87762,4.909350872039795
74815,4.906090259552002
64274,3.913198471069336
79994,4.5824480056762695
27262,4.464017391204834
53363,4.333239555358887
108322,4.08251428604126
58143,4.526191234588623
43271,4.927402973175049
105138,4.177282810211182
53489,3.7603342533111572
69315,4.335715293884277
23033,4.255253791809082
6957,3.816049575805664
15673,5.276087760925293
101407,4.496990203857422
61269,5.182713985443115
53939,5.073235988616943
94240,3.205977201461792
2709,4.480717182159424
38270,4.285324573516846
20495,4.6407976150512695
58901,4.001028060913086
78917,4.575427532196045
103420,4.246903419494629
45805,4.059309005737305
103313,4.284062385559082
10938,4.345663070678711
62996,4.535341739654541
73312,4.898463249206543
46794,4.875349521636963
8033,4.302839279174805
37625,4.126986026763916
29252,4.24644660949707
96575,5.059023380279541
58047,3.9897749423980713
13344,4.792910099029541
75119,4.332920551300049
29119,4.187600135803223
10356,4.949698448181152
81301,4.459793567657471
18678,4.772794246673584
65484,5.137757301330566
26891,4.315672874450684
13790,5.152407646179199
60619,4.65991735458374
9810,5.208933353424072
37841,5.08294153213501
30000,4.485898494720459
3180,4.56640625
67709,4.1605024337768555
95621,4.315570831298828
25265,4.732778549194336
30783,5.058751106262207
3045,4.904938697814941
47771,4.047791004180908
62656,4.350664138793945
14817,5.013901710510254
5170,4.422330856323242
91997,4.67576789855957
33865,4.756515026092529
94987,4.63650369644165
12543,4.170147895812988
19023,4.638796329498291
98763,4.148990154266357
92077,4.566464900970459
36364,4.608364105224609
2687,4.706579208374023
43409,5.034283638000488
50734,4.616276264190674
34455,4.591818809509277
41629,4.816868782043457
2073,4.470729351043701
39074,4.856277942657471
46605,4.796310901641846
61843,4.421230792999268
81795,4.819636344909668
22098,3.553121328353882
17930,4.9908857345581055
93618,5.087867736816406
73091,4.217852592468262
99680,4.831761837005615
91415,3.3513994216918945
53201,4.8531575202941895
65481,4.641518592834473
64739,4.460877418518066
91905,4.53029203414917
55970,4.569225788116455
71931,4.038084506988525
72099,3.1261658668518066
58486,4.742002010345459
31626,4.287995338439941
55900,4.682273864746094
90326,4.7790021896362305
27914,4.819206237792969
92499,4.279119968414307
59679,2.677881956100464
66809,4.416354179382324
15645,4.715411186218262
41983,4.968749523162842
84015,4.697933673858643
33982,4.3424224853515625
48377,4.263000965118408
106772,4.198154926300049
31222,3.5054938793182373
85628,3.7897610664367676
92684,4.980628967285156
100928,4.119816303253174
82204,5.310260772705078
63465,3.9867353439331055
18761,4.78574800491333
66710,4.808290004730225
13474,5.1420512199401855
82937,5.3573832511901855
44459,4.623052597045898
32665,4.772115707397461
66888,4.432870388031006
67796,4.546280384063721
39572,5.355782985687256
65598,4.866028308868408
24047,4.854887962341309
35645,3.9856033325195312
77005,4.754329204559326
51818,4.269123554229736
45340,4.786076068878174
29104,4.390542030334473
66616,3.636772394180298
7284,5.283768653869629
83737,4.254591941833496
101518,4.855034828186035
373,4.963478088378906
14111,4.9263410568237305
85082,4.92902946472168
73149,4.6997504234313965
98537,5.016398906707764
90845,4.1350908279418945
59020,4.231287956237793
61344,4.790031433105469
50882,4.604445934295654
83722,4.886228561401367
16838,5.059376239776611
84796,4.861174583435059
5888,5.016132354736328
98980,3.883925437927246
72394,2.959005832672119
25729,4.258265495300293
67651,3.542696475982666
15332,3.766181468963623
11342,4.8213090896606445
88790,4.855899810791016
5765,5.3563642501831055
68511,4.676557540893555
30765,4.175036430358887
106748,4.1348676681518555
67711,4.279426574707031
43228,4.369678497314453
53000,3.7084927558898926
28801,4.490532398223877
93310,4.984604835510254
55355,4.5048723220825195
13527,4.9323410987854
3521,4.783738613128662
24467,4.2630720138549805
34732,4.417221546173096
40435,4.6341376304626465
105916,4.754638195037842
58276,3.803736686706543
9175,4.6356658935546875
36094,4.754741191864014
47682,4.016120433807373
70996,5.018143653869629
76127,4.851848125457764
67302,4.519787788391113
41757,4.755674362182617
51288,4.765949249267578
48271,4.049722194671631
57544,3.5187454223632812
48265,4.867033958435059
23676,5.156436443328857
22778,4.690700054168701
75371,4.4422736167907715
36034,3.9608941078186035
49692,5.017952919006348
38934,3.9862239360809326
87761,4.56602668762207
90240,4.3757429122924805
87949,3.3596200942993164
29556,4.644674777984619
62677,4.549136161804199
68866,4.818202018737793
60835,4.360512733459473
16453,3.2224087715148926
3681,4.640860557556152
103201,4.603811740875244
64586,4.710870265960693
11915,4.350699424743652
71130,4.274484157562256
5112,4.6550703048706055
43303,4.521700382232666
21362,4.244929313659668
66849,4.34059476852417
43984,4.336637496948242
29977,4.363048076629639
92944,4.851210117340088
14722,5.134373664855957
58574,4.471735000610352
15062,4.766428470611572
90442,4.456057548522949
95382,4.672354221343994
105444,4.012663841247559
92685,4.533526420593262
29825,3.479926586151123
29128,4.7899627685546875
107538,4.738083839416504
10708,5.039149761199951
3680,3.871114492416382
73788,4.107055187225342
75045,4.599175930023193
42242,3.823552131652832
44377,4.810879230499268
2746,4.863906383514404
84559,4.915374755859375
56207,4.949202060699463
10580,4.927060604095459
60474,4.467771053314209
44173,3.730372905731201
21208,4.965672016143799
51989,4.5246710777282715
74470,4.477330207824707
82753,4.447579383850098
5143,3.7851157188415527
35700,4.809909820556641
90605,4.726130962371826
8244,4.1235504150390625
8388,3.935652494430542
94301,5.215872764587402
4151,3.7065937519073486
45257,4.448687553405762
17110,4.904972076416016
9909,5.101837158203125
73940,4.511988639831543
9243,3.77874493598938
12188,4.7555060386657715
3243,4.5290632247924805
15923,4.971328258514404
91359,4.156986236572266
36010,4.069025039672852
53852,3.449458599090576
80644,5.0491533279418945
34661,5.302046298980713
54586,4.028529644012451
70492,4.4039835929870605
107164,4.585793972015381
30752,4.669020652770996
81404,5.28196907043457
73979,4.720728874206543
94779,4.047843933105469
7224,5.253973960876465
66199,5.294628143310547
56205,3.702059268951416
20263,4.310793399810791
23927,4.700099945068359
93948,4.482909202575684
71310,4.159112453460693
63468,3.766554594039917
79753,4.408712863922119
60117,5.318191051483154
79772,4.524640083312988
24400,4.921856880187988
24193,4.353436470031738
51248,3.5365889072418213
83990,4.672892093658447
4182,4.258864879608154
24415,4.592774391174316
77235,4.857587814331055
98324,3.2772879600524902
43849,4.9847235679626465
58985,4.194147109985352
94733,4.53592586517334
86532,4.99683141708374
56702,4.334406852722168
20290,5.1609697341918945
49582,4.50118350982666
59633,4.579950332641602
17858,4.453304767608643
4709,3.3844406604766846
41794,4.637872695922852
65248,5.056161403656006
27758,4.323761463165283
69388,4.8329668045043945
100411,4.702548027038574
46788,4.849523544311523
8628,4.828592300415039
19044,4.424043655395508
63000,4.764090061187744
17904,4.7680511474609375
104363,3.5152652263641357
52534,3.1582798957824707
54129,4.45839786529541
11385,4.123346328735352
47881,4.183175563812256
107310,4.587534427642822
2403,5.052004337310791
7515,4.083014011383057
100249,4.800950527191162
69648,5.172574520111084
107493,5.213127613067627
69147,3.9881672859191895
92181,3.792365550994873
26202,4.802492141723633
58592,4.145836353302002
90811,2.9996824264526367
63413,4.364919662475586
95832,3.623884916305542
104861,4.852336406707764
59043,2.14896821975708
44659,3.7998006343841553
59804,5.097529888153076
98699,4.193885803222656
100372,4.401676654815674
86047,3.8942556381225586
71361,4.8917717933654785
108492,4.949399948120117
74452,4.875925064086914
19552,4.642516613006592
6113,4.786783218383789
55617,4.936977863311768
52522,3.8356568813323975
6115,4.472227573394775
16142,4.50200891494751
76025,4.365142345428467
16068,3.8754189014434814
82825,3.025225877761841
340,4.325864315032959
87952,4.091919898986816
22054,4.215029716491699
89161,4.206596851348877
92696,4.062022686004639
97818,2.410597801208496
100488,4.31126594543457
29003,5.270717144012451
16391,4.040411472320557
38857,3.6426360607147217
49588,4.792008399963379
5697,4.65036153793335
41443,4.283925533294678
16635,4.462400913238525
74096,5.225616455078125
12938,4.80086088180542
90096,5.160518646240234
29787,4.637614727020264
82209,4.786370277404785
99797,4.274173259735107
15640,4.125953197479248
8803,4.760256290435791
13932,5.189408779144287
88858,4.541387557983398
15166,5.098263740539551
92300,4.467107772827148
53049,4.378833770751953
30005,3.7688961029052734
11688,5.468265056610107
99307,4.280718803405762
97083,4.286398410797119
46699,4.615298748016357
62212,5.0053181648254395
107786,4.765161991119385
33455,5.039035320281982
71634,4.684546947479248
16167,4.031534194946289
60248,4.43985652923584
40032,4.383107662200928
86714,4.67198371887207
8232,3.23001766204834
79138,5.1442131996154785
54079,3.752396583557129
5879,4.003357410430908
45749,4.134383201599121
82058,4.692735195159912
40089,4.066522598266602
99457,4.495606899261475
75093,4.520584583282471
60315,3.9659223556518555
23473,4.192946434020996
80046,3.9001364707946777
12131,3.7048213481903076
39548,4.1661057472229
22083,4.707530498504639
33431,4.601232528686523
40829,5.046448230743408
7209,4.492064952850342
34992,5.0157294273376465
4047,4.90496301651001
35487,4.373899936676025
10823,4.945319652557373
14463,5.097899436950684
10625,4.776661396026611
14374,4.244039535522461
102572,4.22493314743042
36188,4.841409683227539
105606,4.604114055633545
77900,5.083428382873535
7821,3.9072399139404297
10706,5.111917972564697
87821,5.3664445877075195
52075,4.9733099937438965
94372,4.603084087371826
3017,4.704354286193848
26366,3.5368435382843018
19157,5.220750331878662
39967,4.501647472381592
92991,5.059849262237549
13684,4.342429161071777
60251,4.813388347625732
46019,5.063486099243164
104242,5.0832200050354
75014,4.390781402587891
96975,4.8112359046936035
23120,4.852416038513184
51418,4.4447855949401855
90264,4.67510461807251
18478,5.054815769195557
73463,4.597255706787109
49771,4.30165433883667
97038,4.93967342376709
75231,4.77997350692749
79573,4.082537651062012
50619,4.675465106964111
81248,3.9020450115203857
64653,4.747732162475586
42294,4.718423843383789
102800,5.027256488800049
56693,3.588695526123047
17037,4.85670280456543
24754,4.46814489364624
4392,3.3243355751037598
28788,4.560279846191406
54262,3.835944414138794
40412,4.6181559562683105
107239,4.040055274963379
58832,5.000293254852295
14519,4.376709461212158
106311,4.898419380187988
87566,4.3717942237854
9607,4.849755764007568
32632,4.729432582855225
78217,4.508616924285889
4900,4.405177116394043
43819,4.844108581542969
69102,4.0158562660217285
68441,4.230952739715576
87768,3.8282699584960938
36089,4.441227436065674
28193,3.8492817878723145
53199,4.950608730316162
75561,4.602062702178955
74450,4.827606201171875
24715,4.05214262008667
34751,4.457645416259766
104653,4.360697269439697
17392,4.459248065948486
1960,4.542611598968506
19763,5.277749061584473
67237,4.631316661834717
38477,4.778109073638916
75065,3.8311574459075928
96915,3.9548096656799316
8734,4.32550573348999
55615,4.34108829498291
40608,4.112285614013672
66162,3.3730435371398926
91571,4.598166465759277
1391,4.756922721862793
72819,4.486482620239258
13263,4.814088821411133
64500,4.823221683502197
44666,4.880569934844971
9474,3.1553709506988525
17194,4.8249664306640625
81588,4.38253116607666
18604,4.952625274658203
93833,4.724497318267822
46059,4.836768627166748
77986,4.542799472808838
108398,4.50608491897583
104288,3.075387477874756
12097,4.004422187805176
11917,4.490878105163574
59069,4.722253799438477
31948,4.37429666519165
12652,5.286587238311768
47904,3.833876371383667
41438,4.602996349334717
54624,4.581172943115234
63029,5.051398754119873
34288,3.8041696548461914
46037,4.2656168937683105
59055,4.548132419586182
102754,4.041730880737305
76219,4.466088771820068
4842,4.814209461212158
48728,4.340385437011719
24072,4.7353949546813965
80331,3.88153076171875
88478,5.242295742034912
7361,4.5762619972229
58812,4.6344075202941895
3345,3.8492743968963623
94624,3.839534044265747
33002,4.3295183181762695
38333,4.6064653396606445
87882,4.464935779571533
69286,3.7427353858947754
108152,4.453156471252441
57866,4.141712188720703
54602,4.159548759460449
29593,4.463945388793945
86974,4.471571922302246
20189,4.875916004180908
77608,3.2284767627716064
71892,4.458162784576416
64485,4.12825870513916
26363,5.033585071563721
29846,3.0272998809814453
94704,4.892488479614258
97756,4.453287601470947
92407,3.6346232891082764
62894,4.329487323760986
7764,4.366832733154297
20919,4.746586799621582
94448,5.439555644989014
93360,5.057037353515625
67603,3.990866184234619
88817,4.830892562866211
1046,3.7424991130828857
100825,5.001367092132568
47839,4.323089599609375
23469,4.574491024017334
81016,4.766763687133789
11793,4.8148274421691895
100769,4.370785236358643
65617,4.4622344970703125
69925,4.046194553375244
28433,4.281224727630615
86161,4.305965423583984
91198,3.225168466567993
64074,3.964329957962036
31057,3.45257568359375
96367,3.9391300678253174
25252,4.216204643249512
78432,5.21643590927124
81569,4.699371337890625
51448,4.551990985870361
64916,4.4064788818359375
4765,3.7487423419952393
36610,4.254695415496826
43123,4.614096641540527
98561,5.018427848815918
19588,4.408001899719238
86715,4.440107345581055
108107,4.804283142089844
61988,5.125244617462158
12615,4.8314924240112305
78501,4.562736988067627
26578,3.4106998443603516
40042,4.649994373321533
71055,4.257259368896484
32033,4.84287691116333
55688,3.920487642288208
44951,5.238168716430664
73340,5.09794282913208
64843,4.454626083374023
21334,4.152636528015137
19281,4.444154262542725
49347,4.4963226318359375
101068,4.932709693908691
66992,4.484871864318848
21488,3.621443271636963
63886,4.8245649337768555
29733,4.669817924499512
66092,3.9672043323516846
6288,4.286040306091309
50095,4.661616325378418
82888,4.392528533935547
38392,4.603917121887207
73684,4.213268756866455
22321,5.3719401359558105
38514,4.557352542877197
23799,4.929892063140869
52500,3.190782308578491
30896,4.071996688842773
77574,4.857882976531982
103632,3.522526264190674
1117,4.496326446533203
11410,3.7064507007598877
103833,4.452203273773193
56188,4.233542442321777
82106,4.695288181304932
77623,4.3717360496521
38705,4.456062316894531
12591,4.595015048980713
85920,4.645998001098633
49712,3.6412649154663086
13461,4.94745397567749
64085,4.276896953582764
91212,4.097020626068115
21174,4.239253044128418
8414,5.23683500289917
105229,4.939594268798828
615,4.583988666534424
12981,4.891294002532959
2907,4.657034397125244
9087,4.545948028564453
91606,4.028074741363525
23747,4.637091159820557
26080,5.134720325469971
90469,4.375148296356201
72360,4.432673454284668
89393,2.926997184753418
60093,4.938641548156738
59969,4.337382793426514
82838,4.767594814300537
50461,4.3202433586120605
37337,4.436357498168945
40190,4.52375602722168
24802,4.380070209503174
25708,5.174617290496826
4770,4.485475063323975
93911,4.354186534881592
22671,5.050001621246338
75852,3.0296859741210938
7598,4.278655529022217
68909,4.9512224197387695
106686,3.9469046592712402
104612,4.046136856079102
38003,4.838724613189697
9806,5.0013017654418945
60318,4.453202724456787
31918,4.670159339904785
28318,4.924375534057617
10327,4.877460479736328
59653,4.179501056671143
106448,2.3006341457366943
21402,4.639537811279297
99222,4.856666564941406
58953,4.299689769744873
65832,4.603174686431885
36390,4.923837184906006
68184,4.78402853012085
50805,4.633432388305664
66966,5.381260871887207
18865,4.0467963218688965
20256,3.911266326904297
91317,4.886504650115967
78289,4.367656707763672
88379,4.171023368835449
60976,4.8867106437683105
42863,3.9999935626983643
38625,4.13796854019165
85308,4.420128345489502
67316,4.878442764282227
64938,3.8978540897369385
95405,4.888612270355225
19206,2.916898250579834
52674,4.214674472808838
30235,4.375528335571289
102159,3.1084611415863037
77214,4.568698883056641
14679,4.538729190826416
20934,5.055578231811523
11413,3.557661771774292
79061,2.6232709884643555
58569,4.534730434417725
27998,3.3695290088653564
6114,4.561526298522949
67585,4.303528308868408
42667,3.9209883213043213
102376,4.883213520050049
73847,4.216583728790283
83748,4.434452533721924
84347,4.7906670570373535
52706,4.469586372375488
77300,3.482243299484253
89436,4.891098976135254
96175,5.015107154846191
70447,2.425107717514038
72398,4.600457191467285
60475,4.756052017211914
91876,4.387475967407227
40505,4.5652971267700195
11919,4.714021682739258
99429,4.036197185516357
8339,4.804547309875488
44019,4.779938697814941
90310,5.317435264587402
72263,4.735953330993652
25741,4.90855598449707
36768,4.630912780761719
39192,5.307197093963623
103721,4.730503559112549
34790,4.823304653167725
34061,4.498783588409424
70050,4.66211462020874
72008,4.232510089874268
84810,4.8712873458862305
86104,5.026848316192627
53694,3.4107375144958496
88539,4.211889743804932
46109,4.770828723907471
14545,4.953393459320068
28057,4.873793601989746
34077,4.549920082092285
66399,5.184532642364502
64502,4.721158981323242
47768,3.7243499755859375
71685,4.775667667388916
19577,4.383306503295898
103718,4.491525173187256
76820,4.814108371734619
58256,4.723518371582031
38789,4.163166046142578
71262,4.619718074798584
43903,5.0438761711120605
63539,5.171512126922607
6971,4.309924125671387
98364,4.218555927276611
108028,4.626971244812012
27593,5.138394355773926
68898,4.453327655792236
17328,4.247961044311523
101885,4.891589641571045
108184,4.907564640045166
18223,5.102692604064941
63098,4.7539591789245605
26624,4.906345367431641
22516,4.685537815093994
66153,3.328433036804199
41842,4.946538925170898
20477,5.054835796356201
106055,4.138197422027588
66648,5.069180488586426
28690,4.2777299880981445
88921,5.298961162567139
59423,3.5362675189971924
106021,4.863647937774658
62592,3.721400022506714
91180,4.643234729766846
29221,4.937922954559326
46155,4.600564002990723
89334,4.897026538848877
66802,4.325497627258301
55011,4.032224655151367
61060,5.168842792510986
55068,4.5389323234558105
102113,4.262748718261719
40417,4.643117904663086
91650,4.625030517578125
59070,5.260854721069336
45220,4.035463809967041
41584,4.059173583984375
101097,4.386335372924805
80135,3.956693410873413
33629,2.983914375305176
89501,5.1592488288879395
36850,3.3698339462280273
53820,4.267353057861328
64408,4.627974987030029
32601,5.32942008972168
64374,4.45574426651001
15503,4.547273635864258
415,4.7017598152160645
42706,4.71943473815918
1472,4.638638019561768
76007,4.341017246246338
105838,5.220309257507324
7671,3.8623032569885254
40204,4.681985855102539
72687,4.369755268096924
40270,4.666289806365967
29180,4.742953777313232
101410,4.8074493408203125
60294,4.284940242767334
62027,4.693941593170166
77706,3.4399638175964355
100144,4.313577651977539
107934,4.419149875640869
39719,3.164320230484009
101775,5.006468772888184
34484,4.3383965492248535
98596,3.958848476409912
2099,4.723052501678467
25143,4.3695855140686035
31773,5.0722784996032715
67090,4.650259971618652
80821,4.438126087188721
5448,5.027531147003174
10407,4.824804782867432
3228,3.2462589740753174
76235,4.0807600021362305
104828,4.359886169433594
106003,4.6806135177612305
27272,4.081576824188232
16964,5.01654052734375
70462,5.262827396392822
35838,3.9947872161865234
26149,4.349529266357422
14990,4.885745048522949
18195,4.349509239196777
18059,5.065204620361328
52277,3.8900816440582275
2216,4.480520725250244
706,4.430751800537109
69314,3.0308308601379395
45535,5.0624799728393555
65096,5.146974563598633
77946,3.0238559246063232
6506,3.920121431350708
18853,4.8231611251831055
72616,5.152466297149658
80406,4.778604507446289
34442,3.598825454711914
65355,3.8013851642608643
46928,4.941472053527832
73873,4.077447414398193
16601,4.727632999420166
9394,4.277745723724365
105736,4.707679271697998
35509,4.9149627685546875
42033,4.894236087799072
11118,4.731257915496826
96589,4.059911727905273
93136,4.528399467468262
47879,2.8374433517456055
80098,4.651163101196289
83992,3.786000967025757
11269,4.672077655792236
12229,5.036209583282471
65518,4.553079605102539
9660,4.198184967041016
73045,4.751266002655029
104966,4.50522518157959
63242,3.4994759559631348
27921,4.708136081695557
53347,4.557142734527588
70761,4.827071189880371
99220,4.5201520919799805
59403,4.027545928955078
2271,4.498793125152588
43039,5.057069778442383
79417,4.32519006729126
31900,4.681327819824219
19212,3.992210865020752
78443,4.7659478187561035
21807,4.753591060638428
12255,4.2614054679870605
10501,4.843258857727051
108206,4.18683385848999
55744,3.824524402618408
3375,4.738211631774902
29219,4.04730224609375
41454,4.722354888916016
30543,5.188625812530518
14110,4.550114154815674
39838,4.164422988891602
41791,4.276710510253906
72729,4.464751243591309
40058,4.56365442276001
16618,4.884095668792725
90688,4.813537120819092
78976,4.909233570098877
46277,4.350159168243408
90827,4.156965732574463
28624,3.405122995376587
10056,4.935703754425049
89319,4.759298801422119
105463,4.873908996582031
32082,4.09115743637085
77767,4.431014537811279
71798,3.86627459526062
43098,3.5712759494781494
28601,4.761196613311768
72814,4.59660005569458
48537,4.676562309265137
61703,4.432470798492432
38475,4.703449249267578
64606,3.7270700931549072
22854,3.3567447662353516
100605,4.68817138671875
68725,4.007525444030762
51931,4.685795307159424
69279,4.493396759033203
83507,4.593050003051758
46509,3.5946829319000244
49315,4.246811389923096
51813,4.068605899810791
2864,4.569548606872559
35895,4.541601657867432
99459,4.631191253662109
89417,4.289837837219238
60995,4.756836414337158
88871,4.81231689453125
15617,4.4885334968566895
28931,5.263352870941162
89725,4.283571720123291
49669,5.016672611236572
99117,3.804948568344116
100191,4.084731101989746
50201,4.263357639312744
87185,4.976168155670166
25513,4.1995391845703125
64579,4.460659503936768
88229,3.544546127319336
35075,4.949570178985596
22616,3.718325138092041
84138,4.020113945007324
35702,4.460685729980469
38109,3.900251865386963
32548,5.028128147125244
42193,4.145269870758057
34417,4.895681381225586
6996,4.741810321807861
52339,4.248394012451172
60880,4.790424346923828
65770,4.231858253479004
23873,5.098550796508789
53413,3.825963258743286
2260,4.873325824737549
29539,5.163999080657959
79319,4.949856758117676
60562,4.604560852050781
85202,4.731337070465088
91674,4.964407444000244
46215,4.6214447021484375
60764,4.837708473205566
2786,4.076602935791016
47239,4.334027290344238
7851,3.4586668014526367
100419,4.896020412445068
56275,4.638058185577393
4072,4.701752662658691
19852,3.9486653804779053
3823,4.551724433898926
97340,4.629173755645752
9850,4.096209526062012
77362,4.5002851486206055
91319,4.224171161651611
96479,4.730692386627197
99527,4.600405693054199
57664,4.883774757385254
16933,4.913503170013428
69342,4.571982383728027
61396,4.8261189460754395
68809,4.6780524253845215
9983,4.900532245635986
33911,4.004337787628174
54398,3.4819223880767822
7351,4.7387003898620605
37470,4.312209606170654
75934,3.7320454120635986
92172,4.787019729614258
11046,4.795994281768799
52465,3.12737774848938
873,4.729077339172363
31203,3.950617551803589
46970,4.524695873260498
41457,5.031208038330078
35430,4.3991007804870605
97293,4.629471302032471
28649,4.674678802490234
39104,4.999112606048584
82515,5.151173114776611
54357,4.950746536254883
68738,3.993131160736084
552,4.487429618835449
11499,4.889198303222656
50261,4.686307907104492
13743,4.842074871063232
5800,4.544550895690918
11009,4.161917209625244
92583,4.182631492614746
15699,4.078946113586426
35146,4.6458940505981445
58249,4.746580123901367
57369,4.620431900024414
92592,5.160085678100586
91897,3.981234073638916
33353,4.151391983032227
26112,4.842597007751465
100513,3.4315288066864014
21201,3.9500467777252197
11924,4.413761615753174
104820,5.903447151184082
86169,4.921792984008789
66379,4.384889125823975
62531,4.903006553649902
65642,4.911770343780518
51897,3.7453386783599854
44139,4.463962078094482
102679,4.058711051940918
82954,4.781594753265381
25018,3.912529468536377
73653,4.695265293121338
90400,4.874948024749756
66035,4.41208553314209
56384,4.806446552276611
99418,4.341629505157471
5949,5.0440754890441895
46816,4.371391773223877
69637,4.663841247558594
66651,4.658167839050293
77523,2.8998334407806396
80127,3.5384461879730225
52078,4.85546875
69546,4.454536437988281
56726,3.8995587825775146
75099,4.206830978393555
38862,4.338158130645752
66725,4.254815101623535
26988,4.706479549407959
30985,4.72355842590332
48905,4.156708240509033
54016,4.754124164581299
24496,3.9788432121276855
100435,4.3868279457092285
80956,4.7053728103637695
19411,4.824421405792236
49852,4.555948257446289
91873,5.005908966064453
78314,4.3846659660339355
35637,4.836136341094971
21185,4.77897310256958
55726,4.41333532333374
7788,5.187813758850098
30014,4.5963521003723145
32869,4.83570671081543
76627,4.079279899597168
106218,4.751824378967285
56171,4.592922687530518
1968,4.172636032104492
16072,4.371009826660156
104320,4.5609822273254395
71263,4.324646949768066
82131,4.039160251617432
81817,5.086929798126221
47984,4.6103739738464355
12380,4.050093173980713
264,3.082610845565796
31074,4.726367473602295
35355,4.227587699890137
100001,4.600507736206055
19178,4.736629486083984
46862,4.895465850830078
46072,4.609440803527832
47517,4.2669172286987305
19704,5.003680229187012
43192,4.826157093048096
15224,4.130176067352295
93584,4.93683385848999
645,4.620248317718506
46196,4.699372291564941
76503,5.258515357971191
30589,4.635919094085693
94465,4.384258270263672
68643,5.004779815673828
87819,3.7737948894500732
67689,4.226497650146484
72696,4.781719207763672
41817,5.117049694061279
80174,4.918564319610596
83664,4.8004984855651855
85416,4.451228141784668
65842,3.5234291553497314
17298,4.811195373535156
3994,5.115610599517822
40302,4.187569618225098
88462,5.116628170013428
59437,3.7191667556762695
76376,4.737098217010498
69303,3.9526965618133545
89482,5.035820960998535
86977,4.549186706542969
21960,4.49467134475708
20231,4.22413969039917
38901,5.230650901794434
15798,4.120972633361816
29864,4.584585666656494
51966,4.710374355316162
104008,4.5451860427856445
98810,4.355357646942139
30342,5.076158046722412
56271,3.714554786682129
72640,3.9430058002471924
44371,3.69077467918396
62562,4.823863983154297
25093,4.832996368408203
89651,4.748565673828125
35312,3.889875888824463
101787,5.070071697235107
62055,4.695244789123535
18464,5.036363124847412
2794,5.006387710571289
61077,4.149971961975098
4232,4.75672721862793
58174,3.962444305419922
94034,3.8577029705047607
46622,3.162202835083008
6242,3.7959463596343994
102198,4.550042152404785
1389,4.705311298370361
70518,4.1272873878479
3403,3.651201009750366
71718,4.335395336151123
50146,4.476060390472412
75181,4.455045223236084
6407,4.7034759521484375
47769,4.219564437866211
23202,4.320655822753906
25167,5.067570686340332
90036,4.105251312255859
30210,4.157348155975342
82877,4.337917327880859
93445,4.603661060333252
24589,3.9009573459625244
8134,3.754953622817993
41534,4.9224958419799805
66972,5.198436737060547
42157,4.853656768798828
15089,4.134471416473389
32806,4.796727657318115
7835,4.530673980712891
29082,4.222463130950928
43047,4.997659206390381
16245,4.701179027557373
83860,4.632851600646973
27612,4.840091705322266
57584,4.304983139038086
72285,3.709721565246582
105561,5.749983787536621
62960,4.581336975097656
80252,4.859893321990967
3316,4.769340515136719
67797,4.544891834259033
88318,5.1413140296936035
24795,3.741081953048706
420,4.494668006896973
98956,4.159384727478027
68965,3.8130509853363037
45667,4.453074932098389
4032,3.621722936630249
53373,4.25358247756958
34010,4.765579700469971
96227,3.5768134593963623
44330,4.592715740203857
44639,4.353933334350586
18446,4.050101280212402
48287,4.3683342933654785
13662,3.856621503829956
70463,4.56350564956665
54965,4.377018451690674
96642,3.0172812938690186
8645,5.005407810211182
76414,4.001501083374023
99396,4.756606101989746
50236,4.163093566894531
24453,4.106811046600342
49714,4.77846097946167
38929,5.193150520324707
40312,4.528256893157959
46696,5.320030689239502
1918,4.7436065673828125
37961,3.880969285964966
84532,4.717953205108643
52471,4.538816928863525
55659,3.176945209503174
65170,4.926372051239014
84820,4.684356689453125
51835,4.276043891906738
9127,4.898523330688477
258,4.157540798187256
89939,4.678446292877197
84784,4.591821670532227
33887,4.842231750488281
97731,4.655540943145752
7670,5.10057258605957
22005,5.069619655609131
93883,4.6523051261901855
76716,4.715087890625
2512,4.463690757751465
20097,4.398309230804443
70314,4.464869499206543
23479,4.553057670593262
103299,3.670606851577759
104205,5.163272857666016
50840,4.6028242111206055
43015,4.112546443939209
70388,3.6513724327087402
42408,4.853078842163086
2262,4.326521396636963
95855,4.7610273361206055
85605,5.122201442718506
33516,4.833556175231934
97894,4.1770100593566895
14261,4.5414557456970215
71870,4.793715000152588
11265,5.014095783233643
29192,4.3812479972839355
24763,4.581095218658447
21205,5.185040473937988
48501,4.525995254516602
52042,3.9454612731933594
16194,4.60860538482666
64864,4.384755611419678
86915,4.8309526443481445
35089,4.725170612335205
63868,4.7060770988464355
25419,4.139370441436768
14480,2.9797756671905518
12514,3.281299352645874
9537,4.864739894866943
96116,4.35008430480957
21501,4.763627529144287
14118,5.0103607177734375
92017,5.127103328704834
95480,3.7564823627471924
88164,4.511960506439209
7481,3.870962381362915
60740,4.9046406745910645
78749,4.638535022735596
14709,4.529781818389893
8980,5.003213405609131
101333,5.351430416107178
2561,4.701879024505615
15729,4.075050354003906
61017,4.586225509643555
12922,4.919834136962891
58044,4.638844013214111
85334,5.069579601287842
77817,4.359870433807373
97964,4.950366497039795
22755,4.268759727478027
33342,4.038058757781982
85345,4.069162368774414
66942,4.8766584396362305
85673,4.809033393859863
101751,4.61871862411499
18145,5.236359596252441
22838,4.592004299163818
14921,4.647923469543457
94182,4.222879409790039
16552,4.414840221405029
96105,5.069188117980957
101913,3.6995530128479004
58933,4.304359436035156
65322,5.16394567489624
89157,4.837087154388428
31910,4.681625843048096
39244,4.8466596603393555
75546,4.514948844909668
59358,4.613280773162842
22893,3.6950738430023193
50914,4.214491844177246
16034,4.605693340301514
89971,5.313239574432373
92262,4.992049217224121
58195,4.694614410400391
64421,4.687342643737793
26564,4.595312595367432
106142,3.354738235473633
86281,5.010468006134033
55472,4.720975875854492
95759,4.687700271606445
50800,4.044971466064453
22307,5.3028059005737305
96069,4.93389368057251
61238,4.001933574676514
91429,4.354038715362549
25711,4.908038139343262
23308,4.070746898651123
34824,3.5286457538604736
62837,4.123588562011719
41860,4.807975769042969
53304,4.157181739807129
40188,4.886490821838379
26813,5.104484558105469
73842,4.816646575927734
91267,4.495398044586182
58982,4.621469497680664
55664,2.8386056423187256
85033,4.8134074211120605
6038,3.792670726776123
95132,4.651752948760986
82378,3.8681766986846924
18392,4.837558746337891
51091,4.3828253746032715
23340,4.806988716125488
107904,4.700115203857422
40394,4.637509346008301
77194,4.359488010406494
30522,5.387218475341797
92424,3.504762649536133
98926,4.349635124206543
87399,3.8502728939056396
1667,4.333053112030029
19692,4.708681583404541
72754,5.129462242126465
65108,4.785681247711182
44089,5.023898124694824
107924,4.998442649841309
45311,4.8987650871276855
36130,4.547018527984619
32901,2.903733015060425
26949,3.6310417652130127
77509,4.608209133148193
58244,4.161725044250488
41712,2.2502939701080322
41737,4.216548919677734
96313,4.2254486083984375
82609,4.25410270690918
53374,4.180987358093262
25997,3.7701497077941895
42644,4.59672737121582
34125,3.7689905166625977
86065,3.7404744625091553
105040,3.893678903579712
88019,4.656124114990234
22218,4.652058124542236
30406,4.205495357513428
99871,3.828479528427124
3899,4.812130451202393
24021,4.931292533874512
7314,3.6598753929138184
78995,4.837886810302734
45977,3.8960459232330322
68782,3.6470348834991455
96206,4.439401626586914
63061,5.043862819671631
2808,4.889817714691162
36611,4.812981605529785
24891,4.766206741333008
14479,4.325902462005615
46393,4.250986576080322
37109,4.619227409362793
73523,4.887273788452148
12551,4.127411842346191
29899,4.183688163757324
93075,4.785222053527832
69632,4.942629337310791
67731,4.696120262145996
57906,4.499267578125
106005,5.088938236236572
8097,4.503623008728027
1142,4.854310989379883
48556,3.2557084560394287
18245,4.927007675170898
73743,4.758337497711182
104640,4.755481719970703
101339,4.7575907707214355
33277,5.269589424133301
97698,4.20706033706665
107795,5.599426746368408
88160,4.559335708618164
94603,4.274463176727295
23134,5.3348188400268555
16548,4.305824279785156
41482,4.447267055511475
41741,5.012897968292236
52222,3.7096219062805176
89871,3.310737371444702
38418,4.421841144561768
89176,4.626417636871338
50640,4.324785232543945
1047,4.508477210998535
106705,4.201883316040039
45330,4.538825511932373
64318,4.459166526794434
19731,4.89778470993042
1208,4.493532657623291
53942,3.866014242172241
58220,4.5030622482299805
84246,4.993175506591797
6275,4.403975963592529
50336,3.972954511642456
25109,4.974645614624023
13881,4.93545389175415
14126,4.598145484924316
8477,4.4925994873046875
82001,5.221024036407471
43014,5.187722682952881
73391,5.009458541870117
31872,3.56506609916687
21393,5.197706699371338
92291,4.3824896812438965
23557,4.340798854827881
100702,4.763279438018799
15327,3.9844038486480713
81431,4.405214309692383
88740,3.971907615661621
106024,4.3365864753723145
94607,4.319026947021484
52887,4.091161251068115
10406,4.437018871307373
66897,4.886946201324463
83087,5.059017658233643
51251,4.611752510070801
60999,4.620697498321533
73989,3.7642199993133545
103015,4.6078572273254395
57644,5.145273685455322
35760,3.6785037517547607
74824,4.612406253814697
94532,4.408293724060059
23984,4.467874526977539
72011,4.279997825622559
23425,4.682714939117432
14375,3.8741495609283447
87195,4.26348352432251
95864,2.8596553802490234
104030,4.163201808929443
97127,4.563523292541504
96784,4.87460470199585
27391,4.9187092781066895
89148,4.8224334716796875
87500,5.190134525299072
76586,4.1466522216796875
70956,5.178525924682617
24923,4.279188632965088
106401,4.734522819519043
6061,3.713855743408203
31342,4.011100769042969
9695,5.151435852050781
85584,5.097777366638184
58015,4.517983436584473
92527,4.4948410987854
2543,4.955441474914551
91779,4.3810038566589355
91227,4.355426788330078
85982,4.253830432891846
76792,4.408452987670898
86970,4.756816387176514
14862,4.918382167816162
17529,3.1749799251556396
43336,5.194091320037842
97587,4.956892967224121
47927,3.8741445541381836
55498,4.1586809158325195
12529,4.320615291595459
60866,4.666275501251221
75661,4.1754560470581055
59960,4.631465435028076
53255,4.591002464294434
18368,3.659193277359009
48911,4.347114562988281
21657,4.934798717498779
108480,4.669015407562256
53806,4.7406697273254395
37062,4.938355922698975
103034,4.376489162445068
29608,4.60386848449707
10752,3.634000539779663
96263,3.8458287715911865
100259,3.9006450176239014
91872,4.921915531158447
280,4.3485822677612305
97346,3.881706476211548
61758,4.412907600402832
16330,4.379726886749268
20305,4.754184246063232
47157,3.7572743892669678
66927,3.911457061767578
82482,4.548337459564209
4464,4.34700870513916
70947,3.9719855785369873
4221,4.867295742034912
99076,4.783375263214111
22670,4.588330268859863
42625,4.1606340408325195
3701,4.471759796142578
91717,5.100058078765869
84226,4.849139213562012
38415,4.840665817260742
38928,5.246718406677246
73252,4.858134746551514
82176,4.078201770782471
96399,3.671926736831665
46734,4.920211315155029
9965,4.084074020385742
99606,4.957216262817383
41300,4.504546165466309
97399,3.574941396713257
89794,4.273802280426025
51980,4.52168083190918
42324,4.853541374206543
56327,4.1048665046691895
55256,4.731736183166504
93504,2.567763090133667
79872,4.322947978973389
65874,4.464247226715088
104462,4.7589287757873535
70907,4.38675594329834
16735,3.678391933441162
14278,4.730536460876465
1780,3.23944091796875
53845,4.877289772033691
20765,4.539924621582031
39477,4.705530166625977
54747,4.513150215148926
33868,4.697890758514404
25425,4.893730640411377
9399,4.330247402191162
64120,4.470065116882324
13677,4.5804266929626465
68175,4.585577487945557
42642,4.365678310394287
107977,4.761162757873535
13332,4.7971720695495605
44879,3.5861704349517822
90039,3.8191075325012207
30662,4.870129108428955
55046,4.745023250579834
12626,4.816144943237305
23726,4.50383186340332
98565,4.317719459533691
50500,3.8290281295776367
8303,5.1991658210754395
103680,4.464167594909668
107804,4.073737144470215
88962,4.924666881561279
92327,4.434641361236572
48246,4.8503947257995605
98859,4.634957790374756
74943,3.105905771255493
13829,4.609566688537598
24858,4.326292037963867
2946,5.01860237121582
76995,5.19851016998291
94217,4.934291839599609
17188,4.210338115692139
53108,5.038182258605957
42457,4.768530368804932
64511,4.120301723480225
71854,4.277143955230713
85907,5.037950038909912
73440,4.056058883666992
77528,3.96109676361084
40974,4.733885288238525
28461,4.404269695281982
61550,4.246496200561523
105720,4.387547016143799
74191,4.810717582702637
56915,4.353628635406494
10757,4.573766708374023
225,4.764256954193115
4188,4.985018253326416
61040,4.811388969421387
34828,4.767977237701416
283,3.518537759780884
32134,3.8332290649414062
1777,3.9126124382019043
55975,4.357278823852539
17068,4.961167812347412
53582,4.370589256286621
32267,4.1970906257629395
86414,4.933559894561768
29177,5.106472969055176
39789,3.8520262241363525
106721,3.9481112957000732
87987,4.354543209075928
83272,4.986307144165039
68951,4.289057731628418
89893,4.782419204711914
62067,4.391760349273682
105653,4.796959400177002
105974,4.26026725769043
100015,4.514573097229004
81607,4.289539813995361
34643,5.018430709838867
3108,4.6231913566589355
6813,4.538449764251709
51482,4.299214839935303
6340,4.230864524841309
48075,4.334118843078613
52378,4.706518650054932
10763,3.5167946815490723
28776,4.867579936981201
64228,4.678376197814941
55793,4.2625041007995605
33784,4.931057453155518
39844,4.171456336975098
92027,5.119808673858643
30024,4.871504783630371
14442,5.012805461883545
44783,4.786738395690918
11513,4.407914638519287
12521,4.257842540740967
79944,4.781957149505615
17932,4.685058116912842
75926,4.383875370025635
64778,4.701096057891846
25382,4.62040901184082
48617,3.1443192958831787
95128,4.577615261077881
45136,3.7838594913482666
81394,4.927050590515137
47300,4.08929443359375
76093,5.111812114715576
57967,3.3071959018707275
54865,4.714160442352295
106979,4.854538917541504
42191,4.93841028213501
23694,5.033234119415283
85633,5.1190643310546875
21931,3.6131300926208496
47133,4.828904628753662
77959,5.0392866134643555
942,4.095030784606934
29558,4.902092456817627
13255,4.673427104949951
39773,3.4567103385925293
39117,4.696352005004883
32684,3.052175760269165
57560,4.700034141540527
108181,4.861878871917725
60564,4.857728958129883
105741,3.3588030338287354
26531,4.120769023895264
48715,4.633139610290527
36728,5.093637466430664
64127,3.6678481101989746
15671,4.528250694274902
52367,5.186784267425537
8551,4.45284366607666
2506,4.944065093994141
12977,4.987843036651611
9702,5.139982223510742
31695,4.307577610015869
19427,4.692859649658203
60890,4.752865314483643
36888,4.443173408508301
7295,5.2605109214782715
77853,4.091493606567383
52254,4.089710235595703
686,4.691071510314941
104783,4.945631504058838
75849,4.923280715942383
46586,2.222212553024292
18078,5.134613513946533
16973,4.620855331420898
66860,4.09877872467041
96059,4.219072341918945
24813,4.601618766784668
53702,4.540538787841797
17855,4.77109432220459
68040,4.4128522872924805
99803,4.717448711395264
8944,4.487890720367432
5704,4.868569374084473
90005,5.232109069824219
100908,4.376794338226318
4722,4.8017730712890625
98025,5.2909040451049805
72309,4.9489521980285645
52065,4.465163230895996
49352,4.130262851715088
63642,5.032882213592529
27385,4.790887355804443
23819,5.156928539276123
43865,4.885252952575684
5871,4.568702697753906
90991,4.6858978271484375
73074,4.01115083694458
100823,4.172635078430176
17018,4.641695499420166
1952,4.213576316833496
25183,4.9426655769348145
53289,5.1577935218811035
58011,4.5337934494018555
33549,4.30576753616333
63405,4.496196746826172
83968,4.138027667999268
107839,4.7696733474731445
66838,4.432117462158203
16697,4.773868083953857
87906,4.821489334106445
60646,4.186093330383301
15565,3.786545515060425
103581,3.5037355422973633
69657,4.39087438583374
11509,3.496201753616333
69827,4.0882697105407715
86986,4.65910005569458
99958,4.924890041351318
45084,4.9180006980896
47504,4.017425060272217
8056,4.8645758628845215
83412,4.7807722091674805
8427,5.292678356170654
75004,4.575328826904297
83489,3.769605875015259
65083,4.406269073486328
90624,4.367417335510254
105665,4.474902629852295
21187,4.843252658843994
65194,4.950619697570801
60466,4.023636817932129
2186,4.70321798324585
25804,5.080376148223877
58597,4.476086139678955
51712,4.529458522796631
67828,4.98616361618042
18883,4.831509590148926
59829,4.754749774932861
102303,5.24797248840332
88041,4.3977532386779785
22373,5.126098155975342
70182,4.8121337890625
29143,4.975255966186523
99290,4.702939987182617
54722,3.9970688819885254
54190,3.8939855098724365
9799,5.138136386871338
97814,5.026460647583008
99267,4.674890995025635
64930,4.558102607727051
105305,4.825334072113037
61922,5.174404144287109
29145,4.032612323760986
101607,4.9730143547058105
21764,4.6138014793396
65052,4.402260780334473
48848,4.791867256164551
34535,4.74987268447876
69299,4.767606735229492
44450,4.8120832443237305
38268,3.5737626552581787
69269,4.905857563018799
54123,4.1092634201049805
85311,4.491957187652588
96075,4.969382286071777
36241,4.848483085632324
49911,4.7833051681518555
52466,3.5304877758026123
17888,4.95253324508667
12287,4.01538610458374
57918,4.899771213531494
33265,3.7311301231384277
67747,4.63782262802124
89098,4.313832759857178
94651,3.656346082687378
87710,3.979708671569824
34550,4.241862773895264
8620,4.5022664070129395
105966,4.808663368225098
28392,4.228969097137451
4075,5.12418270111084
54643,4.143582344055176
22255,4.660782814025879
61178,4.671694278717041
5260,4.304839611053467
101933,4.357422351837158
14027,4.770275115966797
49110,2.81565260887146
97796,4.784372329711914
103587,4.524972915649414
105808,3.8631904125213623
105403,4.259275436401367
45858,4.825674057006836
73461,4.591900825500488
10977,4.736638069152832
4435,4.064932346343994
23779,4.502193927764893
40015,4.579410076141357
65298,4.740787982940674
66410,4.55369234085083
97613,4.468199253082275
82588,3.911440372467041
69871,4.847671985626221
6015,5.135739326477051
97646,4.924746990203857
28721,4.131214141845703
1424,4.853969573974609
63248,3.5083649158477783
83853,4.593371868133545
54295,4.0760650634765625
35694,4.348860740661621
14577,5.0467305183410645
97305,5.077049255371094
61315,2.77730655670166
19625,4.506396770477295
34706,5.45705509185791
75566,4.027590274810791
51409,4.469802379608154
99126,4.493795394897461
44323,4.320252895355225
85648,4.500049114227295
68341,4.245989799499512
11356,4.12925386428833
108076,3.891906261444092
26269,4.17683219909668
70891,4.414265155792236
56011,4.161127090454102
49847,4.851566314697266
35214,5.251937389373779
71372,4.466685771942139
10316,4.833581447601318
69057,4.3405890464782715
52416,4.869250774383545
99625,5.0101847648620605
954,4.4406304359436035
32537,4.878617763519287
76670,3.7947301864624023
64379,4.693218231201172
84035,4.805148124694824
86415,5.4347615242004395
75260,5.2015886306762695
78293,4.770891189575195
10988,4.130532264709473
94294,5.235745906829834
6481,4.920429229736328
97176,4.693634033203125
42873,4.01969051361084
58474,4.88818883895874
31947,4.113900184631348
107021,4.2169270515441895
8611,4.696811199188232
57769,5.109823226928711
70410,4.4448442459106445
18270,4.4502272605896
26803,5.1738104820251465
99386,4.792663097381592
4590,4.408755302429199
55806,4.3437299728393555
95246,5.001491546630859
64971,3.467076301574707
106963,4.88901424407959
1484,4.986629486083984
83556,4.9877495765686035
18946,4.657873153686523
83260,5.271461486816406
46656,4.935054779052734
102298,4.037142753601074
37747,5.227290630340576
105037,4.261482238769531
101248,4.0151567459106445
73413,4.587296009063721
85000,4.991199493408203
9475,3.8294143676757812
78626,4.87770414352417
40162,4.343716621398926
9331,4.454113960266113
32978,5.044442653656006
78267,4.767614841461182
83594,4.926178455352783
23474,3.9318361282348633
11749,4.627249717712402
64314,4.641571044921875
50267,4.272280693054199
91657,5.049901008605957
36127,3.821455717086792
44486,4.944732666015625
12135,4.8369832038879395
22612,4.499261379241943
48629,3.7403883934020996
3862,5.357419013977051
22743,4.956421375274658
94365,3.618098020553589
45120,4.6979546546936035
97589,3.620687484741211
51043,5.158028602600098
97761,4.1129984855651855
71443,4.44108772277832
19172,4.903285026550293
37256,4.240642070770264
96823,4.678302764892578
81643,4.469593048095703
107749,4.4857096672058105
66832,4.584209442138672
26150,4.761576175689697
7074,4.3077712059021
7267,3.8039321899414062
70389,5.017910003662109
65992,4.274916172027588
43784,4.4476118087768555
62535,4.100069999694824
56382,4.505186557769775
25983,3.987286329269409
10174,4.222784519195557
6528,3.888148546218872
38947,4.379422187805176
87220,4.594019889831543
91981,4.520761013031006
92742,4.660524368286133
31387,5.223339557647705
19304,4.694512844085693
67385,4.611046314239502
14953,4.290824890136719
15060,3.583871841430664
69041,4.562337398529053
4441,4.20629358291626
16903,5.011358261108398
40971,4.139525413513184
106832,4.961581230163574
89128,4.766242980957031
8705,4.625495910644531
7494,4.459298610687256
22294,4.779145240783691
8422,4.349750518798828
32142,4.106499195098877
86765,4.339935779571533
35418,5.139890670776367
47467,4.703332424163818
66604,4.120848655700684
106945,4.785134792327881
90685,4.660532474517822
22932,4.7760233879089355
92452,5.179455757141113
46897,3.973154067993164
69708,5.071282386779785
7182,4.93789005279541
100405,4.543426990509033
13972,4.345269680023193
79007,4.978943347930908
21470,4.129789352416992
37731,4.57180118560791
17813,4.474092483520508
60451,4.522972583770752
72538,3.8864922523498535
21585,4.824075698852539
53684,4.941285610198975
97074,4.969656467437744
101646,4.831347942352295
28873,4.719854354858398
35841,4.051154136657715
41145,4.891130447387695
2408,4.903891086578369
32649,4.094502925872803
51226,3.916696071624756
102147,4.138492107391357
85545,4.991937637329102
80627,4.995143890380859
28194,4.832038879394531
96840,4.614318370819092
47295,3.5252959728240967
96012,3.789350986480713
106340,4.376081943511963
35384,4.227271556854248
8088,4.035303592681885
76075,3.826674461364746
107543,4.872837543487549
62243,4.193869590759277
38535,3.2954931259155273
33012,4.814548969268799
55567,5.191078186035156
86640,4.7604475021362305
44374,5.0419464111328125
103269,4.157329082489014
9056,4.786073207855225
68658,4.507733345031738
78699,4.890385627746582
93604,4.925739288330078
15825,4.217223644256592
24462,5.059454441070557
39540,5.025079250335693
73448,4.746981143951416
33148,4.398330211639404
5162,3.960033893585205
96462,4.964725494384766
19195,4.7335638999938965
102118,4.465381145477295
81799,5.212418556213379
12511,4.391443252563477
59876,4.44551420211792
92274,4.797162055969238
70498,4.5134382247924805
81547,4.4654669761657715
45285,4.299646377563477
8161,4.477203369140625
79130,4.9601054191589355
39849,3.6835639476776123
41758,4.505450248718262
92824,3.953826904296875
67389,4.648135185241699
75006,4.723654270172119
97480,4.433370113372803
64091,4.443603992462158
103141,4.637811183929443
34674,4.969534397125244
74778,4.542338848114014
46399,4.527071475982666
51871,3.3858535289764404
58571,4.996116638183594
19805,2.894542694091797
47189,4.820555686950684
105108,3.9973835945129395
95600,4.624752998352051
95169,4.700108051300049
103163,3.167206048965454
96452,5.024866580963135
83486,4.701303005218506
87990,3.9607560634613037
102255,4.419936656951904
4568,4.660885334014893
88862,4.906802654266357
46984,4.785867214202881
104514,3.414412498474121
78044,3.128070116043091
86130,4.6630072593688965
58164,3.9769644737243652
100570,3.7474617958068848
86969,4.885159015655518
104073,4.852489471435547
104041,4.503029823303223
71991,4.833247661590576
81448,4.554298400878906
106486,2.957819938659668
32319,4.308830261230469
30732,5.335916519165039
45081,5.4245805740356445
46799,3.9328877925872803
86522,4.7751994132995605
91554,4.181460380554199
43360,5.11478853225708
57678,4.989581108093262
77842,4.59351921081543
102427,4.7940216064453125
9377,4.718978404998779
11531,4.690969944000244
2320,4.7641215324401855
95335,4.511780261993408
91083,5.062609672546387
92390,4.62264347076416
108595,4.256014347076416
76877,4.657562732696533
75843,4.242884635925293
19496,4.45294189453125
30933,3.7527356147766113
91006,4.327770233154297
21935,4.907959461212158
19036,5.074045658111572
85785,4.806887149810791
105519,4.932305335998535
83028,5.000354290008545
104752,3.749119758605957
71576,4.680058002471924
59328,4.541436672210693
92178,5.002627849578857
99925,3.302159070968628
5147,3.1737895011901855
54319,4.721004009246826
56118,4.7084550857543945
37604,4.291047096252441
27647,4.480535984039307
25975,4.959712028503418
29431,4.8041090965271
31133,5.010360240936279
77359,4.400476932525635
85039,4.992563247680664
105671,4.302704811096191
45466,4.764492988586426
99083,5.03898286819458
18084,3.5771901607513428
36556,3.9344735145568848
61982,4.5027360916137695
81432,3.7169737815856934
87099,4.918633937835693
97868,3.4834020137786865
16186,4.738464832305908
105984,4.1684651374816895
28780,4.7356109619140625
86177,4.109590530395508
53354,4.595996856689453
16069,4.140041351318359
105072,4.537391662597656
50895,4.593041896820068
57532,4.743203163146973
85607,4.683784484863281
53151,4.866363048553467
67727,4.541563510894775
50528,3.8664357662200928
62644,3.4702987670898438
101397,4.212705135345459
40099,3.942810297012329
41108,3.5411524772644043
36576,4.948465824127197
57000,4.566709995269775
90878,4.123784065246582
106452,4.913038730621338
11857,4.6622209548950195
5683,4.947000026702881
14701,4.760663032531738
66669,4.369357585906982
79288,4.187966823577881
70756,4.861845016479492
22517,5.140492916107178
17262,4.711630344390869
64790,4.667849063873291
19077,4.969071865081787
4003,5.259786128997803
86623,4.688783168792725
75100,5.1002583503723145
95009,4.767960071563721
29062,5.20851469039917
104641,4.750699520111084
71768,3.512861728668213
19518,5.268859386444092
21809,4.900381565093994
34183,4.718469619750977
15494,4.781713008880615
25006,4.775024890899658
17810,3.394602060317993
99375,5.2128167152404785
28894,4.068117141723633
9917,4.704495429992676
6031,4.137156963348389
75191,4.342092514038086
4115,4.504377841949463
53811,4.889354705810547
10526,4.958339691162109
31337,4.415836334228516
94128,4.643808841705322
1359,5.045473575592041
26984,4.250665664672852
82538,5.491393566131592
105704,4.621434211730957
1397,4.98655891418457
34954,4.775045394897461
78792,3.8837997913360596
31468,4.753723621368408
39639,5.413948059082031
13032,4.2861528396606445
29363,4.4958415031433105
33406,3.774566888809204
66613,4.369791030883789
70853,4.52354621887207
60311,4.724353790283203
13007,4.80286169052124
16888,3.624511241912842
3676,4.345445156097412
76078,4.316651344299316
53891,4.856471538543701
94728,4.95707368850708
5832,4.513448238372803
26495,4.636345863342285
60394,4.870874881744385
107552,4.639472961425781
9461,3.9706456661224365
45789,4.02161169052124
64918,4.155116081237793
56975,4.416733264923096
82084,4.807081699371338
97691,4.412944316864014
60095,4.236067771911621
51131,4.5442633628845215
54869,3.185375690460205
60216,4.636061191558838
100265,3.931835889816284
63038,4.99266242980957
22170,5.226603031158447
41759,4.7592692375183105
92244,4.853682994842529
106173,4.793343544006348
21186,4.93349027633667
29190,4.912729740142822
59371,4.775657653808594
2626,4.4698486328125
20055,4.255251407623291
14656,4.489248752593994
37101,4.4641499519348145
10903,4.117534637451172
48144,4.927797794342041
19856,4.870863914489746
72681,4.349179744720459
8241,4.357075214385986
76558,5.052524566650391
68605,5.14445161819458
46302,3.860482692718506
66904,4.113547325134277
93327,5.318814754486084
101055,4.52571439743042
50660,4.406601905822754
14153,4.283587455749512
74614,4.928080081939697
106974,5.024242877960205
35054,4.480308532714844
31409,4.875354766845703
104383,4.27929162979126
81433,4.766689300537109
3612,4.1502685546875
27610,4.564493179321289
53293,5.034951686859131
78872,3.994750738143921
83369,4.802266597747803
35191,5.026248455047607
72624,5.379942893981934
95674,4.386736869812012
719,3.774407148361206
80998,4.6584649085998535
45855,5.200437068939209
2904,4.675940036773682
51453,4.702907562255859
53584,4.894179821014404
7637,4.146023750305176
66988,4.5935444831848145
100073,4.299234867095947
6104,4.124739646911621
68037,3.7123770713806152
33186,4.343750953674316
53657,3.2229270935058594
70616,4.921647548675537
85312,3.8046770095825195
14416,4.7732462882995605
45122,3.961934804916382
81495,4.374312400817871
75540,4.736166000366211
64445,4.932802677154541
22346,4.474035263061523
58848,4.668580055236816
72250,4.43770170211792
91553,4.837547779083252
45584,4.7071661949157715
40643,4.937259674072266
93990,5.226902008056641
71202,4.976161479949951
49611,4.579156398773193
28099,4.357000827789307
33878,5.489058971405029
1718,4.842571258544922
31287,4.150639533996582
20921,4.963876724243164
30523,5.175367832183838
83902,2.56120228767395
20253,4.839707851409912
82055,4.976890563964844
40540,4.639003753662109
78900,3.132449150085449
78395,3.750486373901367
62743,3.5889410972595215
75278,2.923091173171997
104065,4.490567684173584
73666,4.771474361419678
85053,4.942459583282471
107602,4.522446155548096
44606,4.30200719833374
12178,4.7436203956604
98836,4.223295211791992
77639,4.692261695861816
33640,4.545287132263184
26190,4.11082649230957
28325,3.9691085815429688
49285,4.500913619995117
65416,4.857820987701416
79549,5.172036647796631
71472,4.9440531730651855
84046,4.5168633460998535
101130,4.247197151184082
13415,3.6056406497955322
9057,4.877965927124023
68374,3.9878344535827637
57839,3.87608003616333
87565,4.42151403427124
47383,2.9822781085968018
2825,5.078202247619629
94453,4.115749359130859
52195,4.415696144104004
52093,4.209742546081543
8669,4.4736738204956055
56983,4.465002059936523
13265,4.415945053100586
208,4.492893218994141
95691,5.018882751464844
41617,5.0305280685424805
73553,4.336824417114258
96165,4.514991760253906
7810,3.7212438583374023
90358,4.736680030822754
94187,4.371392726898193
78679,4.174841403961182
80093,4.283483982086182
46593,4.534322738647461
38644,4.876065254211426
81690,4.587347507476807
13688,3.986719846725464
94283,4.95997428894043
63093,5.223581314086914
76022,4.2764363288879395
3484,5.00346040725708
88584,4.589980602264404
85030,4.554298400878906
11051,4.535676956176758
87040,5.065448760986328
23872,5.138798236846924
51498,4.3889055252075195
28777,4.236326217651367
3656,3.6594531536102295
10450,4.810033798217773
45074,5.059378147125244
9757,4.615931987762451
31142,4.398678779602051
44802,4.851663589477539
105573,5.8467583656311035
16152,4.071025848388672
85340,4.871974468231201
50476,4.582201957702637
65168,2.867480754852295
21071,4.5156941413879395
64773,4.720734119415283
96981,4.203197479248047
59552,4.600091934204102
39272,5.223381996154785
48320,4.199606418609619
103151,4.3659772872924805
30951,3.8374664783477783
80008,3.1609084606170654
40144,4.085752964019775
28424,4.555703163146973
21664,4.794856071472168
47400,4.100378036499023
39494,4.774755477905273
101172,4.609053611755371
85814,5.034897327423096
62142,4.906162261962891
61891,4.945575714111328
101368,4.5304460525512695
33995,4.661961555480957
11671,4.83192253112793
80714,4.081672191619873
13644,4.498508453369141
95045,4.297904014587402
97858,4.312199592590332
17197,4.756166458129883
90476,4.257063388824463
50702,3.5704731941223145
51486,3.972966432571411
2057,4.855614185333252
97062,4.454774856567383
107095,3.2603471279144287
75884,4.080387115478516
43479,5.096299648284912
51460,4.14434814453125
7988,4.719977378845215
3745,4.016535758972168
76018,4.31856107711792
98229,3.780789613723755
14745,5.185279369354248
31746,4.9379563331604
62479,4.309656143188477
23977,5.157477378845215
26749,4.71289587020874
88834,4.729394435882568
76085,4.516972541809082
108262,4.2477126121521
21804,4.998022079467773
16499,4.439462184906006
13775,4.086859226226807
94706,4.610391616821289
67985,3.7571792602539062
63165,4.774236679077148
3435,4.8992156982421875
48112,4.60689640045166
86443,4.142361640930176
77409,4.414962291717529
103131,5.076302528381348
59256,3.9304983615875244
63715,4.516941547393799
467,4.661813735961914
27727,4.703754901885986
87871,4.492427825927734
20295,4.429495811462402
7626,4.433848857879639
82499,4.479925632476807
36322,4.869856357574463
36742,5.137149810791016
780,4.66834020614624
69576,4.794605731964111
27488,4.895540714263916
98423,3.3289780616760254
56694,4.508505344390869
61256,4.810685157775879
79120,5.299951553344727
12983,4.731496334075928
99791,5.0296478271484375
67331,5.1356940269470215
6118,4.984018802642822
78778,4.066789627075195
20726,4.884012699127197
78620,4.319150447845459
41450,4.640038013458252
49991,4.624143123626709
8909,3.6285791397094727
99335,5.011005401611328
71661,4.346687316894531
82314,5.216108322143555
23597,4.741673469543457
37895,4.292343616485596
59290,4.425259113311768
90965,4.678536891937256
32117,3.8147382736206055
45053,5.234906196594238
94660,4.645734786987305
21542,4.4015302658081055
20904,4.292150497436523
58797,4.058237552642822
6490,4.733372688293457
62773,4.5834856033325195
97125,4.724014759063721
102375,4.545542240142822
83110,4.12678337097168
40756,2.8573710918426514
46504,4.723945617675781
60731,5.285501003265381
3261,4.260290622711182
30988,4.938643455505371
104782,4.204990863800049
32493,4.557570457458496
6030,4.293735980987549
84767,4.832793235778809
58307,4.552257537841797
44358,4.177831649780273
33344,4.347100257873535
36152,4.1247029304504395
95768,4.260546684265137
9050,4.962204933166504
74946,4.5021491050720215
90658,4.235067844390869
10399,3.9990041255950928
14024,4.3769378662109375
24728,4.278110980987549
58841,4.971088886260986
2289,4.847982406616211
78718,4.189420223236084
46627,4.735025405883789
29707,5.207961559295654
78182,4.658064365386963
100087,4.312216281890869
26172,4.996984958648682
34265,4.803640842437744
6190,4.883516788482666
34459,4.548348426818848
83835,4.853516101837158
48129,4.472155570983887
70180,4.5719895362854
21827,4.8372344970703125
25667,4.2411041259765625
24366,4.193058490753174
99272,4.4199395179748535
9567,4.594590187072754
29939,3.7309722900390625
49817,4.471980571746826
8552,4.731311798095703
77656,4.5866498947143555
62854,3.915586233139038
5617,4.825625896453857
30955,4.7234320640563965
37813,5.139044284820557
74899,4.478071689605713
61930,5.08386754989624
4417,4.550693035125732
7095,4.507303237915039
57976,3.6791446208953857
22302,5.357563018798828
82434,5.013021945953369
25305,4.24699592590332
89885,5.170622825622559
60513,4.4345550537109375
60923,4.807817459106445
24816,4.239541053771973
16650,2.1595332622528076
102672,5.297752857208252
80122,4.976892471313477
97926,4.175270080566406
105237,4.331755638122559
67524,4.7705302238464355
53621,4.443180084228516
30926,4.678499221801758
11334,4.712954998016357
14280,4.809387683868408
37383,4.367441654205322
12297,4.017552375793457
94753,2.781909227371216
30804,4.303443908691406
72634,4.342733860015869
52375,4.500453472137451
10393,4.822899341583252
26373,4.655520439147949
71223,4.704171657562256
73704,4.638479232788086
67126,4.587750434875488
107276,3.705782413482666
76173,4.936317443847656
19288,4.862556457519531
39585,4.062870979309082
89607,4.563514709472656
30729,4.220303535461426
35937,4.237003803253174
67816,4.274877071380615
51428,4.617790222167969
95706,3.5566866397857666
105010,4.144633769989014
61103,3.4527430534362793
79378,4.593982696533203
96771,4.086669921875
99505,4.803769588470459
22579,4.720444202423096
87746,5.019668102264404
101544,4.933459281921387
72407,5.138430595397949
19262,4.120619773864746
72547,4.3173699378967285
47528,3.78700590133667
7283,4.724396228790283
47460,3.790252923965454
80513,4.85167932510376
5502,4.915494441986084
34729,4.905190944671631
36579,4.878910541534424
65949,4.690263748168945
94879,4.09190034866333
35521,4.915455341339111
107284,4.286890506744385
34762,3.5841164588928223
46529,4.524730205535889
27694,4.945931434631348
60859,4.684187412261963
88660,4.611351013183594
44016,4.585409641265869
15092,4.059932708740234
15778,4.521097183227539
7297,4.988861083984375
35958,4.2113189697265625
95258,4.995631217956543
14384,4.778462886810303
92071,4.5152268409729
73189,3.9678232669830322
82826,4.92609167098999
75121,4.593629837036133
66017,4.159814357757568
13521,5.149952411651611
12253,4.816465377807617
77072,4.485682010650635
46803,4.259528160095215
45575,4.755146503448486
67298,5.043022155761719
7096,4.974015235900879
17737,4.634490489959717
36587,5.099398612976074
73886,4.622315883636475
12715,4.6482696533203125
15017,4.1464524269104
83256,4.53440523147583
68182,4.452047348022461
32303,5.034848213195801
80702,4.11531400680542
75489,4.407174110412598
72259,4.583399295806885
59350,4.450519561767578
64385,4.762879371643066
55715,3.891822338104248
15504,4.380692481994629
49957,3.897244691848755
71303,3.3287525177001953
42831,4.085895538330078
17976,4.857091426849365
100767,3.7556679248809814
61101,4.242171287536621
10182,5.281920433044434
58753,4.850907802581787
15440,5.029776573181152
43147,5.133779525756836
92065,4.915400505065918
7738,4.779988765716553
18304,4.899749279022217
52768,4.364994049072266
47250,3.6223316192626953
46021,4.604511737823486
57899,4.5694475173950195
23853,4.362732887268066
70039,4.714182376861572
93316,5.136220932006836
24184,4.784247875213623
70760,4.130828857421875
84608,3.772859573364258
91344,4.887272357940674
3575,3.9979984760284424
44082,4.501706600189209
56482,4.18159294128418
92495,4.779118061065674
34699,4.816390037536621
13496,4.124783515930176
78218,3.651860237121582
38527,4.540379524230957
50440,4.292877197265625
90073,4.358896732330322
29829,4.353546142578125
74752,4.313039302825928
34083,4.597588539123535
41252,5.116483688354492
24888,4.5339837074279785
77250,5.008584499359131
38485,4.633097171783447
20690,4.850047588348389
99672,5.01641321182251
79958,4.3035478591918945
68060,4.608006477355957
97026,4.8098464012146
91041,4.104818344116211
15990,4.079275131225586
41333,4.9124298095703125
52640,4.675542831420898
74898,4.60900354385376
77122,4.4364166259765625
49162,4.845700263977051
38280,4.492935657501221
82310,3.902348041534424
11771,4.541479110717773
90677,4.573553562164307
31103,4.294377326965332
22271,5.0399627685546875
106955,4.373622894287109
4483,3.913684606552124
73572,3.2403903007507324
99411,4.182925224304199
41063,4.829176425933838
77737,3.91865611076355
2601,4.409323692321777
45371,5.125339984893799
64134,4.189131736755371
71125,4.858527183532715
103376,3.917921304702759
100477,4.27980375289917
77103,4.823161602020264
46226,4.865029811859131
71672,3.7887914180755615
76609,4.961449146270752
75067,4.46217679977417
16549,5.017378807067871
105997,4.579010009765625
55239,5.122704029083252
59173,4.971330165863037
41525,3.996262550354004
82449,4.535079479217529
48078,4.081604957580566
104664,4.472978115081787
15742,4.149896621704102
60889,5.009469032287598
60487,4.323047637939453
75060,4.891008377075195
32089,4.1583404541015625
56326,4.083451747894287
91271,4.018422603607178
36675,3.277174472808838
27473,4.662034511566162
88317,4.391821384429932
29189,4.791601657867432
44220,4.4386887550354
44078,4.886226177215576
97624,4.046599388122559
98501,3.23898983001709
75155,4.855819225311279
89642,4.996416091918945
52191,4.657444477081299
5428,5.263999938964844
66869,3.678042411804199
25970,3.648756980895996
93166,3.8288042545318604
63132,4.663211822509766
67066,4.765469551086426
24477,4.874011993408203
25320,4.522333145141602
44469,4.682158946990967
100663,3.5764918327331543
71078,4.758248329162598
26663,4.731156826019287
73,4.638894081115723
38072,3.7041585445404053
481,3.860708713531494
40503,5.313986301422119
95935,3.054155111312866
10718,5.182712078094482
96576,3.9225006103515625
92566,4.324800491333008
65591,4.974388599395752
52591,4.224675178527832
29361,4.955348491668701
3120,3.5299065113067627
48294,4.129863262176514
4762,3.441899299621582
44062,4.351504325866699
44898,4.224342346191406
94441,4.542313098907471
36857,4.899335861206055
13483,5.1385884284973145
54835,4.661500453948975
95577,4.044426918029785
107548,4.941615104675293
107903,4.853824138641357
34733,4.8553996086120605
32733,3.9056756496429443
20413,4.85908317565918
90523,4.305322170257568
88979,4.235898494720459
71815,4.448723316192627
93890,4.227802276611328
98733,4.654023170471191
58048,4.6979193687438965
26136,4.313178539276123
88796,4.386147499084473
17761,4.583221435546875
32798,5.031647205352783
51640,4.916460990905762
35077,5.091989040374756
56029,4.292181968688965
75311,4.53864049911499
93959,4.935749053955078
56801,4.304754257202148
96332,4.485702991485596
73069,4.931541919708252
75470,4.729167461395264
58458,4.671308994293213
82711,4.579750061035156
81219,3.3201904296875
82280,5.406716823577881
37116,4.768524646759033
61391,3.715664863586426
5513,4.587450981140137
24545,4.2900614738464355
88014,4.759881496429443
101975,4.860805034637451
75263,5.098849773406982
79800,4.49776554107666
103795,4.645873069763184
45367,4.053514003753662
68455,4.444793701171875
74644,3.6451961994171143
10024,5.098694801330566
11797,4.657866954803467
29535,4.741819858551025
75811,3.66866135597229
49546,3.8662683963775635
64429,3.9247701168060303
104067,4.555765151977539
4136,4.496608734130859
75545,4.733400821685791
33812,5.081695079803467
73240,4.518820285797119
9016,3.4651055335998535
13353,4.508819580078125
91576,4.785359859466553
100004,4.823915004730225
97833,4.66910457611084
17968,4.640622138977051
49333,4.589856147766113
48856,5.01539945602417
69395,4.44964599609375
28845,4.2110724449157715
3627,2.7707488536834717
91980,4.3923821449279785
71132,3.833889961242676
67509,4.554513454437256
82441,4.594893932342529
25053,4.000955581665039
62259,4.703548431396484
1480,4.498483657836914
62713,4.22454309463501
54224,3.7461814880371094
65049,4.715435981750488
85830,5.0596723556518555
82331,4.814844131469727
91616,4.349832534790039
60066,4.7490997314453125
54941,4.912909984588623
84042,4.597111701965332
105465,4.653354644775391
94271,5.0443434715271
24585,3.9598593711853027
95163,3.961094379425049
3949,5.163923740386963
28312,3.9202890396118164
97268,3.0922703742980957
9219,4.062349796295166
93334,4.683385848999023
41620,3.5257935523986816
36810,4.841740131378174
55048,4.850029945373535
89491,5.109616279602051
104520,4.174161434173584
25555,4.496657848358154
3212,4.531830787658691
76903,4.463250637054443
75097,4.476883888244629
19985,4.59075403213501
10712,4.6014580726623535
69523,4.437505722045898
55518,4.826201438903809
47648,4.63273811340332
24029,5.028829097747803
53665,4.597446441650391
1850,3.7451443672180176
40024,4.719483852386475
11559,5.113219738006592
10911,4.733860969543457
83451,4.708651065826416
98516,4.801915645599365
99859,4.338313102722168
69116,4.74479866027832
105623,3.8912265300750732
34303,5.1112213134765625
5518,4.913308143615723
66422,4.750289440155029
38570,4.5567097663879395
30256,4.005366802215576
101555,4.491786479949951
95497,4.748148441314697
27659,4.332118034362793
30824,4.597418785095215
74155,4.776721477508545
39358,4.073686599731445
44751,4.941422462463379
30622,4.420250415802002
68202,4.489778995513916
80186,5.160241603851318
83871,4.442755699157715
10054,3.315586805343628
91820,4.881765365600586
92834,5.172025680541992
356,3.930773973464966
23104,3.9667251110076904
85892,3.063051462173462
103390,3.7217893600463867
95589,3.541888475418091
93028,4.639565944671631
18729,5.098201751708984
57244,4.448943138122559
228,4.385378360748291
104888,5.097917556762695
98530,4.954458236694336
85389,4.828620433807373
29112,4.710452556610107
50692,4.827911853790283
58707,2.763869047164917
84392,4.529597282409668
50014,3.877204418182373
106993,4.819893836975098
39550,4.682381629943848
30168,4.772165775299072
78742,4.8608598709106445
55591,4.075786590576172
38516,4.767551898956299
14518,3.3787620067596436
5692,5.119033336639404
79556,3.8362181186676025
30713,5.151240348815918
746,4.898253440856934
79023,4.9571638107299805
19441,5.022691249847412
71124,4.779988765716553
20764,3.767409086227417
47275,4.637849807739258
43923,4.320560932159424
46027,4.959527969360352
33375,4.9662909507751465
90831,4.370734691619873
4538,4.460432052612305
10018,5.104916095733643
61068,4.848357677459717
53437,3.9575531482696533
83567,4.2047224044799805
78151,3.769704580307007
68822,4.3177876472473145
36039,4.0486650466918945
11555,3.505797863006592
62051,4.933017730712891
41555,4.574707984924316
29597,4.89701509475708
80263,4.887118816375732
91048,4.516388893127441
41669,5.051126480102539
43796,4.851554870605469
64949,4.1701483726501465
30684,4.8828911781311035
45423,5.093844890594482
4394,4.724302291870117
72070,4.427148342132568
24767,4.4438371658325195
41069,3.7780611515045166
24513,3.5773723125457764
3223,3.5790960788726807
83107,4.785921096801758
12653,4.818840980529785
90397,4.905060291290283
2869,4.670215129852295
78705,4.584688663482666
86823,4.732839107513428
23321,4.8607964515686035
46331,4.5933966636657715
32068,4.393701553344727
45743,5.028091907501221
36123,5.092286109924316
97355,4.358578681945801
92807,4.711033344268799
106927,4.337584972381592
17156,5.124794006347656
73335,4.767341136932373
26933,2.566171407699585
21844,5.068630218505859
45503,3.989718198776245
74728,4.397604942321777
71984,4.76848840713501
89820,4.8593034744262695
64258,3.8449018001556396
104802,3.8898589611053467
98063,4.740781307220459
104864,4.68947696685791
46020,5.11527156829834
86663,4.6738667488098145
3847,3.9449589252471924
66719,4.652610778808594
76795,4.245253086090088
85253,5.165250778198242
37692,5.081354141235352
105556,4.484435558319092
87261,4.196300029754639
71391,4.623323440551758
32771,3.4380998611450195
85046,4.6708807945251465
55486,4.098886966705322
64248,4.953364372253418
11627,5.2778143882751465
101127,4.176517486572266
75281,5.1647629737854
79926,4.562357425689697
74709,4.444352149963379
93829,4.782315254211426
107470,4.921321868896484
89323,4.38571834564209
3260,3.6793174743652344
97523,4.542673110961914
4730,5.016202926635742
11836,3.6999411582946777
57116,4.056747913360596
2277,3.3726272583007812
97449,3.562211275100708
61608,3.9602408409118652
29500,3.7122135162353516
100309,3.5466630458831787
52822,4.351401329040527
99519,4.623082637786865
16828,2.83443021774292
72965,4.105425834655762
50389,4.453950881958008
85211,2.8635408878326416
61127,4.772989273071289
29870,3.7574644088745117
24280,4.634825229644775
12834,4.194688320159912
90399,4.538496494293213
60973,4.018394470214844
76359,4.286947250366211
93128,4.266679763793945
75924,4.264584064483643
104803,1.9112390279769897
8622,4.21193265914917
107189,5.037732124328613
80863,4.381564617156982
29623,4.950866222381592
21803,3.9779603481292725
23651,5.018065452575684
55494,3.9056265354156494
90922,3.7328548431396484
80010,4.70953893661499
102528,4.776305198669434
46207,3.7177765369415283
11423,4.5395073890686035
90776,3.944713830947876
48073,3.712244987487793
90844,4.280658721923828
32862,4.770155906677246
70772,4.678022861480713
34896,4.396177291870117
13494,4.6706366539001465
11190,4.397378921508789
96846,4.680345058441162
48927,4.105792999267578
43164,5.322312831878662
5615,4.745039463043213
18402,4.394207954406738
97954,4.471130847930908
96503,4.896345615386963
95940,4.962738513946533
71712,4.802396774291992
38341,4.72668981552124
99238,5.020177364349365
24711,4.9821696281433105
38366,4.537441253662109
84456,4.73960542678833
93735,5.1968488693237305
49773,4.226269245147705
40406,5.221595287322998
38006,4.765882968902588
26780,4.45975399017334
106687,4.772068023681641
49673,4.3317742347717285
38140,4.283669948577881
2537,4.813676357269287
71278,4.2096123695373535
100800,4.189270496368408
71894,4.263075828552246
7550,4.970778465270996
66175,4.794172286987305
75542,4.56510591506958
57458,4.49407958984375
2244,4.473653793334961
73609,4.5236077308654785
44148,4.3198676109313965
8582,4.698761940002441
53494,4.604417324066162
96624,3.273358106613159
50127,3.987596035003662
98937,4.38814115524292
67652,5.0368757247924805
103255,3.6878738403320312
61680,4.557880878448486
31262,5.116937160491943
20054,5.368961811065674
52028,3.450726270675659
35669,3.5844054222106934
6673,4.295535087585449
96738,4.300137042999268
42346,3.6406898498535156
105483,5.065281867980957
85037,5.046115398406982
12789,3.7581489086151123
32031,4.640052318572998
91784,4.9275078773498535
56279,4.519685745239258
26954,4.352924823760986
83235,5.538818359375
27623,3.9979734420776367
3370,4.604997634887695
8532,4.9948530197143555
49511,4.40772008895874
30022,4.776116371154785
79564,4.96636438369751
75235,4.837467193603516
24080,3.7934346199035645
102900,4.647451877593994
89830,5.339748382568359
97971,3.9180588722229004
70277,4.613392353057861
96442,4.429962635040283
84249,4.85311222076416
81080,4.498732566833496
22873,3.959774971008301
58230,4.867437362670898
26267,5.016213417053223
39278,5.355220317840576
35248,5.196265697479248
78189,4.274728298187256
106715,4.752712726593018
75180,5.377263069152832
40130,2.675696611404419
20720,4.668964862823486
105990,4.78507137298584
43361,5.110037803649902
62151,4.582258701324463
37395,4.830193519592285
61960,4.903398513793945
53456,4.404718399047852
28543,5.024533271789551
102050,4.232547760009766
82092,4.2388763427734375
2191,4.889560699462891
30658,4.522185325622559
30367,4.691279411315918
63069,4.940581798553467
97527,3.483254909515381
10230,4.549182891845703
41554,4.82822847366333
69363,4.9958367347717285
74124,5.167705059051514
41294,5.009172439575195
62050,4.922880172729492
31225,4.600731372833252
105832,5.6874494552612305
94348,3.6012871265411377
4529,4.294196605682373
91237,4.281877040863037
35268,4.726754188537598
93048,4.724581718444824
56049,4.745086669921875
65928,4.005766868591309
86870,4.057203769683838
2400,4.467077255249023
24855,4.241748809814453
56459,4.234841346740723
82338,5.446699142456055
11154,4.323816776275635
39246,3.255524158477783
104911,5.216843128204346
26843,4.996014595031738
39006,4.742626667022705
51571,4.14796257019043
78653,4.8510003089904785
23655,4.6486735343933105
107964,4.71054220199585
103539,4.769562721252441
100339,4.695639133453369
74166,5.113917350769043
28878,4.495521068572998
97356,4.146227836608887
87326,4.7826972007751465
23723,4.1417341232299805
95264,4.5453715324401855
28581,4.533039093017578
73670,4.401870250701904
8870,4.564369201660156
76615,4.354592800140381
102579,4.994941234588623
1616,5.0347795486450195
65627,3.4268248081207275
95776,4.864125728607178
108599,5.068453788757324
102140,4.434323787689209
103097,4.473223686218262
21274,4.357193470001221
65075,4.964552879333496
93031,4.987692832946777
60883,4.9074530601501465
81367,4.998621463775635
101391,4.570084571838379
43929,3.3229498863220215
29354,4.392828941345215
68967,5.2432942390441895
58251,4.742476940155029
7863,4.732120513916016
76358,4.564172744750977
25579,4.0653462409973145
54365,3.7778759002685547
55226,5.002753257751465
82684,4.826836109161377
48812,4.303846836090088
39170,4.741495132446289
32914,4.7964863777160645
101832,4.711198329925537
56553,4.704085350036621
2941,5.102091312408447
9526,4.6764607429504395
74669,4.48464298248291
70476,3.869487762451172
96646,4.133780479431152
61805,4.912635803222656
5716,4.279736518859863
41209,4.529504299163818
69467,4.3930745124816895
1192,3.551011085510254
42452,4.448787212371826
106929,4.34106969833374
90389,4.840936183929443
71611,4.6448798179626465
18640,5.015771389007568
51743,4.00930118560791
62018,3.975224733352661
100030,3.988692045211792
2411,4.652719020843506
98566,4.264134407043457
87606,5.016895771026611
53708,4.4022698402404785
9463,4.900691509246826
85065,5.005823135375977
90219,3.973628044128418
94214,3.924879550933838
2467,3.61313533782959
98315,3.7783522605895996
5633,4.608174800872803
75418,4.837813377380371
79472,4.397778511047363
35422,4.860886096954346
60746,4.692901611328125
30497,4.5850443840026855
62549,4.755705833435059
31356,4.6271209716796875
30674,4.220345973968506
99315,4.561444282531738
53814,3.3721840381622314
108115,4.45755672454834
90873,4.372944355010986
40173,4.254724025726318
37705,4.898930072784424
10434,4.310914516448975
37984,4.666189670562744
50192,4.595818996429443
66563,4.121764659881592
60287,4.554415225982666
23206,4.354525566101074
7160,5.20270299911499
108232,4.798331260681152
12849,4.370057582855225
1511,4.5932159423828125
72985,4.848554611206055
53838,4.31904411315918
48439,4.067255020141602
105891,4.644087314605713
58816,4.800278663635254
37275,4.8297119140625
83126,4.871203899383545
50839,4.786547660827637
34972,5.093481063842773
86661,4.68808126449585
83939,4.062658309936523
58989,4.601875305175781
65278,4.902149200439453
45638,4.506092548370361
67180,4.383144378662109
11307,4.563682556152344
13140,4.896872043609619
3767,4.832423686981201
32831,5.234371662139893
85515,4.624092102050781
74788,4.200285911560059
63620,4.936051368713379
31405,4.644363880157471
17129,4.523473739624023
18504,4.697024822235107
54708,4.464319705963135
47857,3.7984824180603027
91205,4.231251239776611
6063,4.8111982345581055
100200,3.8179168701171875
6876,4.274201393127441
46317,4.078652381896973
87025,4.089677333831787
28301,4.564060211181641
87575,4.304276466369629
13564,5.210047245025635
97666,4.89129638671875
55274,3.899341344833374
103562,3.5840253829956055
78726,3.5282111167907715
99779,4.021185398101807
105587,5.078976631164551
12431,4.3662824630737305
88076,4.146042823791504
44588,3.8773202896118164
12760,4.104547023773193
75925,3.933466911315918
45324,5.184887886047363
4384,4.268862724304199
303,4.807014465332031
11678,4.209869384765625
81230,3.2122457027435303
33852,4.842158794403076
99789,4.849586486816406
2668,4.443385124206543
73245,3.489278554916382
25051,4.4984002113342285
47076,3.1337692737579346
21412,4.990301609039307
23588,4.980196475982666
17470,4.953301429748535
32209,3.8855488300323486
55473,4.831839084625244
69173,4.628116130828857
3600,4.293135643005371
28539,4.345836162567139
34480,4.330463409423828
43058,4.823270320892334
61757,3.862010955810547
1411,4.976900577545166
8000,3.502145528793335
14741,4.858008861541748
39389,4.908035755157471
79474,4.313864231109619
98962,4.330451965332031
50643,4.913250923156738
76143,5.1153435707092285
61618,4.293269634246826
15205,3.6278133392333984
42069,5.131498336791992
36941,4.4823431968688965
46397,4.843550682067871
19685,5.020483016967773
2600,3.6010947227478027
37205,4.33983850479126
101637,4.545713424682617
41609,4.339880466461182
101423,4.390232086181641
52577,3.1568596363067627
85653,3.752701759338379
55293,4.416196823120117
93521,5.110111713409424
54530,4.339280605316162
15258,4.671305179595947
22798,4.621222019195557
3470,4.405586242675781
53491,4.827566623687744
103779,4.661933422088623
83134,3.557999610900879
70302,3.1056082248687744
97642,4.689793586730957
54540,3.6102206707000732
98601,4.352661609649658
77046,4.5470757484436035
26122,4.814311981201172
38273,4.800295829772949
6967,4.916895389556885
45580,3.9034781455993652
41469,4.770399570465088
30531,5.227741241455078
10786,3.5110509395599365
52688,4.526089668273926
83463,4.741354942321777
57437,4.514328479766846
62760,3.903433084487915
23051,5.195711612701416
73966,3.579012632369995
20467,4.4094462394714355
55089,3.816739797592163
47168,4.614751815795898
363,4.046393871307373
100082,4.156373977661133
69060,4.761155128479004
34454,4.146640777587891
75326,4.354391098022461
78987,4.663426876068115
95082,4.347690105438232
72828,4.250687122344971
80839,4.535712718963623
4728,3.6435611248016357
47003,4.870282173156738
78723,4.342635631561279
52034,3.5424866676330566
50208,4.0480637550354
85569,4.891787528991699
50195,3.280301332473755
226,4.201535701751709
89473,5.002984046936035
54124,4.323112964630127
96996,4.488827228546143
57381,5.094372272491455
18760,4.345698833465576
20415,3.3660473823547363
91555,4.885884761810303
93508,4.391538619995117
37819,4.289773941040039
28696,3.486943244934082
76874,4.315517425537109
58941,3.9605681896209717
98023,4.954084396362305
20143,4.802112579345703
55992,4.417062282562256
84952,3.3870973587036133
60952,4.001153469085693
63823,4.990323066711426
24843,4.0861616134643555
55343,4.530898094177246
95054,4.7550835609436035
78982,4.487530708312988
97693,3.3620009422302246
64607,4.4895124435424805
106008,5.1279778480529785
37708,4.736375331878662
105537,4.473010540008545
59723,4.265973091125488
36098,4.49977445602417
108127,4.059594631195068
36893,4.969013214111328
92898,4.803169250488281
59715,4.8991241455078125
45634,4.177281856536865
44978,4.4352312088012695
106388,4.824123382568359
50035,5.569441795349121
72833,4.3566412925720215
61434,4.817853927612305
66859,4.275122165679932
7077,5.004306793212891
48946,2.9662294387817383
77224,4.934523582458496
37184,2.925631046295166
70287,3.663788080215454
57151,4.2014079093933105
106706,3.446715831756592
21981,4.613129615783691
27896,4.969211578369141
101888,4.548834800720215
61047,5.050689697265625
15850,5.090330600738525
38833,4.688249588012695
30452,2.9852678775787354
31741,4.656307220458984
23948,4.726714611053467
53131,4.1839447021484375
22655,4.464033126831055
67069,4.3690080642700195
12014,4.71561336517334
13168,5.142393112182617
80605,5.02378511428833
53935,4.638660430908203
76369,5.447584629058838
27964,4.699133396148682
61584,3.266598701477051
50845,4.595671653747559
91644,5.113096714019775
104568,5.054100036621094
21756,3.9472734928131104
47101,4.390195846557617
72844,4.1166839599609375
941,3.2164721488952637
100883,5.37450647354126
107079,4.060111045837402
79242,4.914557933807373
88733,4.381957530975342
14773,4.805895805358887
89462,5.110574722290039
35448,4.087392330169678
44628,4.363110542297363
54022,5.141775608062744
102124,4.846796035766602
35533,4.59055757522583
91131,3.6734232902526855
59764,4.882905960083008
104401,3.486020088195801
7833,4.003593444824219
30200,3.753371000289917
64965,4.620121002197266
3772,4.511526584625244
722,4.035093784332275
31527,4.5562591552734375
23964,4.618971824645996
55407,4.34863805770874
58415,4.616741180419922
2218,3.887732982635498
12363,4.264366626739502
81127,4.834817886352539
72736,4.502769470214844
2104,4.306264400482178
86286,4.856945037841797
103425,4.797677040100098
15209,4.849967956542969
58488,4.879893779754639
42952,4.9971113204956055
175,3.8139376640319824
81559,4.7037787437438965
50132,4.7115302085876465
105418,3.8596394062042236
56643,3.787243366241455
23329,4.301825523376465
79794,4.4693169593811035
3954,5.16447639465332
49691,4.547811508178711
86584,4.936215400695801
84405,5.222672939300537
58715,3.9063735008239746
49054,4.604792594909668
49123,5.062417507171631
63592,3.909362316131592
11647,4.179136276245117
26631,4.9409613609313965
85265,5.130546569824219
25295,4.420016288757324
16112,4.558382511138916
86239,4.621293067932129
92648,5.185210704803467
52809,4.146939277648926
66004,4.589591026306152
108517,4.8634138107299805
12116,4.708496570587158
69989,5.038899898529053
39432,5.028294563293457
76862,4.581725597381592
61140,5.303271770477295
53320,4.424152374267578
76320,4.023881435394287
42817,3.9412953853607178
98916,4.3515543937683105
11730,3.8209848403930664
49790,5.037877559661865
55469,4.213554382324219
1015,4.592662811279297
26727,4.192856788635254
28111,4.471612930297852
105488,4.720964431762695
82420,5.354626655578613
91235,4.3839287757873535
56437,4.207854747772217
80455,5.045496463775635
30413,5.205399990081787
19543,4.985915660858154
33493,4.892551422119141
19950,4.0306501388549805
56573,4.785807132720947
81728,4.654964447021484
104446,4.017551898956299
54721,4.558994770050049
22998,4.438561916351318
16254,4.489434719085693
61772,4.659413814544678
97880,4.049723148345947
91800,4.868159294128418
22096,4.5661468505859375
46854,4.84890604019165
23269,4.810355186462402
3844,4.2104034423828125
106597,4.242896556854248
73474,4.927433490753174
37925,4.304806709289551
48786,3.8952786922454834
28628,3.7728564739227295
751,4.404730796813965
78175,5.010793685913086
97542,4.663209915161133
41698,4.621551513671875
27362,4.958454132080078
36703,4.0565571784973145
97232,4.788383483886719
28006,4.513658046722412
39390,5.02701473236084
24696,4.822759628295898
100383,4.5221781730651855
83842,4.964829921722412
30303,4.755821228027344
22889,4.874143123626709
54607,3.901414155960083
56755,3.473543167114258
94975,4.675912380218506
54653,3.590742349624634
50913,4.106466293334961
27038,4.284913063049316
45461,5.080150604248047
22380,4.3527655601501465
61171,4.690842151641846
102976,4.276303291320801
29289,4.128930568695068
59161,4.060830593109131
21812,4.736459255218506
27950,4.431856632232666
47020,4.183902263641357
48880,4.149271011352539
38,4.203614711761475
8366,4.838164806365967
75667,4.314669132232666
23875,4.691404819488525
59919,4.778792381286621
86368,4.854308605194092
2547,3.8403663635253906
29701,4.75944185256958
67462,3.573763370513916
46011,4.412874221801758
22742,4.438894748687744
69777,4.297972679138184
45049,4.464811325073242
41697,4.9416117668151855
82595,5.391571998596191
39381,5.076774597167969
1145,4.8815131187438965
76727,4.070034980773926
33151,3.1229608058929443
70828,3.989100933074951
54231,4.579514026641846
18642,4.881414890289307
15091,4.608839988708496
67998,4.102025032043457
47766,3.331207513809204
103757,4.152099132537842
4954,5.249952793121338
50790,4.366443157196045
56319,4.883129596710205
103475,5.019765377044678
6007,4.610398769378662
60575,4.6225409507751465
46174,4.661326885223389
31140,4.1788201332092285
20601,5.155739784240723
74936,4.0624542236328125
101336,5.09675407409668
55555,4.922369480133057
35485,5.1605143547058105
52575,4.714718341827393
16803,4.455756664276123
44533,5.02597713470459
85353,4.520878314971924
2950,3.914536714553833
14350,2.5978102684020996
95468,3.1342155933380127
90022,5.25147819519043
72839,4.7715678215026855
5558,4.612590789794922
8326,4.548080921173096
89589,4.841653347015381
39238,5.08171272277832
105835,4.5381879806518555
67642,5.075031280517578
62428,3.8001317977905273
14316,4.515839099884033
67843,5.004073143005371
98037,5.1600565910339355
49664,4.663631439208984
82810,4.402874946594238
33143,3.897123336791992
95934,4.95560884475708
98351,3.875389575958252
19068,5.146209239959717
64477,4.6270012855529785
102043,4.737460613250732
84285,4.786221504211426
48965,4.4174418449401855
80709,4.049638271331787
106348,5.0898590087890625
34636,4.269829750061035
60966,5.032702922821045
62885,4.450375080108643
50093,4.969207763671875
91829,4.928189754486084
9979,4.936777591705322
10508,4.6830878257751465
55406,4.968448162078857
20196,4.062255382537842
5960,5.163498401641846
74459,4.665745258331299
33408,4.443477153778076
48733,4.272737979888916
35449,4.938018321990967
44247,4.661872386932373
50297,4.932093620300293
56744,3.8422253131866455
81362,5.144625663757324
12604,3.9442970752716064
47608,4.835755825042725
44222,4.7105021476745605
91522,4.462834358215332
46762,4.596906661987305
78101,4.876123905181885
51385,4.819291114807129
22905,4.295133113861084
1941,4.70759391784668
68249,4.5970048904418945
53082,4.036529541015625
31338,5.140690803527832
94792,4.350155353546143
55925,4.887360572814941
92835,4.546980381011963
11621,4.021180629730225
87947,4.387822151184082
69760,4.809195518493652
89373,4.385679244995117
3304,4.232889175415039
31010,4.355166435241699
64029,3.8905141353607178
67463,4.9014105796813965
21152,4.2088494300842285
2857,4.372690200805664
89929,5.201449871063232
36940,5.3099188804626465
100553,3.320629596710205
86930,4.825427532196045
104170,5.285702705383301
56461,3.2417638301849365
41093,4.901041030883789
25460,4.963381767272949
19146,4.942269325256348
67547,4.400274753570557
49516,4.303425312042236
37236,4.767212390899658
55314,4.940246105194092
61777,4.771019458770752
80939,4.811460494995117
65652,5.0666351318359375
95203,4.387722969055176
90371,5.008209228515625
95364,5.008491039276123
34863,3.7445104122161865
37523,4.675920009613037
104134,4.788430213928223
92195,5.448967933654785
103944,4.757467746734619
45365,4.047292232513428
25000,3.9850850105285645
19802,4.94481897354126
78953,3.5807793140411377
94917,4.5888190269470215
20633,4.724865913391113
14663,3.933079481124878
79895,5.0012288093566895
14706,4.489659786224365
33519,4.520188808441162
83002,4.845937252044678
69150,4.196507453918457
27539,4.781439781188965
105574,4.274373531341553
89817,4.339725017547607
81585,4.362704277038574
67600,4.599400997161865
49451,4.114797115325928
61370,4.906069278717041
49705,4.716450214385986
4387,4.757212162017822
78194,4.554995536804199
20073,4.347183704376221
105116,4.1650848388671875
17894,4.402441024780273
103750,4.409862041473389
107565,4.31718111038208
97677,4.800670146942139
84193,4.731799602508545
60944,5.0019378662109375
49294,4.106304168701172
77761,4.346850395202637
21482,4.372818946838379
21714,4.715016841888428
76116,5.104531764984131
104672,4.64875602722168
61876,4.651748180389404
3032,4.354822635650635
108377,4.756774425506592
23897,5.01133918762207
13986,3.581542491912842
50580,3.9105968475341797
98556,4.312119960784912
7541,4.455651760101318
31496,4.252992630004883
46115,4.840734481811523
22494,5.158874988555908
26680,3.9592418670654297
99545,4.612960338592529
9923,4.747279644012451
20111,4.052486896514893
105433,4.224669456481934
77662,5.0315399169921875
26521,5.008424758911133
84447,4.486177921295166
74138,4.287834644317627
27636,4.816370487213135
36668,4.549549102783203
74237,5.011771202087402
91611,4.779145240783691
27007,4.793081283569336
67287,4.987778663635254
21652,3.801316738128662
40237,4.030409336090088
103357,4.881518840789795
58311,3.899897336959839
27932,4.4824910163879395
44065,5.124593734741211
108231,4.02631139755249
14621,4.796809673309326
46755,5.109910011291504
21833,4.77296257019043
24200,4.422633647918701
22503,5.169886112213135
1625,5.073686122894287
32465,5.089710235595703
79282,2.8612797260284424
81017,4.684403896331787
92394,4.790767192840576
78322,4.585669994354248
52261,3.640925645828247
14563,4.6243133544921875
75847,4.570318698883057
71600,4.281344413757324
23847,4.667999744415283
44864,4.624929904937744
75754,4.39569091796875
41088,4.751542568206787
10092,4.501529693603516
76122,5.068459510803223
102511,4.1568169593811035
68966,4.853137493133545
99975,4.89348840713501
95153,4.684502601623535
77275,5.054017543792725
81703,4.792346477508545
71807,3.832641363143921
28611,5.008219242095947
79665,4.374887943267822
40295,4.970412731170654
75675,5.0561299324035645
86330,4.559085845947266
90149,4.53024959564209
63996,4.314454555511475
48763,3.5811777114868164
39453,4.783621788024902
56831,4.253448009490967
89429,4.139504909515381
9149,4.8256754875183105
81694,2.890205144882202
74182,4.809736728668213
48844,4.877158164978027
15615,3.7553153038024902
73904,4.483143329620361
91973,4.762976169586182
75405,4.421769142150879
64170,4.488329887390137
10082,4.500540256500244
86847,4.9998016357421875
8139,3.744168996810913
15647,4.563006401062012
68815,4.946997165679932
291,4.38480281829834
92228,2.825326919555664
38991,5.288389205932617
85103,5.017520427703857
84108,4.068546295166016
68583,4.343525409698486
67245,4.806095600128174
43320,4.266773223876953
92939,5.168830871582031
99044,4.447576999664307
45419,4.979973316192627
100535,3.205315113067627
68354,3.2938618659973145
67550,4.318438529968262
31814,3.840768575668335
35454,4.455192565917969
56504,4.560210227966309
11988,3.9530227184295654
97950,4.257701873779297
13456,4.695912837982178
89351,4.893382549285889
28663,4.6594367027282715
909,4.402381420135498
87938,4.639503479003906
104275,4.5897417068481445
95430,4.7269463539123535
99630,4.9563469886779785
61135,4.353850364685059
74835,4.762081623077393
41462,4.156757354736328
13012,4.957981586456299
106290,3.8946990966796875
22677,4.986680030822754
41801,4.754769802093506
45826,4.940823554992676
580,4.459210395812988
26461,4.963570594787598
59766,4.57407808303833
43801,4.800793647766113
101717,4.940028667449951
9515,2.763123035430908
8806,4.298428535461426
19400,4.717982769012451
35595,5.068351745605469
4849,4.3183183670043945
102612,4.869252681732178
18889,4.778479099273682
93007,4.171393871307373
29216,4.4802470207214355
19940,4.172396183013916
22853,4.478760719299316
82283,5.141358375549316
67215,4.956707000732422
30195,4.3064680099487305
67583,4.047955513000488
85156,4.776392936706543
87184,3.2167155742645264
87004,3.4709010124206543
80639,4.766325950622559
85477,5.069890022277832
35061,4.675070285797119
43261,4.965727806091309
8824,4.869572639465332
26693,4.1728835105896
14729,4.518745422363281
6510,4.165916919708252
46791,4.060081481933594
33873,4.991199016571045
79807,4.323763370513916
18118,4.269819259643555
92412,5.064239978790283
45533,4.939604759216309
1133,4.968181133270264
87340,4.102116107940674
34659,4.283746719360352
103878,4.507872581481934
66675,4.3816938400268555
97754,3.812445878982544
5745,4.456398963928223
52453,4.360154628753662
5811,4.756759166717529
16898,4.508152484893799
18878,4.573291778564453
75476,4.905183792114258
82059,5.401503562927246
3,3.575392246246338
61624,4.531192302703857
77899,4.995626449584961
12658,5.013704776763916
34143,4.79803991317749
53571,4.247548580169678
10926,4.73020076751709
49388,4.416523456573486
71962,4.617344379425049
60557,4.700520992279053
62317,3.9790525436401367
95863,4.997101306915283
84181,3.8893473148345947
105404,4.71606969833374
87689,4.178464889526367
107345,4.309962749481201
21422,5.369095802307129
45278,4.080690860748291
54867,4.858142375946045
95594,3.939302444458008
37010,4.442353248596191
30386,5.271632671356201
50340,4.391907691955566
36257,4.802924633026123
14132,5.131906509399414
4664,4.949021816253662
75340,4.278522968292236
94643,4.436856746673584
24165,4.92210578918457
41573,5.10274076461792
62925,4.5892839431762695
49799,4.35502815246582
54936,4.707956314086914
27140,4.423637390136719
54154,4.5466718673706055
25286,4.763463497161865
86470,4.791946887969971
16248,4.378818511962891
48575,4.49454402923584
32425,4.407957077026367
61411,5.011415958404541
99007,4.394681453704834
31460,4.162952899932861
64186,3.4507999420166016
34313,4.161135196685791
72225,3.6113457679748535
39055,4.594118595123291
26108,5.098612308502197
76056,3.314058303833008
60637,4.394277095794678
75454,4.530426502227783
31055,4.412169456481934
31047,4.987677574157715
25457,4.846825122833252
39134,5.083847522735596
30571,4.969472885131836
92554,4.992493152618408
22048,4.261021614074707
31999,3.942964553833008
10384,3.812087059020996
100067,4.407878875732422
71179,4.854885101318359
78128,4.648863792419434
36205,4.258855819702148
20668,4.884527206420898
96239,4.105992794036865
96438,4.25386905670166
37724,4.588669776916504
50874,4.754286766052246
10137,4.744231700897217
55794,3.7353127002716064
18455,5.0285844802856445
63289,4.6008195877075195
102709,4.286201477050781
14291,4.666232109069824
15322,3.9496216773986816
69779,4.2247233390808105
53457,4.817566394805908
35228,4.328546047210693
26496,4.7680182456970215
23608,5.124965190887451
83344,4.758662223815918
99458,4.696156978607178
93657,4.766237258911133
25670,4.919995307922363
39201,4.607171535491943
58636,4.584134101867676
93272,4.512763023376465
105820,4.7539381980896
70012,4.468156337738037
107539,4.433818817138672
53613,4.835715293884277
43941,4.00446081161499
46633,4.277271270751953
83148,4.684037685394287
58935,4.321140766143799
71838,4.438530445098877
89206,4.426631927490234
69255,4.669445514678955
65535,3.7452728748321533
85970,3.9454267024993896
60031,4.167129039764404
82758,4.291224002838135
104605,3.660449266433716
65546,4.492863655090332
5457,4.923774719238281
68178,4.465051651000977
102456,5.140789985656738
99731,3.7296969890594482
23790,4.560330867767334
23917,5.1553850173950195
21574,4.737034797668457
41728,4.82165002822876
20868,3.369260311126709
96131,4.883544921875
83735,3.035754442214966
12350,3.794194459915161
2189,4.860785484313965
46178,4.243177890777588
39927,3.895251512527466
91291,3.2215754985809326
59688,4.695420742034912
71920,4.387505054473877
22969,3.1005167961120605
46924,4.757728099822998
38522,4.774261474609375
59006,3.1490118503570557
45378,4.367740154266357
5286,4.461503505706787
44345,4.775156497955322
53608,5.071457386016846
53165,4.081797122955322
49112,3.752329111099243
100968,4.846525192260742
72055,3.656546115875244
88350,4.837411403656006
77717,4.3055338859558105
14882,5.027339935302734
47555,5.144952774047852
50354,4.533779144287109
79352,5.4554572105407715
90454,4.769579887390137
10412,4.61030387878418
103465,3.9837186336517334
101194,4.881770610809326
44147,4.037223815917969
97149,5.010493755340576
91504,4.668373107910156
88129,4.584446430206299
77996,4.5500335693359375
61972,3.6600873470306396
71056,4.984719276428223
21674,4.45274019241333
72361,4.6694207191467285
49506,4.257740497589111
95690,4.327880859375
79510,4.136118412017822
40026,4.522997856140137
36657,5.196689605712891
9545,4.222284317016602
11718,4.775437831878662
79837,4.8117289543151855
38218,4.275481224060059
84681,4.9027838706970215
76664,4.3534932136535645
47689,5.183258056640625
24900,4.680140495300293
31159,4.509392261505127
14311,4.459563255310059
102977,4.720028877258301
37042,4.608614444732666
52321,3.897343635559082
25128,4.671770095825195
67961,4.8127055168151855
31449,4.419491767883301
12285,3.8387961387634277
45251,2.5207133293151855
27577,4.02665376663208
29638,3.9376683235168457
41967,4.804747104644775
7289,5.225922107696533
29661,4.562138557434082
97251,4.801639080047607
29796,3.9972732067108154
16200,4.776081085205078
79201,4.715125560760498
104092,4.374737739562988
3852,4.3321733474731445
104269,5.098329544067383
100161,4.827567100524902
45777,4.216453552246094
65047,4.839953422546387
47546,5.104562759399414
71247,4.854909896850586
64747,4.637479305267334
96183,4.244254112243652
44341,4.96938943862915
72953,5.022773742675781
21064,4.555464267730713
31438,4.072183609008789
4508,4.248902320861816
100982,4.505344867706299
91084,5.249289512634277
105570,4.062352657318115
6478,4.664846420288086
22060,3.8724875450134277
12835,3.7976667881011963
15044,4.239250659942627
1364,3.674086809158325
106917,4.851507663726807
65751,4.123267650604248
43527,3.986506462097168
70568,4.911828517913818
66960,5.011301040649414
15438,4.632919788360596
50386,3.682655096054077
86357,3.919332981109619
93127,4.723033905029297
81236,3.979170322418213
94633,3.8369693756103516
88597,5.205214977264404
6263,3.5867700576782227
107442,4.88847017288208
62289,4.670404434204102
11103,4.28248929977417
71563,5.138928413391113
19108,4.764812469482422
28365,4.907578945159912
105551,4.5544047355651855
34932,4.582079887390137
10208,5.491751194000244
102864,5.013011932373047
33684,4.753488540649414
50479,4.042568683624268
70125,5.150761604309082
81443,4.4402031898498535
70332,4.686014652252197
72034,2.9763309955596924
32824,5.111034393310547
75678,5.109279632568359
83573,4.34850549697876
1429,3.785478115081787
20786,4.534491062164307
51581,5.724424839019775
3514,2.987658977508545
90518,4.899919033050537
106438,4.964048862457275
24392,3.836967945098877
92516,4.911659240722656
24593,4.331596851348877
75947,4.227161884307861
92841,5.001353740692139
23403,4.820619106292725
74934,4.280273914337158
64488,4.460367679595947
82341,5.187625885009766
45628,4.536094665527344
28566,5.055918216705322
77800,4.254817485809326
98182,3.9858222007751465
11087,4.97860860824585
61814,4.476294040679932
24552,4.86326265335083
57401,4.911105632781982
15842,3.816127061843872
107035,4.802292823791504
35124,5.114020347595215
84626,3.455617904663086
39524,5.332135200500488
79989,4.58002233505249
48469,4.549222946166992
83103,4.792798042297363
15674,5.029537677764893
51049,4.320107460021973
8785,4.616791248321533
55421,4.3215651512146
4104,5.205417633056641
86780,5.09337854385376
26927,4.470353603363037
54837,4.156130313873291
96242,4.165358543395996
98313,4.3758955001831055
27874,4.8224005699157715
78134,4.974300384521484
77683,4.4906392097473145
12250,4.736753940582275
44096,5.022274494171143
16662,4.358600616455078
73299,5.127880096435547
20107,4.99633264541626
15968,4.559177875518799
76342,4.928177833557129
86659,4.946000099182129
51862,3.991974353790283
15468,4.835072040557861
74991,4.783244609832764
93682,4.252123832702637
24850,4.849857330322266
52148,4.346175193786621
91,4.236129283905029
90761,4.422879695892334
21061,5.285109519958496
97959,5.063180923461914
76138,4.47564697265625
29453,4.588128566741943
73846,5.012224197387695
70122,4.79851770401001
85165,4.74553108215332
32467,4.9607954025268555
60945,4.558729648590088
102435,4.930225372314453
25569,4.1759033203125
8100,5.004814147949219
72504,4.160587787628174
43873,4.315413475036621
104813,4.139958381652832
28691,3.7674458026885986
61766,4.452156066894531
20136,5.139268398284912
71550,5.045360565185547
86884,4.9519548416137695
79499,5.015930652618408
72842,4.671626567840576
101532,5.1149001121521
5036,3.1872212886810303
46350,4.282140254974365
87101,4.621159553527832
32839,4.470839023590088
24540,4.5415802001953125
87348,3.740062952041626
56267,4.587606430053711
80418,4.9441237449646
105395,4.843640327453613
29784,5.000274658203125
100730,4.676264762878418
78696,4.791621208190918
43895,5.043669700622559
42361,4.657750606536865
49887,5.202934741973877
17807,4.823672294616699
39736,4.409664154052734
7645,3.9168806076049805
73258,4.699571132659912
7278,4.284467697143555
65189,5.178041934967041
62790,4.251327991485596
73806,4.074003219604492
62731,3.898106098175049
18919,4.21769380569458
53735,4.475366115570068
37670,4.624915599822998
66600,5.095744609832764
77408,4.8708319664001465
15969,2.8494346141815186
33358,5.195796966552734
96134,4.563373565673828
67606,2.05180287361145
9780,3.0612099170684814
55727,4.089966773986816
94562,4.218379497528076
97308,3.6020796298980713
8181,5.024204730987549
86723,5.046595573425293
57206,4.638323783874512
33048,5.004399299621582
53945,4.845777988433838
77127,3.9903154373168945
29928,4.82855749130249
79154,5.016103267669678
43134,4.376388072967529
81991,5.113542556762695
83070,4.270508289337158
65232,4.904222011566162
68198,4.449045658111572
76789,4.286752700805664
82500,5.342782497406006
30121,4.45448637008667
6055,4.890072822570801
61405,4.847512245178223
10997,4.383727073669434
94494,3.8737833499908447
96879,2.5747501850128174
45416,4.565401554107666
75629,3.7050631046295166
61265,4.822507381439209
18370,4.975793838500977
31567,4.954576015472412
32234,4.8669562339782715
4932,5.296411037445068
45068,4.788705825805664
75344,3.553386926651001
106650,4.8896164894104
31791,3.847355365753174
39365,4.6540398597717285
11501,4.285637378692627
24653,4.384519100189209
87170,5.133122444152832
13271,4.678539276123047
18041,4.9326171875
92753,5.1825785636901855
86390,4.4282073974609375
70674,4.779491901397705
33649,4.017236232757568
73905,4.148263931274414
92723,4.977777481079102
52589,3.8901991844177246
74678,3.865175485610962
23193,4.489051818847656
87907,4.485805034637451
69199,1.2393593788146973
89502,4.878830432891846
55682,4.3886308670043945
52632,3.557579517364502
70990,5.20039176940918
20242,4.922253608703613
97578,4.427623271942139
9920,5.0320234298706055
67311,4.993403434753418
76005,4.235326290130615
79235,4.81874942779541
11014,4.3623762130737305
30503,4.902967929840088
57737,5.293420314788818
105365,3.5627646446228027
93846,4.442203044891357
17051,3.7566795349121094
3978,4.4641547203063965
97267,4.377172946929932
77686,4.937793254852295
13993,4.42720365524292
86534,4.851106643676758
69437,4.132430553436279
9666,4.604468822479248
38036,4.637368679046631
104117,4.271431922912598
3621,4.467681884765625
26517,4.500616550445557
93850,4.153122425079346
11998,4.523073196411133
41056,4.390827178955078
49198,4.136552333831787
43042,3.982757091522217
59527,4.55578088760376
44513,4.664690971374512
102705,4.343799114227295
92307,5.112023830413818
38413,4.749316215515137
18677,4.310868740081787
1888,4.269197940826416
87219,4.627090930938721
1871,4.482461929321289
88167,2.5894815921783447
36329,4.3373236656188965
51700,4.2596306800842285
89388,4.585784912109375
57287,4.138591289520264
14144,5.2695770263671875
46073,5.051637172698975
8255,4.138059139251709
51855,3.9429402351379395
49878,4.995956897735596
74659,4.492380619049072
88260,3.9563393592834473
5131,4.620458126068115
894,3.3976669311523438
89241,5.320981502532959
54806,4.8952131271362305
99100,5.021100997924805
25405,4.719919681549072
29264,4.29595947265625
96431,4.7818169593811035
60907,3.4175291061401367
16754,4.357822418212891
57615,4.878547191619873
58349,4.443542957305908
68593,4.573586940765381
10927,4.909595489501953
53975,4.683109283447266
37268,4.490692138671875
103029,3.9357943534851074
50823,4.831660270690918
71399,4.611728191375732
46537,4.068122386932373
70975,4.022215843200684
72775,4.185132026672363
81118,4.91080904006958
99450,3.3311476707458496
52617,4.4154582023620605
30510,4.171276569366455
69572,4.333621025085449
28235,4.729794979095459
36446,4.877163410186768
17016,4.4611053466796875
45936,5.12398624420166
73508,4.634677886962891
94560,5.164593696594238
84492,4.0767741203308105
26346,4.720399379730225
57328,4.929341793060303
25819,4.943356990814209
37829,3.9274818897247314
97436,3.259352207183838
53228,3.7975614070892334
58681,4.262693881988525
105845,4.841315269470215
54805,3.338881492614746
16027,3.4639720916748047
17052,4.588018417358398
33871,2.7926530838012695
79606,4.530587196350098
99,4.62737512588501
19407,5.016430377960205
94475,5.200263023376465
32296,4.810297012329102
94680,4.2181010246276855
11122,4.784135341644287
90953,4.568943500518799
55955,3.85892391204834
50988,3.649956226348877
28133,3.4458961486816406
49994,4.524189472198486
20371,4.682493686676025
100049,4.296104431152344
23741,4.4830169677734375
23049,4.7202935218811035
32524,5.195769309997559
26195,5.103687286376953
31297,4.16161584854126
95226,3.5977776050567627
90843,3.615845203399658
102867,4.705489635467529
59147,3.7232749462127686
59765,4.1710615158081055
105203,4.149693012237549
99628,4.612407207489014
90159,4.6821699142456055
33743,4.654527187347412
42713,4.437183856964111
45465,4.058544158935547
80073,4.6611785888671875
7830,4.208000659942627
27239,4.183192253112793
10192,4.625762462615967
78599,4.359443187713623
94218,4.588166236877441
27171,4.912384986877441
99941,4.088426113128662
100675,5.59079122543335
67092,4.634767532348633
45487,4.963350772857666
16581,4.565409183502197
57124,4.08704948425293
79597,3.7764153480529785
47691,5.086053848266602
93177,4.450990676879883
104569,4.870265483856201
3833,3.9567229747772217
105970,4.396766662597656
31783,5.002125263214111
29986,4.119412422180176
88295,5.374220371246338
58293,4.913002967834473
88311,4.918633460998535
27220,3.9629695415496826
63198,3.895090341567993
42653,4.873032093048096
98959,4.3735857009887695
84056,5.1059889793396
77057,4.897087574005127
14976,4.533612251281738
91391,4.330190658569336
7649,4.501837253570557
64704,4.111276149749756
74304,4.132918834686279
14491,2.9943253993988037
12119,3.969672679901123
67012,3.6381571292877197
21057,4.977351665496826
54582,3.942754030227661
100278,3.8151938915252686
59984,4.085519790649414
107267,4.09651517868042
23840,4.930039405822754
17967,5.251659393310547
293,4.037158012390137
18237,4.697413444519043
12738,4.2807207107543945
8292,3.993013620376587
20841,3.9155166149139404
24260,4.749641418457031
103427,3.761758327484131
97115,3.8612558841705322
48345,4.406467437744141
84024,4.41607141494751
25626,4.5859222412109375
78601,4.692541122436523
48107,4.842092990875244
31870,3.0259361267089844
77941,5.08557653427124
76681,4.715129375457764
83328,4.87933349609375
35269,4.741393566131592
62372,4.377793788909912
29504,4.633988857269287
106063,4.061155319213867
25102,4.841743469238281
95521,4.785390377044678
105765,4.5225982666015625
37905,4.6827311515808105
56630,4.502274036407471
51956,3.4608311653137207
68679,4.4674859046936035
43602,4.452263355255127
65464,4.982932090759277
104920,4.695111274719238
24985,4.504321098327637
68509,4.397946357727051
41167,4.4688496589660645
43407,4.837066650390625
86878,2.912217378616333
24265,4.57834005355835
56691,4.238437175750732
10566,4.722411155700684
22090,4.836139678955078
87548,4.508482933044434
69548,4.300681114196777
61273,3.680753231048584
77349,4.228928089141846
34515,3.7415833473205566
42098,4.564770221710205
41762,4.929636001586914
13310,4.8730854988098145
3887,5.178077697753906
103089,4.380010604858398
39490,5.283407211303711
12026,4.522535800933838
37582,3.6532020568847656
36444,5.13956356048584
54752,4.203335762023926
51718,4.82537317276001
20482,5.165693283081055
50920,4.872614860534668
99334,4.0054545402526855
26079,4.748163223266602
100166,4.422569751739502
64275,3.6604506969451904
26788,4.507771015167236
56296,4.870552062988281
99092,5.0436201095581055
100782,4.389787673950195
56073,3.8909547328948975
26859,4.42526388168335
20221,4.4286208152771
78625,3.7429821491241455
93246,4.692440032958984
26225,4.568047523498535
108610,4.166146755218506
52975,3.2884886264801025
30348,5.185039520263672
48200,5.583824157714844
81983,4.604707717895508
107916,4.526899814605713
73035,5.025490760803223
56921,3.5978591442108154
74133,4.442363262176514
58101,4.549302577972412
20983,3.902449131011963
55064,4.140376567840576
37930,3.695493698120117
53212,4.674545764923096
24187,4.754440784454346
19292,4.207812786102295
45590,4.814718246459961
63107,4.935215473175049
26240,4.15759801864624
21199,4.460270404815674
52731,3.3044891357421875
1198,4.779973030090332
57095,4.182084560394287
75786,4.207460403442383
95094,4.0767388343811035
36722,4.581977844238281
58170,4.202394485473633
65665,4.81239128112793
39424,4.300465106964111
92580,4.246866703033447
71010,4.630212306976318
12318,4.322536945343018
7050,4.852247714996338
43780,4.981591701507568
66944,5.001287460327148
63022,4.124660968780518
92752,4.878406524658203
77123,4.746610164642334
8921,4.458858013153076
5945,3.650531053543091
5759,4.434155464172363
30096,4.808714866638184
13235,4.566713333129883
35363,3.96370530128479
43170,5.239344596862793
36427,4.137774467468262
39130,4.645488262176514
30119,4.89558219909668
106914,4.1030168533325195
99151,4.271397113800049
104072,4.962472438812256
86318,4.5867085456848145
94657,4.46786642074585
29276,3.6092159748077393
55608,4.9037346839904785
38015,4.780996799468994
12394,4.384756565093994
96547,4.917324542999268
98584,3.7088470458984375
74583,4.993240833282471
87995,4.878007411956787
3478,4.8774309158325195
99763,4.172270774841309
63215,4.675530910491943
18907,4.842432498931885
98029,4.827243328094482
34821,5.193577766418457
30962,3.836298704147339
5075,3.8822429180145264
77967,3.7851500511169434
82521,4.919036388397217
77731,4.738239288330078
1915,4.693321704864502
8252,4.154115200042725
104584,4.595254421234131
94561,4.8508524894714355
70465,5.027466773986816
40750,4.9349446296691895
17362,4.326680660247803
32366,4.6692094802856445
36307,3.990756034851074
31927,4.5261640548706055
14825,4.794003009796143
52525,4.249142646789551
69789,3.893751859664917
86392,4.86332368850708
12928,4.765586853027344
24436,4.783614158630371
98998,4.113026142120361
68437,4.346813678741455
27582,4.883912086486816
27803,4.03592586517334
105299,4.212802410125732
79720,4.208259105682373
83214,3.4571077823638916
18861,5.022512435913086
55583,5.0044169425964355
33935,3.2153568267822266
14643,4.739974021911621
78420,4.144559860229492
70213,4.546583652496338
90835,4.310282230377197
32335,3.9730069637298584
29745,4.397039890289307
92217,4.399817943572998
4497,4.5765838623046875
77071,4.205382347106934
97089,4.188205242156982
53869,5.065138816833496
25810,4.937168598175049
102536,5.06304407119751
90778,3.8946478366851807
47519,4.547976493835449
45021,4.897581577301025
57703,4.379535675048828
38895,4.059675216674805
108410,4.6942620277404785
68824,4.330090522766113
45887,4.3779473304748535
83712,4.050935745239258
30638,5.295785427093506
41517,4.678518295288086
69792,4.647555351257324
18342,3.268805742263794
7905,5.248929023742676
48567,4.727433204650879
36325,4.184478759765625
44813,4.918652057647705
107379,4.194396018981934
98430,4.788913726806641
95393,4.305373191833496
77596,4.763299465179443
71925,3.806610345840454
36378,4.945157527923584
74464,4.77277946472168
25259,4.827654838562012
93613,4.146821975708008
89402,4.767170429229736
74904,4.449777603149414
24404,4.493068218231201
50641,4.507266044616699
28241,4.454655647277832
57727,4.73846435546875
79605,4.583807945251465
57145,4.355856895446777
85453,5.082262992858887
95003,4.65622615814209
83642,5.0023980140686035
51880,3.4557363986968994
42803,5.007737636566162
95517,3.97106671333313
32561,5.095537185668945
85833,3.7243614196777344
28159,4.733666896820068
38097,3.890289306640625
87085,5.062682151794434
27495,5.111214637756348
93214,4.68688440322876
57345,4.552643775939941
49802,4.7367448806762695
105809,4.718444347381592
86903,4.285653114318848
63839,4.978188991546631
56867,4.80268669128418
4465,4.417644023895264
62124,4.405715465545654
79251,3.054520845413208
24278,4.7876877784729
48491,4.652185440063477
29644,4.872134685516357
87688,4.725223541259766
2733,4.4923200607299805
96677,3.8067500591278076
100726,4.103055000305176
91444,3.6943275928497314
78641,4.298034191131592
42542,4.473516941070557
41276,4.508245944976807
52493,4.276504039764404
19994,3.8575820922851562
13384,4.1415534019470215
64677,5.252967834472656
17412,4.46881103515625
31224,4.686573028564453
77081,5.081027984619141
49547,4.178698539733887
82400,4.6109137535095215
72645,5.008054733276367
42819,4.696660041809082
22410,4.9109954833984375
63717,3.981283664703369
107943,5.17427396774292
6107,4.044740200042725
28053,4.700277328491211
81204,4.776307582855225
40558,4.338024616241455
85746,5.079885959625244
31254,5.139218807220459
38350,4.500710964202881
29428,4.4973649978637695
1136,4.762457847595215
47034,3.9997169971466064
54351,4.797755718231201
91191,4.26625919342041
34727,4.201501369476318
66152,3.8215861320495605
97784,4.34927225112915
42485,4.134361743927002
77939,3.953686475753784
98969,4.526611328125
79354,5.055537223815918
58850,4.668137073516846
77,4.243189811706543
49513,4.286139965057373
90470,4.578525543212891
38432,4.8624677658081055
93102,4.95039701461792
39651,5.1573591232299805
98775,4.452494144439697
96658,4.240570068359375
16110,4.657493591308594
18053,4.743092060089111
8127,2.7201457023620605
30475,4.4446001052856445
23788,4.181295871734619
55448,3.794165849685669
84955,3.8437094688415527
9071,5.037655353546143
25721,4.89039945602417
91585,5.822633266448975
54725,4.688936710357666
74665,4.448651313781738
22391,4.591992378234863
37522,3.7573697566986084
22375,4.710789680480957
106612,4.457115173339844
84107,4.524174213409424
67151,3.4529683589935303
21866,4.8477582931518555
30207,4.48994779586792
49586,4.051830291748047
15386,4.660896301269531
79599,4.411118507385254
30206,4.091000080108643
62297,4.7990288734436035
53175,4.2194085121154785
25397,4.733389854431152
61069,4.495882987976074
20952,4.533514976501465
95075,4.421877861022949
6140,4.4224348068237305
82723,4.750179767608643
2768,4.867337703704834
34744,4.597743988037109
71977,4.897988319396973
15486,4.702419757843018
29311,4.874033451080322
81064,4.883152484893799
27960,3.254993438720703
70055,5.238940715789795
18096,4.748828887939453
43907,4.193643569946289
9172,4.139255046844482
15471,4.082712650299072
83994,4.353531360626221
106665,4.952266693115234
37736,4.508795261383057
65395,4.928366661071777
96711,4.281179904937744
90046,4.558228969573975
87923,4.901216983795166
70325,4.389201641082764
29429,4.503810405731201
75150,4.7685465812683105
54654,4.417301654815674
57515,5.0280232429504395
38116,3.403346538543701
38425,4.697468280792236
4793,4.61505651473999
29347,3.9031615257263184
93101,4.693897724151611
73567,5.125419616699219
54003,4.967913627624512
32845,4.599091529846191
79783,4.668003559112549
96104,4.090043067932129
47222,4.2411041259765625
70256,4.918371200561523
61284,4.7491044998168945
83203,5.0759758949279785
84842,3.486461639404297
85752,4.35219669342041
82764,4.974454879760742
81258,3.9504570960998535
30816,4.091651916503906
92593,5.129978656768799
21530,4.307944297790527
93742,4.645182132720947
67407,4.1856369972229
726,5.3916802406311035
95254,4.508582592010498
45238,4.571582317352295
74786,4.7115888595581055
38548,5.264017581939697
79025,4.3348541259765625
32480,5.0913166999816895
50965,4.441915512084961
98482,4.641897678375244
76089,3.2895376682281494
37714,4.61586856842041
40049,5.228629112243652
40595,4.272294521331787
35966,4.0587263107299805
75115,4.7019453048706055
17311,4.4179558753967285
39220,4.558323860168457
94297,5.187988758087158
83452,4.506363868713379
72129,4.220895290374756
63396,4.390662670135498
13028,4.672502040863037
61274,4.536904811859131
25517,4.958008289337158
68488,4.849549770355225
27005,4.254197120666504
14259,4.887392044067383
81834,5.045260906219482
97238,3.971374034881592
21548,4.2851786613464355
2967,5.129487037658691
4603,4.8610334396362305
61889,4.830005168914795
558,4.092564105987549
3588,4.776172161102295
37822,5.46000862121582
108452,5.334446430206299
47297,4.265212535858154
25836,4.922116756439209
31150,5.012992858886719
26692,4.274953365325928
63881,4.752094268798828
70112,4.544142246246338
99051,4.898520469665527
85319,4.834896087646484
31038,3.3312196731567383
12722,2.7427899837493896
5703,5.091304302215576
29055,4.622279644012451
100502,4.87992525100708
35107,4.72627592086792
33902,4.7051496505737305
46737,4.6453142166137695
19803,4.2886061668396
28612,4.9408769607543945
52501,4.856427192687988
48847,4.067635536193848
8138,4.064351558685303
1260,5.0871758460998535
52124,5.126752853393555
74802,4.095213413238525
38743,4.682480335235596
68387,4.374892234802246
15431,4.330967903137207
38099,4.0442280769348145
90449,3.835632085800171
94636,3.383272409439087
63402,4.080075740814209
42142,4.86317777633667
63298,3.617076873779297
49843,3.3827340602874756
15809,4.961769104003906
102231,4.397653102874756
19583,3.509385824203491
52656,4.836924076080322
9820,5.265168190002441
72855,4.889224052429199
32381,4.6522674560546875
79459,4.7063164710998535
1913,4.409457206726074
7659,5.475076198577881
88963,4.022851467132568
98389,4.3419189453125
20825,4.667471885681152
17859,4.245123863220215
44579,4.476816654205322
1188,4.852349281311035
54040,4.547519207000732
91512,4.140263080596924
20856,4.194175720214844
90201,4.745179176330566
104795,4.72774600982666
27427,3.6745524406433105
80587,4.729761123657227
67064,4.960299015045166
27979,4.639483451843262
50209,3.732605457305908
87582,4.418279647827148
18910,3.9969115257263184
92766,4.9926438331604
33386,3.313580274581909
18492,4.145081043243408
3962,5.078323841094971
73024,4.52500581741333
21013,4.572967529296875
4132,5.0422682762146
96331,4.534894943237305
2381,4.66981315612793
48179,5.144009113311768
37882,5.2800798416137695
3708,4.203200817108154
36529,4.985281944274902
32346,3.852506160736084
92711,4.770716667175293
6887,4.0203094482421875
31511,3.8893396854400635
66036,4.819334983825684
81190,4.594057083129883
53227,4.987175464630127
65691,4.280576705932617
80849,4.236789703369141
107430,4.811336517333984
5076,3.5086567401885986
680,4.473907947540283
76547,4.993226051330566
68776,4.1308674812316895
60519,4.540426254272461
29229,4.306770324707031
89851,4.0906081199646
7554,4.879573822021484
58122,4.221855640411377
107877,4.901055812835693
102586,4.531488418579102
89159,4.816631317138672
93900,4.308165550231934
52989,4.788424968719482
69944,4.3572845458984375
40663,4.024899005889893
107707,4.7837114334106445
71386,4.748068332672119
101186,4.606951713562012
80512,4.721041202545166
45215,3.6283724308013916
35174,4.791289329528809
12338,4.544257640838623
82463,4.241211414337158
15374,5.061148643493652
106285,4.781260967254639
93763,3.748198986053467
58211,4.753835201263428
53339,4.464017868041992
86218,4.3169026374816895
18235,4.71309757232666
45995,4.893397808074951
19509,3.8440616130828857
69459,4.4735260009765625
80551,4.300939083099365
30796,3.661738395690918
68484,4.477405548095703
36031,3.3026020526885986
9418,4.277312755584717
63634,5.133285045623779
61078,3.247568368911743
54522,4.766355037689209
35655,4.562358379364014
48602,4.439958572387695
75468,4.120703220367432
74295,4.673732280731201
63016,5.1664862632751465
78791,4.4051690101623535
100289,3.853347063064575
72075,4.202723979949951
56764,4.71886682510376
98785,4.645532131195068
69407,3.9778974056243896
39354,4.917856216430664
38640,4.0166544914245605
27323,4.063855171203613
81308,4.678295612335205
91341,4.70772647857666
18191,5.060258388519287
15349,5.0984110832214355
90406,4.923532962799072
3238,4.83213472366333
102909,6.193683624267578
106493,4.142728805541992
94726,4.737842082977295
2530,5.1055521965026855
93820,4.465874671936035
46986,4.758944034576416
29078,4.960775375366211
89394,3.9644784927368164
63268,4.36414098739624
2257,4.853740215301514
18617,4.152348518371582
24725,4.901265621185303
60941,4.668147563934326
785,4.1245503425598145
18476,5.27051305770874
55916,5.152902603149414
65593,4.670392990112305
56818,5.419554710388184
103595,5.3399810791015625
32579,4.358515739440918
13382,5.222926139831543
10079,4.418884754180908
13935,4.4857611656188965
59954,4.655831813812256
96193,4.606928825378418
68189,4.259300231933594
13872,4.798184871673584
100192,4.786690711975098
61929,4.72092342376709
4406,4.194300651550293
48053,3.7758805751800537
953,4.496431350708008
9906,4.704975128173828
3947,4.665147304534912
91397,4.040743827819824
98922,4.375883102416992
96534,4.5664238929748535
29897,4.179460525512695
104973,5.134110450744629
100222,5.1103196144104
66840,4.826455116271973
3181,4.188290596008301
74906,4.393780708312988
6541,4.992959976196289
42983,4.485660552978516
38071,4.649548530578613
38491,4.681495666503906
28246,3.818394184112549
13171,4.325333118438721
70268,4.655275344848633
26475,3.170968770980835
105458,4.138943672180176
96993,4.96069860458374
38414,4.098564147949219
13917,4.594006061553955
100290,3.5990073680877686
8438,4.982356548309326
45738,4.4591264724731445
75267,5.117691993713379
28414,3.6828906536102295
106599,4.8129987716674805
85372,4.490222930908203
16682,4.83641242980957
42777,3.4889979362487793
100342,4.672027587890625
1580,4.05364465713501
31253,3.6893601417541504
68081,4.533744812011719
87249,4.736290454864502
89384,4.899418354034424
76112,5.24557638168335
17184,3.909083366394043
42414,4.407357692718506
31712,5.152875900268555
74270,3.688023328781128
16354,4.600208282470703
15459,4.707096099853516
55451,4.996020317077637
88319,3.4988598823547363
52948,4.4921875
92831,4.743564605712891
52585,3.709758758544922
33707,3.3617255687713623
83621,4.349545001983643
15024,4.601634979248047
20808,4.710362911224365
3115,4.101634502410889
31777,3.6315720081329346
11452,3.8518786430358887
19521,5.258184909820557
78245,3.738419532775879
47202,3.928987741470337
67692,4.205909252166748
55263,5.034520626068115
67118,4.33494234085083
29422,4.472805023193359
92019,4.765848636627197
61571,3.9520106315612793
29130,4.371764659881592
32057,4.336506366729736
97924,4.810639381408691
83109,4.4941935539245605
13823,4.089758396148682
79469,5.123805522918701
93709,4.275280475616455
50723,4.597672939300537
60099,4.19335412979126
37028,4.87884521484375
88734,5.126932144165039
30041,3.4860267639160156
108330,5.092593193054199
35022,4.09695291519165
73805,4.609391212463379
66450,4.6952924728393555
91937,4.53172492980957
5045,3.871634006500244
70937,3.522982597351074
8619,4.338479995727539
51186,4.486908435821533
62929,4.590373992919922
3565,4.315083980560303
68847,4.629696369171143
49407,4.682010650634766
18057,5.001402378082275
32123,4.637351036071777
34155,4.669510841369629
92895,4.62040901184082
57667,4.703749656677246
87203,4.304190635681152
52201,4.33962345123291
100365,4.7399797439575195
35300,4.466564655303955
948,4.436555862426758
59488,3.7459583282470703
9305,4.040122032165527
53813,4.410495281219482
79598,4.419323921203613
70186,4.733862400054932
62875,4.137308597564697
107760,4.891161918640137
60834,4.416754722595215
78095,5.107444763183594
46710,4.981228828430176
33693,4.134641647338867
108488,4.009198188781738
77413,4.472075939178467
72496,4.757258892059326
53305,4.503969669342041
72294,4.249270915985107
55940,4.4017252922058105
15811,3.5244956016540527
29258,4.560211181640625
38899,3.990528106689453
37144,4.282109260559082
14566,4.877194881439209
102040,4.164672374725342
57848,4.234264373779297
9792,4.73187780380249
36968,5.174731731414795
42853,4.4634857177734375
90960,4.519086837768555
6560,4.314726829528809
33813,3.9636640548706055
106968,4.580366134643555
33999,4.435281753540039
53378,3.8910398483276367
71967,4.728952407836914
102944,4.599947452545166
83583,4.351086139678955
12945,5.0525689125061035
6844,4.41165018081665
16275,5.14151668548584
58078,4.582973003387451
88957,4.426853656768799
20871,3.8099656105041504
42507,4.524343490600586
67050,4.782881259918213
59783,4.674888610839844
93117,4.399686813354492
92118,5.015352725982666
82604,4.542876243591309
62906,4.204200744628906
270,3.939296245574951
97014,4.502401351928711
93050,4.164663791656494
38730,4.776151180267334
107936,4.569170951843262
72556,5.241005897521973
58830,4.56963586807251
39503,4.945492744445801
54668,3.840909004211426
2501,4.573935031890869
16569,4.974142551422119
35972,3.169018268585205
54254,4.22177267074585
86486,4.78761625289917
4953,4.016458511352539
18499,4.553297519683838
4271,5.098708629608154
46889,4.981750965118408
23901,4.685180187225342
32041,4.363137245178223
11210,4.904377460479736
6655,4.975305557250977
22216,4.562498092651367
107509,5.042919635772705
83056,5.069699287414551
74425,4.770838737487793
98624,4.539947986602783
5554,4.12718391418457
36369,4.442601203918457
9454,3.1099579334259033
107745,4.705531597137451
60967,4.407854080200195
57112,4.4328293800354
88623,5.27913761138916
36458,4.475797653198242
89611,4.895840644836426
31014,4.7207932472229
56341,4.341895580291748
17335,4.724616050720215
21725,4.047026634216309
47582,5.102883815765381
54338,3.429673910140991
98179,3.9144303798675537
103239,4.360921859741211
86048,4.371953964233398
69088,4.8043999671936035
77459,4.908482551574707
88287,4.642684459686279
70942,5.1676201820373535
32460,3.614588499069214
60153,3.7960305213928223
47790,4.337198734283447
51187,4.327578067779541
63706,4.622989654541016
34807,5.086244106292725
19321,4.855318546295166
69508,4.1346821784973145
65488,5.0920867919921875
71191,4.942791938781738
82791,4.332995891571045
22470,5.156703472137451
40869,4.64087438583374
36448,4.2916107177734375
16900,4.327357292175293
83216,5.043030261993408
91288,4.3341569900512695
54058,3.4255170822143555
98006,4.3497161865234375
6456,3.876922845840454
92812,4.627896785736084
3391,2.9449541568756104
84934,4.736892223358154
33304,2.858505964279175
60769,4.613588809967041
50449,3.084165334701538
97473,4.918868064880371
106316,4.134480953216553
30488,4.350465774536133
80189,4.913519382476807
83758,4.507084846496582
55624,4.5727925300598145
53800,4.646290302276611
1115,4.82504940032959
40597,4.7589335441589355
68572,4.884300231933594
89513,4.616326332092285
76062,4.493283748626709
10295,3.804734706878662
107234,3.1774072647094727
14006,4.430693626403809
94535,3.997704267501831
83995,4.414072513580322
61465,4.541245460510254
50305,4.536661148071289
47475,3.5730223655700684
97547,5.210365295410156
34651,4.878905296325684
105258,5.199703693389893
97767,4.649940013885498
20130,4.7167534828186035
1196,4.8139848709106445
97548,4.514476299285889
15290,3.476341485977173
104081,4.265312194824219
19205,3.7516486644744873
7144,4.314905166625977
7707,4.907241344451904
100945,4.772266387939453
86134,4.557636260986328
46239,4.7343058586120605
61200,5.2017645835876465
69654,5.224833965301514
33679,5.164120197296143
21686,3.5589301586151123
43635,4.186233997344971
33932,4.082840919494629
95591,4.164739608764648
46520,4.7172675132751465
85534,4.545835971832275
73470,4.107054233551025
7430,5.005293846130371
27640,4.090319633483887
12010,4.591215133666992
96877,4.768146991729736
37844,4.960301876068115
68461,4.051835536956787
74272,4.1370673179626465
89723,4.655096530914307
86955,4.919734001159668
84857,4.775089740753174
9389,4.151196002960205
75612,4.297377586364746
54101,4.089905738830566
20791,5.1351118087768555
11714,4.699683666229248
32177,4.724615573883057
51742,3.575223445892334
60223,4.276346206665039
12322,2.5403056144714355
34983,4.591831207275391
24131,5.332067489624023
6294,4.244376182556152
45916,4.56708288192749
35881,4.963305473327637
12362,3.8321239948272705
30681,5.106309413909912
27064,3.583465099334717
75896,4.585569858551025
73094,4.684995174407959
10775,5.006705284118652
55838,4.641101837158203
73911,4.755105972290039
16759,4.848801136016846
84256,4.123598575592041
17044,4.388254165649414
38804,4.575264930725098
46036,4.341469764709473
86252,5.105080604553223
6320,3.863894462585449
105818,4.44736385345459
19387,4.877198219299316
89544,4.320943832397461
60709,4.375627517700195
98376,4.362949371337891
37115,4.158429145812988
99073,3.8162682056427
78575,4.7462358474731445
39641,4.508357048034668
3911,4.627350807189941
81188,4.917111873626709
12077,4.708856582641602
68875,4.491322994232178
82406,4.927870750427246
20273,4.675120830535889
91152,4.601171493530273
104182,5.160810947418213
20292,4.704367637634277
60160,4.652826309204102
3104,4.681179046630859
43385,4.387848854064941
79144,4.66486120223999
58857,4.018767356872559
23615,4.789463520050049
76642,4.383307456970215
27315,4.473984241485596
70738,4.7133917808532715
36841,5.119744300842285
32906,5.041785717010498
58997,3.90950083732605
22586,4.932821750640869
48781,3.7285473346710205
64880,4.696935176849365
5343,4.538694858551025
33694,4.175391674041748
84069,5.025143146514893
70503,4.332270622253418
104716,4.715591907501221
1027,4.408623695373535
3279,3.2073752880096436
53669,3.8342692852020264
9555,4.666447639465332
44696,4.784626483917236
65791,4.265719413757324
64296,3.7713890075683594
62625,4.200362205505371
80904,3.9073832035064697
3306,4.590054512023926
65418,5.201727390289307
60710,4.917143821716309
1732,4.055471897125244
87466,4.225762367248535
65288,4.514616012573242
101755,4.997155666351318
81899,4.824129581451416
24555,4.6045403480529785
86502,4.841640472412109
103172,4.447473049163818
2745,4.378598213195801
54242,4.747098922729492
85634,5.325376033782959
32552,5.284785270690918
72738,4.62312650680542
693,3.8256568908691406
2137,2.8971235752105713
101153,4.499943733215332
100500,4.992049217224121
81391,5.134027481079102
54714,4.244819164276123
11444,4.455568313598633
79914,3.6540725231170654
36418,5.105030059814453
57832,4.162090301513672
32756,4.237517356872559
66609,3.942739248275757
64815,4.265457630157471
16052,4.451140403747559
58515,3.8630170822143555
50253,4.517046928405762
13201,4.674328327178955
28996,3.707524299621582
64013,3.7453694343566895
36223,3.2126882076263428
31504,4.059395790100098
18399,3.617064952850342
86162,4.933981895446777
96896,4.414330005645752
11880,4.112072944641113
82220,5.104083061218262
72258,4.600475788116455
22167,4.833887100219727
78088,5.037184238433838
8969,4.781927108764648
43399,4.498586654663086
7857,4.30222749710083
47526,4.2816033363342285
37651,4.467010974884033
18214,5.095025539398193
47113,4.612102031707764
67393,5.088237285614014
71655,4.80321741104126
59636,4.719235897064209
102844,4.763278484344482
65903,4.632930755615234
65943,4.689626216888428
68133,5.010831832885742
60749,3.660670518875122
97972,5.074429988861084
28986,4.670947074890137
41317,2.8460097312927246
26348,4.132081985473633
17633,4.856652736663818
24878,4.6306867599487305
83771,4.401066303253174
29886,2.4611825942993164
90768,4.722964286804199
38380,4.189996242523193
25510,4.3642578125
92066,5.000145435333252
103761,4.889902591705322
11237,4.829217910766602
99341,4.382245063781738
82839,4.463809490203857
101320,4.590632438659668
27540,4.417838096618652
11250,4.825824737548828
8344,5.254103660583496
19070,5.12904167175293
9019,5.24015474319458
71642,4.306122303009033
6231,3.069451093673706
25883,4.571426868438721
86721,4.636826038360596
69680,4.5999345779418945
79343,4.101454257965088
86508,4.8613457679748535
70430,4.9101715087890625
42971,4.157687187194824
65984,4.5136542320251465
46638,5.065229892730713
2069,4.513580322265625
55353,4.233775615692139
6614,4.46436882019043
108540,5.081207752227783
98435,4.767054080963135
25566,4.55907678604126
93753,3.7177391052246094
22590,4.77671480178833
35207,4.924449443817139
27549,4.494556427001953
94910,4.3687424659729
66107,4.73569917678833
87747,4.607652187347412
95235,2.959777593612671
79040,4.908448696136475
52905,4.1715874671936035
10907,4.625027179718018
19822,4.802172660827637
67776,4.799130439758301
80366,4.567293167114258
83825,3.887157440185547
62366,4.33184814453125
87496,4.853778839111328
60076,4.055758953094482
21157,4.897037506103516
95960,3.9117226600646973
8466,5.000288963317871
47071,3.990577220916748
49959,2.77311372756958
52570,4.360097408294678
98253,4.452218055725098
20192,4.416871547698975
95900,4.03914213180542
75028,4.792452335357666
77083,5.087882995605469
45900,5.126554489135742
6080,4.597062110900879
63345,4.4051947593688965
54996,4.701904773712158
78945,4.812103748321533
96830,4.050658226013184
73442,4.835111618041992
4776,4.914809226989746
76236,4.299246788024902
52107,4.848122596740723
2952,4.440686225891113
57635,4.915513038635254
27908,4.928430080413818
43589,4.924854755401611
14075,4.972440719604492
94143,3.9691522121429443
62265,4.118381500244141
67003,4.927022933959961
83149,4.246133804321289
85218,4.392984867095947
70596,4.994113922119141
18969,4.509167671203613
36584,4.352410316467285
4112,5.001941204071045
102802,4.651589393615723
25720,4.689119338989258
5810,4.524439334869385
42097,4.742371559143066
35766,4.816021919250488
51425,4.931035041809082
107770,4.8414483070373535
21343,4.55769157409668
9908,3.798598289489746
10578,3.202993869781494
84105,4.630939483642578
68196,5.0316596031188965
3081,5.435629844665527
64844,4.694719314575195
54759,4.459600925445557
64510,2.6897358894348145
51098,4.474257946014404
67530,4.693714141845703
21598,3.967359781265259
88507,5.161386013031006
77423,4.72103214263916
82531,4.309706687927246
29565,3.455288887023926
8858,4.744775295257568
43609,4.8824992179870605
8027,4.185539722442627
113,4.6069841384887695
28,4.038267612457275
80744,4.514055252075195
10784,3.7175114154815674
69098,4.421202182769775
81207,4.869144439697266
41808,3.7797658443450928
101006,4.645079135894775
49788,3.3060262203216553
90281,4.468822479248047
101615,4.701737880706787
100510,3.5166232585906982
107444,4.920576095581055
43695,3.6574151515960693
99684,4.928321361541748
12067,4.120432376861572
65868,4.03961181640625
96653,3.8171026706695557
81835,4.417970657348633
33233,3.9114274978637695
7954,4.7597551345825195
44239,4.275685787200928
62275,4.973094940185547
33577,4.941934108734131
107532,4.56423807144165
54045,3.2964134216308594
68107,4.226047992706299
60459,4.836264133453369
54903,4.606849193572998
42515,4.700246810913086
57730,4.119406700134277
57477,4.451566696166992
42898,4.295670509338379
94684,3.999188184738159
15562,3.407104969024658
70886,4.452834129333496
52550,4.007020473480225
58899,4.4215407371521
8985,4.668835639953613
5527,4.357377052307129
28576,4.822247505187988
58811,3.4934864044189453
91961,3.8133835792541504
58598,4.819355487823486
87171,3.702953815460205
106529,3.5571823120117188
65837,3.826726198196411
98489,4.9492106437683105
43265,4.349059104919434
51146,4.594141960144043
64112,3.4064981937408447
87887,3.4132373332977295
64673,3.9851200580596924
43141,4.967850685119629
79102,5.306540489196777
61710,4.419794082641602
57065,4.4583539962768555
29467,5.023630142211914
13428,4.379215240478516
30351,4.708809852600098
81990,5.015086650848389
33470,4.566527366638184
42537,4.964507102966309
60577,4.845732688903809
33101,3.2552857398986816
5015,4.860760688781738
2172,4.95357608795166
51532,4.231847763061523
11113,4.856092929840088
18864,4.069421768188477
33226,4.116238594055176
74439,4.680116653442383
103777,4.665896892547607
1899,4.483250617980957
102224,4.675450325012207
12829,4.790355205535889
36879,5.032373905181885
22047,4.454446792602539
106351,4.504513263702393
8592,4.32081413269043
36464,4.346207618713379
89514,4.91398286819458
59425,3.9685494899749756
80070,4.218829154968262
81843,4.816754341125488
100704,3.5308101177215576
68110,4.907200336456299
33257,4.961916446685791
85068,4.504360675811768
42125,3.9657185077667236
46728,5.345584392547607
103697,3.3634274005889893
48389,4.546402931213379
103167,4.776963710784912
19910,3.896771192550659
100090,4.9078369140625
39239,4.8059210777282715
102021,4.614714622497559
32833,4.604473114013672
7752,5.302157402038574
56441,4.347511291503906
34090,4.229073524475098
71814,4.66482400894165
92595,5.114114761352539
75108,4.550827503204346
96044,4.88126277923584
31122,4.61919641494751
84592,4.61370849609375
10607,4.534672260284424
8031,2.725127696990967
90056,4.78121280670166
32611,4.947969913482666
96781,4.690162181854248
69323,3.1942920684814453
75785,4.094714164733887
103205,4.746396541595459
31628,4.998500347137451
49962,5.148396015167236
105603,5.2124481201171875
32289,4.870128154754639
19959,4.112345218658447
29013,4.076756954193115
21683,4.567547798156738
13721,4.811100959777832
100106,4.4245405197143555
82685,4.720097541809082
14363,4.1088547706604
36798,4.47830867767334
105028,3.890315294265747
24424,4.926014423370361
9878,4.566288471221924
33162,4.643216609954834
100063,3.5898163318634033
37249,4.10331392288208
68842,3.6843535900115967
26670,4.49570369720459
54373,3.190930128097534
55458,3.9902892112731934
73379,4.680908203125
42720,4.65060567855835
76725,5.359055995941162
65685,5.200578212738037
72644,5.019365310668945
10435,3.8392841815948486
108386,4.661839008331299
57920,4.9521331787109375
68644,5.0153045654296875
67501,4.592029571533203
104310,4.561726093292236
52361,4.409722328186035
7058,4.366731643676758
31065,4.929556846618652
49600,4.160855293273926
68603,4.864142894744873
81247,3.690528154373169
37466,3.882267475128174
42871,4.650508403778076
1676,4.267236709594727
23834,5.178006172180176
26969,3.8952229022979736
25657,4.51424503326416
73538,4.635618209838867
46559,3.654158353805542
69855,4.325127601623535
98209,5.103588581085205
73615,4.793278217315674
20805,4.412336349487305
84074,3.686818838119507
42302,4.626244068145752
58444,4.770504474639893
33288,4.7168450355529785
84530,4.890247344970703
48473,4.854332447052002
49249,3.7537312507629395
62464,4.324361324310303
60707,5.111510753631592
1874,4.868668079376221
94795,4.183413505554199
98445,4.824056625366211
54149,4.128134250640869
49127,4.26671028137207
37118,4.660349369049072
64960,4.395829677581787
98168,4.132010459899902
47163,4.784426689147949
5985,4.494132041931152
12486,4.550489902496338
2044,4.270450115203857
6940,4.307958602905273
83499,4.9462409019470215
59990,3.802699089050293
37516,4.205568790435791
62041,4.524728298187256
26472,4.0145063400268555
107459,3.429219961166382
102306,5.117585182189941
3719,4.17521858215332
97628,4.945931911468506
92917,5.293124198913574
9726,5.226125240325928
89237,4.565013408660889
29768,4.802379131317139
71514,4.67531681060791
13944,4.395867824554443
98114,4.927764892578125
49366,4.581007480621338
70918,4.3331298828125
15148,4.408982753753662
47417,4.4576287269592285
69185,4.344505310058594
92671,4.566174507141113
67010,4.272024154663086
102634,4.326340198516846
92090,4.983597755432129
85928,4.372193813323975
99944,4.924480438232422
31926,4.356834888458252
103914,4.794639587402344
82019,2.819549560546875
18498,4.607583999633789
94389,4.331717491149902
85042,4.4139628410339355
98274,3.9084866046905518
1962,4.017975330352783
44523,4.420800685882568
10845,4.509551048278809
2724,3.2463178634643555
13666,4.117972373962402
60829,4.1186981201171875
50854,4.585303783416748
75439,3.9884326457977295
16939,4.035030841827393
102070,4.424056053161621
27523,4.921061992645264
77458,4.384970664978027
2681,4.318524360656738
105651,4.298860549926758
84348,5.037047863006592
71393,4.6476569175720215
38707,4.6676716804504395
71253,4.967370986938477
7203,4.42073392868042
23093,4.90180778503418
82390,5.453200817108154
79433,5.117542266845703
80506,4.698431015014648
50578,4.748905181884766
86079,4.555616855621338
4423,4.104089736938477
66341,5.086583614349365
49330,4.622096061706543
72253,4.233325958251953
84744,3.7314059734344482
53497,4.680872917175293
28775,4.521656036376953
63533,3.723100185394287
73522,4.212169647216797
6372,4.248299598693848
64822,4.950031757354736
20314,5.086192607879639
70620,4.763358116149902
87900,3.7201321125030518
98884,4.249732494354248
10636,4.4576568603515625
47543,4.503705978393555
66474,3.914520025253296
18852,4.746840476989746
13495,5.025411605834961
48385,4.520648002624512
58304,4.98424768447876
105670,4.183396339416504
45945,4.985008716583252
104236,4.947973251342773
76987,4.426044464111328
89171,4.064117431640625
45707,3.372145652770996
87686,3.5978991985321045
67789,4.270153999328613
16203,4.684676647186279
62573,4.642477512359619
31908,4.670931816101074
88870,5.019521236419678
19542,4.001405715942383
104104,4.797677040100098
49207,4.499627113342285
35982,3.4905548095703125
26766,3.233551502227783
56164,4.814866065979004
89724,4.352436542510986
8146,4.0551958084106445
33981,4.151012420654297
87369,4.2842559814453125
7332,4.706568241119385
22962,5.127426624298096
19863,4.924986839294434
101032,5.009308815002441
79796,4.041708946228027
48147,5.2574543952941895
27015,4.160000324249268
59033,4.615081310272217
13188,4.812824726104736
45373,5.246438503265381
43312,5.0537543296813965
52009,4.26921272277832
94185,4.460662364959717
34705,4.031895160675049
83681,4.976014137268066
93211,4.960562229156494
14405,4.982504367828369
36410,4.600420951843262
52019,3.2506062984466553
87896,4.58169412612915
1648,5.350916385650635
95484,3.5870840549468994
83417,4.526787757873535
105316,4.61406946182251
62851,3.351339101791382
56546,3.4606645107269287
24494,4.287450790405273
105214,5.153829097747803
66237,4.559352397918701
52807,4.568404197692871
49078,3.755312204360962
67506,4.398228168487549
69643,5.048312187194824
53262,3.9987337589263916
46259,4.910297393798828
77299,5.193304538726807
27996,4.131683826446533
85382,4.715715408325195
66624,5.214837551116943
10776,4.291182994842529
88639,4.11740779876709
34405,5.086988925933838
26479,4.651517868041992
108584,4.051412105560303
6550,4.681746482849121
78348,4.687418460845947
6486,4.503575325012207
71169,4.987270832061768
85194,4.206305027008057
77188,4.935671806335449
3957,4.902896404266357
84189,5.143239974975586
78335,4.865309238433838
62580,4.981083393096924
35786,4.703214168548584
81568,4.471638202667236
9681,3.8944475650787354
93751,4.510888576507568
106787,4.5438761711120605
56729,3.7098309993743896
5153,4.130646705627441
57331,4.477458477020264
99274,4.6198320388793945
60639,3.486182451248169
83672,4.9191365242004395
59690,2.97769832611084
33080,4.2879228591918945
42651,4.557963848114014
8650,4.960147857666016
37270,4.446410179138184
102732,4.8394646644592285
37243,5.128634452819824
83408,4.4669718742370605
5132,3.5820488929748535
101123,4.08410120010376
104222,4.130528926849365
52517,4.338527679443359
100564,4.632942199707031
93312,4.970835208892822
32857,4.896674633026123
36144,5.170762538909912
23517,4.7261223793029785
107658,4.774714946746826
88668,4.617485523223877
80662,4.929685115814209
39556,4.684266090393066
85790,5.127118110656738
72237,4.804256916046143
90259,4.0622878074646
72449,4.172102451324463
91638,5.166975975036621
78635,4.417802810668945
58813,5.026969909667969
64026,4.633003234863281
41049,3.767645835876465
61212,4.903768062591553
19058,4.932595729827881
87497,5.125520706176758
56763,4.125894069671631
107072,5.069926738739014
71203,4.947585105895996
106338,2.5750677585601807
87277,3.603302478790283
13029,4.2933478355407715
19799,4.173477649688721
81209,4.559457778930664
5764,4.164924144744873
39809,4.099644660949707
3167,4.116063594818115
8838,4.266590118408203
23903,4.9672064781188965
62669,4.347188949584961
53601,4.977315425872803
16458,4.554042339324951
31868,3.969806432723999
88222,3.986772060394287
87789,4.022604465484619
96582,4.445949077606201
86084,4.879765510559082
90541,4.081973552703857
104563,4.55631160736084
87381,3.4397809505462646
29729,5.182187557220459
65749,3.4036853313446045
66308,4.9862542152404785
79746,4.235355377197266
101875,4.372745037078857
16657,4.822997570037842
104663,4.45272159576416
40007,4.711906909942627
96584,4.348959445953369
37467,4.263481616973877
58853,4.64176607131958
81349,4.436543941497803
57395,4.061140537261963
41033,4.021864891052246
2685,3.621018409729004
103341,4.6578497886657715
55133,3.5016911029815674
99241,4.016848564147949
104623,3.7487215995788574
58301,4.7598795890808105
93792,4.346645355224609
34656,4.76132869720459
106087,4.1151251792907715
38018,4.859743118286133
28192,4.742153167724609
62158,4.27626371383667
9433,4.821389198303223
62525,4.664700031280518
89290,4.971371173858643
80593,4.869698524475098
26285,5.034970283508301
66172,4.926396369934082
11634,4.341334819793701
92305,4.451937198638916
71976,4.805330753326416
84537,4.66893196105957
106771,4.906085968017578
99856,3.970018148422241
85002,4.744739055633545
9291,4.295875072479248
38856,4.197230339050293
44316,4.971835613250732
5846,4.5750627517700195
14589,5.088594913482666
27922,4.650418281555176
95645,4.487284183502197
26815,4.797604084014893
78759,4.24648380279541
87531,4.487308025360107
71858,4.513229846954346
26050,4.973493576049805
66195,4.049127101898193
43664,4.524860858917236
25188,5.286105632781982
85687,4.717159748077393
61523,4.783802509307861
102631,4.6251749992370605
30848,4.29600191116333
31072,4.412696361541748
107156,4.72481632232666
10446,4.3195648193359375
4085,4.212679862976074
45925,2.246434450149536
29536,3.9127697944641113
69410,4.200932025909424
101177,4.914291858673096
44201,4.45405387878418
74311,4.138248920440674
92155,4.897146224975586
44656,4.396794319152832
98353,4.005428791046143
91027,4.495738983154297
49461,4.721459865570068
81750,4.349876403808594
65223,4.156607151031494
78764,5.07473087310791
23138,3.2334513664245605
12531,2.5533478260040283
28222,3.7736473083496094
3638,4.001961708068848
77873,5.413350582122803
97248,4.463977813720703
32285,4.586828708648682
475,4.5410027503967285
613,4.703980922698975
93230,4.367480278015137
36524,3.989915370941162
11205,4.2255024909973145
72326,4.95499324798584
62658,4.720621585845947
23174,4.716379165649414
86266,5.032841205596924
77448,4.296062469482422
37444,3.3010129928588867
84515,4.5273847579956055
72467,4.598819732666016
72680,4.710297107696533
50158,3.6466598510742188
10665,4.35228157043457
29167,4.957948207855225
105726,4.6506876945495605
32212,4.451754093170166
100217,4.180099964141846
81034,4.619791030883789
71934,4.308563232421875
77581,4.2169294357299805
64706,4.246910095214844
64859,4.135738849639893
103829,4.751027584075928
94725,4.4540486335754395
105517,4.925232410430908
60385,4.553412437438965
16041,4.672644138336182
60392,4.627806663513184
52231,4.796180725097656
53729,4.542182922363281
74973,4.463354110717773
43501,5.077907562255859
80919,4.844733715057373
5310,4.342220783233643
56447,4.0386762619018555
26539,5.2926177978515625
41867,4.954123497009277
56172,4.716979503631592
18175,4.634104251861572
10482,4.504563331604004
87525,5.115817070007324
35325,3.9173595905303955
63840,4.380486011505127
61511,3.737300395965576
92961,4.336449146270752
41279,4.297404766082764
52380,5.2203240394592285
64015,3.9628193378448486
13497,4.174431324005127
541,4.870762825012207
95906,4.995096683502197
90555,4.108588218688965
89054,5.0822367668151855
3906,5.501753807067871
102002,4.648697853088379
29763,4.690488815307617
19454,4.92144775390625
97847,4.3445963859558105
29807,4.42642068862915
65645,4.794692516326904
36400,4.797553539276123
6296,4.55102014541626
103630,4.899317264556885
71889,4.218814373016357
108223,4.454134464263916
89932,4.699938774108887
52998,4.461677551269531
18334,4.107542514801025
50561,4.73697566986084
64254,3.828421115875244
42690,4.781990051269531
55803,4.338862419128418
83877,4.123851299285889
56851,5.433771133422852
47332,4.509668827056885
58063,3.639446258544922
19670,4.8105621337890625
103874,4.944406032562256
42510,4.838064193725586
74412,4.819231033325195
31434,5.027929782867432
47558,4.625263214111328
47585,4.903576850891113
100216,4.690473556518555
51510,4.670694828033447
19882,4.07951545715332
15070,4.592738151550293
15152,5.214829921722412
80808,4.868009567260742
67975,4.610995769500732
14852,4.761434555053711
77974,5.000284671783447
39502,5.230266094207764
50936,4.258692264556885
32755,3.952885866165161
76356,5.303885459899902
8575,4.444838047027588
23648,4.405421257019043
1442,4.310270309448242
90189,4.1800456047058105
21988,4.6777544021606445
21556,4.148252010345459
76306,4.947152137756348
57416,4.859611511230469
5647,4.763992786407471
94823,4.337626934051514
31526,4.386739253997803
50763,4.880585670471191
49025,4.88795804977417
64734,4.502364635467529
12587,5.0229926109313965
30062,4.805502414703369
30635,4.743511199951172
62169,4.569596290588379
73409,4.592349052429199
730,4.591461658477783
48083,3.686516046524048
94044,4.764598369598389
65748,3.7332983016967773
25454,4.709652423858643
60056,4.660708427429199
34208,4.705148220062256
40476,3.554286479949951
107739,4.804399013519287
86517,4.838644504547119
83632,5.00301456451416
69449,4.0073561668396
18444,4.512849807739258
96288,4.437341690063477
47914,4.492987632751465
94714,4.824528694152832
82367,4.235349178314209
74689,4.81942081451416
5175,3.6541318893432617
23537,4.754445552825928
69399,4.253249168395996
85485,4.813472747802734
102935,4.426473617553711
69541,4.733259201049805
87610,4.727263927459717
30991,4.870935916900635
19838,4.047225475311279
63377,4.704609394073486
62145,4.327275276184082
84467,4.413256645202637
60165,4.418981552124023
24108,5.073658466339111
53474,3.763692617416382
38868,5.251694202423096
7057,4.843759536743164
47486,4.456857681274414
19331,5.000887870788574
45355,4.49434757232666
64501,4.6130595207214355
79220,3.661895513534546
18262,4.3244242668151855
15448,3.823185682296753
18615,4.7720208168029785
56293,4.810321807861328
52872,4.18380069732666
40854,5.032876491546631
79787,4.759639739990234
64177,4.602419853210449
82530,5.104233741760254
75021,4.928910255432129
22367,4.861659526824951
81087,4.671323776245117
82773,3.332404375076294
15520,2.48201847076416
89147,4.346292495727539
22506,3.4980645179748535
48392,4.529598712921143
47856,4.249899864196777
19682,5.236395835876465
99612,3.995699644088745
11267,3.7650046348571777
13025,5.048167705535889
78149,4.686079978942871
3395,4.51945161819458
57132,4.2523040771484375
28984,5.24924373626709
62969,4.808704853057861
15480,4.9247331619262695
27756,4.517329692840576
71729,2.949129343032837
65087,4.897156715393066
18257,3.7125978469848633
69359,4.2694902420043945
67922,4.39394998550415
87451,4.080706596374512
70340,3.8516433238983154
5972,4.85028076171875
94166,4.640923023223877
98323,3.3421990871429443
80704,4.163536548614502
23664,4.971528053283691
50173,4.1966447830200195
28356,3.7212162017822266
86273,4.797151565551758
35910,4.8087029457092285
95847,4.142324447631836
108490,5.078677654266357
18968,4.515980243682861
96562,4.898911952972412
68775,4.396886348724365
82818,4.244537830352783
29917,4.899542331695557
4695,5.002350330352783
7537,4.477148056030273
90134,4.407111167907715
9133,4.096325874328613
1917,4.2527174949646
39552,4.083752632141113
12790,5.05489444732666
101928,4.717513561248779
56636,3.8472096920013428
19403,4.833046913146973
66766,4.582236289978027
44680,4.620800018310547
49660,4.926359176635742
68857,4.511744499206543
100609,4.892159938812256
54334,4.711843490600586
20997,4.523108959197998
20598,3.5618467330932617
13439,4.543534755706787
27285,4.707883834838867
103410,4.834621429443359
68536,4.705841064453125
53897,4.4720845222473145
107111,4.3161725997924805
91793,4.912283420562744
853,4.222865581512451
79801,5.066342353820801
6373,4.434770107269287
52017,4.146726131439209
48416,4.18736457824707
33706,4.265174865722656
41601,4.591397285461426
32603,4.198566913604736
3346,4.3749260902404785
9804,4.922220230102539
67788,4.691225051879883
85191,3.8007051944732666
44702,4.985436916351318
522,4.636440753936768
102476,4.492093563079834
78441,4.156493663787842
82135,4.078421115875244
40314,5.132755756378174
94336,3.1110646724700928
76782,4.124560356140137
60700,4.995926380157471
10325,4.254144191741943
11716,4.872153282165527
96238,4.810046672821045
105036,4.163485050201416
92072,5.120205402374268
76159,5.1883864402771
14294,4.793887615203857
68833,3.4693892002105713
81731,3.9457831382751465
30583,4.014948844909668
68069,3.978536367416382
49732,4.285628795623779
65606,4.641615867614746
24093,4.3683342933654785
43785,4.608865261077881
40648,4.2984466552734375
101676,4.2547736167907715
41547,5.007181644439697
41844,4.435498237609863
26251,4.702369689941406
50541,4.036481857299805
43326,4.876755237579346
27284,4.439636707305908
96899,4.107985019683838
33271,4.861054420471191
107083,4.028079986572266
55853,3.563774585723877
2225,4.947984218597412
107161,4.800087928771973
93006,4.631019592285156
55096,4.611325263977051
71157,4.792845726013184
56709,3.7359871864318848
60321,4.857321739196777
46942,4.908052444458008
77548,4.815059661865234
31635,4.445554733276367
44466,4.256404399871826
21131,4.47166109085083
93045,3.981705665588379
32092,4.241460800170898
62787,3.640852451324463
36480,3.6290037631988525
83467,3.4458675384521484
74987,4.742743492126465
23509,4.575922966003418
90409,5.0029296875
56111,4.290939807891846
39268,5.160092353820801
81901,5.179981708526611
48817,4.459818363189697
47714,4.848917484283447
106953,4.846009731292725
36334,4.780963897705078
78877,3.8329665660858154
18003,4.743902683258057
7679,4.5809712409973145
82157,4.780167102813721
14647,5.010584831237793
25929,4.272635459899902
2526,4.2702507972717285
45550,4.138001918792725
56086,3.729661703109741
658,4.927500247955322
78273,4.334745407104492
29767,4.784414291381836
74612,4.08731746673584
6401,4.741718292236328
25636,5.026979446411133
60661,4.755734443664551
37548,3.8605258464813232
92598,5.018657207489014
45563,4.551726818084717
96679,3.922807216644287
60003,4.189094066619873
15746,3.9962375164031982
41192,4.045640468597412
68072,4.666206359863281
60659,4.556937217712402
61908,4.960666656494141
2933,4.818603515625
40541,5.013077735900879
17083,4.35176420211792
3443,3.877185344696045
37526,4.862959384918213
96559,3.4665794372558594
102359,4.9275102615356445
66062,4.83575439453125
58750,3.5167901515960693
85743,4.884573459625244
79344,4.170987606048584
69791,3.2777609825134277
107376,5.002555847167969
64096,4.643679141998291
22207,4.708850860595703
2431,5.106907367706299
66565,5.205301761627197
96155,4.634184837341309
38685,4.571579933166504
62502,4.613506317138672
79562,3.706932783126831
106095,3.8681375980377197
26751,4.583725929260254
49375,3.922208786010742
84221,5.1557722091674805
72544,4.403006553649902
6592,5.055418014526367
90635,4.463089942932129
77176,4.837266445159912
99269,4.655289649963379
59770,4.361859321594238
27105,3.9591031074523926
106466,4.555055141448975
13507,5.223626613616943
5029,3.5376980304718018
52528,4.157419204711914
40403,5.085031986236572
89761,4.737681865692139
64559,4.592357158660889
6109,4.352602005004883
88066,4.271787643432617
43425,4.780148029327393
99001,4.946876049041748
61734,3.9942827224731445
104023,4.128281593322754
16179,4.655473709106445
70928,4.975002288818359
56263,2.859928846359253
89431,5.101380348205566
76890,4.455403804779053
105143,4.207207679748535
4946,4.855164051055908
50970,3.798462152481079
94751,4.089930534362793
23789,4.348081111907959
78520,4.673340797424316
18826,5.267453193664551
90234,4.638996124267578
40970,4.083488464355469
51358,3.6143786907196045
64375,4.553731441497803
60681,4.766626358032227
1989,4.2794084548950195
69237,4.84051513671875
39085,4.763190269470215
96274,4.5603227615356445
87807,3.7074875831604004
94088,4.275121688842773
34924,4.9203314781188965
49255,5.012764930725098
54873,4.030866622924805
70423,4.734864234924316
79566,4.254505157470703
76520,5.034183502197266
60211,4.349189758300781
59260,4.692802429199219
96777,5.001896858215332
41800,5.027600288391113
26750,4.402708053588867
70752,4.956662654876709
20113,4.06002140045166
99506,4.841528415679932
74930,4.387541770935059
59811,3.947895050048828
77975,4.981823921203613
50507,4.268309593200684
9119,4.698492527008057
21966,4.439233779907227
21270,4.031533241271973
6272,4.641603469848633
64245,3.7553765773773193
39439,4.215203762054443
85701,4.6966633796691895
59377,4.8901047706604
51080,4.777523517608643
107890,4.615443229675293
88411,4.508382320404053
82707,4.332529544830322
8212,3.932812452316284
27476,4.7950005531311035
80304,4.8175740242004395
46508,4.853447437286377
23327,4.49916410446167
32513,4.956632137298584
14573,5.123882293701172
105194,4.307651519775391
61182,4.165922164916992
72430,3.0087716579437256
104948,5.072751998901367
7578,4.9712233543396
15541,4.078444957733154
66623,4.923069953918457
86992,4.338351249694824
100852,4.360121250152588
36923,4.0575995445251465
37200,4.017123699188232
32262,3.91115665435791
103054,4.139055252075195
49505,4.857273578643799
92350,5.103911399841309
20500,3.7378485202789307
32100,4.2042555809021
93691,4.850213527679443
25269,4.526378631591797
2766,4.478000164031982
51559,3.6095709800720215
81057,4.585780620574951
7916,5.016197681427002
88325,4.512510299682617
53107,5.099400997161865
10608,4.835516929626465
32297,4.333677768707275
82076,5.0718674659729
30298,4.573968410491943
21583,4.224649906158447
31152,5.248360633850098
23908,4.772208213806152
83307,3.8997318744659424
69922,4.06003475189209
19306,4.859841346740723
107309,4.822770595550537
94055,4.292397499084473
81712,4.331827163696289
76046,3.15366268157959
58965,4.700283050537109
37681,4.729734420776367
35594,4.78444242477417
34773,4.180116176605225
55560,4.707481384277344
35622,5.181783676147461
81375,4.512639999389648
22759,3.7139363288879395
77282,4.797799587249756
16970,4.909590721130371
42566,4.031543731689453
19808,4.842803955078125
100986,4.583102226257324
96991,4.614541530609131
50659,4.585311412811279
69743,3.9663734436035156
94082,3.8964695930480957
107260,3.310565233230591
61463,4.80216121673584
32538,5.2367048263549805
68458,4.4813151359558105
50251,4.3194499015808105
11280,4.9668145179748535
51101,3.1622087955474854
11026,4.1692609786987305
75348,4.799698829650879
17098,4.920872211456299
33412,4.388974666595459
68892,4.284348487854004
10151,4.1042561531066895
33648,4.85629415512085
30547,4.20155668258667
2674,4.6832685470581055
30749,4.775510311126709
62999,4.969699859619141
4246,5.408758640289307
35292,4.386348247528076
83382,4.954108715057373
47244,4.127508163452148
15599,4.349534034729004
23697,4.9449334144592285
14198,5.0745368003845215
36533,4.890159606933594
94116,4.186891078948975
27613,4.841257572174072
61649,4.351727485656738
38382,4.260199069976807
70347,4.620133399963379
67218,4.335873126983643
98263,4.231048107147217
71119,4.404306888580322
5044,4.662015914916992
45588,4.399101734161377
12863,4.899616241455078
37323,5.106809139251709
33118,4.738154411315918
105725,4.663425445556641
69434,5.1440348625183105
62832,4.772692680358887
18598,4.44928503036499
74413,4.598664283752441
64583,4.410818099975586
7081,4.455838680267334
97782,3.295250654220581
96724,4.668134689331055
105295,4.585294246673584
2084,4.145871639251709
52401,5.131103515625
49501,6.139296531677246
41435,4.3205389976501465
2402,4.95987606048584
96640,3.6899421215057373
63409,4.578057289123535
90699,5.055625915527344
101106,3.315521240234375
58828,3.878378391265869
38053,4.945185661315918
76054,4.393759250640869
47514,4.181771755218506
34786,3.266497850418091
94790,3.7169551849365234
77834,4.887239933013916
106504,4.73288106918335
46216,4.772363662719727
55229,4.051840782165527
8081,4.460305690765381
79297,4.610472202301025
74210,4.845252990722656
54011,5.149132251739502
29451,4.508622169494629
22132,3.271685838699341
58755,4.5782270431518555
44560,4.809913158416748
89215,4.534132480621338
64187,4.899472236633301
57951,4.405864238739014
107843,5.397359371185303
34670,4.899100303649902
26786,3.9463536739349365
91139,4.307727336883545
51339,3.6628825664520264
10095,4.522624492645264
15573,4.928002834320068
58039,4.170138359069824
100878,4.833324909210205
24284,4.068657398223877
62198,4.909342288970947
82004,4.525070667266846
66878,3.934403419494629
106353,4.0694899559021
98052,4.5849833488464355
75291,5.359999656677246
90978,4.19666051864624
4335,3.8127124309539795
69284,3.703594446182251
36627,3.2424914836883545
49232,4.228693008422852
22944,4.784201622009277
63950,4.452857971191406
38390,4.173649311065674
10920,4.149703502655029
81025,4.5512847900390625
53804,4.621458530426025
5363,4.923125267028809
93808,4.907858848571777
37011,4.267900466918945
16225,5.096160411834717
32422,3.570884943008423
1716,4.816606521606445
24427,4.273499488830566
98334,3.957158088684082
60765,5.164340972900391
105083,4.1946282386779785
43008,4.761430263519287
47281,4.665854454040527
70139,5.131771087646484
7530,4.113370895385742
105685,3.8344321250915527
60506,4.051356315612793
84929,4.992799282073975
24998,4.10781192779541
27906,5.0321736335754395
96523,4.307715892791748
78355,4.840723514556885
98567,4.408030033111572
8648,4.573019027709961
57004,4.411962509155273
64808,4.410394668579102
7728,5.36265230178833
62952,4.921017646789551
20959,4.55933141708374
48161,4.749357223510742
80106,5.035193920135498
26656,4.459917068481445
101162,3.6645758152008057
99644,4.610650539398193
104768,4.834223747253418
58580,3.8830161094665527
104059,4.8002142906188965
33215,4.31751012802124
9539,4.5887131690979
89864,4.965892791748047
66525,4.934786319732666
38045,4.3553290367126465
99347,4.593245029449463
70284,4.215734004974365
92062,4.875798225402832
69629,5.154376029968262
6327,2.9899816513061523
56346,4.642977714538574
6334,3.611330509185791
44764,4.689851760864258
10172,3.78859806060791
95316,5.093818187713623
89616,4.707513809204102
74179,4.787575721740723
6177,4.56773042678833
39607,4.527951717376709
92992,4.6301069259643555
27937,4.715052604675293
78185,4.984664440155029
53118,4.785801887512207
27418,3.9760148525238037
61261,4.620179653167725
87236,4.303834438323975
35331,3.746710777282715
86873,5.121085166931152
105047,3.9637644290924072
53411,4.520405292510986
15185,4.426070213317871
51370,3.6459200382232666
101723,4.468390464782715
103209,4.5493364334106445
66338,4.732707977294922
90162,4.73326301574707
95631,3.5349435806274414
32970,4.8961100578308105
80387,4.387358665466309
97896,4.361501693725586
46382,3.640601396560669
1354,4.328446388244629
22352,4.219362258911133
92783,4.928008079528809
102173,4.113776683807373
15233,4.599388599395752
75069,4.744324207305908
82458,5.2795090675354
44968,4.813146114349365
24536,4.2621026039123535
65920,3.867310047149658
103639,4.930521011352539
99852,4.703109264373779
48092,4.331874847412109
77978,4.5012993812561035
65935,5.291879177093506
88906,4.555154323577881
91202,3.694800853729248
26318,4.550620079040527
45847,5.039542198181152
6530,4.350294589996338
13369,5.258614540100098
47471,4.537740707397461
77140,4.195577621459961
29100,4.150325775146484
63442,4.212306976318359
70016,4.096410751342773
4875,5.1481828689575195
42603,4.290524005889893
59991,4.426833629608154
63595,5.254386901855469
33454,4.411723613739014
19282,2.1449875831604004
63267,4.093688488006592
7856,4.851394176483154
86994,4.945550918579102
102724,4.407535076141357
37808,5.224682807922363
105231,5.206542491912842
29662,3.849050760269165
101232,4.671262741088867
1250,4.842050075531006
74383,3.6988070011138916
70973,4.667135715484619
58550,4.368593692779541
47813,2.6516518592834473
23898,5.388712406158447
22531,4.788351058959961
8848,4.578678607940674
5537,4.2040886878967285
12307,3.1519789695739746
8196,3.6568915843963623
70631,4.073828220367432
52045,3.5806751251220703
37545,4.983827114105225
62480,3.605315923690796
91207,4.263697624206543
63180,4.762988567352295
64868,4.262170314788818
12329,3.6256957054138184
45073,4.7510151863098145
69624,5.087953567504883
73208,4.373286724090576
49203,4.455630779266357
57235,4.562864780426025
99603,4.502135276794434
31332,4.6372151374816895
81873,4.252028942108154
37951,5.1848344802856445
68795,4.59566068649292
82066,4.342724800109863
22333,3.863478183746338
80630,4.312945365905762
60806,4.563961029052734
107121,4.908150672912598
48329,4.647700786590576
70834,4.532376766204834
27552,3.587130546569824
54767,3.0790164470672607
16501,4.315357685089111
73479,4.4954657554626465
961,4.585672855377197
86232,5.017581462860107
1491,4.592055797576904
38153,4.319752216339111
30021,4.346558094024658
83357,4.781122207641602
90501,4.1239142417907715
39613,4.443811893463135
44069,4.2747297286987305
43270,4.953978538513184
47956,3.3786942958831787
52474,3.9128353595733643
78819,4.352288246154785
43680,4.686588287353516
39804,4.001773357391357
41008,3.890651226043701
6975,4.3625030517578125
23075,4.383327007293701
15941,4.458227634429932
23592,4.695374965667725
33821,5.0836687088012695
29154,4.405767917633057
41840,4.313209056854248
11343,4.9434428215026855
108525,4.44938325881958
45999,5.0203447341918945
27632,4.813135147094727
68238,4.766948223114014
40145,4.192362308502197
64273,3.898878335952759
50481,3.898228168487549
95017,3.9848523139953613
80470,4.470066070556641
55012,5.008045196533203
44921,5.232011795043945
5445,5.0994553565979
4880,4.866729736328125
17672,4.415097236633301
34984,5.051198959350586
102556,5.131438732147217
53376,4.996951580047607
83400,4.5976643562316895
102521,4.512956142425537
29220,3.914520740509033
91008,4.549518585205078
35714,3.9980480670928955
84896,4.991312503814697
45682,4.285412788391113
94145,4.914515495300293
42969,5.021729469299316
39089,4.3768310546875
46488,3.272160530090332
11304,3.844284772872925
165,4.3574137687683105
90708,5.000741958618164
12984,4.254864692687988
32439,4.425203323364258
78959,4.684383869171143
91409,4.550160884857178
16978,4.813684463500977
79253,4.738792419433594
44595,4.437917232513428
71206,4.819569110870361
96581,4.333841800689697
85740,4.707157611846924
71582,5.117952346801758
21722,4.153916358947754
96569,4.902667999267578
68073,4.859146595001221
93412,3.1717638969421387
105347,4.983774185180664
25557,4.787428855895996
60380,4.924021244049072
43235,4.897138595581055
44305,4.663818836212158
27335,4.742103576660156
46129,4.599109172821045
92261,3.770646095275879
99605,4.8957839012146
95632,4.144977569580078
35830,3.1714134216308594
88922,5.039325714111328
64518,4.0203857421875
102352,4.949019908905029
75466,4.485686302185059
58802,5.019262313842773
27156,4.861301422119141
95199,4.133729934692383
86000,5.119958877563477
1817,4.936048984527588
13392,5.3320417404174805
9337,4.274841785430908
38794,4.244049072265625
95370,5.078639507293701
32440,4.98106575012207
25650,4.616403579711914
4791,4.789615154266357
44881,4.158935070037842
67514,2.897625207901001
69439,5.165238380432129
36516,4.357222080230713
64819,3.6965489387512207
57006,4.401837348937988
19556,5.005770206451416
17390,4.561448574066162
13128,4.414444923400879
53141,3.0880510807037354
81748,4.936923027038574
107198,4.406947135925293
100807,4.790038585662842
7171,5.170275688171387
97567,4.519155025482178
65477,4.204585552215576
53699,4.498749256134033
23080,4.759729862213135
39212,5.09561824798584
91854,4.972643852233887
70832,3.398712635040283
61377,4.953268051147461
77929,3.9775986671447754
47195,4.759002208709717
69639,4.930845737457275
73632,5.1334452629089355
12622,4.5081682205200195
90941,4.3974785804748535
78697,4.758450031280518
105156,4.253178119659424
49619,4.426652908325195
15593,5.1054558753967285
57469,4.252107620239258
30086,4.104049205780029
32488,5.23969841003418
80942,4.384531021118164
91903,4.619838237762451
84005,4.940503120422363
88924,4.793129920959473
61875,5.063357353210449
14318,3.2950706481933594
101898,3.623617649078369
78476,5.0103983879089355
86747,4.8156962394714355
26987,4.59018087387085
75225,4.735657215118408
18996,4.912520408630371
106170,5.160824775695801
83883,4.95773983001709
92420,3.4326024055480957
83169,4.898703098297119
14805,4.804962635040283
50987,4.697744846343994
108340,4.345483303070068
92721,5.159628391265869
73325,4.864182949066162
102410,3.1742520332336426
6469,4.074796199798584
7647,3.7098588943481445
63660,5.038217067718506
54853,4.845258712768555
42951,4.943138122558594
4943,5.017551422119141
67113,4.5141730308532715
62353,4.340502738952637
46982,4.970212459564209
77293,5.111199855804443
54908,4.890995502471924
27260,4.48004674911499
3893,4.940494537353516
96768,3.8155627250671387
77910,4.340539932250977
34624,5.2486138343811035
94075,4.60898494720459
101390,4.911107063293457
56292,4.616290092468262
21718,4.653692245483398
60848,4.661703586578369
83913,4.36998176574707
49444,4.536043167114258
27180,4.733212947845459
73354,5.032680034637451
84838,4.482321739196777
65092,3.3680834770202637
50960,4.656468868255615
91715,4.917002201080322
232,5.0484747886657715
22351,3.8378748893737793
48957,4.244913101196289
41616,4.704709529876709
54751,4.126235008239746
90782,4.155549049377441
81161,4.543295383453369
19250,4.466135025024414
106743,4.815906047821045
56491,3.955594778060913
82947,4.732754707336426
38977,4.443145275115967
85797,4.239271640777588
42923,4.292447090148926
84552,3.6539103984832764
43467,5.234385013580322
72422,4.013469219207764
17367,4.980050563812256
97889,4.062040328979492
2925,4.394180774688721
61393,4.595602512359619
26532,5.086127758026123
36179,4.614172458648682
40133,4.760477542877197
79797,4.271592140197754
71065,4.135280609130859
47429,4.119801998138428
35763,4.429131507873535
96103,4.067331790924072
20989,4.905218124389648
54478,4.4405436515808105
57995,3.8828868865966797
13350,3.095280647277832
15877,4.659361362457275
48231,5.077103137969971
3855,4.020001411437988
25329,3.2106714248657227
49337,4.9826226234436035
42218,3.4537277221679688
61145,4.88634729385376
75238,4.7314453125
70348,4.944955348968506
78786,4.981644153594971
78594,4.258601188659668
77926,4.762384414672852
92376,3.5304458141326904
74617,4.337151050567627
16642,3.627403974533081
27301,4.465673923492432
103921,4.641767978668213
56146,4.536632537841797
85715,4.934008598327637
40924,5.194845199584961
40325,4.592245578765869
11883,4.944120407104492
55176,4.825130462646484
37465,4.8674821853637695
60800,4.510619640350342
66167,4.5884528160095215
18441,5.086744785308838
88573,5.0659403800964355
16597,4.253850936889648
104107,4.097721576690674
33097,4.355386734008789
27394,4.768167972564697
39894,4.001192569732666
84522,4.778754234313965
65130,5.033699035644531
18605,4.878054141998291
4649,4.558355808258057
31534,4.761138916015625
427,4.146842956542969
81270,3.7078187465667725
43423,5.202084541320801
33992,4.453017234802246
30942,4.775970458984375
7686,4.5017876625061035
94505,4.058498382568359
47259,4.662693500518799
71394,5.215235233306885
9670,4.981372833251953
39717,4.151401996612549
7436,4.7500200271606445
86848,4.9528679847717285
64873,4.174167156219482
61,4.754844665527344
63787,4.860931396484375
59297,5.059051990509033
39035,4.124732494354248
101042,4.84945011138916
10800,4.7317891120910645
69514,4.75346040725708
47654,5.058804512023926
102653,4.189237117767334
73763,4.286848068237305
72092,4.5167555809021
15243,4.848452091217041
15278,4.359776496887207
75602,4.592548847198486
56675,3.86897349357605
78798,4.816677093505859
93766,4.730761528015137
61368,4.034060478210449
34127,4.763230800628662
32166,5.0547685623168945
40806,4.694332599639893
17405,4.505229473114014
5152,4.519430160522461
34007,4.43246603012085
73692,4.385258197784424
68468,3.048086643218994
29290,4.521353244781494
13653,4.075248718261719
39388,4.413949012756348
82022,4.671526908874512
45741,4.683718204498291
82599,3.7934980392456055
937,3.4339423179626465
65000,4.439846992492676
33320,4.857947826385498
31576,5.012790203094482
102859,4.721339702606201
5013,4.67533016204834
43681,4.512381553649902
39038,5.204617023468018
38983,5.116221904754639
47552,4.027838706970215
41993,4.646353721618652
12161,4.685802936553955
42986,4.415605068206787
2187,4.620998859405518
75382,4.100467681884766
107661,5.000292778015137
107902,4.206930160522461
71759,3.6672146320343018
87229,4.296665191650391
59615,5.196165561676025
27776,5.096834182739258
45840,4.709165096282959
74874,4.703006744384766
3758,4.476176738739014
101215,4.3964009284973145
85174,4.013961315155029
26312,4.225894451141357
19035,4.353550910949707
24866,4.729350566864014
26068,4.7522430419921875
15956,3.648639678955078
5966,4.818816184997559
68001,3.741909980773926
72967,4.822892189025879
37224,5.114040851593018
18570,4.920754432678223
91947,4.800167560577393
65028,3.981682062149048
27306,4.368078708648682
51476,4.207103729248047
93908,4.653682708740234
58490,4.816033840179443
48803,4.081740856170654
24915,4.849649429321289
33514,4.576261043548584
4825,4.98744010925293
36778,4.696852684020996
77605,4.419297695159912
44050,4.511237621307373
95174,4.195389747619629
70421,4.359168529510498
89437,4.320957183837891
77266,4.820403099060059
71417,4.707275867462158
107321,4.127591609954834
23247,4.910276412963867
60213,4.452236175537109
88795,4.480885982513428
97705,4.3967719078063965
40470,4.273065567016602
105126,4.196531772613525
69013,4.215487957000732
21221,4.581845283508301
88373,4.1113810539245605
5421,4.77110481262207
38248,4.715382099151611
107550,4.66864013671875
72033,4.661952018737793
30163,4.858144283294678
84539,4.973696231842041
79660,4.546684265136719
85028,3.8901166915893555
98394,4.43642520904541
51100,4.73362922668457
75770,4.301273822784424
92385,4.754418849945068
59296,4.428828239440918
70731,4.391476631164551
2550,4.426871299743652
99175,4.43889856338501
70622,2.8484463691711426
28927,4.888321876525879
8482,4.658300876617432
105220,4.9084014892578125
80352,4.760305404663086
98050,4.579391002655029
56235,5.293754577636719
43221,4.583005905151367
75054,4.432516574859619
78878,3.302185535430908
29670,4.782053470611572
46853,4.380841255187988
27361,4.621043682098389
65281,4.215001583099365
5729,2.9130704402923584
18274,4.765738010406494
42326,4.468320369720459
10227,4.783407688140869
80648,5.146461486816406
18039,4.810025691986084
38009,4.916121006011963
18289,5.135634422302246
20318,5.197902679443359
72180,3.350470781326294
85378,4.459229469299316
80612,4.819310665130615
42524,4.494052410125732
22852,4.793580055236816
44689,4.451628684997559
2415,4.129949569702148
54619,4.7956318855285645
58736,4.4093852043151855
10311,5.409337043762207
54800,4.855997085571289
36784,4.602218151092529
95575,3.452023983001709
68396,4.868776798248291
54405,3.5658018589019775
64806,4.776178359985352
83291,4.5443196296691895
86050,4.540915489196777
93432,4.231889724731445
28837,4.710202693939209
99162,4.603230953216553
37035,4.2342963218688965
105763,4.746063232421875
18217,4.774941921234131
50417,3.8485219478607178
41846,4.1872358322143555
39662,4.782881736755371
94358,4.520618915557861
62966,4.584312915802002
108241,4.965397357940674
55220,2.8206872940063477
23882,5.0819926261901855
46807,4.800856113433838
13411,3.634366750717163
72052,4.2073869705200195
13213,4.3300862312316895
54240,3.893575429916382
17735,4.556560516357422
89614,4.857100486755371
81408,5.157327651977539
61492,4.386637210845947
36781,4.8509297370910645
59856,5.103368759155273
70356,4.829473972320557
66701,3.6532416343688965
32368,4.5980730056762695
61798,4.598601818084717
16390,4.628596305847168
28786,4.986148834228516
55375,4.8790411949157715
97019,4.939432144165039
39145,4.364941120147705
27923,4.662400722503662
57273,4.413390636444092
42304,4.992654323577881
18164,4.73064661026001
97664,4.653553485870361
3353,4.181272983551025
32890,3.9826877117156982
50815,5.02773904800415
11834,4.0620880126953125
101815,5.060255527496338
71374,2.9502549171447754
1772,4.08269739151001
34739,4.387044906616211
10112,4.936773777008057
4171,4.172861099243164
79381,4.882102966308594
63672,4.707681179046631
28998,4.519654750823975
33858,4.9835920333862305
76579,4.76841926574707
57517,3.7672510147094727
25960,4.025688171386719
79649,3.4669029712677
63618,5.176321029663086
10328,4.992976665496826
92364,3.227959632873535
64315,4.09769868850708
11947,4.253830909729004
28781,4.77764892578125
98875,4.459592342376709
19003,4.694981098175049
91704,4.595366477966309
7600,3.320220947265625
26618,4.42465353012085
8073,4.378204345703125
89777,4.01825475692749
97568,3.9642109870910645
98067,4.109439849853516
83097,4.71917724609375
31565,4.871149063110352
9712,4.966333866119385
54966,4.786929130554199
97665,4.427765846252441
36246,4.860715389251709
18851,3.991746664047241
29716,4.495499610900879
85379,4.4138875007629395
22019,5.207184314727783
35922,4.953857898712158
45507,3.857337236404419
83532,5.287909030914307
74601,4.816478252410889
86085,4.412516117095947
10071,4.961836814880371
42429,3.936314105987549
3497,4.5980095863342285
22324,4.77362585067749
58054,4.015201091766357
53025,4.347466945648193
17665,3.857666015625
67361,4.769857406616211
67704,4.2514262199401855
28321,4.713608741760254
103511,4.947477340698242
70669,4.848853588104248
39963,4.662755489349365
100409,4.5950846672058105
74388,4.701066970825195
86962,4.765088081359863
55781,4.782224178314209
15362,4.792154312133789
106224,4.235266208648682
87757,4.973649501800537
89671,4.8535590171813965
94100,4.070765495300293
98355,4.172766208648682
84481,4.665133476257324
2293,4.149585723876953
21679,4.872751235961914
96406,4.40106201171875
95717,3.8966550827026367
17769,4.494571208953857
426,3.7226791381835938
61341,4.962388515472412
14639,4.79740571975708
94550,3.9955999851226807
63877,4.954651355743408
90035,5.196063995361328
5281,4.437106132507324
71785,3.6777002811431885
77225,3.688478469848633
47279,4.254215240478516
27689,4.361310005187988
104844,5.444005966186523
56903,3.9847280979156494
47960,4.4395833015441895
106074,4.615665435791016
6234,4.182530403137207
46445,4.337914943695068
46930,4.720181941986084
34273,4.596010684967041
13618,4.557272911071777
6671,4.434206008911133
45801,4.724630355834961
42379,5.05393648147583
60423,4.590540409088135
89894,4.499688148498535
41377,4.977290153503418
29952,4.939043045043945
60342,4.671792030334473
80195,4.851301193237305
6524,4.693613529205322
15929,4.643402099609375
60161,4.679450035095215
45264,4.551325798034668
33251,3.794189691543579
26995,4.614372730255127
96048,3.0882484912872314
102441,4.5720319747924805
35271,5.353239059448242
89959,4.816797733306885
88217,3.3314969539642334
107043,5.002012729644775
103601,3.1333847045898438
23067,4.262732982635498
82079,4.485965251922607
72155,4.641773223876953
102510,4.676800727844238
98891,4.931915760040283
51144,4.341565132141113
16553,4.854366779327393
91104,5.035123348236084
38314,4.422245025634766
91225,4.6541290283203125
60807,4.421872138977051
10983,4.089126110076904
104452,3.794414758682251
9062,5.032753944396973
76622,4.634814262390137
96951,3.503801107406616
55553,4.730780601501465
81847,3.265481948852539
92925,4.942785739898682
70400,4.0703558921813965
35708,4.625984191894531
43991,3.485889434814453
25908,4.5850396156311035
103055,4.510470390319824
104206,5.4315667152404785
55998,3.33524489402771
78929,4.589065074920654
49013,5.059187889099121
20682,4.007225036621094
2379,4.790004730224609
18871,4.703862190246582
50773,4.969782829284668
46197,4.960719585418701
47491,3.485922336578369
74482,4.242743968963623
35950,3.4926130771636963
96004,3.4041731357574463
41433,5.211935520172119
25979,4.2906975746154785
74370,5.060216903686523
43493,5.096040725708008
41574,5.091439247131348
69367,5.127481937408447
84027,4.192309856414795
63726,3.360666036605835
100625,3.87221622467041
83212,5.0200886726379395
17033,4.0952935218811035
78473,5.038705348968506
96792,4.690221309661865
83891,4.664126873016357
39468,5.029544830322266
87061,5.003413200378418
99308,4.780669212341309
57427,4.629993438720703
85448,4.583284854888916
16658,3.917818307876587
38740,4.41239070892334
89748,4.472816467285156
36836,5.235442638397217
39496,4.60066556930542
89780,4.613489151000977
59250,4.9015889167785645
15083,3.8135690689086914
43676,4.456428050994873
79086,4.938486099243164
68844,4.529336929321289
86632,5.171367645263672
65209,5.227400779724121
42260,3.743406295776367
89243,5.601083278656006
12709,4.932004451751709
106539,4.502315044403076
20706,5.063927173614502
3923,5.565258026123047
63173,4.610947132110596
30699,4.5496416091918945
52825,3.1641056537628174
1756,3.9457969665527344
8338,4.719496726989746
89666,4.641472339630127
103622,4.233495712280273
21771,4.766027927398682
96400,3.9753353595733643
17679,4.911960124969482
85231,4.287406921386719
82009,4.522151470184326
336,4.896493434906006
75640,4.7691168785095215
18106,4.760918617248535
71521,4.778519630432129
94227,4.487429141998291
89797,4.990192890167236
100846,4.833600044250488
14305,4.648216247558594
70376,4.622132301330566
14269,4.6418681144714355
53271,3.9094200134277344
16378,4.614443302154541
59207,4.1823296546936035
80510,4.331695556640625
50521,4.6576128005981445
14547,3.349550724029541
38094,2.937872886657715
2644,4.2814788818359375
7653,4.178161144256592
81603,4.952309608459473
9527,4.918658256530762
97500,4.7282514572143555
76570,5.179579257965088
5052,3.881885051727295
58283,4.244448184967041
14677,4.59508752822876
35127,4.974563121795654
5320,3.8526041507720947
83701,4.704690933227539
86875,5.362614154815674
95328,4.542945861816406
35301,4.735273361206055
23098,4.546142578125
89112,5.0768656730651855
61590,2.473543405532837
78281,3.989414691925049
98683,4.313923358917236
61981,3.871746301651001
56338,4.660258769989014
62376,3.9310290813446045
85441,4.897132873535156
14231,5.114515781402588
4403,4.553659915924072
96186,4.783473014831543
70666,3.9921915531158447
13097,4.362678050994873
79786,4.659196376800537
39891,3.266228437423706
18269,4.37648344039917
44238,3.5898585319519043
94098,4.051157474517822
96470,3.3631551265716553
92056,4.999877452850342
51299,3.950885057449341
76151,4.6889142990112305
80025,3.7417426109313965
30953,4.215925216674805
79185,5.032282829284668
12081,4.444774150848389
27507,3.7779288291931152
20267,4.697712421417236
77035,4.981558322906494
74551,4.512540817260742
85644,4.932959079742432
41745,4.311197757720947
66421,4.884539604187012
31886,4.694940090179443
43173,4.927084445953369
30135,4.518425941467285
73941,4.542723178863525
7113,4.581910610198975
25558,5.041666507720947
76268,4.4707489013671875
24885,4.318530559539795
22350,4.886287689208984
30917,4.542444229125977
90487,4.763554096221924
104796,4.612888813018799
75500,4.717143535614014
37624,4.3173441886901855
66630,3.327162981033325
73272,4.4534382820129395
48394,4.325806617736816
1985,3.980203866958618
91431,4.393446445465088
13260,4.2912187576293945
97747,4.505594253540039
10530,4.461286544799805
48997,5.439101696014404
28762,4.822454929351807
45819,4.915987014770508
85274,4.173172473907471
30758,4.8939361572265625
41760,4.348303318023682
52708,4.2558441162109375
10131,5.142491340637207
32693,4.631163597106934
8105,3.9043781757354736
68186,4.096898555755615
16929,4.8808135986328125
74485,4.253223419189453
63916,4.702475547790527
77331,4.014389991760254
55640,4.713118553161621
19225,4.907350063323975
11545,4.945220470428467
42221,4.7652788162231445
95156,4.249996662139893
60754,3.7159552574157715
71271,3.702868938446045
15790,3.4726922512054443
77745,4.388458728790283
107873,3.9435484409332275
90963,3.886091470718384
69951,4.744987964630127
77298,4.977846622467041
7357,4.274669647216797
84459,5.069985389709473
40632,4.350625038146973
102199,3.9953057765960693
30757,5.414599418640137
56159,4.503124713897705
37561,4.407090663909912
72298,4.636654376983643
104505,3.88938570022583
82697,2.696298122406006
47462,4.578609466552734
15780,3.661022901535034
76826,4.694786071777344
100231,3.519439458847046
37785,4.368069171905518
77892,5.0785441398620605
15364,4.30332612991333
71790,4.371645927429199
78005,5.148740291595459
101040,4.725451946258545
86767,4.423570156097412
22371,4.027283668518066
83908,4.02939510345459
45202,4.7368083000183105
32363,4.038485050201416
56107,3.859921455383301
103869,3.6412131786346436
80879,4.830221176147461
5466,4.8807759284973145
54138,4.055245876312256
38289,4.695105075836182
54886,4.5989203453063965
106375,3.231624126434326
44845,5.028609752655029
34160,5.12316370010376
56261,5.069125652313232
59945,4.838398456573486
66621,4.682628154754639
81534,3.658135175704956
65957,4.430713176727295
1476,4.049691677093506
68467,4.01971960067749
59171,5.024996757507324
99432,3.9996695518493652
69817,4.311434268951416
13936,5.019450664520264
20361,4.955493927001953
108511,5.068005084991455
52181,4.427971839904785
61834,4.765483379364014
17791,3.577234983444214
3668,4.70742654800415
13606,4.51077127456665
62928,3.886692762374878
27338,4.5762715339660645
7023,4.913751602172852
29016,4.898260593414307
92392,4.693029880523682
73225,4.775876045227051
6842,4.653833389282227
88068,4.464841365814209
37218,4.981322288513184
56492,5.182096004486084
52957,4.062895774841309
47109,3.594172954559326
18543,5.148195743560791
67693,4.524153232574463
77191,5.064383506774902
68755,4.971520900726318
20299,4.8621087074279785
106096,4.3073601722717285
8939,4.509891510009766
56552,5.247305870056152
33021,4.544610023498535
9290,4.904845237731934
12205,4.435471057891846
96454,4.9982171058654785
67641,4.450146675109863
62490,3.5723395347595215
103818,4.296019077301025
94032,4.701181411743164
98119,4.5632710456848145
74645,4.3417158126831055
29602,4.7983927726745605
31183,4.996129035949707
24066,4.622936725616455
50636,4.657389163970947
74958,4.007094860076904
55234,4.138760566711426
51182,4.310316562652588
45885,3.7919957637786865
35451,5.016513824462891
48342,3.982102632522583
98795,4.350438594818115
23279,4.859883785247803
3615,5.044158458709717
96618,4.436983585357666
24117,5.361766338348389
98191,4.516008377075195
90973,2.1733455657958984
14511,4.368321895599365
33149,4.925448417663574
50161,4.285542011260986
8186,4.107453346252441
99710,5.17529296875
70659,4.796586513519287
29777,5.290038108825684
73452,4.044616222381592
97700,4.725252628326416
82308,4.4215474128723145
5944,4.717828750610352
20236,4.678686141967773
18187,3.7391726970672607
25217,4.039549827575684
24842,4.649722576141357
28950,4.577769756317139
97466,3.744443416595459
33597,3.776981830596924
6631,4.28582239151001
61504,3.97316837310791
90067,4.530919551849365
85467,4.861922264099121
26543,5.130392074584961
97437,4.399702072143555
40226,5.053560733795166
96514,5.1350202560424805
75296,4.581943511962891
89318,4.9712958335876465
8861,4.173238277435303
45341,5.223541736602783
84211,4.78529167175293
7060,4.704956531524658
77115,5.168946266174316
78898,2.2024025917053223
67562,4.643636226654053
59317,4.882995128631592
33318,4.821237087249756
53273,4.666543960571289
39974,4.388935565948486
87698,4.223814010620117
32519,4.704866409301758
36284,4.597114086151123
12554,4.693294048309326
27356,3.7230935096740723
70520,4.849210739135742
52843,3.819223403930664
56074,3.8661904335021973
41390,5.035945892333984
53639,4.324858665466309
102889,5.090944290161133
19481,4.898613452911377
90488,4.775712490081787
65348,4.4604997634887695
26234,5.049444198608398
73746,4.500047206878662
76485,4.832283020019531
22322,5.215798377990723
26635,3.9649250507354736
96773,4.781442642211914
49251,4.7712907791137695
31523,4.463982105255127
28770,4.788983345031738
11454,4.979910850524902
106213,4.402856826782227
50155,4.4002180099487305
1738,3.9794468879699707
18715,4.435678958892822
70127,4.776500701904297
37536,4.396152973175049
28861,4.868427753448486
67233,4.716065406799316
60845,4.575781345367432
50547,2.2007806301116943
88763,4.929264545440674
43757,4.16710090637207
107928,3.678837537765503
10300,4.887826919555664
71543,4.220444202423096
101107,3.823596477508545
75938,4.08074426651001
52498,3.9001593589782715
53688,4.562961578369141
47358,4.247082233428955
6658,4.29527473449707
50607,5.037076950073242
57826,4.7573561668396
98719,4.4657301902771
11331,2.750427484512329
61997,4.573559284210205
97838,4.225889205932617
80769,4.611979961395264
100334,4.534895420074463
67394,4.614439964294434
45829,3.8230576515197754
63846,4.877597808837891
37015,3.823951482772827
94593,4.113534450531006
27062,4.1029791831970215
41125,4.720560073852539
14064,4.5475850105285645
66748,4.702864170074463
69561,4.419341564178467
32817,4.4874396324157715
19987,3.3815739154815674
28093,3.930485486984253
72211,4.302150726318359
19218,4.946142196655273
82208,5.295948505401611
103281,4.025889873504639
65284,4.7007365226745605
7348,4.6194939613342285
88179,4.178732872009277
48647,4.926759719848633
74212,5.117964267730713
33548,4.685692310333252
78737,4.949751853942871
48013,4.907031059265137
23817,5.166412830352783
72540,4.93771505355835
31902,4.605511665344238
96577,4.209292888641357
107957,4.302950859069824
20634,4.273221969604492
77180,4.513165473937988
40850,5.315927028656006
37768,4.789368152618408
50037,2.97035813331604
47871,4.277700424194336
100677,4.565744876861572
14122,4.6278395652771
55968,3.567896842956543
40858,4.962851524353027
56290,4.712735652923584
33292,4.839614391326904
42865,4.8691277503967285
38886,4.80878210067749
43616,4.829771518707275
4676,4.925678253173828
5901,4.9948906898498535
15889,4.6418609619140625
60990,3.8353283405303955
7331,4.01487922668457
49142,4.88062047958374
89727,4.711082935333252
32173,3.9484715461730957
7270,5.226696968078613
21676,4.2800421714782715
85101,3.0207693576812744
52464,4.449672222137451
912,4.791648864746094
53726,4.831027984619141
64948,4.730839252471924
26957,3.293323040008545
82403,5.020359516143799
80833,4.596928596496582
25385,4.486330032348633
65993,3.871297597885132
96233,4.831967830657959
68101,4.822061538696289
29364,4.314408779144287
63970,4.323411464691162
96422,4.459852695465088
42133,4.402443885803223
37122,4.898200511932373
82848,4.731435775756836
100396,4.320882320404053
3134,3.1729390621185303
80548,4.201639652252197
70770,4.183221817016602
79893,4.701606750488281
100710,4.7711591720581055
39171,4.95298433303833
27445,4.673041820526123
97245,4.394010543823242
62496,3.9525561332702637
88928,4.7180328369140625
8667,4.337728977203369
33991,4.485100746154785
50637,4.762676239013672
59170,4.839422702789307
131,4.152655124664307
54567,4.616250038146973
27396,4.798125267028809
16189,4.747664451599121
102734,4.115362167358398
20998,4.893826007843018
98925,4.469130516052246
43637,4.336721420288086
14227,4.802968978881836
103989,4.791062355041504
47403,4.108607769012451
82752,4.233712196350098
89277,5.291172981262207
91902,4.778534412384033
59060,4.261353015899658
88269,4.676172256469727
84776,4.755562782287598
60811,4.729465007781982
2009,4.666173934936523
107606,4.92762565612793
101999,4.894525051116943
66818,4.667243003845215
29641,4.8097662925720215
85786,4.6821160316467285
90015,4.5874128341674805
10161,5.0447096824646
62442,4.4081597328186035
107360,4.797601222991943
72515,4.966350555419922
44188,4.307498931884766
29044,4.171543121337891
85580,4.570451736450195
98242,4.9413886070251465
95993,3.5174014568328857
94863,4.226969242095947
71025,4.381176471710205
55851,4.104864597320557
100629,4.771927833557129
47722,5.025852680206299
59053,4.851443290710449
87543,5.2021307945251465
2136,4.905338287353516
14823,4.898637294769287
53269,4.9418792724609375
80423,5.170436859130859
94221,4.098791122436523
102619,4.602879047393799
21240,4.545838356018066
17516,4.036215782165527
67322,4.371880054473877
84364,4.971129417419434
23440,4.262295246124268
23040,4.867717742919922
10452,4.381826877593994
13396,5.122925758361816
104780,4.757664680480957
59450,4.462430477142334
14734,4.11605167388916
103928,5.451704025268555
89368,4.8043107986450195
31678,4.104379177093506
42355,3.952744483947754
53355,5.2365946769714355
46789,4.549036502838135
76315,4.831714630126953
18190,4.562139987945557
77541,4.997447967529297
83523,4.8732123374938965
21374,4.459731578826904
107514,4.237761974334717
93814,4.981341361999512
15419,4.154250144958496
4945,4.462506294250488
57184,4.797698497772217
80961,4.11267614364624
83554,4.6850666999816895
44223,4.971518516540527
54475,4.999634265899658
46576,4.039007663726807
9637,3.1320064067840576
32625,4.308874130249023
98288,4.69942569732666
65141,4.7590718269348145
80920,3.922381639480591
105014,4.298941135406494
60763,4.061749458312988
1826,4.584305763244629
34925,4.861855983734131
11244,4.7069315910339355
107425,4.037067890167236
75396,4.5755696296691895
32701,4.910729885101318
56796,4.562088489532471
85175,4.222195625305176
2965,3.639758348464966
29490,4.859172821044922
47346,4.088291645050049
58491,4.731600284576416
58247,4.426659107208252
99398,3.6450576782226562
50187,3.756295680999756
28383,3.9386866092681885
45432,5.08908224105835
75044,4.599674701690674
69952,4.578984260559082
93172,4.621993541717529
75681,4.897333145141602
17680,4.954387187957764
7756,4.423311710357666
14195,5.086372375488281
107440,3.657799243927002
65846,3.9948904514312744
68716,4.85221004486084
48815,4.872025489807129
59580,4.143489837646484
68207,3.1866772174835205
51185,4.470692157745361
31528,4.960952281951904
32275,3.6625282764434814
105199,4.768392562866211
57068,4.430797100067139
90648,4.446609020233154
9639,4.71816349029541
10202,4.983499050140381
5329,4.254112720489502
52067,3.5585837364196777
66193,4.202857494354248
87432,3.8325462341308594
3405,3.899644613265991
69296,3.3021113872528076
82427,5.190465927124023
97165,3.187851905822754
57466,4.338348865509033
47304,4.555530548095703
32036,4.785279750823975
45809,4.796427249908447
75698,4.383692741394043
27811,4.825500965118408
50193,3.856013059616089
46795,4.231595993041992
41123,4.299781322479248
78214,4.905228137969971
96607,3.8265039920806885
4099,5.104601860046387
7437,5.183889865875244
100976,4.780962944030762
19230,4.985947132110596
105302,4.8211846351623535
3292,4.401755332946777
20926,4.969009876251221
106541,5.19320821762085
7986,4.417179107666016
10267,5.326211452484131
70573,4.02777624130249
60668,4.73246431350708
2112,4.693655014038086
38164,2.690300464630127
17455,5.0116448402404785
1304,4.60064697265625
94663,3.938901901245117
10899,4.541586875915527
7133,4.9126739501953125
74532,4.685927867889404
56695,4.215888977050781
28087,4.518835544586182
85140,4.470620155334473
10962,4.360328197479248
36884,5.1423540115356445
5929,4.850797653198242
28117,4.555098056793213
71063,4.292271614074707
20576,4.543010234832764
67493,4.2676167488098145
16235,4.632880210876465
68106,4.7670793533325195
6180,4.6938252449035645
28853,4.792530059814453
913,4.647210597991943
49926,4.611126899719238
29057,4.4633002281188965
7449,4.399264335632324
94038,4.534538745880127
94362,4.749246597290039
57475,4.028876781463623
28572,4.551275253295898
61123,5.170993328094482
13764,4.565260887145996
72815,4.518410682678223
83524,3.686669111251831
83205,4.888237476348877
56198,4.5379743576049805
733,2.038412570953369
24616,3.675490379333496
44297,5.000298500061035
13945,4.336352825164795
66420,5.0757856369018555
53102,4.6032586097717285
73363,5.142446517944336
67065,4.736380577087402
99300,5.0799241065979
100628,4.65999698638916
8039,4.176512241363525
55357,4.9103240966796875
37087,4.761785984039307
3955,5.1168084144592285
17045,4.276002883911133
101806,3.4902231693267822
75359,4.984251499176025
67677,3.8842122554779053
69177,5.131937026977539
39315,5.2170634269714355
55707,3.1362459659576416
19419,5.023876190185547
97875,4.683506488800049
44038,4.665673732757568
55861,3.7604143619537354
57186,3.5382168292999268
88268,4.835097789764404
6812,4.602656364440918
107214,4.791640281677246
100225,4.108563423156738
67531,3.961697816848755
102949,4.770667552947998
95221,3.9995901584625244
58286,4.541754245758057
16392,3.3780906200408936
4861,4.989396095275879
12472,4.568939208984375
17000,4.103079319000244
33538,5.2006072998046875
89660,4.929801940917969
3039,5.252326488494873
45212,3.5725924968719482
34667,4.89841365814209
67150,4.54737663269043
77721,4.47626256942749
25112,4.586422443389893
85891,4.365108966827393
12302,4.2563276290893555
50598,4.806346893310547
58178,3.8279964923858643
36534,4.407808303833008
81392,4.932379245758057
98586,4.6945648193359375
2076,4.897944927215576
90851,4.310711860656738
22654,4.323976993560791
3857,4.132758617401123
3746,4.398361682891846
24649,4.681004524230957
86361,5.1602396965026855
17177,4.947535514831543
16315,5.010562896728516
46107,4.6999921798706055
64220,5.0425262451171875
7793,4.683246612548828
67339,5.236533164978027
23559,5.096126079559326
31520,4.653756618499756
48655,3.6119468212127686
79529,3.6907286643981934
80893,4.786829948425293
95642,4.1560821533203125
103458,4.259407997131348
103684,4.016599178314209
51928,3.795130491256714
70897,4.760415554046631
21093,4.585433006286621
17520,4.75239896774292
46311,4.561667442321777
44176,4.743678569793701
13977,4.858986854553223
74174,5.135801792144775
51947,3.709217071533203
47912,4.31352424621582
43121,5.041745185852051
77443,4.449548721313477
34283,4.435525417327881
42787,4.995436191558838
44508,3.762889862060547
105015,4.027050018310547
12061,4.124693393707275
14801,5.049931526184082
81114,3.9663166999816895
26551,4.648928642272949
85780,4.149529933929443
108160,4.902845859527588
31148,3.8106906414031982
18098,4.915058612823486
54268,4.225588798522949
43986,4.193309783935547
24225,3.858262538909912
2564,4.766868591308594
75867,4.294722080230713
11211,4.646264553070068
88477,4.578499794006348
4150,4.08001184463501
71149,5.0804762840271
1151,4.645827770233154
91349,4.648049831390381
80556,5.103243827819824
79189,4.909641265869141
59572,4.92987060546875
18986,4.931086540222168
17860,4.74027681350708
10301,4.795223236083984
36545,4.609585285186768
70343,4.166680335998535
30105,4.691588401794434
53259,4.5654168128967285
25728,4.889824867248535
85490,4.8644256591796875
6150,4.533452987670898
75509,4.024054527282715
82543,3.786022663116455
77405,4.424015998840332
29742,4.7233686447143555
83226,3.9347755908966064
22774,4.911182403564453
56592,3.7770044803619385
106104,5.216176509857178
102646,4.81376838684082
36787,4.644407749176025
49576,4.831881999969482
41025,4.688131332397461
18216,4.112925052642822
43875,4.394855499267578
25707,4.921505451202393
86008,4.02846097946167
96396,3.9856390953063965
57040,3.819917917251587
90597,4.562513828277588
105017,4.772241115570068
40078,4.545050621032715
37806,5.419861316680908
63545,5.224953651428223
62718,5.171934127807617
19117,4.6457953453063965
86589,4.790938377380371
12889,4.895234107971191
65783,4.320011615753174
63986,3.951697826385498
78678,5.5616912841796875
45393,4.671472072601318
62153,4.820316791534424
53627,4.881158351898193
35811,4.796627521514893
44758,3.830763101577759
35672,3.833657741546631
81556,4.819931983947754
10036,4.3987717628479
428,4.379071235656738
75426,4.4709062576293945
43654,4.537204265594482
38433,4.521829128265381
67172,4.913663864135742
72848,4.564855098724365
49448,4.304296016693115
70646,3.401820182800293
25643,4.895347595214844
49674,4.603163719177246
36621,4.162271976470947
25160,4.823304176330566
97341,4.017589092254639
63301,4.64285135269165
30138,4.5531439781188965
57853,4.348402976989746
54850,3.8172500133514404
29173,4.782488822937012
96825,4.909460544586182
16819,3.8773696422576904
82402,5.239210605621338
91376,4.5270161628723145
52983,3.7124035358428955
71857,4.307219982147217
106498,3.820244073867798
78916,3.9791829586029053
48208,3.364295721054077
43679,4.420231342315674
26741,4.406137466430664
5374,5.055123805999756
8183,4.612176418304443
55689,4.292013168334961
53636,4.615477085113525
43116,4.775021076202393
87545,5.1053643226623535
52513,4.122408390045166
55014,4.243099212646484
1515,3.8519108295440674
30997,4.812891006469727
49223,4.931286334991455
25928,4.7988176345825195
63188,4.711195945739746
68899,4.973852157592773
89737,4.0349907875061035
72476,4.461583137512207
77988,5.150758266448975
49964,3.3219141960144043
81672,5.050234794616699
20399,4.330140590667725
45785,4.84051513671875
64407,4.742481708526611
87294,4.920737266540527
4967,5.178770542144775
64224,4.726039886474609
76682,4.5508952140808105
102825,4.81570291519165
103096,4.779877185821533
38965,5.070981025695801
52455,4.2906599044799805
75091,4.083727836608887
25375,4.7289652824401855
65513,3.5053601264953613
97282,4.080674648284912
84319,5.163241386413574
85123,4.737853527069092
74871,4.78000020980835
87135,4.998856067657471
1774,4.1074724197387695
15658,4.8765668869018555
42696,4.6822123527526855
65311,5.093493938446045
20153,5.1110053062438965
12465,4.701467037200928
99322,4.3325419425964355
11431,4.937595367431641
41220,3.8952653408050537
39693,4.373749256134033
59851,4.327356815338135
82017,3.8476712703704834
45499,3.931450605392456
1909,4.635593414306641
86938,4.872053146362305
18748,4.624129295349121
59186,4.833579063415527
86229,4.795928955078125
86382,3.6427862644195557
79485,4.648256301879883
82281,4.886390209197998
100021,4.1520094871521
108454,4.518022537231445
83940,4.871266841888428
73677,4.21951961517334
107054,4.343480587005615
66332,5.187455654144287
66126,3.8617093563079834
25712,5.075284481048584
7995,5.094515800476074
1843,4.226204872131348
103903,3.551413059234619
10683,3.948179006576538
54439,4.621706962585449
67634,4.885133266448975
15875,4.638884544372559
56240,4.919490337371826
80162,5.208329677581787
42680,4.66133975982666
41282,4.700331211090088
221,4.630721092224121
84974,3.72527813911438
88498,4.979128360748291
87844,4.333890914916992
78093,5.016448497772217
13889,4.934945583343506
90329,4.456824779510498
92724,4.224616050720215
24659,4.6083984375
81951,3.4650137424468994
59110,4.204686164855957
49200,4.482111930847168
56697,4.467708110809326
69118,4.652508735656738
10481,4.9983062744140625
84822,4.816169738769531
31372,4.291872501373291
81959,4.433605670928955
47873,4.67906379699707
1582,4.606504917144775
22297,5.3053507804870605
73962,4.068016529083252
15669,4.270048141479492
74301,3.926149845123291
92663,4.55511999130249
70578,4.909468650817871
60655,4.708237648010254
43327,4.898375034332275
24327,4.183420658111572
85275,5.239704608917236
95953,4.354410648345947
51796,4.223644733428955
23274,4.238749980926514
34997,4.043128967285156
31959,3.6637418270111084
23107,4.947824478149414
42531,3.328697919845581
54269,3.3949289321899414
102975,4.60749626159668
80394,4.982942581176758
82062,5.041684150695801
106893,4.287388324737549
44254,4.632974147796631
53720,3.1803908348083496
106265,4.741846084594727
58919,4.702274322509766
101809,5.1441650390625
59458,4.280289173126221
59390,3.550323486328125
54609,3.9653193950653076
62565,4.466753959655762
2980,5.096699237823486
43393,4.026056289672852
97710,4.710409164428711
79841,5.1582231521606445
4285,4.7430267333984375
55322,4.839493274688721
41257,5.250091075897217
95302,4.781162738800049
92759,4.796238422393799
87536,4.574763298034668
27142,4.747814655303955
17492,4.923987865447998
32550,4.858926773071289
69831,4.684321403503418
18930,4.365307331085205
97891,4.610872268676758
95185,4.5010223388671875
28141,4.921258449554443
6329,4.313425540924072
72051,4.007207870483398
36354,4.297044277191162
40457,4.726930618286133
13548,4.161311149597168
36988,4.872113227844238
1081,4.525720596313477
8522,5.161567687988281
81020,4.168042182922363
87329,4.172621250152588
20240,4.630201816558838
19587,4.188478469848633
52099,3.8004021644592285
23580,4.685354709625244
53607,4.621816158294678
61475,4.878612518310547
26054,4.749261856079102
76478,5.246001720428467
45849,4.783846378326416
9195,4.618886947631836
104208,5.1523847579956055
2818,4.399922847747803
9956,4.777409076690674
100858,4.983312606811523
95525,4.478626251220703
20156,4.805954456329346
58460,4.603939533233643
80786,4.869657516479492
44699,4.304266452789307
104113,4.604159355163574
25325,4.97293758392334
4098,4.4582014083862305
68631,4.406551361083984
52704,4.7349395751953125
66466,4.343341827392578
16476,4.645360469818115
84862,4.797094821929932
37382,4.827423572540283
49276,4.472817420959473
30770,5.203799724578857
25241,5.044874668121338
105462,4.974413871765137
19409,4.713832855224609
17648,4.786076545715332
1471,4.559082984924316
105927,4.940460205078125
1630,4.706270694732666
28323,4.73586893081665
80881,3.919130325317383
86188,4.679596424102783
5731,5.071296691894531
96709,4.125800132751465
89657,4.437549114227295
74840,3.6766223907470703
44225,3.974332571029663
2444,4.498081684112549
83429,4.7630486488342285
16428,3.7434024810791016
92212,4.726264953613281
12222,4.736751556396484
31499,4.756851673126221
16243,3.5593719482421875
37314,4.061757564544678
42438,5.081466197967529
106025,5.459061622619629
33284,4.7873735427856445
35208,4.245600700378418
90646,3.9491007328033447
95788,4.4587273597717285
86071,4.320068836212158
84291,4.752744197845459
51420,4.573598861694336
86528,4.213787078857422
35998,3.3703057765960693
34756,3.6902081966400146
90567,4.699577808380127
84140,4.629293918609619
32814,4.656033992767334
77271,4.493334770202637
66397,4.367518424987793
3124,3.699328899383545
49308,4.6516265869140625
51115,4.697120189666748
90111,4.969637393951416
99038,4.894588947296143
70217,5.006870269775391
63688,5.286856651306152
71972,4.726715087890625
52199,4.519440174102783
84009,5.170834064483643
26420,4.003557205200195
38605,4.230663299560547
53436,3.2314453125
96987,4.823065280914307
46707,4.0679612159729
23663,4.840271949768066
95550,3.8742947578430176
17808,4.719150066375732
82279,5.02605676651001
65485,4.080135822296143
98440,3.9828200340270996
96065,4.956479072570801
100563,4.910736560821533
107256,3.8385045528411865
75082,4.396476745605469
64702,4.641839981079102
52956,4.432587146759033
26032,4.493667125701904
88306,4.899309158325195
106347,4.73116397857666
56451,3.433849811553955
25803,4.235840797424316
63815,4.846713542938232
3765,4.342212677001953
61907,5.0871124267578125
75555,3.857834577560425
93333,4.790215492248535
19792,4.313992023468018
36629,4.833150863647461
52848,4.69536828994751
92664,4.863572597503662
85094,5.109439849853516
70960,3.7308249473571777
11450,4.674942970275879
26044,5.063374042510986
53495,3.8252055644989014
13787,5.113282680511475
58356,3.776942253112793
528,4.682870388031006
62001,4.7913007736206055
80229,4.343083381652832
7472,4.481593608856201
76350,5.027013778686523
3878,4.5812506675720215
17704,4.550297260284424
73625,3.967827558517456
33331,3.839634656906128
28733,4.659723281860352
17039,4.961402416229248
53490,4.769830226898193
7767,3.1680164337158203
83893,4.939629554748535
18275,2.7180421352386475
10039,3.7431795597076416
61741,4.208473205566406
62484,4.500356674194336
107434,3.915386915206909
67779,4.196167945861816
43618,4.663342475891113
87562,4.604051113128662
48508,3.149390697479248
35132,5.033370494842529
60727,3.672074794769287
106809,4.634403228759766
86766,4.401036739349365
22211,4.735194206237793
87793,4.750961780548096
21265,5.13384485244751
108004,5.162373065948486
7240,4.968114376068115
96597,4.261401176452637
75996,4.076070785522461
41129,4.332766532897949
73492,4.403567314147949
32473,4.681201457977295
5893,4.696050643920898
17626,4.744521617889404
80118,3.6137804985046387
34296,4.078853607177734
44797,4.898454189300537
47536,4.348354816436768
57731,5.294888496398926
73200,4.25611686706543
106251,4.5695905685424805
29418,4.935031890869141
91870,4.392527103424072
42746,4.812743663787842
74261,4.48627233505249
79331,4.487460136413574
104217,3.244415044784546
6482,4.5240092277526855
43802,4.18469762802124
82122,3.061800241470337
90850,4.199589252471924
65882,3.118882894515991
49589,4.486196994781494
14192,4.39920711517334
7191,4.263163089752197
99261,4.650410175323486
73651,4.573485851287842
423,4.86958646774292
102850,5.05363130569458
29893,4.337971210479736
76560,4.676483631134033
53500,4.723412036895752
90090,4.499413013458252
100062,3.286245107650757
76124,4.918507099151611
16286,5.053902626037598
79225,3.0058798789978027
66996,4.547401428222656
104518,4.6851019859313965
20008,4.6514787673950195
43132,4.521069049835205
39287,5.3362345695495605
74387,4.446759223937988
59394,3.6744191646575928
45762,4.998554229736328
46599,4.498693466186523
78465,4.85604190826416
30881,4.720792770385742
54046,4.6710052490234375
79015,4.988247394561768
25706,5.20262336730957
8435,4.446244716644287
101891,4.461528778076172
63685,4.064934730529785
9293,4.297861576080322
90912,4.735950946807861
68647,4.69482946395874
51161,4.613074779510498
68854,4.384490489959717
25623,4.9984354972839355
15816,4.601312160491943
102421,5.019728660583496
42482,4.963721752166748
41986,4.725316524505615
102840,4.971717834472656
65682,4.45600700378418
36575,5.210968494415283
35775,4.890319347381592
16256,4.813342571258545
35516,4.621798515319824
61516,3.1215903759002686
13528,5.002127170562744
79043,4.255646705627441
108446,4.904391765594482
49860,5.103819847106934
7825,4.863189220428467
39704,3.951788902282715
60376,4.703513145446777
46225,4.615897178649902
33530,4.893275260925293
91505,4.927684783935547
74643,3.8840103149414062
72724,4.945102214813232
106445,4.611658573150635
39778,4.714156150817871
90211,4.073692321777344
84096,4.6993536949157715
67277,4.6217522621154785
70312,4.464500904083252
34746,3.462102174758911
51209,4.2339067459106445
102108,4.788721084594727
42110,4.5149335861206055
19902,4.23570442199707
70764,4.187577724456787
71002,4.508722305297852
18947,4.335034370422363
87637,4.843360424041748
48985,4.838748931884766
8224,4.204205513000488
13574,4.5983757972717285
78007,3.8082334995269775
107290,3.3111767768859863
66205,4.516450881958008
76731,4.85643196105957
40980,4.16815185546875
62432,3.2480502128601074
61400,5.055776596069336
102739,4.541111946105957
6157,4.756865978240967
71740,3.981614112854004
1148,4.732992172241211
28635,3.8594019412994385
86504,4.670082092285156
14366,2.9097812175750732
76574,4.862977027893066
85873,4.87204647064209
9344,4.41862678527832
40484,4.312880516052246
51789,3.969297170639038
24547,3.5496551990509033
80561,4.710214614868164
73715,3.8693251609802246
32946,5.101139068603516
28557,5.0479536056518555
108183,3.855121612548828
37538,4.23262882232666
17214,4.458134174346924
43515,4.998575210571289
50256,3.727966785430908
58003,3.834824323654175
53877,4.974419116973877
71862,4.547907829284668
74768,4.102469444274902
32253,4.939701557159424
26923,4.263744831085205
1759,3.997833251953125
78632,3.6151247024536133
86171,4.890744209289551
81402,4.934118270874023
38448,4.148406505584717
87979,4.828330993652344
45671,3.6882777214050293
73708,3.9170637130737305
59067,4.989129543304443
77580,4.092464923858643
83012,5.04674768447876
88887,5.182374954223633
45652,4.890554904937744
75501,4.31658935546875
43375,5.06084680557251
92131,4.869567394256592
86682,4.688718318939209
100766,4.128665924072266
87726,3.505260467529297
73203,4.874508857727051
38134,4.290374279022217
27459,4.43257999420166
30278,5.043215274810791
75910,4.446111679077148
29816,4.174943447113037
102994,3.8517603874206543
28408,4.869462490081787
28503,4.404078006744385
5975,4.729496002197266
81740,4.503072261810303
31303,5.038875579833984
89083,4.838545322418213
94621,3.1484413146972656
108512,5.119167327880859
36256,4.865949630737305
65321,4.191769123077393
30035,4.830941200256348
90417,4.9116058349609375
6351,4.144207954406738
78886,4.442791938781738
72593,4.745654582977295
96132,4.75441312789917
1365,4.465195655822754
92875,5.1534423828125
79863,3.769709587097168
71901,3.814405918121338
35264,5.214989185333252
86288,4.695744037628174
75635,4.627906322479248
84372,5.028774738311768
20846,4.006463527679443
58250,4.609058380126953
27824,4.916555404663086
19144,4.8800530433654785
20380,3.831735134124756
25564,5.062017440795898
7158,4.9744062423706055
21209,4.712269306182861
46521,3.6071717739105225
99163,4.858333587646484
70422,4.827884674072266
16758,4.896069049835205
40770,4.444896221160889
56096,4.743149280548096
28459,4.353880405426025
19334,3.93340802192688
22566,5.098217487335205
96585,3.9252827167510986
78788,3.630514621734619
63518,4.643381595611572
37389,4.253973007202148
105493,5.025015354156494
979,4.161543369293213
86053,3.828503131866455
47132,4.569516181945801
31398,3.2821693420410156
60263,4.00642204284668
78098,4.545576572418213
23096,4.488476753234863
65574,4.673033237457275
40450,4.3928351402282715
71588,5.135989189147949
22851,4.752493858337402
79335,4.198245048522949
88879,4.481123447418213
106193,3.8698182106018066
66958,5.162969589233398
86887,4.869568347930908
31300,4.990074634552002
14045,4.4992547035217285
86694,4.790922164916992
40111,4.716565132141113
37076,4.490174770355225
14096,4.841015815734863
50514,4.767388343811035
79183,5.4337873458862305
52043,4.1024088859558105
8970,4.716492652893066
74767,4.546210289001465
21368,4.571988582611084
70980,4.378730773925781
12148,3.606912851333618
62746,3.9272255897521973
51342,4.426546096801758
34536,5.365217685699463
71240,4.003121852874756
15181,4.677464485168457
11346,3.757371664047241
21461,3.5798330307006836
28109,4.707971096038818
39430,4.5129618644714355
62201,4.724615573883057
82524,5.18313455581665
86475,4.389257431030273
74539,5.14555549621582
98386,4.28940486907959
70419,4.788286209106445
29702,4.66338586807251
106577,3.6588780879974365
70489,5.491652011871338
30321,3.840219736099243
102055,4.193132400512695
5378,4.570054054260254
48312,4.571406841278076
20767,4.816333293914795
65204,4.181626319885254
99783,4.716007232666016
33323,4.616881847381592
101272,4.617938041687012
100028,4.409013748168945
28294,5.01467227935791
83404,4.293447017669678
74536,4.4016523361206055
41481,4.9077558517456055
68780,4.8448920249938965
84429,4.093611240386963
85160,5.136599540710449
43862,4.573197841644287
44115,4.687018871307373
76162,4.928208827972412
97434,4.828046798706055
20927,4.907125949859619
104131,4.801899433135986
104350,4.353706359863281
11789,3.7186598777770996
91880,4.487290382385254
41047,4.569498062133789
100219,4.4826788902282715
92006,4.930581569671631
42026,4.454997539520264
82727,5.047948360443115
23945,4.946261882781982
90127,4.522749900817871
90651,4.614901542663574
108345,5.068084239959717
95371,4.887765884399414
6335,3.988710641860962
99759,4.790455341339111
104430,4.3584699630737305
55913,4.451800346374512
61490,4.147209167480469
91126,5.0586042404174805
97451,4.6030449867248535
4559,4.703768253326416
108089,4.887669563293457
64020,4.743151664733887
11488,4.810206413269043
47439,4.359405517578125
7628,4.9000020027160645
43426,4.782379627227783
43935,5.136014938354492
2540,4.596654415130615
31067,2.7203269004821777
92645,4.776480674743652
27777,4.9765448570251465
95755,4.447346210479736
63744,3.8996031284332275
8413,4.944260597229004
93000,4.5464348793029785
49023,4.385188579559326
96844,4.586055755615234
64658,4.811784267425537
63665,4.3662919998168945
54053,3.2356138229370117
17741,4.745622634887695
67132,4.710109233856201
520,4.404430866241455
74384,4.4016594886779785
85636,5.127310752868652
83102,4.671880722045898
87285,4.36928129196167
50472,4.417194366455078
8676,4.794527530670166
1897,3.8639888763427734
56596,4.13624906539917
53301,4.772441864013672
45726,4.886322021484375
106720,4.172603607177734
72101,4.669471740722656
17459,4.178422451019287
67286,5.253871440887451
97230,3.95617938041687
63044,4.89238977432251
60300,4.901316165924072
66463,4.719257831573486
56887,4.263926029205322
74318,4.610417366027832
72377,5.0456013679504395
95188,4.027975082397461
100559,4.824646472930908
71418,5.047502517700195
44889,4.436224460601807
69144,4.232761859893799
68553,4.815212249755859
38741,4.207137107849121
96912,3.8954551219940186
87991,4.822680473327637
43739,4.613078594207764
5342,2.0380098819732666
71474,5.217449188232422
100907,3.8414671421051025
77515,4.7079691886901855
50745,4.0720601081848145
28669,4.086901664733887
41589,4.270719051361084
21730,4.122988224029541
107767,4.416264057159424
76134,5.164690017700195
75680,4.868008136749268
23018,4.3960700035095215
41721,4.824816703796387
28990,5.016922473907471
93444,3.822611093521118
77147,4.7852020263671875
48658,4.517129421234131
50486,3.6016862392425537
17475,4.177939414978027
64332,4.406949996948242
50369,4.319530963897705
22721,5.120663642883301
106626,4.742957592010498
20849,4.612137317657471
24608,3.553729772567749
30787,4.578423500061035
87970,3.4642608165740967
71913,4.0858845710754395
76321,3.363694667816162
77711,4.389677047729492
106361,4.862555980682373
105972,3.551612377166748
87005,4.159188747406006
100929,4.854738712310791
78514,5.056425094604492
732,5.00661039352417
64005,4.062926292419434
1956,4.906213760375977
103487,4.925511360168457
2992,5.316962718963623
60244,4.2764997482299805
88051,4.906937599182129
46768,5.0032958984375
11863,4.916501522064209
80783,4.69757604598999
48481,4.670363903045654
42671,4.683080673217773
98856,4.936069965362549
26677,4.697707653045654
72485,4.864310264587402
65254,4.97477912902832
108291,4.650487899780273
53220,4.6013503074646
1052,4.805614471435547
48323,4.516304969787598
9151,3.863767623901367
59229,4.376021385192871
33593,3.9057137966156006
30818,4.2682204246521
18369,3.8438098430633545
16277,4.443698883056641
76760,4.141354084014893
87279,4.558460235595703
47472,3.0947697162628174
77312,5.14674186706543
80446,5.0026535987854
91908,4.947144508361816
37851,4.099819660186768
72366,4.694424152374268
56790,4.698321342468262
78533,4.936439514160156
75533,4.757742881774902
7391,4.792115688323975
59396,4.259645462036133
11751,4.738638877868652
60079,4.674537658691406
28260,4.593958377838135
42567,4.211569309234619
2976,5.348477363586426
92655,4.881843090057373
68942,4.505323886871338
26511,4.659407615661621
54133,4.2576704025268555
83484,5.051255702972412
53901,4.428103446960449
32259,4.188144683837891
38568,4.729198932647705
31580,4.650437831878662
60226,4.124953269958496
17289,4.688702583312988
92259,4.62325382232666
98523,4.749751091003418
106362,5.078872203826904
59013,4.2216291427612305
34736,4.00834846496582
3732,3.868291139602661
49327,4.711863994598389
34923,4.054706573486328
2585,4.552937984466553
54493,3.8387749195098877
76296,4.971717357635498
44945,4.004688739776611
35483,5.294914722442627
58543,4.796428680419922
50546,4.74526309967041
37093,4.848566055297852
97539,4.857741355895996
31141,4.878475189208984
52057,3.9097700119018555
37139,3.873276710510254
104294,4.462592601776123
39121,5.077852249145508
51362,4.212057590484619
71831,4.807302474975586
73037,4.682092189788818
36439,4.326923847198486
8396,4.478434085845947
57285,4.5271687507629395
95652,4.525197982788086
42640,4.406394004821777
79870,4.655213356018066
101800,4.981198310852051
98685,4.7185235023498535
8257,4.000813961029053
39385,4.679572105407715
59406,4.596132278442383
53750,4.985365390777588
105770,4.082529544830322
33832,4.283562183380127
107355,4.7911176681518555
106574,4.786278247833252
65714,4.750884532928467
23893,4.279942035675049
92892,4.0444560050964355
97022,3.67091703414917
38249,4.741465091705322
21757,4.02708625793457
35056,4.648758888244629
57153,3.6669697761535645
87175,2.258234977722168
98019,5.17889404296875
6688,4.7399420738220215
10843,4.0195112228393555
73334,2.9023385047912598
102003,4.449446678161621
27702,5.000661849975586
102037,4.334813117980957
22881,4.224147319793701
51731,4.782398223876953
65503,4.838693618774414
13407,4.513062953948975
11943,3.638131618499756
98385,4.855198383331299
57888,4.411654472351074
18026,5.1789069175720215
1658,4.7375993728637695
93495,3.570389986038208
102812,4.866232872009277
45752,4.2551960945129395
38763,4.707859516143799
75477,4.1887006759643555
13076,4.274240970611572
49697,4.644178867340088
103387,3.9316389560699463
94091,4.326931953430176
15204,4.653997898101807
18612,3.709415912628174
22782,4.9654927253723145
104822,5.082717418670654
8361,4.28297233581543
27166,4.302156448364258
24719,3.56046199798584
72077,4.600104331970215
96948,3.9107766151428223
2267,4.636136531829834
80997,4.758049011230469
15325,3.9161863327026367
11256,4.662971019744873
88798,3.8313989639282227
77730,4.26953125
42864,4.619319915771484
92324,5.168071746826172
83767,4.639003276824951
63097,4.825953006744385
95794,4.080549240112305
2618,4.814948081970215
33020,4.686102390289307
88171,4.5902099609375
13687,4.631844520568848
102832,4.999334335327148
60795,4.488114833831787
23916,4.555363178253174
100555,4.793808937072754
40043,4.868618011474609
87370,4.746828079223633
107044,4.8030686378479
24333,4.980466365814209
104512,4.230743408203125
89754,4.46536922454834
13647,4.026795387268066
55807,4.6593756675720215
15410,4.957707405090332
81713,3.463452100753784
50885,4.703205585479736
54812,5.058657169342041
69887,4.326582908630371
20027,4.966826915740967
7591,5.491391658782959
20069,4.619401454925537
30037,4.789509296417236
64243,5.027013778686523
28618,4.603355884552002
108036,4.704856872558594
45786,3.9208297729492188
63714,4.550004959106445
6991,4.725406646728516
57828,4.199643135070801
82,4.944083213806152
102387,4.846033573150635
67976,4.460548400878906
101471,4.114779472351074
46222,4.327641010284424
68788,5.051933288574219
100653,4.246487617492676
91436,4.72860860824585
103536,4.1429009437561035
5394,4.887398719787598
64067,3.2797257900238037
42649,4.275386333465576
72806,0.8906233906745911
52611,4.55769157409668
66687,4.457948207855225
30960,4.689371109008789
31098,4.09157133102417
76160,4.863983154296875
269,4.3342604637146
16791,5.25145149230957
2397,4.98500394821167
97467,4.865394115447998
46074,3.7195541858673096
53776,3.3461873531341553
55837,4.621725559234619
86275,4.734091758728027
13231,4.50297212600708
16089,4.440141677856445
35954,4.162459373474121
84750,3.230344772338867
44098,4.845028877258301
103077,4.553236484527588
47704,4.58947229385376
32288,4.127657413482666
50266,4.624577045440674
4256,4.9674224853515625
44880,5.087539196014404
92996,4.476239204406738
13801,4.801642894744873
74476,4.901510238647461
15807,3.862419366836548
81688,4.572751045227051
108425,4.585236549377441
77373,3.8445088863372803
106536,4.513822078704834
29795,4.832291126251221
19467,4.40505838394165
49813,3.980952739715576
5718,4.7926483154296875
87373,4.976383686065674
40271,5.08296012878418
91162,4.633838176727295
48084,4.52524995803833
51564,4.951687335968018
53026,4.671510219573975
94538,5.010863780975342
67739,4.056169509887695
29514,5.145627498626709
101962,4.241819381713867
38232,4.194941520690918
33872,5.093469142913818
5226,3.6135382652282715
11781,3.676034450531006
12241,4.709108352661133
104577,4.069833278656006
105855,5.566856861114502
41188,3.4700095653533936
93898,3.7985360622406006
107087,4.013272285461426
9313,4.981117248535156
86690,4.9061479568481445
43243,4.682883262634277
29408,4.883945465087891
97822,3.5948801040649414
74733,4.401803016662598
101558,5.3592424392700195
35636,4.666163921356201
92466,3.5125794410705566
40944,5.149546146392822
26724,4.411455154418945
40521,3.343339443206787
99810,4.976424694061279
32130,4.585568428039551
45224,4.356769561767578
64799,4.296003818511963
1457,4.760291576385498
42797,5.015432357788086
52046,4.172240257263184
72063,4.9701619148254395
83347,4.355747222900391
70216,4.187231540679932
32777,4.188683032989502
39480,4.383361339569092
52759,3.6986355781555176
90958,4.803033351898193
79177,5.274118423461914
63287,4.129555702209473
55323,4.4632248878479
91840,4.322920322418213
59313,4.816531181335449
2784,4.903812408447266
69700,4.753533363342285
72759,4.628018856048584
38487,4.723786354064941
106875,3.7647640705108643
36704,4.576839447021484
104331,4.215828895568848
83840,4.880228042602539
11427,4.3175764083862305
101883,4.6375017166137695
70258,4.832774639129639
77835,4.305150985717773
25272,3.745002269744873
38217,4.320589065551758
89646,4.473543167114258
48436,4.506777286529541
6545,4.1022210121154785
8956,5.128977298736572
9803,4.875033855438232
7328,4.744972229003906
54396,3.781080961227417
67887,4.569159507751465
27252,3.8592584133148193
1007,4.794373035430908
54175,4.404149055480957
60486,4.324249744415283
86824,4.905149936676025
75771,3.8449766635894775
42657,4.030464172363281
2787,4.763567924499512
64169,4.494867324829102
28493,4.8163981437683105
39204,4.9489426612854
40698,4.259423732757568
100467,4.422092437744141
56871,2.498605489730835
15650,5.124808311462402
36834,4.7832441329956055
93780,3.6441712379455566
55156,4.579380989074707
2387,3.083726167678833
83808,4.948103427886963
69202,2.9021008014678955
65136,4.80491828918457
24026,5.338724613189697
17690,4.2534356117248535
5644,4.404201984405518
44480,5.12699031829834
38368,4.5657830238342285
74556,4.826604843139648
62503,3.050480604171753
56349,4.746049404144287
80191,4.890618801116943
49827,4.85120153427124
9687,4.936428546905518
14987,4.787469387054443
35507,4.3591485023498535
14447,5.09757137298584
93869,3.9212849140167236
24292,5.1611857414245605
107923,5.159843444824219
41679,3.3558292388916016
100463,5.127682209014893
22020,4.683260440826416
100794,3.9523723125457764
51323,3.3280093669891357
23579,4.553208827972412
62675,4.835000038146973
79156,5.323609352111816
11580,4.595495223999023
68247,4.530697345733643
40437,4.540698051452637
25562,4.670796871185303
59139,4.672129154205322
3550,3.8153769969940186
1820,5.046769618988037
80072,4.698934078216553
53739,4.395191669464111
105902,4.610090255737305
45618,3.5733513832092285
62755,4.762959003448486
30453,4.120407581329346
76662,4.578122615814209
83411,4.8883233070373535
68377,3.100142240524292
24687,4.783412456512451
46381,4.248160362243652
27617,3.977921724319458
27762,4.084231376647949
12855,5.054638862609863
8995,4.922954559326172
51638,4.167592525482178
1292,2.8300020694732666
11664,4.249923229217529
9608,4.819425106048584
40452,4.258799076080322
92500,4.473405838012695
85109,4.886547565460205
8828,3.943877696990967
51627,4.1686248779296875
63758,4.478671073913574
96827,4.085183143615723
63250,4.277039051055908
22568,4.112191200256348
37264,4.785894870758057
13661,3.9365506172180176
44013,3.847766876220703
58263,4.735408306121826
57842,4.548954010009766
105612,4.314314365386963
21754,4.358552932739258
43436,5.041494846343994
12724,4.416704177856445
56641,4.229511260986328
97526,4.401289463043213
70045,4.480450630187988
102550,4.331644535064697
65101,4.412034034729004
31456,3.7630369663238525
102837,5.225371837615967
96294,4.806644916534424
93572,5.311339855194092
70534,4.862637519836426
2608,4.963088035583496
67100,4.6554436683654785
91092,4.657289505004883
31134,4.837820053100586
31426,4.49014139175415
45092,5.206395149230957
70879,4.761508941650391
39483,4.980764865875244
83690,4.169687271118164
33893,4.940470218658447
91287,4.829498291015625
11841,4.625760078430176
54686,4.635617256164551
101983,4.926019191741943
75618,4.752058506011963
68400,4.656416893005371
53799,4.604635238647461
5360,4.468076705932617
13736,4.396711349487305
46999,4.805901050567627
56442,3.878690481185913
17676,4.1152567863464355
35762,4.339095115661621
44152,4.523706436157227
1593,4.436766147613525
105257,3.7943334579467773
67883,4.440515995025635
19525,4.5149455070495605
19051,4.633820056915283
95300,5.185103416442871
67102,4.428868770599365
47671,4.900428295135498
60501,5.067121505737305
103615,4.817755699157715
88591,5.101201057434082
65671,5.318202495574951
63079,4.580325603485107
31878,5.090832710266113
18780,4.819484233856201
96729,4.340573310852051
15997,4.254422187805176
47587,4.628542900085449
79627,4.471050262451172
6135,4.923262119293213
106520,4.099811553955078
68921,4.764007091522217
90644,4.451885223388672
45607,3.357912302017212
83970,4.404938697814941
84749,4.258762836456299
6337,4.062631130218506
54308,4.071183681488037
26367,4.698551177978516
100596,4.8363237380981445
102392,5.299873352050781
22675,4.1850714683532715
36880,4.364770889282227
85272,4.589393615722656
72073,4.392163276672363
27288,3.7572271823883057
71709,4.881773948669434
107813,4.752810001373291
68732,4.893403053283691
34690,4.886798858642578
1655,4.233323097229004
68105,4.115542888641357
79737,4.356908798217773
87928,4.61027717590332
44049,4.281552791595459
84449,4.287599563598633
104847,4.876443862915039
88545,4.395308494567871
20400,5.191843032836914
104108,4.889244079589844
1796,5.011392116546631
33758,5.058119297027588
104647,4.133662700653076
101346,5.324760913848877
68274,4.745176792144775
40143,4.681471824645996
75515,4.229605674743652
19519,4.798732280731201
30436,5.2962965965271
99550,3.9415903091430664
78731,4.5552520751953125
28866,5.116434574127197
100045,4.360213279724121
25406,4.233636856079102
96359,4.630376815795898
101733,4.752223491668701
6596,4.727075099945068
42513,4.641757011413574
103264,4.158616065979004
61642,4.993452072143555
35445,4.9984211921691895
14054,4.721717357635498
99071,3.9863784313201904
63355,4.937352180480957
46695,4.443021297454834
102806,5.195034503936768
42718,4.829711437225342
1109,3.8280489444732666
20685,4.857736110687256
107678,4.820971965789795
7452,4.1163105964660645
65366,4.154970169067383
58918,4.7412285804748535
106726,4.581979274749756
68031,4.635383605957031
56539,4.573267936706543
26339,4.287180423736572
103583,4.794797420501709
102845,5.065118789672852
17552,4.542220115661621
32109,4.409615993499756
99360,4.273325443267822
7914,4.557504177093506
27121,4.915433883666992
9858,4.869232654571533
87823,4.472379207611084
4526,2.0119760036468506
27984,5.810719966888428
29944,4.863946914672852
94426,4.140981674194336
27608,4.709197521209717
69489,4.422107219696045
66494,4.533092021942139
87836,4.567102432250977
89984,5.164958477020264
52129,4.449426174163818
69348,4.998016834259033
88356,4.927030563354492
86282,4.710299015045166
64031,4.433775901794434
68434,4.4398908615112305
103675,4.372616767883301
71630,2.6318130493164062
69180,4.394989967346191
36807,5.065868854522705
38101,3.9182684421539307
92717,4.8127946853637695
14514,3.8605735301971436
71910,4.139066696166992
21025,5.210602283477783
69656,4.927880764007568
66,4.710730075836182
99772,4.569320201873779
88183,4.529723644256592
65781,4.178557872772217
104671,4.43103551864624
92511,4.935306549072266
49596,5.297081470489502
5884,4.45947790145874
85750,4.493274688720703
34366,5.312570095062256
9441,4.942453861236572
56683,4.32158899307251
56557,5.141144275665283
15760,4.519989967346191
47277,4.319186210632324
12631,4.951145172119141
3542,4.005280494689941
20104,5.030389308929443
105761,4.715786933898926
25910,3.9279773235321045
10401,4.793313980102539
97061,4.763094902038574
7450,4.184606552124023
22133,4.365777969360352
102125,4.634652614593506
88961,4.333845615386963
49661,4.656928539276123
43574,5.072503566741943
76396,4.896334648132324
77425,3.801145315170288
7978,3.676409959793091
106877,4.396669387817383
105058,4.506774425506592
107475,4.696841239929199
10086,4.746937274932861
95910,4.469775199890137
98517,5.011363506317139
99385,4.052462100982666
74116,4.758836269378662
105153,4.099951267242432
85069,5.102169513702393
81166,2.8233633041381836
35905,3.9418275356292725
33848,4.423542022705078
30432,4.742119789123535
93931,5.1494269371032715
29827,4.308014869689941
2093,4.4694085121154785
47544,4.463876247406006
52985,4.982206344604492
88586,5.065876483917236
6878,4.646768569946289
2074,4.332300186157227
49259,4.450404167175293
71067,5.083259105682373
3057,5.16055154800415
4620,3.364652395248413
100301,4.23313570022583
50140,4.546589374542236
75648,4.032517910003662
64870,4.678933620452881
8191,4.099706649780273
83952,4.559646129608154
95129,4.238065242767334
1713,4.093646049499512
98120,4.789584159851074
15455,4.983255386352539
107583,3.949183940887451
42931,4.990388870239258
54128,4.3753533363342285
52978,4.393731117248535
100291,4.104042053222656
59836,4.67507791519165
7606,4.649625301361084
34541,5.372987270355225
63263,3.890631914138794
47036,4.285531520843506
52896,4.00387716293335
76183,5.00764799118042
91861,4.913354873657227
62913,4.124906539916992
89521,4.070967197418213
101147,4.794413089752197
98302,4.373543739318848
21324,4.264074325561523
38422,3.8956644535064697
23263,4.865383625030518
37960,4.581387042999268
44561,5.07854700088501
82191,4.596248149871826
51320,4.7054443359375
90707,4.523087501525879
37309,4.594415664672852
83259,4.414746284484863
69051,3.980520248413086
68610,4.11329984664917
30963,4.957815170288086
63379,4.717604637145996
88489,4.967249393463135
16954,4.520781993865967
77655,4.601438522338867
100850,3.3705129623413086
25991,4.869422435760498
107048,4.834920406341553
85185,4.791110992431641
94259,4.132502555847168
8898,4.734802722930908
63027,4.783565044403076
76044,4.489400386810303
38687,2.674858808517456
93648,4.401474475860596
26293,5.011538505554199
63009,4.90162992477417
38059,5.07774019241333
47360,4.545164108276367
108523,4.394349098205566
41446,4.028435230255127
33141,4.237746238708496
15995,3.5152194499969482
16822,4.534850597381592
34339,4.947962284088135
17548,4.616459846496582
59062,3.93172287940979
4771,4.321910381317139
104056,4.216981887817383
15366,4.347213268280029
91445,4.285012245178223
61763,4.058100700378418
84859,4.837398052215576
69381,4.568526268005371
104562,4.304510593414307
81705,4.8680548667907715
101051,4.649386882781982
5053,4.537714004516602
8895,4.898873805999756
29572,4.639197826385498
28276,4.201496124267578
101678,4.944656848907471
83949,4.485711574554443
23328,4.771163463592529
30810,3.4209792613983154
101316,5.1186017990112305
81587,4.856650352478027
95457,2.521965265274048
54008,5.163541793823242
99928,4.680497646331787
85269,5.091400146484375
20524,4.382671356201172
86810,4.403732776641846
76221,4.2045183181762695
18637,4.43165397644043
93188,4.521979808807373
26733,4.748474597930908
56568,4.835540771484375
46457,4.455911159515381
55987,4.414546012878418
102627,4.948758125305176
66789,4.498873710632324
3935,5.116453647613525
72885,4.722892761230469
23146,3.217963695526123
5279,4.2674760818481445
73065,4.625669002532959
58089,3.427623748779297
98694,4.800103187561035
29894,4.550332069396973
57012,4.028507709503174
51250,4.735360145568848
36717,4.233767986297607
8952,4.864562034606934
8015,4.6574883460998535
7524,4.690629005432129
95957,4.193118095397949
98495,4.191595554351807
92778,4.260922908782959
89592,4.691740989685059
5423,4.913571834564209
75558,4.551008701324463
62075,4.807741165161133
59158,4.7816548347473145
34247,3.8667476177215576
84331,4.814669132232666
89260,5.21842098236084
52503,4.261661052703857
11585,4.9090142250061035
60534,4.516908645629883
38454,4.658888816833496
60411,5.205471992492676
42136,4.660469055175781
65496,5.00778865814209
8914,4.456284999847412
48914,4.290918827056885
104578,4.321754455566406
17209,4.718136787414551
3066,4.717148303985596
79929,4.139101028442383
84760,4.653101444244385
16721,4.3134355545043945
107802,4.754791259765625
38189,4.627199172973633
7118,4.382648944854736
60786,2.6232452392578125
60565,3.6495392322540283
22007,4.600850582122803
93115,4.12427282333374
103694,4.594661712646484
91174,4.859017848968506
6958,4.793339729309082
20844,3.8508636951446533
106102,4.898921012878418
8833,4.3835296630859375
8083,4.916603088378906
50338,4.9691243171691895
96010,3.3521597385406494
11329,3.629582643508911
51747,4.20534610748291
107819,5.3514628410339355
32606,5.117081165313721
18139,4.0403876304626465
108616,4.872168064117432
67144,4.291371822357178
73719,4.334626197814941
77374,4.513747692108154
26500,4.542756080627441
48259,4.479759693145752
66819,3.8036141395568848
84968,4.00194787979126
96876,4.527271747589111
28892,4.7949323654174805
71522,4.9462761878967285
13262,4.750029563903809
4134,5.132957458496094
34094,4.65883207321167
58735,4.948459148406982
100759,3.7054991722106934
22200,4.882680892944336
103873,3.917283296585083
39647,5.153707981109619
6713,5.062281608581543
99799,4.871646404266357
70570,4.862582683563232
69668,4.624434947967529
73890,4.421971321105957
76712,4.978587627410889
49485,4.5509114265441895
12649,4.273943901062012
19710,5.000513076782227
32810,3.434605836868286
77514,4.608260154724121
53872,5.289371013641357
36393,4.745490550994873
12071,3.602419137954712
72771,5.811143398284912
92383,5.174151420593262
4738,3.713850259780884
52717,3.86100172996521
23867,4.8217973709106445
77390,4.004829406738281
88738,4.588781356811523
18255,4.776087284088135
90322,5.0375447273254395
20575,5.191359043121338
48319,4.613101005554199
79855,4.024152755737305
54294,4.237185001373291
60142,4.490910053253174
53310,4.333752632141113
36450,3.8222341537475586
88118,3.3454668521881104
28860,4.270261764526367
18108,4.6606597900390625
91641,5.028614521026611
65082,4.258033275604248
50082,4.643092155456543
86926,4.461798191070557
4492,2.8552160263061523
628,4.976624488830566
78942,4.017347812652588
66276,5.074947357177734
66229,4.312724590301514
84043,5.092638969421387
34517,5.040437698364258
14535,3.871955394744873
35596,5.126420974731445
7046,4.314630031585693
56488,4.964884281158447
50491,4.143449306488037
17136,2.9277260303497314
18913,4.483964443206787
66121,4.496368885040283
82322,4.909541130065918
26916,3.7663509845733643
37791,5.017232418060303
71156,4.558518886566162
51516,4.4254913330078125
21527,4.615902900695801
95987,4.427623271942139
37758,5.231298923492432
37204,3.869075298309326
90303,3.690978765487671
76932,4.4274702072143555
25686,4.136076927185059
73779,4.9066057205200195
5397,3.487499237060547
53542,4.689154624938965
87371,4.341928005218506
31851,4.778203964233398
56089,4.69954776763916
24930,4.142999649047852
40715,4.453951835632324
17040,5.1192193031311035
61197,4.013576507568359
30647,5.241542816162109
53579,5.011417865753174
51316,5.026200771331787
95493,4.296335697174072
41480,5.010819435119629
52979,4.250644683837891
81130,3.69766902923584
22858,3.421504259109497
43136,4.785166263580322
9214,4.691156387329102
34217,3.758741617202759
43691,4.662070274353027
17074,4.626711368560791
63728,3.994556188583374
66137,5.579982280731201
48714,4.032062530517578
81320,4.9240617752075195
102029,4.269961833953857
10611,4.965973854064941
18557,4.161168575286865
72475,4.0884552001953125
14539,2.942815065383911
39300,5.542534351348877
46229,4.552371501922607
100032,4.394863128662109
64141,2.9006271362304688
80471,4.822190284729004
22191,5.215092658996582
25276,4.256093978881836
42966,4.514812469482422
44775,4.550050735473633
63955,3.418609142303467
89585,3.917442560195923
43545,4.71659517288208
85742,4.701501369476318
22157,4.7780961990356445
63412,4.429285526275635
79946,3.7882421016693115
34344,4.8109869956970215
6232,4.359865665435791
39928,4.987650394439697
38016,5.084493637084961
35051,4.076771259307861
21579,4.2574992179870605
3608,3.7318708896636963
88968,5.339119911193848
9437,4.233612060546875
81711,3.9305622577667236
35065,4.915711402893066
32597,4.617990016937256
67898,4.77835750579834
82077,4.816133499145508
98326,4.456015110015869
21492,4.566400051116943
104141,4.802596092224121
101593,5.001054286956787
73278,4.540315628051758
28379,4.836136341094971
70000,4.2136735916137695
62761,4.109920024871826
80347,5.048591613769531
97600,4.370455741882324
22749,5.004491329193115
30972,5.010504245758057
4975,4.901251316070557
29099,4.01105260848999
44111,4.967763900756836
3265,4.5563740730285645
24612,4.544167995452881
67192,4.5612382888793945
3501,5.143589496612549
23959,4.83917760848999
30299,3.503528356552124
78152,4.90941858291626
42889,4.806540489196777
53934,4.9076924324035645
41727,4.50160551071167
15179,5.111330509185791
47088,4.598593235015869
15144,4.708637237548828
89795,4.784069061279297
44168,5.048122882843018
80960,4.6696953773498535
107002,4.404137134552002
18064,5.063329696655273
52306,4.1452765464782715
2151,5.013855457305908
10097,5.145874500274658
76983,4.721120834350586
91100,5.11183500289917
1041,4.319783687591553
16088,4.845917224884033
36757,5.227390289306641
24731,4.897010326385498
2763,4.025877475738525
97799,4.965080738067627
16555,4.864378929138184
97594,4.889560222625732
23117,4.063328266143799
86333,4.253286838531494
63166,4.998197078704834
62821,4.234092712402344
75718,5.066115856170654
58584,4.703425884246826
87805,5.451733589172363
54526,3.7160990238189697
100186,4.342980861663818
62250,4.44563627243042
50993,3.86961030960083
73745,3.980311632156372
5371,3.919633626937866
97801,3.846662998199463
70723,5.1866044998168945
82350,5.087806224822998
104877,5.212698936462402
25771,4.753093719482422
17641,4.122410297393799
47402,4.326805114746094
68322,4.926320552825928
7880,4.617391109466553
71609,4.425198554992676
17546,4.458448886871338
102978,4.946235179901123
72391,4.9828338623046875
63936,4.663374900817871
78853,3.397169828414917
1629,4.587393283843994
46028,4.680342197418213
25786,4.830519199371338
32251,4.707158088684082
84409,5.1038336753845215
23895,4.511990070343018
96944,3.2996387481689453
39071,4.7556471824646
10837,4.805943489074707
79060,5.059581756591797
17501,4.323449611663818
39616,4.908576488494873
64513,4.150935649871826
81942,5.1123762130737305
36631,4.370654582977295
82720,5.185652732849121
3040,4.397033214569092
86886,5.4529876708984375
107448,5.013756275177002
82578,5.109144687652588
82555,4.69380521774292
15992,3.19570255279541
106007,5.304318904876709
860,4.301318645477295
90262,4.479691982269287
56905,4.362138271331787
107023,3.7597851753234863
92538,4.668825149536133
42476,5.058063983917236
53083,4.088393688201904
32103,4.70877742767334
92233,4.183809280395508
75043,4.507949352264404
29838,4.243185520172119
60134,3.8323161602020264
72661,4.067738056182861
67381,4.300940036773682
64623,4.597931385040283
22658,4.34262228012085
46002,4.708118438720703
57859,3.4180774688720703
83448,4.801499843597412
8967,4.397653102874756
52395,5.173997402191162
11956,4.124582290649414
108503,4.570132732391357
80220,4.8467583656311035
84248,4.179353713989258
61848,4.487493515014648
52285,4.765412330627441
54859,4.439761161804199
3885,4.5225830078125
48393,3.4378821849823
17577,5.015382766723633
61031,3.396665096282959
34575,4.054290294647217
27199,3.9412732124328613
16100,4.996923446655273
36987,4.924059867858887
69061,4.83167028427124
34388,4.923198223114014
40814,4.677548408508301
35194,5.177775859832764
47634,5.063796043395996
33697,5.08797025680542
103266,3.702388048171997
98204,4.47836971282959
28014,4.317276954650879
8862,4.553823947906494
66368,4.514663219451904
28708,4.710575580596924
31393,4.195207595825195
95643,4.332610130310059
16074,4.008042335510254
36541,4.850892066955566
64043,4.300350189208984
67964,4.805944919586182
92337,4.887912750244141
1191,4.9619269371032715
12536,2.2706491947174072
99666,4.704545021057129
2535,4.738943099975586
69037,4.473230361938477
41790,5.082391738891602
32627,4.476654529571533
64629,4.78395414352417
79979,3.978015422821045
94666,3.7777023315429688
74996,4.26400089263916
72238,4.4341936111450195
40761,4.683730602264404
86043,4.398014068603516
103566,4.553150653839111
93297,4.602614402770996
74860,4.902645111083984
24903,3.9608688354492188
4948,4.701923847198486
22273,2.616408109664917
91730,4.778395652770996
50661,4.576955795288086
50454,4.197840213775635
54252,3.3558130264282227
12237,4.771434783935547
25681,4.450604438781738
59386,4.183947563171387
13488,4.51902437210083
12423,4.456095218658447
78235,4.817373275756836
105290,4.789706230163574
58091,4.253148555755615
107388,4.6462812423706055
57423,4.990512371063232
96839,5.103620529174805
103842,3.926866054534912
103933,5.130600452423096
33568,3.7992770671844482
27501,4.7485151290893555
18867,4.744242191314697
19964,4.332193374633789
27605,4.804798603057861
55506,5.075750827789307
53445,2.8442084789276123
3138,4.4142327308654785
104196,3.613314628601074
78171,4.075813293457031
24164,5.21457052230835
27096,4.562178611755371
33551,4.507904052734375
88433,3.5626745223999023
49980,3.3029747009277344
53218,4.278065204620361
75556,4.171078681945801
87447,4.319234848022461
106322,4.969590663909912
95836,4.647189617156982
18488,5.134557723999023
59760,4.070723056793213
85361,4.529774188995361
84683,3.6970088481903076
64405,4.731654167175293
28345,3.8723509311676025
90455,4.327108383178711
25959,5.003703594207764
86725,4.481299877166748
93957,4.52452278137207
59505,2.996215581893921
10013,4.988787651062012
103767,5.001974105834961
107629,4.677041053771973
45107,4.850048542022705
84519,4.098682403564453
9742,4.439355373382568
49849,3.7496769428253174
41822,4.839522361755371
689,4.72744083404541
9580,4.880821228027344
24942,4.8414130210876465
19174,4.421732425689697
16588,5.151281833648682
744,3.678166627883911
68277,4.228813171386719
102310,3.9580891132354736
66032,4.639153480529785
104035,4.493123531341553
78608,3.8910861015319824
97659,5.726914882659912
3593,4.9232177734375
65775,4.371828079223633
32917,3.527794361114502
105633,4.536158561706543
49559,4.9564127922058105
4263,4.511141777038574
62465,2.706860065460205
14258,4.612144470214844
30762,5.2648515701293945
47307,4.131870746612549
45538,4.565517902374268
94262,5.309604644775391
26399,3.9473488330841064
5536,4.658041954040527
60194,4.7710981369018555
26845,5.015124320983887
48755,4.084573268890381
45453,4.99684476852417
56075,4.666904926300049
54604,4.796457767486572
99636,3.8593709468841553
57531,4.615245342254639
50302,4.09223747253418
15206,3.745166540145874
27818,4.019082069396973
95825,4.441427707672119
70725,4.977095127105713
40613,4.885870933532715
85412,4.608715057373047
1840,4.9014105796813965
41203,3.6898903846740723
73370,4.642408847808838
102241,4.436520099639893
11291,4.563491344451904
40359,4.607632637023926
106795,4.902253150939941
55619,4.043856143951416
32245,4.7432861328125
52775,4.387770652770996
44444,4.806562900543213
102816,5.183617115020752
20458,3.8864223957061768
4596,5.018601894378662
17723,4.229514122009277
70625,4.7105584144592285
100,4.256438732147217
9449,4.116843223571777
53642,4.561736106872559
39362,5.367716312408447
67202,3.4451348781585693
68821,4.514737129211426
43670,4.51104736328125
63499,4.29880952835083
62240,4.916562557220459
84100,4.376730918884277
99933,4.217195510864258
51334,4.1066179275512695
97455,4.42451810836792
108509,4.370913028717041
33614,3.742926836013794
50102,4.543127059936523
103516,3.8684215545654297
25340,5.1238112449646
2153,4.855667591094971
41214,4.563569068908691
52906,4.822325706481934
97189,4.651576042175293
76605,4.9238362312316895
95875,4.655144691467285
82969,4.6476030349731445
73431,5.015270709991455
43182,3.7549116611480713
71569,4.651981830596924
18012,5.077404975891113
108038,5.429378509521484
14055,4.951351642608643
66833,4.742828369140625
88376,4.41845703125
56419,3.2709646224975586
25923,4.439905166625977
24420,4.2069315910339355
61002,5.079041957855225
9761,4.865211486816406
96025,4.668360710144043
90980,4.653131484985352
63167,4.1109299659729
56294,4.724079132080078
71439,5.09343147277832
44156,4.959774971008301
87045,4.62638521194458
19913,3.9539318084716797
75314,4.687303066253662
83182,4.717092990875244
21914,4.5405731201171875
46394,4.983891010284424
99686,4.545470237731934
29469,5.146833419799805
51053,3.973585367202759
69104,5.038061141967773
91042,4.775959491729736
1520,4.78911828994751
22025,5.027003288269043
98721,4.292134761810303
14019,4.502599716186523
97372,4.0096001625061035
45095,5.535501480102539
52077,3.952355146408081
76763,4.745725631713867
80151,4.808746337890625
100327,4.780365943908691
20149,4.604641437530518
40273,5.206912040710449
73893,4.512375354766846
58538,4.854777812957764
85430,4.533466339111328
86062,4.252048969268799
76892,4.612213611602783
77058,3.906747817993164
67324,4.55860710144043
69890,4.270522594451904
24151,3.2321901321411133
82373,4.58680534362793
3445,4.224995136260986
69378,4.825193405151367
35934,4.424302577972412
13729,4.306392192840576
106050,4.526185035705566
65272,4.42349910736084
24017,4.404540061950684
58537,5.076459884643555
8179,4.218060493469238
55929,3.7197914123535156
39648,3.8744940757751465
766,4.051235675811768
81934,4.9118266105651855
65601,4.00372838973999
67265,4.888874053955078
40487,5.1150126457214355
11422,5.038120269775391
16953,4.780323505401611
46569,3.160977602005005
78801,4.254405975341797
42475,5.049496650695801
11309,4.621596813201904
8120,4.430415153503418
24394,4.209897518157959
104508,3.8286900520324707
101371,4.876716136932373
104438,4.624368667602539
43036,4.648078918457031
7799,5.268041610717773
106836,4.604694843292236
1647,5.014433860778809
52320,4.641918182373047
103019,3.913691997528076
99069,5.128297805786133
35779,4.431798458099365
18460,5.0609893798828125
31760,4.2338385581970215
15757,3.443053960800171
100354,4.2501420974731445
53505,4.618281841278076
108518,4.500850677490234
16910,4.888260841369629
57817,4.386872291564941
80342,4.7317585945129395
46843,4.601663112640381
38982,4.333415508270264
87785,4.382450580596924
40262,5.135998725891113
7721,4.2253594398498535
30469,4.849814414978027
62554,4.812408447265625
20094,5.167219161987305
72537,5.014166355133057
84214,4.684998512268066
27455,3.2921345233917236
85951,4.8392815589904785
10503,4.90266752243042
16842,3.2024030685424805
23523,4.9052300453186035
82893,4.5797600746154785
56741,4.0450439453125
27,3.128164291381836
103444,4.860541820526123
108449,4.473612308502197
68710,4.579934597015381
71218,3.986781597137451
65182,4.347503662109375
537,4.735899925231934
57104,4.310279846191406
83043,4.70798397064209
29900,2.456287384033203
101842,4.071227073669434
62807,4.4455766677856445
7269,5.162052154541016
11869,3.142573595046997
19141,4.712222099304199
42578,4.5376105308532715
29376,5.055575370788574
101285,4.3599162101745605
23355,4.257216453552246
106254,4.483547687530518
20365,4.890265941619873
30215,3.5348689556121826
63934,4.550374507904053
32962,3.9004886150360107
48137,4.545507907867432
81882,4.921126842498779
27500,5.014623641967773
79558,4.911147117614746
90066,4.375391006469727
96377,4.793575763702393
38234,4.53856086730957
101870,3.9467897415161133
100135,4.457257270812988
14252,4.693253040313721
57301,4.290901184082031
42183,4.940038204193115
81460,4.537294864654541
92301,4.528041839599609
65260,4.59798526763916
33113,4.577131748199463
18872,4.2574357986450195
68444,4.225285053253174
75816,4.602146625518799
63779,3.499211549758911
52415,4.78118896484375
81749,4.825974464416504
73589,3.9586291313171387
3436,4.418349266052246
56041,4.225783824920654
977,4.311605453491211
29722,4.616485595703125
67569,4.223780155181885
98968,4.161932945251465
70108,4.901406764984131
81476,4.763674259185791
323,4.059980392456055
53710,4.286841869354248
31036,4.799899578094482
21536,4.174483776092529
70141,5.050214767456055
33336,4.38175106048584
10655,4.961076259613037
101250,4.651089668273926
91955,5.0117926597595215
21194,3.9756648540496826
84855,3.5068929195404053
79174,5.346116065979004
57471,3.4199471473693848
106325,4.27487850189209
86806,4.6443610191345215
84913,4.346609115600586
76375,4.773859977722168
58062,3.8586111068725586
76300,4.417172908782959
106028,4.774229526519775
47282,3.4761252403259277
24239,4.838691711425781
81305,4.840719223022461
32827,4.6056647300720215
102729,3.861961841583252
83903,4.194317817687988
91595,4.312585830688477
89294,4.62982702255249
84898,5.086747646331787
6449,4.335211753845215
87284,4.711479663848877
32171,4.026186466217041
37836,3.7645020484924316
9031,3.8715806007385254
40905,4.469758033752441
20873,3.2389588356018066
10865,4.480212688446045
42597,4.69775390625
36190,4.784992218017578
31259,4.543509006500244
68760,4.930869102478027
513,4.78755521774292
64335,4.958077430725098
50221,3.0561718940734863
2516,4.638672351837158
4755,4.0588788986206055
95630,4.536919593811035
104282,3.979207754135132
33229,3.604898452758789
52571,4.110447883605957
9536,4.798015594482422
72536,4.561034202575684
15518,3.2747559547424316
107236,3.67686128616333
25869,4.989513874053955
88154,3.1788330078125
63925,4.828522682189941
84534,4.221372127532959
106521,3.790309190750122
78169,4.545472621917725
32874,4.7810797691345215
70718,5.083556175231934
7941,5.156110763549805
45230,4.453129768371582
66515,5.113626003265381
70443,5.2042341232299805
87491,3.892437696456909
78693,4.316210746765137
48615,3.582904577255249
2107,4.160758018493652
85505,4.7413105964660645
85921,4.522158622741699
103671,4.029219150543213
58332,5.007968902587891
64697,4.222867488861084
28795,4.516862392425537
74794,3.2310192584991455
96464,5.117449760437012
68682,4.95580530166626
56922,4.328340530395508
106209,4.925729751586914
42274,4.270511150360107
36578,4.8769941329956055
99176,4.807886600494385
64889,4.023789882659912
8153,3.9758784770965576
27769,4.757663249969482
65148,4.585351467132568
76172,5.2013163566589355
69935,4.803685188293457
102276,4.268773555755615
11306,3.8111672401428223
101580,4.397576808929443
17306,4.815152645111084
73759,4.726980686187744
92736,4.909831523895264
52969,4.432243824005127
64436,4.2342000007629395
42980,4.649730682373047
33236,4.557361602783203
21706,3.433692693710327
74013,4.978725910186768
65623,4.0603928565979
23863,5.021661281585693
91701,5.052217960357666
9870,3.759694814682007
98329,4.457834720611572
64309,4.03226900100708
108338,5.127440452575684
77080,4.511736869812012
11003,3.6992833614349365
88647,3.906963586807251
20186,5.049110412597656
19252,3.472064256668091
80108,4.546576499938965
61534,4.098948955535889
82670,3.626917600631714
79407,4.664140701293945
85798,1.6400381326675415
74091,4.959207057952881
68859,4.051723957061768
63141,4.463776111602783
47622,4.415719032287598
73832,4.954202651977539
47494,3.8078489303588867
63261,3.850764513015747
94935,4.05169677734375
14946,4.770474910736084
95016,3.1586837768554688
17238,3.3965063095092773
99842,2.8124327659606934
92453,4.717219352722168
35169,4.830988883972168
91954,4.397453784942627
74111,4.805747985839844
41548,4.924969673156738
44944,5.199235916137695
31928,4.427802562713623
32411,4.55044412612915
43061,5.087733745574951
21204,4.4559102058410645
8668,5.007196426391602
31533,4.187548637390137
40324,3.7364795207977295
100614,4.496670246124268
68293,4.546794414520264
17105,4.174262046813965
5119,4.433664798736572
28279,2.813636302947998
104522,4.185389041900635
57756,4.9787397384643555
106151,4.757408618927002
36814,4.370262622833252
13475,4.743895053863525
5570,4.518927097320557
95079,4.066373825073242
18687,4.880377769470215
8670,4.674288749694824
55699,4.289851665496826
1764,4.0948076248168945
22013,4.835415840148926
90226,4.483137130737305
65375,4.165236949920654
101565,4.670726776123047
78866,4.160585403442383
33482,4.56545352935791
52232,4.490390777587891
18583,5.015461444854736
62642,4.067168235778809
80055,5.099915981292725
30194,4.445010185241699
36142,5.132203578948975
47663,4.675105094909668
73934,4.862350940704346
106389,4.828128337860107
79572,5.108830451965332
65356,3.2501981258392334
94556,5.079206943511963
44830,5.014617443084717
83609,4.099977970123291
29121,4.998230457305908
36295,3.3063225746154785
96115,4.245240688323975
43968,4.031967639923096
87891,4.051605701446533
1669,2.667029619216919
47075,3.786818504333496
107109,5.031823635101318
103087,4.653641700744629
84601,5.104051113128662
28427,4.554752349853516
79636,4.258418083190918
5212,4.644637584686279
74341,3.5418002605438232
37263,4.271736145019531
95379,4.90487813949585
55743,3.988931894302368
82484,5.041563987731934
29769,5.136667251586914
88857,5.036358833312988
72376,4.872868537902832
95472,3.9141762256622314
10806,4.9045610427856445
87450,4.490575790405273
77571,4.443706512451172
33575,4.912970066070557
105560,4.737616539001465
76573,4.5938401222229
12415,3.0830376148223877
84147,3.802121877670288
85926,4.682506561279297
8987,5.068706035614014
62210,5.032622814178467
25981,4.468724250793457
9384,4.179374694824219
2007,3.874116897583008
28999,4.573167324066162
48445,3.6819400787353516
103251,3.6083223819732666
97854,3.9291560649871826
1350,4.89468240737915
21590,4.864955902099609
74774,3.988954782485962
67409,5.047480583190918
41829,5.0055832862854
92780,4.780525207519531
72601,5.247155666351318
103107,4.69888973236084
46337,4.876431465148926
3992,4.608170509338379
27331,4.414956569671631
75573,4.597011566162109
7901,4.4733686447143555
94513,4.070564270019531
28530,4.835186004638672
11240,4.468729019165039
98654,3.975641965866089
11293,3.775153398513794
32669,3.8890953063964844
53142,5.17274284362793
35560,3.598062515258789
27146,5.007303237915039
13329,4.398223876953125
7783,4.149543285369873
74606,4.579942226409912
43844,4.94692850112915
59366,2.835693120956421
44400,4.682770252227783
33081,4.879641056060791
69945,4.067043781280518
103101,4.452939033508301
8329,4.904976844787598
32281,4.811733722686768
51423,4.271265983581543
83503,5.954479217529297
68033,4.117591857910156
4955,3.8181183338165283
9340,3.6890923976898193
60266,4.5642409324646
18624,4.239434719085693
54682,4.358674049377441
55112,3.959716320037842
100949,4.246194362640381
72286,4.927278995513916
7523,4.471814155578613
6163,4.415966033935547
21227,4.1845245361328125
6761,4.556580543518066
103544,3.866450786590576
90497,4.552318096160889
75336,4.966264247894287
39247,4.967920780181885
85128,4.532948970794678
67988,5.271180152893066
19922,4.09810733795166
76861,4.45982027053833
92946,4.4600114822387695
18725,4.945343971252441
91230,4.279300689697266
89580,4.740087509155273
90347,4.969056129455566
15892,3.216841459274292
16367,4.239304065704346
37700,4.177165508270264
15724,3.5544984340667725
34098,4.201327800750732
97722,3.8306467533111572
86083,4.315772533416748
12994,5.028045654296875
59238,4.808745384216309
19895,4.02381706237793
49850,3.526953935623169
25799,4.212026596069336
32588,3.943828582763672
99752,4.732967376708984
28143,4.977540969848633
99286,4.6543354988098145
72820,4.813497543334961
78283,4.491753101348877
16128,3.543517827987671
40341,4.85606575012207
76534,5.288439750671387
10272,5.120734214782715
49440,4.587976455688477
60131,3.836106061935425
6853,4.696249961853027
93855,4.368678569793701
70878,4.777982234954834
96627,3.978012800216675
88389,3.9746761322021484
6686,4.30772066116333
101825,4.83143424987793
23743,3.4811666011810303
26119,4.9209208488464355
86672,4.98147439956665
93772,2.7952146530151367
64988,4.2988080978393555
83648,4.904842376708984
25561,5.048501014709473
55463,4.506608963012695
83142,4.335330963134766
93681,3.6148083209991455
11964,4.101329326629639
52408,4.644914150238037
86560,4.689533233642578
42894,5.285736560821533
78221,4.567355155944824
45492,4.732677459716797
91590,4.346955299377441
11744,3.971679210662842
86042,4.877652168273926
55577,5.033332824707031
1263,4.952152252197266
51856,5.000149726867676
63581,5.232949256896973
45184,4.564433574676514
25189,4.716673851013184
47004,4.311896800994873
38451,4.759374141693115
102948,5.056183815002441
71705,3.4394099712371826
73678,4.643056869506836
85663,4.834288120269775
98466,2.9034056663513184
93599,4.983516216278076
76660,3.9850780963897705
14905,4.490537643432617
23264,4.887402057647705
58610,4.600191116333008
98770,4.83376407623291
89595,4.475249767303467
85432,4.990145206451416
51593,4.769354820251465
31597,5.169778823852539
23299,4.5611653327941895
21432,5.259016036987305
13103,4.870396614074707
108307,4.803371906280518
101803,5.107391357421875
93550,5.195037364959717
49632,4.461928367614746
18774,4.901626110076904
66219,4.2388081550598145
107690,5.232627868652344
108436,4.183500289916992
67823,5.076288223266602
71382,4.97608757019043
9583,4.767426013946533
50049,4.438666820526123
44406,4.980908393859863
74684,4.296950340270996
90210,4.7454938888549805
5516,4.2696332931518555
87103,4.907095909118652
77578,4.868497848510742
48562,4.733804225921631
102877,4.756831645965576
17132,3.725097417831421
53371,4.683378219604492
102662,3.228515148162842
89338,3.3544585704803467
48188,5.064729690551758
7092,4.657084941864014
102163,4.16612434387207
14454,4.615262508392334
25526,4.441054821014404
75209,4.569437026977539
104403,2.783853769302368
86850,4.076725006103516
38985,4.9589056968688965
42404,3.8795249462127686
105333,4.764854907989502
91453,4.924417018890381
108019,4.844939231872559
69692,4.789389133453369
26980,4.758214473724365
59001,4.730518817901611
85904,4.9320549964904785
35959,4.347016334533691
49362,4.587620735168457
56892,4.4394330978393555
43604,4.744124889373779
25199,4.281053066253662
59663,4.068359375
37244,4.647017002105713
93396,4.295520305633545
66141,4.468976020812988
100078,4.415676593780518
51906,4.141601085662842
67007,4.920652866363525
79584,4.494261741638184
28010,4.499617576599121
59551,4.5082879066467285
34124,5.081201076507568
31734,4.303321361541748
26253,4.685486793518066
21930,4.32306432723999
22530,4.9509477615356445
11373,3.8032939434051514
90456,4.5559868812561035
48038,4.430232048034668
95470,3.8155088424682617
107014,4.795322418212891
34002,4.216578483581543
65142,4.300799369812012
20396,4.68157958984375
72917,4.378116130828857
63119,4.840261459350586
58788,4.860945701599121
41949,3.598402738571167
65453,4.915431022644043
82419,5.3861165046691895
75294,4.925174236297607
85417,5.0472259521484375
79383,4.799161911010742
14851,4.459400653839111
16340,4.438592433929443
38777,4.844257831573486
88330,4.096823692321777
21472,4.664058208465576
12580,4.960970401763916
5493,3.4787940979003906
89358,4.692872524261475
82618,5.126739501953125
21316,3.8406078815460205
74653,4.20545768737793
32563,4.193495273590088
1249,4.56040096282959
98257,4.223627090454102
23428,4.282524108886719
68363,4.683442115783691
28805,5.003891468048096
6154,4.963245868682861
42327,5.000855445861816
2249,3.2758982181549072
58392,4.399345874786377
99502,4.90890645980835
57559,5.147311687469482
10956,4.626133441925049
101109,4.398927211761475
14053,5.13831090927124
80303,5.100668907165527
68549,4.87478494644165
10111,4.427993297576904
10355,5.295895099639893
32332,4.020498752593994
40947,5.175228595733643
69218,3.151254177093506
47333,3.9755146503448486
42121,4.240642070770264
36484,4.842940807342529
76468,4.358756065368652
71295,4.129343509674072
99514,4.715521812438965
65061,4.701695442199707
79493,4.814808368682861
31590,3.8157436847686768
105964,4.494953632354736
37047,4.314137935638428
48037,4.589372158050537
67216,4.245306491851807
87773,5.373235702514648
124,4.826798439025879
48670,4.393457889556885
75670,5.07963228225708
10375,4.812939643859863
107808,3.223051071166992
77538,4.346948623657227
57054,3.8185181617736816
3237,3.682828903198242
92221,3.8429975509643555
10812,4.194797039031982
23644,5.063126564025879
70320,4.359465599060059
16294,4.907470226287842
93207,4.381158828735352
40822,4.905734539031982
22146,5.134911060333252
3731,3.983159303665161
104928,4.822504043579102
72266,4.265472888946533
11773,4.617061138153076
63364,3.589331865310669
86294,5.282366752624512
1275,4.603943824768066
12670,4.550252437591553
16940,4.185723304748535
65896,4.544971466064453
18978,4.627248764038086
26174,4.699309349060059
20239,4.158483028411865
49951,4.774791717529297
42314,4.686573505401611
34735,4.972366809844971
81405,4.701377868652344
12654,3.936549425125122
56167,4.29319953918457
67292,4.445157051086426
86874,5.324131011962891
25671,4.904477596282959
38775,4.267373561859131
93562,5.138806343078613
39346,4.760583400726318
50306,4.798182487487793
70865,4.279240608215332
11015,4.491230010986328
59620,4.845456600189209
106481,3.68091082572937
106859,4.1128435134887695
79628,4.651021957397461
85230,4.296199321746826
69014,4.431916236877441
2958,5.237977027893066
30479,4.535961151123047
40552,4.533166885375977
83122,4.681967258453369
96486,3.76753306388855
80179,4.7775750160217285
99556,4.1147966384887695
58157,4.576788425445557
100977,4.742231369018555
38279,4.22265625
61902,4.948770523071289
102993,4.640755653381348
11386,4.091154098510742
78105,3.2871363162994385
78992,4.214083194732666
71690,5.196318626403809
55013,4.928495407104492
39353,4.716386795043945
21383,4.676803112030029
22084,4.723642349243164
3556,4.8460822105407715
20918,4.508790016174316
104572,5.030140399932861
90735,4.560257434844971
98138,3.848212480545044
10281,5.3999457359313965
105414,4.018697738647461
79425,4.539905071258545
833,3.711243152618408
57612,4.306480884552002
63473,4.427198886871338
94024,4.769937515258789
45771,4.129055023193359
87361,4.939927577972412
42176,4.001182556152344
82068,4.171424388885498
18046,3.2347514629364014
38479,3.883389711380005
51750,4.533600807189941
66661,4.23325777053833
79844,4.542991638183594
68811,4.642782211303711
65251,4.896717071533203
95475,4.368722915649414
36260,4.900100231170654
59554,5.223112106323242
26294,4.435166358947754
57669,4.099828720092773
20252,3.8367300033569336
44959,4.725302696228027
95126,3.4371449947357178
79180,5.0256757736206055
84441,5.117483139038086
81813,5.002815246582031
89214,4.5774359703063965
31248,3.7885968685150146
80541,3.7822365760803223
81170,4.286435127258301
8864,4.585364818572998
9487,4.7339630126953125
83119,4.586653709411621
30322,4.756227493286133
33506,3.304957628250122
48221,4.7988409996032715
57677,4.592381477355957
107504,4.502641677856445
33896,5.007051467895508
21947,4.783926010131836
107320,4.647700309753418
75923,3.995107412338257
56996,4.225542068481445
55155,4.915761947631836
64089,4.875648498535156
56929,4.131278991699219
17584,4.767378330230713
5263,4.593923091888428
72499,4.084389686584473
95552,4.2432026863098145
7915,4.705196380615234
56984,4.44928503036499
61673,4.60025691986084
80867,4.285828113555908
96995,4.205705642700195
24686,4.857239723205566
71595,4.84331750869751
1801,4.805869102478027
95380,4.958811283111572
49439,4.525490760803223
40975,4.267814636230469
35060,4.664405822753906
72173,4.66539192199707
27949,5.881978511810303
60823,4.484710216522217
24577,3.7169907093048096
25878,3.7025108337402344
72749,4.196305751800537
19120,4.599289417266846
55566,4.33146333694458
24768,3.674376964569092
67771,5.001821517944336
35286,4.595229625701904
16385,3.523829221725464
108334,3.9287660121917725
102052,2.783066987991333
28226,4.271270275115967
32316,4.339221954345703
84438,4.593564987182617
64194,4.855405807495117
83872,5.033059597015381
82015,5.005764961242676
39945,3.6361136436462402
29204,4.488010406494141
53849,4.889671802520752
24417,4.5178680419921875
33624,4.58384895324707
5756,5.20035457611084
28538,5.077415943145752
43115,4.826662540435791
71081,4.493734836578369
15538,4.505260467529297
89072,5.264948844909668
18646,4.485049724578857
66210,4.768989562988281
34929,4.21065092086792
24821,3.846038341522217
41296,4.460083484649658
45374,5.461174011230469
65976,3.901951551437378
102666,4.745494365692139
22454,4.884012699127197
66732,4.367702960968018
23311,4.736922264099121
25820,4.601823806762695
16005,4.426656246185303
35034,4.180415630340576
107949,4.460252285003662
95511,4.396674156188965
59630,3.5112452507019043
27052,3.8707528114318848
20790,4.628916263580322
4046,4.8742475509643555
25168,5.152562141418457
69660,4.621527194976807
84460,4.771371841430664
44224,4.536451816558838
103994,4.722486972808838
31723,5.11017370223999
93509,3.822657346725464
43465,5.319533824920654
76241,3.5595998764038086
14637,4.640889644622803
57257,3.3872475624084473
73018,5.028670310974121
94884,5.077831268310547
4879,4.446946144104004
101310,5.032070636749268
63641,4.433361053466797
51868,3.2245938777923584
59439,4.347322940826416
36250,3.540566921234131
87509,5.0414862632751465
13827,4.893531322479248
38765,4.185571193695068
23864,5.07504415512085
20372,4.126866340637207
84373,4.7788825035095215
29612,4.233894348144531
54912,4.268527507781982
4819,4.704132080078125
107776,4.7754292488098145
52799,4.1047139167785645
45149,4.89406681060791
98843,4.7187676429748535
87859,4.5501275062561035
48506,4.7496795654296875
94758,4.418587684631348
66632,4.072817325592041
85424,5.104995250701904
54024,4.784397602081299
97878,3.875368356704712
32745,4.166533946990967
76928,2.887193441390991
107572,3.4385504722595215
39467,5.2009358406066895
58883,4.857493877410889
42700,4.355985164642334
7114,4.778266429901123
24959,4.5882768630981445
60675,4.694063663482666
81796,4.850090503692627
84998,4.7764058113098145
77794,4.9686598777771
37192,3.9402260780334473
252,3.3140509128570557
46685,4.2828569412231445
11733,4.664270877838135
95059,4.809682369232178
20628,4.858382701873779
94853,3.771430015563965
13211,5.052786827087402
84884,4.3972954750061035
47964,3.362981081008911
14433,5.15162992477417
26205,4.240691184997559
90512,4.720183849334717
55817,4.181503772735596
42590,3.9510653018951416
87994,3.9150819778442383
61646,4.66206169128418
72232,4.597719669342041
75122,4.664584636688232
73849,4.943544387817383
15939,4.253898620605469
91216,4.528238296508789
4575,5.008752346038818
46380,3.9495534896850586
39493,5.391040325164795
11805,4.956817626953125
16268,4.918146133422852
29267,4.944298267364502
71402,4.4842424392700195
55914,4.527829647064209
70479,5.136687755584717
82884,4.4848103523254395
22473,4.547956466674805
100635,3.5782132148742676
80079,4.648621082305908
45133,4.241783618927002
95130,4.825328826904297
21340,4.686648845672607
70594,4.801877975463867
73121,4.314150810241699
52918,4.190425395965576
81007,4.23012638092041
20923,4.808403968811035
26356,5.062647342681885
36640,4.647571563720703
45400,4.809113502502441
17494,5.125782012939453
46130,4.299280166625977
107438,4.979698657989502
84734,5.113494873046875
39199,4.358713626861572
69582,5.053078651428223
36691,4.5419111251831055
100806,4.632916450500488
54743,4.04655122756958
76497,5.365214824676514
67808,3.4018325805664062
105799,4.126030921936035
3458,4.222635269165039
32865,4.362582206726074
30341,5.10979700088501
88083,4.970545291900635
18802,4.710298538208008
73786,4.2168474197387695
46389,4.463587284088135
43550,4.764161586761475
103911,4.76827335357666
22869,4.140252590179443
74175,5.001172065734863
103981,4.269350528717041
42416,4.32063627243042
38641,4.494361877441406
99705,4.105097770690918
104760,4.6013102531433105
9640,5.089947700500488
97199,4.168761730194092
91524,2.3366167545318604
39638,4.109591960906982
70144,5.133330345153809
22887,3.9151628017425537
64746,4.871428489685059
74062,4.909729957580566
40754,5.045355319976807
98813,4.704023838043213
67768,4.766714096069336
84128,4.055259704589844
55820,4.306024074554443
92936,4.933840751647949
91062,4.602756500244141
88449,4.567174911499023
81085,4.670559406280518
60212,4.501099109649658
76576,4.062156677246094
23090,4.360502243041992
59499,4.08937931060791
108188,4.671418190002441
11071,4.072520732879639
17726,4.98468542098999
5379,5.130110740661621
23681,4.219757080078125
93206,5.049790859222412
26590,3.620832681655884
104270,4.213183879852295
34644,4.517946243286133
77366,4.6104044914245605
70805,4.460782527923584
15720,4.151003837585449
65970,4.24525260925293
101277,4.7890143394470215
89511,4.777659893035889
88919,5.2543182373046875
55693,3.061508893966675
50279,3.758204221725464
93769,4.56382942199707
56220,5.033905029296875
58402,4.38071346282959
35823,3.273663282394409
54280,4.701284408569336
17674,4.787078380584717
104548,4.5273051261901855
55654,4.037384510040283
95554,3.520289421081543
35727,4.549867153167725
101257,4.1960530281066895
49280,4.193840026855469
62194,4.833736896514893
36058,2.733665704727173
48024,4.768676280975342
93499,4.245476722717285
12018,3.7508368492126465
55692,4.235212802886963
17551,2.6349544525146484
4692,3.4990110397338867
95556,4.250539779663086
20355,4.847060203552246
76518,5.3069539070129395
21017,3.898226737976074
86936,4.4831976890563965
65173,4.610507488250732
11891,4.661077976226807
102397,4.4736857414245605
58637,4.883560657501221
35781,5.040374755859375
79046,4.6463518142700195
16265,4.51568603515625
100891,4.824426174163818
85086,5.024116516113281
30694,4.7639007568359375
70293,3.8282899856567383
791,3.9004156589508057
19901,3.9336278438568115
33131,4.235652446746826
18206,4.51967716217041
107331,3.700054407119751
74386,4.394777297973633
82949,3.957584857940674
82475,5.433219909667969
1590,5.106743812561035
49880,3.949636220932007
100123,4.595067024230957
80021,4.090453147888184
50651,4.734592437744141
10361,2.4017183780670166
11960,4.813971042633057
77616,4.710753917694092
87416,3.635680913925171
53696,4.785057067871094
70991,4.536924839019775
42266,5.0370893478393555
90717,3.7193989753723145
86206,5.019025802612305
78867,3.580059051513672
7834,4.4873833656311035
4020,4.764975547790527
42691,4.865981101989746
19131,4.877837657928467
31714,4.657040119171143
63549,4.906198501586914
67033,4.778322696685791
67894,3.756152868270874
42212,5.045886516571045
88043,5.072609901428223
8390,4.710188865661621
34340,4.253694534301758
94654,3.370128631591797
46194,4.701696872711182
39379,4.673402309417725
71907,3.9110822677612305
58539,4.715137958526611
57329,4.902861595153809
73021,5.048033714294434
27293,4.703081130981445
55846,4.674422740936279
31503,4.024789810180664
106156,4.707981586456299
15626,4.0724029541015625
26932,3.979698896408081
95102,4.188403606414795
102468,5.190219879150391
91695,4.662059307098389
78157,3.25226092338562
23912,5.086522579193115
10121,4.343479156494141
84271,4.607814788818359
50759,4.877355575561523
42716,4.769745349884033
96482,3.972984552383423
66344,4.492034912109375
45857,4.254481315612793
76234,4.395108222961426
63369,4.542746543884277
94730,4.60455846786499
107429,4.8134284019470215
80525,4.556691646575928
10245,4.808461666107178
47357,4.188313961029053
7288,4.377312660217285
65551,6.262624740600586
81241,4.1323113441467285
23189,4.432419776916504
58337,4.757404327392578
66700,3.7557196617126465
98882,4.577922821044922
23367,4.844837188720703
87609,4.603152275085449
25069,4.066946029663086
24650,3.7544937133789062
91370,4.195711612701416
82095,4.484057903289795
29650,3.618476629257202
6913,4.014378547668457
59010,4.290891647338867
77012,5.188656330108643
84178,5.0814290046691895
62015,4.946045875549316
51122,3.8776004314422607
80596,3.8593971729278564
32380,4.5235090255737305
25879,5.158590793609619
39351,4.8655877113342285
95634,4.17715311050415
47895,3.8472273349761963
18111,5.035524368286133
98670,4.605194091796875
29148,3.9688284397125244
40516,5.06268310546875
25842,5.015705585479736
80499,4.535590171813965
96272,3.4265732765197754
6746,5.070786476135254
57621,5.310594081878662
89380,3.920248031616211
10945,4.8037919998168945
36229,4.426041603088379
41695,4.5734381675720215
24991,4.99588680267334
39508,5.391419410705566
56634,3.9626307487487793
73785,4.018802642822266
76045,3.2982335090637207
5217,4.602504253387451
8831,4.898350238800049
107141,4.743025779724121
74749,4.742481231689453
19851,4.273077011108398
36864,4.967999458312988
33460,5.021494388580322
89328,4.594688892364502
52812,2.8043084144592285
41113,4.870819568634033
93308,4.628379821777344
41903,5.060006141662598
25495,4.476352214813232
99146,4.864271640777588
6001,4.136938095092773
52056,4.1741485595703125
106381,4.813360214233398
10142,4.360429286956787
16459,4.641533374786377
66923,3.7653908729553223
93100,4.4901227951049805
60450,4.412088394165039
61662,5.0155863761901855
36312,4.649064540863037
64144,4.1667585372924805
55522,4.685221195220947
13106,5.10639762878418
93473,3.977429151535034
20695,4.469501495361328
25147,4.9280924797058105
95253,5.104199409484863
26507,4.771729946136475
77728,4.749064922332764
11901,4.34563684463501
72791,4.221160888671875
82125,4.354928016662598
48446,4.203964710235596
45117,4.143807888031006
70337,4.604181289672852
42235,4.4249773025512695
100917,4.7103142738342285
54566,4.0435919761657715
5309,3.05012583732605
69383,4.685839653015137
4935,4.831052780151367
98347,4.597798824310303
73033,4.576772212982178
33070,4.326969146728516
27170,4.512907981872559
41412,4.908646583557129
88547,3.5200929641723633
50937,4.552165508270264
93413,4.024874687194824
11400,5.02444314956665
75571,4.411612033843994
15470,4.499692916870117
41507,3.7229671478271484
103831,3.6966280937194824
11002,4.217835426330566
52944,4.852733612060547
78364,4.9832258224487305
76252,4.360881328582764
63447,4.0686726570129395
6899,4.362314224243164
31131,2.9292869567871094
77695,4.9239959716796875
61751,4.265678405761719
59872,4.9282026290893555
22340,3.4564666748046875
62569,3.6458261013031006
85900,2.6277196407318115
4599,5.2820210456848145
29813,4.099116325378418
98284,4.839898109436035
77270,4.808687210083008
13999,4.027740001678467
38184,4.38728666305542
30927,2.842221260070801
44649,4.832432270050049
68148,4.928220272064209
88326,4.481721878051758
42068,4.692659378051758
20020,3.9366250038146973
48173,4.674015522003174
57588,4.760282039642334
3003,4.589090824127197
85803,4.490954399108887
44976,4.276676654815674
101208,3.393874168395996
89024,4.773987770080566
84169,4.3105692863464355
23434,4.899044990539551
9811,4.525345325469971
41927,4.586041450500488
45940,3.8250420093536377
46448,4.734897136688232
95660,4.3569254875183105
65445,5.02074670791626
71415,5.030040740966797
104652,3.7035186290740967
36332,3.826087474822998
37893,4.815014839172363
79955,4.300515174865723
43559,5.483509063720703
34839,4.372968673706055
66079,4.7017436027526855
39911,4.764980792999268
30189,3.8848769664764404
34369,5.245086193084717
29385,3.7595326900482178
10818,2.2413346767425537
49533,3.7938249111175537
422,3.8368771076202393
30262,3.9099361896514893
83383,4.244268417358398
55539,4.455068588256836
83335,4.6907958984375
62842,4.1831560134887695
70089,4.753157615661621
102116,4.919344902038574
13146,4.633487701416016
1357,4.614103317260742
59702,4.712639808654785
82187,4.768187522888184
28903,3.7695345878601074
83720,5.199042320251465
19046,4.651264190673828
7968,4.4238972663879395
92750,3.9925458431243896
20140,4.720688819885254
9029,4.401944637298584
46227,4.872796058654785
75850,4.837581634521484
68067,4.3256425857543945
73232,4.505208969116211
13452,4.14511251449585
91706,5.132062911987305
14453,4.808598041534424
108455,5.020561218261719
104478,4.682157039642334
75397,4.720702171325684
80224,4.756505489349365
2823,4.8021769523620605
9162,4.583748817443848
94275,5.073241710662842
57901,4.858356952667236
81100,5.053194522857666
69912,4.376972675323486
101091,4.742179870605469
9596,4.891779899597168
76454,4.203682899475098
91629,5.403396129608154
106657,4.889821529388428
72831,4.127806663513184
49099,4.524986267089844
35988,3.9739112854003906
86383,5.0714030265808105
44440,4.546252727508545
61799,4.758037567138672
49107,3.5039920806884766
19652,4.296701431274414
48990,4.218355178833008
101401,4.559549808502197
85723,5.006818771362305
53556,4.919549465179443
39027,4.819088935852051
21735,4.967907905578613
5815,4.591952800750732
106764,4.687008857727051
18650,4.776019096374512
38555,4.7514328956604
74150,5.249443531036377
831,4.848097324371338
177,4.932197570800781
94813,4.423095703125
101777,4.888417720794678
77193,4.898854732513428
106288,4.200034141540527
40154,4.1815690994262695
43876,5.173066139221191
40880,5.260426998138428
81516,4.623034954071045
1901,4.203249931335449
33507,4.3323163986206055
93685,5.210018634796143
25700,5.1217265129089355
28652,4.902947425842285
70029,5.0508527755737305
43003,4.63688850402832
2129,4.718541622161865
93391,4.074859619140625
38766,4.070301532745361
89930,5.490873336791992
14866,4.982059001922607
63419,4.444581508636475
81544,3.9759957790374756
93878,5.044822692871094
96231,3.653386354446411
54335,4.764237403869629
85952,3.749429941177368
56106,4.773497104644775
103571,3.894073486328125
106756,4.419631481170654
34326,4.899068832397461
32553,4.815511226654053
55724,3.7106566429138184
92153,5.247137546539307
86410,3.984673261642456
10616,3.451251268386841
32930,4.237947940826416
69661,5.154068946838379
48842,4.87418270111084
5951,3.9790422916412354
107660,5.8439812660217285
73897,4.58403205871582
67395,4.922510623931885
65932,4.868128776550293
78919,5.081488132476807
51562,4.6540656089782715
34806,5.131439685821533
57626,4.65339994430542
28802,3.536989212036133
42668,4.875705718994141
39140,3.974027395248413
17532,4.512000560760498
20417,4.653924942016602
60005,3.33785080909729
55301,4.203875541687012
75663,5.193058013916016
41815,4.904311180114746
39339,4.6190643310546875
55959,4.450325965881348
74526,4.996797561645508
24937,4.909462928771973
13893,5.064665794372559
16713,4.9498610496521
102891,4.741724967956543
61851,4.5544610023498535
31383,4.85878324508667
90962,4.956620216369629
84935,4.862658977508545
40009,3.661757707595825
88931,4.394994735717773
108167,4.9153971672058105
104176,5.167205333709717
54807,4.678743839263916
102164,3.5493385791778564
37461,4.802713871002197
82699,4.683161735534668
97899,4.061988830566406
2220,4.631187438964844
87953,4.623602867126465
7757,4.509794235229492
89995,4.409453392028809
102131,4.220392227172852
72533,4.937645435333252
1889,3.912419557571411
27305,4.814357280731201
2372,5.164681434631348
45160,4.602392673492432
8271,4.742058277130127
6505,4.097770690917969
88661,4.711117267608643
40167,4.669207572937012
76616,4.684352397918701
106930,4.838070392608643
89672,4.026038646697998
97907,4.300504684448242
82886,4.092377185821533
36574,4.637104511260986
87386,5.164555072784424
77174,4.668088912963867
106199,4.295767784118652
6086,5.242004871368408
381,4.0023908615112305
104139,3.4504847526550293
52882,4.678948879241943
103789,4.612548828125
106090,4.967863082885742
42131,5.152675628662109
21098,4.231131076812744
40407,4.139366626739502
82854,4.704492568969727
3469,3.999163866043091
6204,3.9995222091674805
50042,2.8136844635009766
69448,4.113066673278809
79825,4.34064245223999
2014,4.286253929138184
51335,4.294494152069092
49374,4.362936019897461
59438,3.246499538421631
18240,4.970890522003174
105688,4.642820835113525
88891,4.876367568969727
102493,5.026512622833252
5529,4.679494380950928
67402,3.978999614715576
72368,4.690747261047363
36761,4.99898624420166
105309,4.824671745300293
69021,3.555838108062744
46884,4.223543167114258
84906,4.942655563354492
68659,4.810425758361816
43046,4.13783597946167
52421,4.816584587097168
97447,4.779577732086182
34511,4.465639591217041
48417,4.0280632972717285
103501,4.783003330230713
18467,5.178435802459717
25897,5.033077716827393
21910,5.024129867553711
3944,3.7785236835479736
6726,4.288207054138184
83355,4.319409370422363
104102,5.071075916290283
66990,3.9471170902252197
104982,4.630078315734863
35170,4.438817977905273
6455,4.3394293785095215
52609,3.7045793533325195
16907,4.809821605682373
79261,4.4561333656311035
16825,4.442409038543701
104013,4.480553150177002
99467,4.8957695960998535
519,4.434105396270752
102749,4.9757232666015625
30143,4.6067280769348145
44974,4.373737812042236
82945,4.211948394775391
63544,5.151783466339111
79541,4.900981903076172
4969,3.918318748474121
84843,5.023083209991455
24135,4.6007208824157715
12627,4.220137119293213
39349,5.137082099914551
45369,4.430800914764404
61381,4.854800701141357
32361,4.548939228057861
45807,4.140620231628418
19665,4.5275702476501465
32948,4.402471542358398
96988,3.8730406761169434
79678,4.67036771774292
60018,4.090344429016113
19290,4.703457832336426
39722,4.7550458908081055
1687,3.1559770107269287
100009,3.9233622550964355
104437,4.444835186004639
29982,4.444193363189697
88176,4.221276760101318
3917,5.347118377685547
15897,4.80559778213501
36826,4.948012828826904
87486,4.633092880249023
34505,4.293394565582275
104731,5.166698455810547
41378,4.017182350158691
6778,4.073648929595947
103257,4.346766948699951
71592,5.001657962799072
29518,5.060734748840332
3518,4.470569610595703
104936,3.649219274520874
19936,4.338830947875977
73938,5.038509368896484
52180,4.957736015319824
77823,4.308231353759766
88257,4.928279876708984
50888,4.8238701820373535
20283,4.585834980010986
22607,5.086979866027832
12239,4.4237380027771
73617,4.328732490539551
48290,4.483585834503174
27054,4.923038959503174
47940,3.9141013622283936
102420,4.905128479003906
3876,5.073997497558594
84070,3.9016921520233154
22884,4.632818222045898
18535,5.258953094482422
70209,4.866229057312012
82967,4.595120906829834
51600,4.676377296447754
75262,4.131259918212891
87835,4.257869720458984
91748,3.061513900756836
13822,4.419318199157715
87017,3.947439670562744
16137,4.752224445343018
41278,4.834379196166992
32840,4.406792163848877
80288,4.322205543518066
39156,4.377593517303467
89792,4.559094429016113
74176,4.9013776779174805
27332,3.652117967605591
76360,4.225104808807373
8999,5.062417030334473
61289,4.307427406311035
99565,4.212796688079834
58368,4.76685905456543
62819,4.320143699645996
42225,4.9944000244140625
15372,4.444521903991699
27092,3.7124884128570557
44532,4.8732075691223145
4070,4.593596458435059
42710,4.252438545227051
102912,4.784947872161865
108298,2.927243709564209
20837,4.731838226318359
39064,4.329059600830078
13442,4.386257648468018
67490,4.025620460510254
76893,4.231527805328369
90053,4.962719440460205
25904,4.6128926277160645
34325,4.800020217895508
38309,4.046652317047119
78769,4.334166049957275
68177,4.378518104553223
47310,3.7943029403686523
102069,3.6739954948425293
30255,4.088925838470459
35687,4.285355091094971
17217,3.727491617202759
75042,3.9426064491271973
97957,4.74889612197876
73109,5.015267848968506
53188,4.6861677169799805
51474,4.933418273925781
80697,4.232145309448242
32984,4.786556720733643
98049,4.92232608795166
39003,5.0653839111328125
104248,5.115164756774902
106584,4.517209529876709
95721,3.344593048095703
82352,3.845932960510254
82788,5.345066070556641
59331,4.630914211273193
32294,4.44331693649292
5793,5.068360805511475
58076,4.085906982421875
62312,4.497608184814453
49357,3.677802085876465
54872,4.127856731414795
32656,5.091244697570801
22835,4.204395771026611
31548,4.323379993438721
105672,4.829384803771973
82710,5.09852409362793
41962,4.675838947296143
67578,4.3189167976379395
2195,4.338172435760498
9008,4.256178855895996
103332,3.993076801300049
64173,4.444877624511719
89418,4.957836627960205
63678,5.054485321044922
58605,4.464409828186035
31850,4.5077128410339355
20433,4.990394115447998
86215,4.4734344482421875
31276,4.13719367980957
69609,4.372366428375244
104068,3.2343554496765137
34203,4.292579650878906
6966,4.6403985023498535
15143,4.002652168273926
70387,3.8304812908172607
100351,4.444029331207275
103328,4.055100917816162
25154,4.655959606170654
70134,4.919640064239502
94908,4.948952674865723
58348,4.689328193664551
73365,5.022815227508545
90839,4.263203144073486
60014,4.491357326507568
43563,4.842458248138428
37698,4.108855724334717
65703,4.9733991622924805
86811,4.763007164001465
105545,4.8753342628479
28483,5.0042290687561035
23658,5.045031547546387
93616,4.574791431427002
15730,3.740593671798706
64100,4.627219200134277
46261,4.378308296203613
8847,4.273597240447998
70615,4.399369716644287
64589,4.8074164390563965
58701,4.643205165863037
66083,4.553424835205078
95744,4.3476881980896
2131,4.857957363128662
70065,5.238455772399902
86763,4.9417290687561035
57122,3.5114192962646484
64795,4.421712875366211
40579,5.00971794128418
33193,5.009377479553223
76373,3.731733798980713
23860,2.8330881595611572
13297,4.550763130187988
18631,4.844374179840088
23224,4.735776901245117
20946,3.9889986515045166
24074,3.59171724319458
30101,4.862124919891357
47988,4.093442916870117
39571,4.881242752075195
65350,4.783851623535156
20681,4.878545761108398
7939,4.094878196716309
4078,4.04612922668457
81174,4.253180980682373
70158,3.617152690887451
108585,5.280915260314941
15120,5.115077018737793
87161,5.0633931159973145
86257,4.895642280578613
96204,4.943768501281738
98500,4.637925148010254
87165,5.038058280944824
56197,4.3122782707214355
99145,4.669222831726074
42192,4.974358558654785
18620,4.679154872894287
83180,4.193628787994385
71570,4.269721031188965
13304,4.770816326141357
54519,2.9336705207824707
35871,4.873398780822754
83033,4.759483337402344
27127,5.042962074279785
68728,3.8679347038269043
12370,5.212282180786133
20334,4.42763614654541
80449,4.753994464874268
28261,4.791247367858887
3775,5.029395580291748
67967,5.3956098556518555
1531,5.222054958343506
42709,4.718771457672119
71949,4.503398418426514
95635,4.409055233001709
52668,5.012818813323975
46893,5.0876874923706055
7342,5.17678689956665
54330,4.700214385986328
99047,4.43436336517334
13798,4.674020290374756
23739,3.8726367950439453
12727,5.037693977355957
41881,4.9026408195495605
59023,4.871250152587891
51211,4.069249153137207
14628,5.31284761428833
61719,4.759373664855957
63766,4.631999969482422
57419,4.207244396209717
2236,4.432417392730713
63368,4.700872898101807
47441,4.457192420959473
39857,4.168351173400879
35008,4.5750732421875
44473,4.221985816955566
34050,4.701863765716553
36206,3.772488832473755
32985,4.728488445281982
23881,5.237240314483643
102588,4.870312690734863
56250,4.906262397766113
36438,5.02388858795166
65442,5.046497344970703
24115,4.355772972106934
16712,4.715773105621338
13808,4.851679801940918
11219,4.515964508056641
29445,5.012777328491211
21233,4.590921401977539
104052,3.7798314094543457
6106,3.74664306640625
12684,5.018076419830322
36170,3.5682103633880615
597,4.37123441696167
30318,4.905281066894531
87221,4.270827770233154
70346,3.821866035461426
20905,4.462714195251465
13143,5.184177875518799
4390,4.600697994232178
10948,4.813038349151611
12605,4.366364479064941
84446,4.9406538009643555
98269,4.527167797088623
101314,3.1479079723358154
38576,4.7308149337768555
14068,4.613348484039307
103698,4.11661958694458
62252,4.963843822479248
51799,4.284233570098877
60030,4.366299629211426
104751,4.3496551513671875
29388,4.481359004974365
84694,5.091312885284424
54391,3.11193585395813
39653,3.633751392364502
16999,5.177701950073242
91194,4.935331344604492
106411,4.111873149871826
27280,4.493987083435059
89284,5.1328020095825195
64366,4.777253150939941
38831,4.2151618003845215
72970,4.61269474029541
30182,4.5804243087768555
62489,4.387345790863037
100953,4.019425392150879
27223,4.511518955230713
52389,4.687989234924316
41009,3.6631007194519043
97287,4.291896343231201
52669,4.696982383728027
20525,3.9255237579345703
61939,4.448956489562988
13950,4.486720561981201
34804,5.229799270629883
42370,5.011963367462158
78615,4.543525695800781
63102,4.384541034698486
13295,4.962425708770752
104846,5.065898895263672
92151,4.497948169708252
15947,4.8835015296936035
9579,4.307432651519775
33359,5.117108345031738
51056,4.76918363571167
51437,4.826075553894043
14587,5.063221454620361
75387,5.018372535705566
101834,4.822954177856445
22572,4.168000221252441
30737,4.720678806304932
50583,4.551122665405273
96179,4.904664516448975
51404,5.139577388763428
69453,4.377973556518555
62716,4.615341663360596
48349,4.831404209136963
2856,4.997314929962158
30117,4.845711708068848
4972,5.194573879241943
27267,3.9553942680358887
101543,4.720678329467773
1467,4.66175651550293
58216,4.760700702667236
38196,3.324106216430664
71434,4.605217456817627
52315,4.855271339416504
49960,5.011348724365234
71678,4.253314971923828
94244,4.169135570526123
54117,4.132143497467041
13193,4.633869171142578
38791,4.4800944328308105
35074,4.895286560058594
86533,4.695980548858643
27644,4.8195037841796875
71520,4.122537612915039
87331,4.397485256195068
46076,4.025268077850342
87728,3.5908565521240234
14603,4.877471923828125
27450,4.6425275802612305
23293,4.740840435028076
84414,4.536464691162109
98655,3.9765825271606445
75037,4.7606706619262695
73590,5.013619422912598
72519,5.233489990234375
93131,4.7916717529296875
51842,4.823935508728027
1177,4.816067695617676
52343,4.3709001541137695
67551,4.081521511077881
5165,4.542389392852783
102017,4.616157531738281
34885,4.598684310913086
94772,3.019526481628418
3379,3.424433708190918
8557,5.179279327392578
78522,4.901516914367676
54898,4.933204174041748
30834,4.5152130126953125
5351,3.7799766063690186
66364,4.588916301727295
68632,4.0078911781311035
24995,4.1072564125061035
55230,4.991741180419922
40250,4.787036418914795
50061,4.555464267730713
14788,4.518655300140381
35577,4.073188304901123
17027,5.180233478546143
4892,4.440877914428711
53879,5.131723880767822
71995,4.357940196990967
30236,4.760729789733887
54963,2.7981081008911133
95795,4.507636070251465
20213,4.524714946746826
7755,4.9503889083862305
98759,4.752198219299316
77896,4.185787677764893
89549,4.18943452835083
28452,4.953466415405273
99849,3.3875625133514404
76894,4.71917724609375
36926,4.477698802947998
20441,5.092767238616943
57081,4.5835347175598145
89732,3.8966362476348877
42104,4.905724048614502
63718,4.679525852203369
81249,3.804398775100708
62831,3.385889768600464
3313,3.979499578475952
80529,4.705844402313232
30803,4.010568141937256
107046,4.493348598480225
50629,4.616425037384033
107659,5.235302448272705
68264,3.8877081871032715
31881,3.780061960220337
3141,4.630176544189453
42208,5.1025543212890625
69902,4.301217555999756
2682,4.45412540435791
448,4.918439865112305
77588,4.286244869232178
78316,4.413656711578369
34703,4.986843585968018
50522,4.443857192993164
67486,4.192623615264893
26416,4.777392387390137
70651,5.030364990234375
34421,4.98367977142334
69896,4.947769641876221
74469,4.798486709594727
95812,4.060347557067871
13155,5.03505277633667
39674,4.494180202484131
49172,3.8607125282287598
50519,4.90364933013916
10400,4.387866497039795
90841,4.120265960693359
36838,4.952605724334717
8621,4.372344017028809
52750,4.3318657875061035
12875,4.50684118270874
57804,4.2790141105651855
77593,4.234726428985596
81973,5.142608642578125
470,4.631172180175781
17653,4.688440322875977
9591,4.854990005493164
73756,4.037056922912598
22424,5.0428900718688965
75433,4.579773426055908
100198,3.458383321762085
80145,4.9710612297058105
71579,4.707728862762451
72732,4.741575241088867
56570,5.058235168457031
103022,4.505833148956299
48413,4.435219764709473
38281,3.958744764328003
59996,4.403354167938232
32255,4.710610389709473
36083,4.851452350616455
30670,5.301797866821289
33606,4.268406391143799
8275,4.261394500732422
56430,4.425958633422852
35406,4.288115978240967
107179,4.508288860321045
59901,4.3865180015563965
36468,4.269500255584717
31975,4.505474090576172
71819,4.636207580566406
96271,4.148307800292969
107580,4.733341217041016
63200,4.483727931976318
74989,4.48475456237793
32626,4.3443193435668945
77497,4.597591876983643
82502,4.1701579093933105
69973,4.672761917114258
100390,4.626823425292969
18523,4.771912574768066
40587,4.961746692657471
79129,4.890198707580566
50169,4.710456848144531
61594,4.374098300933838
71198,4.554701805114746
42775,4.769111156463623
46361,4.838082790374756
46240,4.839042663574219
65921,4.882722854614258
53559,4.455122470855713
14194,4.54363489151001
19196,5.218674182891846
65894,4.1547532081604
17326,4.803704261779785
2008,4.73845911026001
67500,3.563319206237793
33009,4.6184983253479
95119,4.775661945343018
21244,4.556311130523682
63761,3.960306167602539
84485,4.744879245758057
87189,4.541082382202148
54178,4.626616954803467
105711,4.691964626312256
47023,4.015090465545654
107880,4.696156024932861
85207,4.583216667175293
88601,5.222240447998047
37508,4.384415626525879
107220,5.064676761627197
81116,4.978959560394287
69696,4.795216083526611
39013,4.50229024887085
27835,4.752115249633789
30306,4.289373874664307
11828,4.536816596984863
5857,4.960533142089844
77993,4.784496307373047
21273,5.216852188110352
12027,4.066309452056885
24760,4.355187892913818
78386,4.7859296798706055
77321,4.706113815307617
85139,3.616550922393799
94698,4.6791090965271
600,4.1924638748168945
58224,4.715355396270752
35160,5.138532638549805
20009,3.9424595832824707
61603,4.854046821594238
93969,3.9176886081695557
854,3.620299816131592
99918,4.649573802947998
66663,2.819441795349121
29242,4.500478267669678
107905,4.6001739501953125
106849,1.823798418045044
52382,4.951189041137695
37390,5.035404205322266
7490,3.6939263343811035
90255,4.424434185028076
63303,0.9280798435211182
46513,3.88163423538208
29653,4.726531505584717
31763,3.930973529815674
67710,4.143795967102051
33462,4.0655388832092285
55777,4.139434814453125
90369,4.5159783363342285
51941,3.4219448566436768
108106,4.694891452789307
45828,4.707059860229492
87648,4.690878391265869
95739,4.962538719177246
85418,4.263729572296143
23498,4.416454792022705
56180,5.2444233894348145
82293,5.087762355804443
35511,4.808485984802246
12564,4.089629650115967
31659,5.292318820953369
60873,4.349383354187012
9271,4.608290195465088
69122,3.3740901947021484
49458,3.7139554023742676
67288,3.746335506439209
38990,4.676436901092529
94412,4.546391010284424
18341,4.233916759490967
41512,3.739100456237793
93636,3.7598326206207275
34414,4.020412921905518
58189,4.282553672790527
107706,5.308374404907227
8407,4.693253040313721
14652,4.862557888031006
27709,4.865076065063477
42426,4.079416275024414
102319,4.70644474029541
62817,3.9773664474487305
32662,4.83989953994751
39867,3.607361316680908
70062,4.838990211486816
32184,4.233993053436279
13738,4.559202194213867
43987,4.727810859680176
25640,4.846959114074707
105491,3.940840244293213
101589,4.703441619873047
30058,4.242977142333984
81092,4.596541881561279
832,3.5876352787017822
80787,4.454811096191406
104725,4.066531181335449
101768,4.123718738555908
53503,4.490849494934082
25781,5.1152424812316895
105844,5.4488701820373535
79658,4.139492511749268
73507,4.993246078491211
104581,4.156732082366943
103024,3.640450954437256
10271,5.05945348739624
30555,5.134359359741211
30128,3.556920051574707
55976,3.4736580848693848
34268,3.6667163372039795
27532,4.344891548156738
65596,4.401898384094238
835,3.936532735824585
27665,4.934093475341797
94188,3.808401346206665
64902,4.44022798538208
75767,4.20913028717041
48318,3.5779759883880615
63596,4.864009857177734
46915,5.0005364418029785
75585,4.667942523956299
57129,4.270092010498047
29307,4.447266101837158
17160,4.344379425048828
25547,5.056013584136963
41222,4.900178909301758
68266,3.4544484615325928
61887,4.809676647186279
79145,4.612208843231201
86684,4.162975311279297
76001,4.155188083648682
56105,4.804803848266602
108024,4.822081565856934
910,4.281165599822998
65586,4.287942886352539
7453,4.40610933303833
623,5.138373851776123
87732,4.996016979217529
87721,4.35960054397583
38278,4.564237117767334
5184,4.263343811035156
100357,5.157436847686768
53748,4.313116073608398
49909,4.776203632354736
81520,4.3772478103637695
90006,5.292790412902832
70799,4.582876682281494
37271,3.741779327392578
35721,4.540927410125732
75236,5.281846046447754
66770,4.157149314880371
91962,4.735356330871582
87312,4.5830583572387695
20607,5.005751609802246
81833,4.129887580871582
4262,4.03670072555542
40674,4.8383564949035645
58285,4.651578426361084
3224,4.420985221862793
42119,4.489177703857422
107292,3.9878695011138916
41175,4.716467380523682
38269,4.5600481033325195
68038,4.238516807556152
38589,3.908867359161377
12884,3.6783628463745117
51503,4.973092079162598
28901,5.110256195068359
31415,4.132847785949707
10512,4.1783766746521
21502,4.214671611785889
38431,3.6649720668792725
48991,4.394141674041748
28227,5.14494514465332
8281,4.770810604095459
18847,4.8866167068481445
43896,4.8423171043396
84556,4.2503509521484375
32660,4.9003520011901855
105192,4.54127836227417
68674,4.095733165740967
78448,4.37612247467041
55826,5.01828670501709
45025,4.887118816375732
31774,4.854698181152344
74535,4.946223735809326
97883,4.655638217926025
75300,4.758949279785156
23288,4.521047592163086
10592,4.631417751312256
68530,4.609666347503662
53731,4.775249481201172
47694,4.705560207366943
5773,3.8968422412872314
22785,4.107302665710449
16818,4.8446269035339355
28173,4.200983047485352
56042,4.840876579284668
29094,5.190550327301025
105020,4.293323040008545
94122,5.059477806091309
14476,3.580530881881714
65579,4.826392650604248
50114,4.691500186920166
107676,4.964473724365234
66232,4.043942928314209
49244,3.806290864944458
68614,4.775332450866699
79898,4.681066513061523
54005,4.847207546234131
27061,4.474239349365234
32076,4.621166706085205
44331,4.865938663482666
4805,4.828577518463135
59881,5.183937072753906
30218,3.7653849124908447
45052,4.447940826416016
73282,4.992434978485107
17770,4.7058563232421875
51440,4.518656253814697
45790,4.959763050079346
25919,5.157504558563232
17248,4.039148807525635
101241,4.236959934234619
85598,4.946453094482422
42074,4.33208703994751
92080,4.636385917663574
69240,4.348006248474121
7340,5.372637748718262
33435,4.175023078918457
50277,4.727262496948242
61938,5.131130218505859
59929,4.9434685707092285
9106,4.634477138519287
107945,5.065110683441162
76973,4.652022361755371
46667,4.800411224365234
12562,4.313300132751465
78740,4.732460975646973
2656,4.512832164764404
9469,4.465903282165527
18805,3.9759719371795654
72938,4.490832805633545
95482,4.838294506072998
91928,4.3366217613220215
35128,4.701574802398682
80856,4.75642728805542
98303,4.430420875549316
20404,3.3029539585113525
64580,3.6452534198760986
12361,4.109707355499268
34376,5.140130519866943
22674,4.543102264404297
99015,4.502617835998535
15379,5.0024943351745605
94759,4.468814373016357
52469,4.044640064239502
40604,4.755727291107178
24809,3.9817628860473633
2744,4.223740577697754
18168,4.993021488189697
96199,4.885075092315674
63148,4.120542049407959
13313,4.861970901489258
20349,5.198286056518555
44287,4.309491157531738
50941,3.5329909324645996
65686,5.325983047485352
95938,4.973222732543945
85806,3.5144100189208984
59073,5.078298091888428
11546,4.645723342895508
94991,4.854271411895752
11937,3.461799383163452
92665,5.088037967681885
38185,4.217611789703369
49096,4.748802661895752
45412,5.112454414367676
9794,4.65575647354126
106367,4.383329391479492
68287,4.806564807891846
21608,4.803770065307617
40949,4.726048946380615
107433,5.10420560836792
34462,3.4195473194122314
89906,4.920645236968994
92206,4.704829692840576
65660,4.1527605056762695
84633,5.278624534606934
86819,4.699370384216309
98281,4.752038478851318
28498,4.755796909332275
44672,4.016708850860596
10783,4.614664554595947
47099,4.1354660987854
64769,5.114790916442871
11506,4.929996967315674
41072,4.912654876708984
76668,4.274422645568848
68465,3.822002410888672
50422,3.570850372314453
12912,4.505948543548584
47756,4.82977819442749
107019,4.317903518676758
89464,4.788143634796143
108424,4.005481719970703
108346,5.142580032348633
32147,3.490589141845703
62485,4.548144817352295
83782,4.102950096130371
78274,4.847292423248291
18391,4.765151023864746
589,4.760294437408447
65974,4.579934597015381
9574,4.551886081695557
77106,5.2627363204956055
34189,4.677424430847168
51164,4.368633270263672
76490,5.427913188934326
59341,4.475010395050049
50576,4.505141735076904
15526,4.210538387298584
71593,4.94492244720459
17162,4.632129192352295
40327,4.995486259460449
87423,4.533001899719238
60431,4.231107234954834
41180,4.912414073944092
60386,4.495465278625488
102717,4.198634624481201
65135,4.705732345581055
10720,4.8050103187561035
93366,3.4367237091064453
105062,3.940425157546997
14710,3.7961513996124268
35045,4.016475200653076
1583,5.082225799560547
42238,4.84359884262085
62100,3.981910228729248
939,2.747685194015503
37792,4.670182228088379
17094,4.66441011428833
76318,4.734790325164795
102482,5.131157875061035
57245,4.748955249786377
23613,4.437787055969238
24449,4.606266975402832
96474,5.631636142730713
48427,4.384702682495117
45474,3.7225828170776367
51218,3.972534418106079
103584,4.792355060577393
4913,4.102590084075928
60560,4.973711013793945
91566,4.983055114746094
57555,4.6254496574401855
67756,3.696479082107544
97414,4.720146179199219
84417,3.657867670059204
61311,4.41516637802124
10991,4.571160793304443
17147,3.873812198638916
86353,4.9787702560424805
72521,4.737046241760254
46846,5.013479232788086
9244,4.592379570007324
102527,4.560920238494873
92148,4.943711757659912
20005,4.471734523773193
64764,4.920884609222412
82038,4.414671897888184
71809,4.284938812255859
78937,4.641472816467285
74573,4.330216407775879
35274,2.3252360820770264
69078,4.459156513214111
105250,4.946239948272705
107307,3.9505655765533447
81880,4.782514572143555
82045,4.263388156890869
59747,3.762935161590576
50091,4.872127532958984
52545,3.7514243125915527
43113,4.917698860168457
105895,4.184315204620361
77805,4.008714199066162
65648,4.8133931159973145
94129,5.391723155975342
17488,4.890413284301758
90983,4.950038433074951
45414,4.515188694000244
32852,5.099791049957275
57493,2.938061237335205
30366,5.199863433837891
103446,4.606608867645264
107416,2.941873550415039
9604,3.588371515274048
90758,4.472498893737793
105256,4.654013156890869
60135,4.509862899780273
100647,4.17769193649292
18513,3.6033432483673096
70286,4.723629474639893
70159,4.38288688659668
35931,4.197902202606201
1799,4.856722831726074
40427,5.090333461761475
101652,4.804046154022217
85306,4.770399570465088
75189,5.26070499420166
17061,4.168265342712402
35350,4.285848140716553
92984,4.886876106262207
15432,4.184548854827881
71610,4.137416362762451
58382,2.195586681365967
102577,4.778285026550293
41786,4.905346870422363
12438,5.0159010887146
90609,4.136985778808594
26317,4.5076212882995605
74026,4.560009479522705
103670,4.884393692016602
71068,3.0036063194274902
34323,4.173829078674316
60926,3.680741310119629
18563,5.095004558563232
51739,4.326638698577881
102212,4.315777778625488
93416,2.9169211387634277
95797,4.614578723907471
107838,4.695995807647705
30721,5.374067306518555
96121,4.581140518188477
5749,4.628061771392822
106939,4.752344131469727
8268,4.721056938171387
24079,4.219889163970947
15021,3.9718105792999268
29456,4.200409412384033
18377,4.9350199699401855
79022,4.403939247131348
59918,5.0592756271362305
4034,4.509361267089844
67326,5.230886936187744
26928,4.603340148925781
51076,5.210683345794678
36550,5.058470249176025
49906,4.530493259429932
78748,5.090185642242432
106609,4.2694830894470215
46669,4.684743404388428
11130,4.97216272354126
11367,4.442130088806152
16669,4.896312236785889
48687,4.799267292022705
5669,5.1626667976379395
62754,3.1319494247436523
41667,4.533804893493652
8054,3.450984477996826
34927,4.562744617462158
53682,3.8894574642181396
82820,4.850894927978516
72879,3.7262156009674072
38102,4.688778877258301
21285,3.6111297607421875
91605,4.854236125946045
40995,4.513365268707275
54820,3.9907636642456055
64743,5.13956356048584
73641,4.543956756591797
34378,4.742338180541992
105476,4.512855529785156
35253,3.998645305633545
43690,4.370140552520752
75137,4.542048931121826
6008,3.0461103916168213
102778,4.863640308380127
91390,4.686668872833252
4878,4.383418083190918
26405,4.947208404541016
23812,4.18681001663208
100870,4.091394424438477
37583,4.690054893493652
58912,4.825720310211182
45782,4.8954010009765625
68079,4.57414436340332
83271,4.339552402496338
68056,4.031588554382324
49515,4.086669445037842
47320,4.363925457000732
42247,3.662935733795166
43997,4.045927047729492
92839,4.863142490386963
4161,5.109119892120361
73041,4.87933349609375
98441,5.191898345947266
48131,5.017517566680908
98390,4.3289713859558105
69757,4.03382682800293
22395,4.057956695556641
24195,3.8121988773345947
78837,3.1904704570770264
5620,5.074461936950684
1461,4.706830978393555
4296,3.7435972690582275
83285,4.150142192840576
94251,4.848647117614746
96870,3.8707351684570312
19107,5.345910549163818
70707,4.741268634796143
54277,4.5388407707214355
51952,4.204498291015625
78350,5.203519344329834
106068,4.25269079208374
60116,4.86269998550415
51249,4.41900110244751
46736,5.090415000915527
106263,4.361381530761719
58018,4.664305686950684
94213,4.09724235534668
14827,4.974336624145508
50669,4.4100823402404785
2316,4.852317810058594
45931,4.243894100189209
94029,2.9885971546173096
79029,4.616665840148926
32622,5.129915237426758
97603,4.371275901794434
105662,4.7730302810668945
37166,4.228038311004639
21767,4.774236679077148
107185,4.332196235656738
65431,4.635482311248779
23190,4.9400200843811035
94487,4.423216342926025
54715,4.489725589752197
9837,4.446252346038818
27063,3.806697130203247
68555,5.0474958419799805
67833,4.917271614074707
17086,4.891788959503174
69436,4.344361305236816
34156,4.407675743103027
100185,4.933875560760498
86045,4.1896891593933105
33923,3.3740077018737793
72618,4.391148090362549
100685,5.216314315795898
83726,4.824296474456787
7320,4.306020259857178
27217,4.698497295379639
99177,4.6987433433532715
92813,4.9188456535339355
94194,4.390322685241699
101380,3.901409149169922
1621,4.370741844177246
13089,4.761074066162109
84585,5.068313121795654
13931,4.997493267059326
8834,4.977845191955566
629,4.261092662811279
13556,5.093450546264648
57680,5.127413749694824
43553,4.900521755218506
63912,4.771549701690674
87649,4.4927825927734375
76517,5.286020755767822
47952,3.7643234729766846
72867,4.843708038330078
21083,4.517388820648193
49196,4.6109161376953125
18973,3.675321578979492
104913,5.083683967590332
40193,4.819614410400391
73957,3.2510695457458496
50107,4.594349384307861
36276,5.018686294555664
51957,3.688781261444092
98297,4.105279445648193
4073,5.081524848937988
14893,5.005915641784668
59249,4.962538242340088
65555,4.100747585296631
36809,3.85599946975708
12019,4.635079860687256
19027,4.335898399353027
18413,4.702059745788574
81997,4.31596040725708
25043,4.692030429840088
35400,4.470969200134277
65740,4.522789478302002
105401,4.324331760406494
34894,4.15704345703125
79727,4.65529727935791
364,4.967962265014648
66586,5.1258931159973145
14671,4.22687292098999
69516,4.884528636932373
58553,3.80094313621521
16274,4.7907490730285645
48493,4.513382911682129
13104,4.577803134918213
23453,4.398058891296387
40872,4.936187744140625
95548,3.8372645378112793
67377,4.725344181060791
13305,4.94586706161499
46278,4.593176364898682
88743,4.823732376098633
5563,4.9697699546813965
63792,4.515060901641846
20074,4.9509758949279785
69800,4.458607196807861
4056,4.854128360748291
106017,4.354275226593018
101505,4.212758541107178
72138,4.293006420135498
93171,4.7682390213012695
17571,5.046091079711914
12406,3.5977087020874023
105271,4.842698097229004
95057,4.74078893661499
66109,4.4083733558654785
9686,5.1356916427612305
55548,4.431770324707031
30976,4.515679359436035
62214,4.4485650062561035
70755,4.866568088531494
33279,4.403542995452881
49824,3.953813314437866
73481,3.7236597537994385
69205,5.074645042419434
59201,2.7040669918060303
21041,5.087195873260498
82924,4.26102352142334
47683,4.217790126800537
72964,5.0266571044921875
4062,4.763199329376221
14001,4.718778610229492
106314,3.8244268894195557
19807,3.4353272914886475
361,3.7788283824920654
277,4.221817970275879
8408,4.941954135894775
45196,4.456669807434082
43983,4.446746826171875
52732,4.02211332321167
60842,3.9813761711120605
105901,4.266539096832275
33931,4.514153003692627
106454,4.95652961730957
56398,4.737650394439697
81909,4.480495452880859
82418,5.312165260314941
25052,4.458806037902832
82493,5.254838943481445
9226,3.9541168212890625
54894,4.189541816711426
51531,4.56673526763916
107531,4.712006092071533
69568,2.7850539684295654
82242,5.477375030517578
41972,4.100820541381836
83991,4.607187747955322
78804,4.437880039215088
48829,4.994284629821777
93181,3.8228065967559814
85036,5.340653419494629
59435,4.406928539276123
13433,4.6588969230651855
104019,4.216872692108154
16785,4.860565185546875
66588,4.343304634094238
4057,4.952446937561035
78160,3.2771155834198
97143,4.822097301483154
82664,4.286337375640869
99906,4.463285446166992
100952,4.575259208679199
61796,4.8719329833984375
36027,4.094120025634766
40195,5.00515604019165
51848,3.5177390575408936
87527,5.002695083618164
60209,3.90631103515625
104,4.761456489562988
41237,5.116762638092041
54291,4.859021186828613
16334,4.6626811027526855
69322,4.132046222686768
10198,5.2292375564575195
57732,4.749146461486816
73141,4.786520957946777
34113,4.959200382232666
16285,4.707782745361328
24306,4.3246378898620605
76084,4.100301265716553
14995,4.5661234855651855
58699,4.71950626373291
104985,4.571023464202881
32474,5.097460746765137
39923,3.9780168533325195
83319,4.912138938903809
50009,5.04890775680542
20697,4.771799087524414
29326,3.2229411602020264
85652,4.5949296951293945
88145,4.25432825088501
87079,4.038480281829834
88708,3.881887912750244
84834,4.362959384918213
58871,4.7350172996521
37457,4.509098529815674
1524,4.907111167907715
44339,4.118690490722656
21863,4.4073991775512695
86259,3.9967989921569824
74136,5.080249309539795
51303,4.98566198348999
5547,5.123403549194336
36002,3.78407621383667
99775,4.0685577392578125
49129,3.2226884365081787
38956,4.443264484405518
76944,4.868897438049316
49759,3.8688793182373047
21523,4.516817569732666
70870,4.6734490394592285
75781,4.757823467254639
29554,5.1322197914123535
104680,4.572414398193359
53081,4.340624809265137
12579,4.935192584991455
12211,4.9441399574279785
103663,4.031078338623047
80660,4.970057010650635
44981,5.079437255859375
6417,4.656947135925293
4347,3.9307360649108887
13122,4.817678928375244
37799,5.032715320587158
58561,4.454816818237305
19537,5.218335151672363
59174,4.4051513671875
74297,4.412502288818359
16130,4.283888816833496
71214,4.805840492248535
3652,3.5855212211608887
22077,4.255105495452881
42675,4.748819828033447
78488,4.222801685333252
69697,4.944872856140137
102534,5.061206340789795
15862,4.522342205047607
65929,4.672945976257324
67279,4.759453773498535
105315,4.633803367614746
84136,5.007261276245117
53129,4.862649440765381
49404,3.1981053352355957
96021,4.777483940124512
86591,4.540717124938965
55523,4.453367710113525
13803,4.381753444671631
82285,5.285634517669678
22877,4.530056953430176
21040,4.144084930419922
100420,4.716669082641602
67870,4.825044631958008
80953,4.810827732086182
108353,4.296223163604736
1324,5.0359296798706055
108143,4.7004194259643555
80367,4.700039386749268
41271,4.266683578491211
80308,4.68361759185791
13239,3.9837331771850586
36938,4.678483486175537
36632,4.809297561645508
18319,3.808107376098633
71643,4.0593671798706055
9196,4.790881156921387
85049,5.018951416015625
75216,4.430034160614014
45403,5.23121452331543
94670,4.347517013549805
42502,4.285438537597656
42341,5.026368618011475
78406,4.801111221313477
11606,4.935821533203125
85163,4.394186973571777
17938,5.065568447113037
20154,4.3859543800354
26171,4.923475742340088
34037,4.954573154449463
93740,4.715834617614746
93254,4.608918190002441
53132,4.118128776550293
51291,4.940016269683838
51016,4.097553730010986
63802,4.661900520324707
103936,5.246487140655518
96234,4.922994613647461
73375,4.970114707946777
5592,3.4095957279205322
105489,4.70292854309082
42008,5.172088146209717
46431,4.593971252441406
34302,5.002541542053223
24368,4.940261363983154
27518,4.573087692260742
47376,4.0486226081848145
99510,4.7938456535339355
81768,4.63665771484375
119,4.506411075592041
18347,5.112821578979492
42556,3.7944514751434326
40818,5.0052642822265625
33942,4.517753601074219
39604,5.208958625793457
80295,4.717576026916504
13518,4.809950351715088
12414,5.033092021942139
77077,5.100837230682373
44578,4.626293182373047
75708,4.628106117248535
68664,4.717782974243164
78862,3.4327950477600098
65462,5.099352836608887
91406,4.397858619689941
9699,5.086916446685791
97298,4.337343692779541
80410,5.046811103820801
90586,4.68337345123291
43194,4.260050296783447
6246,4.523764133453369
81295,2.656597375869751
39345,4.736018180847168
13780,4.599808216094971
8807,4.546282768249512
77325,4.752131462097168
49523,4.175841331481934
44925,4.596217632293701
90049,5.116983890533447
39851,3.6623950004577637
4667,4.251410007476807
91841,4.9711127281188965
25324,4.645249366760254
104814,4.843298435211182
44844,4.312459468841553
5661,5.038337230682373
78402,4.47671365737915
82163,4.039562702178955
73064,3.990017890930176
16837,4.554405689239502
56236,4.898823261260986
61752,4.036831855773926
3728,4.496873378753662
10635,4.648906707763672
22137,3.8514723777770996
40158,3.962331771850586
37409,4.0710859298706055
42915,4.7852301597595215
15392,4.489983558654785
107281,3.584980010986328
40330,4.8553266525268555
103256,4.521563529968262
107911,4.861332893371582
3661,3.5206077098846436
91711,4.953149795532227
74159,5.040073394775391
35377,3.8384950160980225
25649,4.660707950592041
29029,4.745603561401367
35917,4.557340621948242
61416,4.684823513031006
14651,4.897844314575195
107371,4.999448776245117
62334,4.649980068206787
108282,4.808568477630615
60084,4.382630348205566
29682,5.072597503662109
88212,4.1288743019104
6874,4.967877388000488
62318,4.99130392074585
84921,4.71041202545166
75838,5.521732807159424
60296,4.574460506439209
53823,4.661004066467285
21167,4.712274551391602
69802,4.84258508682251
7760,4.696634769439697
40892,4.254969120025635
13621,4.341667652130127
22158,4.9731621742248535
2268,4.6992058753967285
102708,4.380537986755371
25145,4.489516735076904
22804,4.609261989593506
26722,4.767277240753174
1516,4.508415222167969
70969,4.972879886627197
78186,4.130460739135742
30614,4.953616619110107
45704,4.3354105949401855
88349,4.3887410163879395
4301,5.036970138549805
48955,3.1903154850006104
104175,4.372594356536865
108113,4.521469593048096
63638,4.680895805358887
21193,4.784144401550293
4990,3.861475944519043
96423,4.008378982543945
108037,3.579211473464966
22729,4.717945098876953
87439,2.647563934326172
54695,4.288605690002441
45080,4.745734691619873
103298,3.893484592437744
61161,4.923146724700928
43233,4.319302082061768
10038,5.063205718994141
75375,4.196182727813721
90954,4.710284233093262
20533,4.576021671295166
46365,4.2186279296875
63360,3.530799627304077
19689,4.5544962882995605
12694,4.573863506317139
60114,6.085795879364014
51802,3.0066800117492676
55528,4.531418323516846
81493,4.92337703704834
11050,4.180903434753418
9005,4.829220771789551
77991,4.719890594482422
105166,3.888686180114746
16800,5.163003444671631
74178,4.817337512969971
23857,4.687347412109375
100124,4.312111854553223
45301,5.0399651527404785
74407,4.955825328826904
2926,4.495415210723877
13423,4.62868595123291
1846,4.728750705718994
77727,4.917128562927246
99716,4.837019920349121
9473,4.949353218078613
72374,4.68638801574707
64688,5.185789108276367
41921,4.448905944824219
41610,4.186720371246338
63602,5.17597770690918
6049,4.620077133178711
16890,4.138593673706055
89283,5.454237461090088
11879,5.005314350128174
55575,3.8329524993896484
57753,5.215640068054199
61001,4.6971588134765625
9152,4.473598003387451
90683,5.22932243347168
44393,5.065496444702148
16537,4.355419635772705
10905,4.050934791564941
60844,4.142358779907227
80154,4.853450298309326
2471,4.532652378082275
13953,4.64130163192749
15353,3.8913276195526123
79533,4.00314474105835
64922,4.5682477951049805
101134,4.2885212898254395
84689,5.21953821182251
68292,4.845786094665527
66879,4.842930316925049
7200,4.636839389801025
98752,4.005985736846924
14112,5.1403584480285645
28969,4.191104412078857
73286,4.187871932983398
81073,4.9267578125
17971,5.3202924728393555
9238,3.279120683670044
41792,5.111564636230469
59775,3.5382580757141113
67418,4.758662700653076
52218,2.7476041316986084
92846,4.844451904296875
38014,4.601740837097168
61730,4.569307327270508
48570,3.30867862701416
69553,4.767643451690674
45244,4.687027454376221
84363,4.458714962005615
44085,4.703566074371338
54321,4.2059550285339355
48552,3.9408204555511475
75703,3.8361051082611084
8372,3.9476020336151123
23458,4.9292778968811035
46879,4.7874321937561035
13840,4.730343341827393
59247,4.820333480834961
92422,4.265766620635986
14971,4.661405563354492
39302,4.78237247467041
61895,4.911132335662842
8768,4.5354790687561035
86354,4.288687229156494
13996,4.245267391204834
54947,4.779541015625
90816,4.2095160484313965
26471,5.049081325531006
24789,4.449592113494873
39705,5.233154296875
81434,4.4813032150268555
57083,4.248696327209473
91894,4.700317859649658
25173,5.14414644241333
93440,4.742178440093994
77887,5.137039661407471
81067,4.2405924797058105
101187,4.120960712432861
62444,4.228407859802246
57377,4.9119696617126465
101998,5.147401332855225
55381,3.943164825439453
3586,4.308235168457031
13578,4.331339359283447
106085,4.738276958465576
104336,4.349005699157715
94773,2.9348249435424805
90898,4.777103424072266
66858,4.574794292449951
28045,4.445523738861084
92999,4.16687536239624
24314,4.378729820251465
6959,4.484624862670898
68179,4.738619804382324
272,4.446186542510986
74615,4.128361701965332
16827,5.078723907470703
11426,4.464731216430664
76904,4.84713888168335
16681,3.238950729370117
4694,5.090256690979004
100103,4.628727436065674
33103,3.8289036750793457
9404,4.844746112823486
77984,5.131126403808594
29053,4.196399688720703
84925,4.740624904632568
41716,5.070679664611816
54550,4.601601600646973
103405,4.544105052947998
3078,4.004610538482666
98920,3.277970552444458
41232,4.8822455406188965
44375,4.891246795654297
62605,4.402599811553955
14676,4.327674388885498
80438,4.865281105041504
43698,4.666808128356934
79014,4.867603778839111
1375,5.109262943267822
8499,5.111495018005371
42815,4.126956939697266
71150,4.703487873077393
77981,4.567641735076904
31079,4.7775139808654785
108010,4.613718509674072
107595,4.490720272064209
35275,5.048977375030518
26556,5.191226482391357
46230,4.401969909667969
102648,4.756359100341797
27367,3.501338481903076
16845,4.859472751617432
105004,4.757743835449219
66221,4.5359416007995605
60220,4.895122528076172
82202,4.482468605041504
90242,4.687386989593506
28406,4.496676921844482
47902,4.447570323944092
60530,4.713899612426758
88641,5.0052618980407715
28633,4.446574687957764
70171,4.912099838256836
51126,4.630568027496338
12076,4.538761138916016
71430,4.750906944274902
95074,4.523111343383789
63694,5.077234745025635
43272,4.937676906585693
73804,3.767756700515747
2386,5.0634965896606445
88784,5.134291172027588
84508,4.423489093780518
29792,4.827394962310791
6103,4.527590751647949
60257,3.9720325469970703
87297,4.267124652862549
59533,3.9928321838378906
60460,4.301998138427734
17059,5.07841157913208
100273,3.019120931625366
98277,3.9301116466522217
103174,4.431529521942139
33861,4.830401420593262
98102,4.221009731292725
87875,3.951827049255371
79568,4.98916482925415
67371,4.929359436035156
47760,3.68918514251709
98981,4.326324939727783
104212,4.838480472564697
28911,5.277892589569092
3547,4.301111698150635
65227,4.447996139526367
27881,4.614748001098633
107108,4.948312759399414
39211,4.971996784210205
53900,5.130344867706299
91833,4.730183124542236
47601,4.515427112579346
44206,4.921177864074707
11285,4.507618427276611
38407,4.94917106628418
95064,3.65252423286438
50197,4.312816143035889
96866,4.070324897766113
102143,3.917353630065918
12261,4.55476188659668
27751,5.149118423461914
44887,4.7217183113098145
86696,5.105059623718262
74691,4.359930992126465
27449,3.8724517822265625
24503,4.661858081817627
88816,4.917263507843018
36074,3.447913646697998
81998,4.734961986541748
66063,5.001032829284668
44467,4.920257091522217
35564,5.202969074249268
94705,4.702609539031982
26476,4.357426166534424
60000,4.3564910888671875
99798,4.916737079620361
85929,4.929007530212402
79083,5.002757549285889
45165,4.505866050720215
97849,4.535257339477539
17092,4.847085952758789
33402,4.661826133728027
52112,4.591176986694336
87602,4.411940574645996
106753,4.661702632904053
106327,4.8190131187438965
91322,4.830199718475342
83836,5.02487850189209
70087,4.961007118225098
53421,4.852558135986328
34277,3.2971482276916504
8817,4.750428199768066
36715,4.722265243530273
92559,4.446449279785156
38749,4.241605758666992
81662,4.846166133880615
22411,5.22927713394165
76427,5.4500956535339355
55731,3.72049617767334
58083,4.194871425628662
105268,4.986140727996826
14099,4.539582252502441
64649,4.342248439788818
72044,3.131026268005371
38781,4.599372863769531
6656,4.627986907958984
77619,4.44269323348999
80726,4.010647296905518
46412,3.9472334384918213
99080,4.334990501403809
73889,4.987606525421143
26647,4.814366817474365
71291,4.196707725524902
32249,4.825132846832275
101139,3.9845175743103027
7242,5.093420505523682
101684,4.715549468994141
11700,4.745044708251953
98611,4.356979846954346
50821,4.46348762512207
6769,4.260532855987549
104774,5.081622123718262
107193,4.851724147796631
78577,4.6416120529174805
49371,4.656125068664551
28330,4.972529888153076
75590,4.655158996582031
51698,4.737590312957764
22972,4.967177391052246
94026,2.302048683166504
38674,4.119060039520264
56460,4.239881992340088
5102,4.349855899810791
12621,4.537965297698975
101155,4.602946758270264
48757,4.160727024078369
101861,4.764027118682861
74381,4.667353630065918
71160,4.4620561599731445
83916,4.441110610961914
87314,4.9757513999938965
5971,4.6972551345825195
63270,4.251899242401123
33913,4.378276348114014
10395,4.000485897064209
2574,3.6151604652404785
7001,4.615498065948486
54134,4.621253967285156
79404,3.4041638374328613
94383,3.3627119064331055
61517,4.712962627410889
22125,4.519322872161865
15783,4.9301252365112305
51595,5.328191757202148
104457,4.742919445037842
38007,5.165189266204834
37922,4.225576877593994
9667,4.929214954376221
47978,4.45048713684082
2701,4.875608444213867
98438,4.318345069885254
15535,4.187117576599121
61007,3.9090616703033447
55295,4.740994453430176
99935,4.402277946472168
88093,4.741997718811035
13427,4.556254863739014
50435,3.9473702907562256
55149,4.256168842315674
73568,4.150895595550537
87164,3.6668972969055176
45921,3.5398945808410645
65032,4.468795299530029
85937,3.728644847869873
84324,4.485092639923096
102583,4.5518598556518555
50229,4.629456996917725
77156,4.885725975036621
87664,4.540932655334473
15893,3.865412950515747
76775,4.797621726989746
93034,4.857393264770508
38780,4.757394790649414
10976,4.231434345245361
76695,4.4818267822265625
80642,5.000553131103516
23838,4.718489646911621
97394,3.6595916748046875
33771,4.733530044555664
57237,4.55197811126709
50027,3.1578879356384277
29526,4.298758029937744
74520,4.916347503662109
94889,4.783082008361816
47708,4.540727615356445
47967,4.33900785446167
38842,3.9243671894073486
97734,4.439703941345215
64926,4.548938751220703
52791,4.1493821144104
97185,3.8581950664520264
88859,4.686424255371094
27219,4.577053546905518
30349,4.660131931304932
98750,4.407614231109619
60597,5.067565441131592
11374,4.18189001083374
573,3.9231131076812744
66486,5.1048078536987305
90671,3.4148621559143066
32958,3.8767709732055664
34195,4.367272853851318
7300,5.008614540100098
96818,4.807463645935059
38682,4.572502613067627
88028,4.906095504760742
20616,5.080714702606201
102128,4.943690776824951
73138,4.594893455505371
101658,4.0997138023376465
102625,5.0563836097717285
94361,4.415792942047119
70558,4.663043975830078
2593,4.12260627746582
61316,4.726846218109131
104324,4.668623924255371
56020,4.370357036590576
98897,4.762603282928467
6623,4.912149429321289
79196,4.707334041595459
69920,4.38680362701416
35558,4.228945255279541
91509,4.582760810852051
66937,3.4005205631256104
97241,4.741919040679932
16357,4.367297172546387
64573,4.635642051696777
21517,4.559262275695801
27119,4.874112606048584
104308,3.4240174293518066
54384,3.5367324352264404
99663,4.757944583892822
67299,4.429041385650635
99190,4.035027027130127
26358,4.377354145050049
68507,3.631842851638794
64034,4.484298229217529
92934,4.183979511260986
19277,4.035521030426025
67936,4.301039695739746
102500,4.804788589477539
58234,4.998920917510986
53422,4.406051158905029
105599,2.2733054161071777
36222,4.62410831451416
15839,3.903369903564453
17307,4.750888824462891
100152,4.936161041259766
97254,5.130500316619873
66026,4.616490364074707
24130,3.8496816158294678
59448,2.9698355197906494
12118,4.390080451965332
42773,4.712500095367432
101238,4.355342864990234
46185,3.9985976219177246
34238,3.075913906097412
75958,3.2641358375549316
63968,4.893294811248779
62123,4.237104892730713
77435,5.120968818664551
100006,4.7510600090026855
81380,4.57924222946167
31884,3.9719696044921875
68961,5.002740383148193
66828,4.511288166046143
46458,4.5099406242370605
67390,4.158742904663086
16076,4.4927978515625
46423,4.896886348724365
107801,5.1280035972595215
76925,4.872513294219971
55404,4.835465908050537
42267,4.547905921936035
93925,4.941924095153809
28479,4.876135349273682
49206,3.29839825630188
33744,4.779754161834717
55131,4.515283584594727
106554,3.992976427078247
24807,3.585247278213501
23564,4.714048862457275
93650,5.386851787567139
16154,4.175186634063721
57072,4.237900733947754
108243,4.9061713218688965
37562,4.4842424392700195
51421,4.665294170379639
65625,4.781367301940918
86427,3.311925172805786
56206,4.021402359008789
79934,4.662937164306641
93148,4.139551162719727
62990,4.323812484741211
20848,4.714207649230957
90319,4.869706630706787
54738,4.710451602935791
25384,4.207003116607666
24246,4.073713302612305
30491,4.622971057891846
54390,4.096680164337158
3155,4.462411880493164
6039,4.455070972442627
40404,4.801236629486084
93546,4.209860324859619
43704,3.7928049564361572
20517,4.26943826675415
70863,2.8661909103393555
71495,4.55903434753418
30562,4.655959129333496
80397,5.06484317779541
14135,4.780256271362305
56833,3.874361276626587
51178,4.104054927825928
72421,4.001133918762207
99248,4.503939151763916
45679,4.591033458709717
57255,4.676387786865234
100845,4.258794784545898
96710,4.6886982917785645
2324,4.772711753845215
75516,4.802668571472168
99581,4.1784348487854
56847,4.242333889007568
91969,4.939161777496338
105136,4.330991268157959
91637,4.565820217132568
52982,4.36010217666626
35167,4.473846435546875
19474,5.042522430419922
102308,3.8366951942443848
96863,4.521793842315674
22958,4.611517429351807
30772,4.809667587280273
75490,4.834872245788574
89527,4.843082427978516
409,2.1542911529541016
8725,4.401001930236816
78489,4.227329730987549
106060,4.125890731811523
71328,5.333075046539307
103382,4.324843883514404
68917,4.675329685211182
9561,4.137462139129639
24924,4.8575944900512695
10598,4.744697570800781
107456,4.947654724121094
63512,4.765527248382568
11365,4.870434761047363
57452,4.521914482116699
8976,4.311756610870361
36624,4.614876747131348
12298,4.836187839508057
90736,3.939405679702759
52216,4.056628704071045
67244,4.592469692230225
71347,4.6461100578308105
101609,4.996788024902344
88081,4.202093124389648
84722,4.469380855560303
95250,4.687680721282959
94406,3.8188652992248535
20606,5.074934482574463
48676,4.225986003875732
78153,4.476432800292969
12816,4.965091228485107
35821,4.78975772857666
55017,4.522202014923096
33015,4.251860618591309
97087,3.6376969814300537
12355,4.25911283493042
92801,3.9533674716949463
2493,4.644505977630615
92587,5.036163330078125
79813,4.907863616943359
3718,4.397668838500977
10366,3.028554916381836
89411,3.9406299591064453
102843,4.708572864532471
94512,4.586423873901367
9041,4.4960551261901855
95646,3.4570701122283936
58186,4.236185073852539
3590,5.014186382293701
94926,4.79522180557251
47643,4.881348133087158
105298,4.790764808654785
67466,3.79721999168396
7467,3.866427183151245
19841,4.2298665046691895
83846,4.9755167961120605
197,4.707359313964844
87483,4.561579704284668
2846,4.6226487159729
55582,4.522771835327148
13608,4.210577964782715
79000,3.7499916553497314
77856,5.304746627807617
67825,4.1177544593811035
64536,3.4096109867095947
84061,4.985025405883789
68462,4.534966945648193
56108,4.8961181640625
65493,5.046462535858154
81976,4.353504657745361
79430,4.5091633796691895
92237,5.057985305786133
38967,5.100514888763428
48648,3.7477173805236816
69937,4.693900108337402
44095,4.33714485168457
856,4.8979668617248535
62779,4.602572441101074
15978,4.356085777282715
74599,4.840836524963379
57391,4.156689643859863
89301,4.991856575012207
33799,4.44171142578125
4089,5.139957904815674
95299,4.330001354217529
102740,3.470529794692993
24500,4.399040222167969
48513,4.739971160888672
19544,4.059661865234375
106179,4.826509475708008
63292,2.94472336769104
60468,4.269890308380127
53643,4.092960357666016
107710,4.653246879577637
63713,3.865975856781006
32042,4.424935817718506
74830,4.319812774658203
106924,5.050519943237305
42362,2.786005973815918
41713,5.037820816040039
22708,4.962009906768799
1851,4.113199710845947
89496,4.4959516525268555
9658,4.881378650665283
21900,4.532630920410156
57082,3.3024978637695312
5169,4.05826473236084
83943,5.149350166320801
103969,4.301106929779053
2121,5.034727096557617
25760,4.868706703186035
41000,3.933438777923584
106652,3.672234296798706
99258,4.864263534545898
50626,3.6789209842681885
65081,4.250391006469727
3084,5.484564304351807
6697,4.036538124084473
19440,4.688843250274658
44100,4.458085536956787
42848,4.763426303863525
5305,4.308882236480713
79861,4.074735641479492
101525,5.051492691040039
46723,5.047304630279541
58005,5.085726261138916
4063,3.47408127784729
7484,3.988999605178833
72081,4.121541976928711
58697,4.302342414855957
814,4.39565896987915
18015,4.786999702453613
17640,4.914483070373535
2865,3.6405279636383057
99631,3.6467044353485107
45379,3.8174843788146973
13923,5.259245872497559
20984,4.965723991394043
87250,4.4260406494140625
23535,5.018688678741455
69845,4.5087385177612305
25521,4.09825325012207
17357,4.855831146240234
55209,4.8135247230529785
74910,4.544269561767578
37232,4.729119777679443
13175,4.300526142120361
9325,5.063343524932861
5601,4.610968589782715
59101,4.478404521942139
72789,4.892173767089844
92034,4.432332515716553
104765,5.183866500854492
67992,3.297941207885742
77460,4.7464518547058105
43853,4.419960021972656
27830,5.113652229309082
28074,4.487100601196289
21297,4.0802693367004395
59635,4.273172378540039
18755,4.7448320388793945
64624,4.36566686630249
83623,4.84525203704834
36086,4.775531768798828
82381,5.36196231842041
14581,4.6643967628479
11635,3.6698224544525146
651,4.717240810394287
40347,4.8153300285339355
78766,2.812495470046997
86057,4.659365653991699
95715,4.2865800857543945
56272,4.433387279510498
54637,4.368289947509766
20014,4.6070075035095215
95036,4.692922592163086
74631,3.9100968837738037
56850,4.72723913192749
6111,5.008856773376465
37155,4.19864559173584
52614,3.953486442565918
47773,4.660618782043457
104857,5.057797431945801
104126,3.496999502182007
56510,3.731119394302368
40444,4.412039756774902
50257,4.614532470703125
57837,4.802565574645996
53428,3.314034938812256
55119,3.6956944465637207
59320,4.968640327453613
34884,4.752954006195068
35064,4.5281171798706055
51575,3.8944718837738037
51711,4.4756340980529785
5185,4.143016338348389
15265,3.548093318939209
91122,5.188582420349121
52610,4.650670528411865
53264,4.80275297164917
76261,3.944328784942627
108580,4.616623401641846
5508,3.7839739322662354
34028,3.8287763595581055
59285,4.936996936798096
102851,5.009726524353027
94342,3.719439744949341
23172,4.691171169281006
10936,4.613559722900391
1437,4.327230453491211
7403,4.633279800415039
6725,4.533202648162842
13814,4.360874652862549
42209,5.094867706298828
43872,3.726562738418579
69131,4.280229091644287
73744,3.784465789794922
31288,4.644528388977051
62547,4.248929977416992
41704,5.0913405418396
101657,4.509352684020996
70032,4.360495567321777
101519,4.8225603103637695
29417,4.31512451171875
34520,4.713916301727295
27598,4.828824996948242
27572,4.144887447357178
78850,3.911731004714966
24163,5.064738750457764
73752,4.7751641273498535
26075,5.021243095397949
90557,3.7477824687957764
57291,4.441059589385986
77063,4.679891109466553
45191,4.556064128875732
97150,4.853437423706055
66400,4.793205261230469
100237,4.97493839263916
53536,4.172515869140625
101628,5.395077705383301
100578,4.328793048858643
62093,5.242640495300293
38751,3.9568734169006348
45713,4.59113883972168
64881,3.8344833850860596
53316,4.776108741760254
4340,4.333796977996826
42134,3.183215618133545
1036,4.777093887329102
32350,4.9921345710754395
37453,3.698676824569702
2834,4.365941047668457
21874,4.922691345214844
82821,3.829486846923828
78460,5.051493167877197
4450,3.92755126953125
78069,4.817813873291016
72908,4.778378963470459
68761,4.595780849456787
60268,4.691865921020508
80281,4.745055675506592
17675,4.744345188140869
44697,4.709971904754639
107176,3.5534422397613525
38421,4.382440090179443
62114,3.7855160236358643
14256,5.181711673736572
104123,5.0759806632995605
20446,4.015441417694092
48907,3.5377683639526367
51025,4.6366777420043945
57009,4.066833972930908
41976,4.5994110107421875
27580,4.225223064422607
108337,2.9092724323272705
36543,4.800801753997803
45197,3.701331853866577
73156,4.565998077392578
62204,4.8968095779418945
102575,5.009856224060059
8901,4.067656517028809
62431,4.939555644989014
105919,4.848336696624756
13109,5.066978931427002
61695,3.478820562362671
105867,4.8795270919799805
103322,4.742092609405518
95778,4.173512935638428
68305,4.48966121673584
46725,3.947425603866577
58213,4.164166450500488
65174,4.47756814956665
24065,5.2277045249938965
58074,3.833007335662842
17304,4.3803019523620605
2028,4.953520774841309
72002,4.148592948913574
97012,4.731123924255371
49238,3.532968044281006
55907,4.886989116668701
93194,4.975103378295898
47201,4.31161642074585
54198,4.681341648101807
45168,4.049222946166992
14403,5.048910617828369
51840,4.4271240234375
2705,4.61384391784668
52007,4.273099899291992
80450,4.79464054107666
60219,4.289012432098389
47488,4.218331813812256
50083,4.936031341552734
94829,4.211241722106934
66267,4.760568618774414
47593,4.482876777648926
88820,4.779020309448242
40867,3.875559091567993
5495,4.914122104644775
58602,4.924261569976807
9982,4.062664985656738
23136,4.196254253387451
38668,4.251166820526123
7516,4.886241436004639
20000,4.266730785369873
99130,3.222121000289917
87946,4.595864295959473
28254,5.047607421875
47893,3.53981614112854
43295,4.429337978363037
86580,4.8989481925964355
86881,4.815013885498047
93485,4.41284704208374
62471,2.2143893241882324
36212,3.483713388442993
2994,4.94406270980835
52258,3.6045780181884766
9767,4.587499141693115
68417,4.703461647033691
102379,4.688333034515381
86340,3.8354032039642334
27169,5.115476608276367
81743,5.060397624969482
13158,5.218684673309326
31292,4.508133411407471
31436,4.347453594207764
6480,4.638609886169434
35431,4.008702754974365
56789,4.589527130126953
2919,4.25672721862793
67482,4.508640766143799
43667,4.407689571380615
36383,4.5017547607421875
77415,3.091493844985962
5180,3.579739570617676
97486,4.971797943115234
12990,4.817821979522705
88515,5.014378547668457
98760,3.0888538360595703
102811,4.884326457977295
4580,3.526545286178589
55604,4.034825801849365
87512,4.70429801940918
5952,4.76591682434082
57585,4.79135274887085
24822,4.662830352783203
93733,4.370279788970947
6289,4.595337867736816
25239,5.030486106872559
91014,4.647448539733887
63574,4.498055458068848
97387,4.333919048309326
14607,4.35776948928833
79182,5.143610954284668
55894,5.130315780639648
61048,4.5275187492370605
102756,4.391949653625488
17450,5.031523704528809
77881,4.475285530090332
15274,3.9218058586120605
72974,5.213138103485107
61776,4.79594612121582
10892,4.367618083953857
3490,3.920745611190796
30434,4.017789840698242
86651,4.794765949249268
60312,4.742311477661133
105608,4.657186508178711
105060,3.239530563354492
59544,4.594253063201904
26580,5.22390079498291
66059,5.098928451538086
41001,4.43509578704834
95419,4.902188301086426
51554,4.732125282287598
102194,4.41495418548584
82290,5.200504779815674
63181,4.142934799194336
57430,3.5156092643737793
21442,4.664629936218262
50771,3.3756792545318604
21087,4.921126365661621
80325,4.989140033721924
61322,4.695047855377197
25399,4.984500408172607
89067,4.480137825012207
46730,5.2672438621521
7266,4.696829795837402
61617,4.278231143951416
15050,4.814033031463623
10695,4.147735595703125
50050,4.954545021057129
99045,4.978156566619873
5854,4.089524269104004
30219,3.9150288105010986
52253,3.3732075691223145
69767,4.503897666931152
13614,4.043898105621338
45725,4.463308811187744
28567,5.132010459899902
61760,4.1116943359375
83034,4.756427764892578
35181,3.96329665184021
47155,4.087663173675537
98832,4.695075035095215
74856,4.359207630157471
52965,4.493849277496338
33774,4.814151763916016
30039,4.798145771026611
67195,4.815664291381836
26010,4.530819416046143
33179,3.467642068862915
105954,4.993260860443115
56862,4.7649102210998535
96982,4.337410926818848
11098,4.951258182525635
66197,4.767763137817383
31177,3.9334001541137695
60265,4.276851654052734
101437,2.6166412830352783
105325,4.089598178863525
37080,4.4650983810424805
37483,4.696634769439697
57556,5.097545623779297
67746,4.327622413635254
101,4.516036510467529
101630,4.8577680587768555
22236,5.224176406860352
55883,4.745691776275635
33892,5.016260147094727
52895,4.293203353881836
12226,4.080848693847656
12024,4.349665641784668
61789,4.473870754241943
69170,2.8560240268707275
20426,4.014413833618164
36819,5.208684921264648
33837,4.756309986114502
99866,4.417777061462402
11198,4.7765374183654785
61809,4.922848224639893
33955,4.690629482269287
71585,4.861427307128906
63021,5.037815570831299
14489,3.9909415245056152
68735,4.067166328430176
47607,4.155323505401611
4639,4.485408306121826
41662,5.073134422302246
90654,4.528406620025635
92241,4.73845100402832
92104,5.0656561851501465
33742,4.646397113800049
59894,4.443844318389893
105985,4.166650295257568
62082,5.125222682952881
4479,4.4279584884643555
100580,5.016157627105713
58663,4.973800182342529
100000,4.091864109039307
40753,5.0697832107543945
62267,4.105055332183838
64442,3.5134377479553223
102251,4.016571044921875
14353,4.152598857879639
17381,4.7144999504089355
64876,4.237314701080322
37214,4.148036003112793
70868,4.367647171020508
46743,4.5898590087890625
42454,4.515736103057861
33199,4.969594478607178
43087,4.054528713226318
35914,4.542532444000244
8075,5.198428630828857
92276,4.611306190490723
103394,4.655731201171875
2370,4.058716773986816
34112,2.727797031402588
4346,4.894161701202393
61521,4.484392166137695
42989,4.456255912780762
101772,5.376601696014404
39512,4.746389389038086
37208,4.437455654144287
13602,4.186642646789551
36797,5.310436725616455
38239,3.719700336456299
51311,4.729603290557861
67156,3.383488893508911
84769,4.586137294769287
9156,4.624394416809082
48894,3.4141547679901123
35777,4.683916091918945
48653,4.701805114746094
23932,4.592150688171387
28023,5.089289665222168
5814,4.418549060821533
45060,4.276144504547119
55453,5.314675807952881
64800,5.083241939544678
16120,4.832174777984619
42956,5.103421211242676
57952,4.675655364990234
37136,3.9107627868652344
49044,3.284566879272461
45,4.511353015899658
59611,5.075414657592773
17594,5.208518981933594
34801,4.266824245452881
80168,4.985567092895508
9768,4.9644551277160645
36548,4.658341884613037
31727,4.197748184204102
84708,5.035882472991943
46623,4.859220027923584
37356,4.222789287567139
35517,5.162750720977783
77784,4.555946350097656
60157,4.491901874542236
75919,4.580329895019531
13598,4.336994647979736
47822,4.318221569061279
89167,3.9020607471466064
105856,4.760928630828857
54183,4.364518642425537
39449,5.329468250274658
12865,4.942662239074707
68245,4.486399173736572
11899,4.778295516967773
60793,4.068131446838379
63420,3.7541942596435547
86401,5.412036895751953
47676,4.7936811447143555
31812,5.084379196166992
32721,4.490874290466309
75364,3.7921483516693115
27364,5.014443397521973
49526,4.27107572555542
59226,3.636000633239746
1975,4.375194549560547
3387,4.092748165130615
90352,4.986793518066406
43274,4.439243316650391
8664,4.7429962158203125
50185,4.451609134674072
87437,4.284125804901123
101596,4.8997979164123535
40969,4.2328901290893555
41908,4.028334617614746
9126,4.751023769378662
95790,4.354621887207031
83086,4.612574577331543
5621,4.66597843170166
95780,3.5226070880889893
92547,4.148317813873291
64109,4.452208042144775
60481,4.275024890899658
85521,4.307452201843262
87435,4.219196319580078
63552,4.527548313140869
36275,5.046707630157471
43901,4.763917446136475
85831,4.7193427085876465
80271,5.088578224182129
60711,4.571995735168457
24610,3.9138576984405518
20151,4.268118381500244
71710,4.994147777557373
52661,4.838669300079346
76067,4.198336601257324
59288,3.6993861198425293
21917,4.508622169494629
85950,3.646280288696289
68431,4.115765571594238
7698,4.391272068023682
3725,4.544163227081299
66475,4.007835865020752
98022,4.011606216430664
47184,4.738795280456543
47072,4.4921064376831055
105183,4.539547920227051
86007,4.486114978790283
63862,4.676912784576416
98713,4.7873945236206055
98439,4.671243667602539
96433,4.197028636932373
18103,5.159938335418701
38988,4.733434200286865
777,4.6478657722473145
70088,4.413362503051758
24671,4.8467278480529785
30655,5.280131816864014
40560,4.439620494842529
32043,4.685337066650391
4106,4.667949199676514
102184,4.185898303985596
85881,4.3104729652404785
75723,4.827884197235107
55299,4.885214805603027
87409,6.33659553527832
34491,5.0817670822143555
100714,3.931645631790161
100906,3.868354082107544
68215,3.667534828186035
41812,4.407691955566406
18614,4.91279411315918
12819,4.6129350662231445
44928,4.048851490020752
87697,4.632854461669922
42523,4.700648307800293
53448,4.575425624847412
101092,4.9189558029174805
24114,4.226293087005615
45180,4.619599342346191
12763,4.203283786773682
3500,4.483520984649658
105370,4.84684944152832
104351,4.5811309814453125
91691,5.165305137634277
2419,4.593709468841553
30624,4.575420379638672
101955,4.6479363441467285
71069,5.175619602203369
20049,4.099863529205322
24713,4.419548988342285
82478,4.891837120056152
20715,4.880036354064941
100963,4.805166244506836
98678,4.320858001708984
28750,2.8647570610046387
23962,3.314600944519043
24426,4.4247894287109375
93306,4.924197196960449
42053,5.202556610107422
104304,3.659959554672241
19914,4.190603256225586
66367,5.027401447296143
46932,4.987806797027588
52003,4.328383445739746
29213,4.871490001678467
2775,4.861851692199707
26983,4.921051502227783
58163,4.686935901641846
31936,4.294256210327148
38311,4.162447452545166
5018,4.623558521270752
100471,5.244131088256836
23088,3.562145471572876
59606,5.19504976272583
45676,4.268045425415039
44355,4.392195224761963
98961,3.513139486312866
73784,4.92784309387207
37198,3.979942798614502
12898,4.451018333435059
81932,5.125994682312012
60073,4.9977126121521
33983,4.83515739440918
44109,4.967461109161377
107050,4.657193660736084
27928,4.505308151245117
82619,4.8559441566467285
40887,4.918709754943848
8340,4.550882816314697
103339,4.562768936157227
9314,4.087296962738037
65391,4.854196071624756
2502,4.977270603179932
93535,5.167286396026611
102643,4.734766006469727
79461,5.167148590087891
78301,4.424285411834717
72194,4.514298915863037
92416,4.557187080383301
40610,4.652742385864258
2405,4.625024795532227
14425,4.503365993499756
33776,4.824967384338379
1415,4.753979206085205
9884,4.738126754760742
87929,4.02253532409668
20347,4.31214714050293
75791,4.331921577453613
59532,4.340343952178955
97965,4.122003555297852
101022,4.14329195022583
34758,4.476347923278809
66088,4.291370391845703
16201,4.377220630645752
55091,4.276251316070557
84555,3.73458194732666
14900,4.246888160705566
101785,4.638128757476807
89844,4.634512901306152
44810,4.487403392791748
20962,4.555201530456543
44755,4.352647304534912
36146,4.75612735748291
39076,4.967337608337402
30335,4.3344902992248535
99043,5.011386394500732
28522,4.010357856750488
44199,4.598773956298828
75134,4.863865852355957
79477,4.92624044418335
65319,4.730511665344238
83286,4.360483169555664
18820,4.949832439422607
15904,4.2895121574401855
42357,4.586306095123291
107783,2.738717794418335
47520,4.624292850494385
6419,4.405559062957764
90726,4.278943061828613
12914,4.914977073669434
20060,4.278056621551514
78812,3.8462915420532227
95433,4.822961330413818
55079,4.139135837554932
15885,3.948430061340332
35500,4.955824375152588
69431,4.585849761962891
48951,4.1322503089904785
21710,4.122903347015381
61739,4.375144958496094
42781,5.052337646484375
786,4.87838888168335
9751,3.2640540599823
70383,4.50076150894165
86432,3.8249218463897705
61595,2.5458614826202393
74805,4.664538860321045
63130,4.7429890632629395
68016,2.9054768085479736
80876,4.034550666809082
54533,4.351788520812988
25715,4.8535475730896
66574,4.257594108581543
23435,3.9779813289642334
67360,5.076215744018555
31953,4.2039690017700195
103340,4.258842945098877
14517,4.320693016052246
97203,4.96737813949585
4815,4.176984786987305
26966,4.565057754516602
23085,4.689642429351807
6664,4.8400068283081055
734,5.216352462768555
22663,4.542008876800537
52516,4.500284671783447
60092,4.7825703620910645
104157,4.35457706451416
82575,4.324252605438232
59853,4.761575222015381
74962,4.250049591064453
22883,4.1560821533203125
34941,4.732532978057861
32022,4.716670989990234
53251,4.30341911315918
6619,5.002904891967773
82020,4.531498432159424
53345,4.702978134155273
18762,4.7266387939453125
43394,5.052866458892822
21604,4.862433433532715
34468,4.811967372894287
70164,4.560513973236084
99331,4.266255855560303
22689,5.151950836181641
68896,5.071330547332764
55741,3.3640058040618896
98115,4.940768241882324
44896,5.146707534790039
32590,5.03496789932251
107944,3.594111919403076
93398,4.619359493255615
98465,5.110560417175293
102513,4.507412910461426
59151,5.087984561920166
18766,4.7590718269348145
96445,4.160999298095703
73550,4.595849514007568
43498,4.8538970947265625
80146,4.792640686035156
71225,4.8902764320373535
49449,4.454848289489746
58257,4.112086296081543
99544,3.8358967304229736
34391,4.811638355255127
80094,5.17403507232666
5194,4.691182613372803
41311,4.023604869842529
58970,3.6637351512908936
50007,4.103642463684082
53408,3.8107094764709473
59966,4.453191757202148
105630,4.259186744689941
90947,4.618153095245361
40393,4.977170944213867
12759,4.857815265655518
5787,4.300137996673584
31781,4.890148162841797
91471,4.409430027008057
48477,4.057100296020508
42231,4.935091972351074
88381,4.824888229370117
31726,4.631159782409668
92974,4.304893493652344
8201,4.3149237632751465
8380,5.044277191162109
74668,3.3316757678985596
95824,4.461236476898193
100070,3.592237710952759
13750,5.129744529724121
5664,4.901758193969727
99127,4.895298480987549
19804,4.688994407653809
83144,4.564727306365967
6622,2.8778927326202393
57655,4.778187274932861
18822,4.826423645019531
44582,4.688506603240967
42200,4.5080108642578125
56120,5.071147441864014
31754,5.215964317321777
53153,4.598176002502441
79250,4.812948703765869
1512,3.942481517791748
60814,4.138869762420654
101325,4.255035877227783
92512,4.245112419128418
43216,4.307161808013916
41086,4.268385887145996
37901,5.151742458343506
96046,4.82784366607666
20582,5.138601303100586
104758,4.799020767211914
77599,4.538339614868164
6141,4.281845569610596
47778,4.953670024871826
65701,4.41019344329834
62230,5.059709548950195
54187,4.572378158569336
95641,4.434443473815918
55963,4.556708335876465
45981,4.327465534210205
25338,5.176815032958984
2495,4.3442277908325195
108284,4.756663799285889
31205,4.741043567657471
3933,4.548211574554443
73902,3.5842185020446777
105112,4.877223968505859
101712,4.924726486206055
91535,4.958287715911865
4860,4.881714820861816
6225,3.948025941848755
35884,4.78970193862915
16593,4.509350776672363
35235,4.825222492218018
43314,4.603734493255615
91845,4.558570384979248
67901,4.48878288269043
10888,5.005764007568359
51624,4.675130844116211
68321,4.112980842590332
26571,3.3890280723571777
25067,4.391656398773193
60104,4.6745781898498535
996,3.8331758975982666
8566,3.881559133529663
91392,5.024322509765625
27492,4.552342891693115
43994,3.8837592601776123
23112,4.125776290893555
74372,3.6558403968811035
94820,3.9972941875457764
47377,3.7956531047821045
103568,4.439885139465332
34427,5.21842098236084
74834,4.765536308288574
261,4.330060005187988
4581,4.983242988586426
93139,4.6167826652526855
95680,4.789799690246582
41594,4.633114337921143
18703,4.629693031311035
4231,4.765500545501709
58408,4.484755992889404
41331,4.60711145401001
99937,3.999316453933716
81413,5.108291149139404
4169,4.517085552215576
849,3.8256897926330566
2657,4.607882976531982
24872,4.625271320343018
42683,4.352668762207031
90618,4.595272541046143
49391,3.0690793991088867
28811,4.844168663024902
26411,3.9801926612854004
48251,4.207137107849121
26034,4.543304920196533
5855,4.5584001541137695
56753,4.885195255279541
84404,3.903494119644165
13061,4.088919639587402
19533,5.005532264709473
28389,4.745434284210205
33550,3.628448486328125
53038,4.582607746124268
39429,4.661105155944824
90622,4.428524494171143
64389,3.917485237121582
93629,4.71307897567749
105851,5.0431365966796875
75472,4.804745197296143
75763,4.364924907684326
73132,4.771864891052246
64917,3.854407548904419
101079,4.760866165161133
5717,5.026767253875732
36747,4.014754772186279
62433,5.078381061553955
100058,3.9830174446105957
62778,4.587454795837402
20911,4.07153844833374
55684,4.4386372566223145
20595,4.600858211517334
29869,4.250298976898193
92464,4.965521812438965
99727,4.697699069976807
102463,4.5230231285095215
43418,4.684921741485596
34178,4.356052875518799
92157,5.110238075256348
95891,4.058553218841553
96557,4.370806694030762
77017,5.129746437072754
58430,4.280929088592529
40823,4.996730804443359
39479,4.640992164611816
30251,4.481276988983154
85055,4.871889114379883
72201,4.153717994689941
91238,4.485249042510986
26852,4.872366905212402
86704,5.090588092803955
8946,4.652038097381592
90408,4.245185852050781
95150,4.409452438354492
25755,4.912303447723389
107122,4.738927841186523
71497,4.73001766204834
29315,4.835259914398193
28288,4.556267261505127
19800,3.9268414974212646
62629,4.005446434020996
61134,4.365173816680908
102325,4.276475429534912
56580,5.054403781890869
3798,4.785732746124268
63569,4.767086982727051
53145,4.950544834136963
9954,4.537867546081543
108383,4.57436990737915
68991,4.088802337646484
94155,4.420983791351318
64178,4.3513617515563965
29195,4.207099914550781
103728,4.678125381469727
100136,4.647067070007324
53973,5.085093975067139
71035,4.370495319366455
55252,4.5324201583862305
4856,5.260124683380127
11279,4.797389030456543
5946,5.0567216873168945
41769,5.035152912139893
48989,3.0828874111175537
75803,4.359712600708008
68895,4.877180099487305
46703,4.0059075355529785
26268,5.047307014465332
16989,5.109735012054443
108126,4.3031206130981445
83688,4.681107997894287
34611,5.393267631530762
68335,4.447415828704834
83239,4.856795310974121
5868,3.7488582134246826
54355,3.181572437286377
40701,3.7348151206970215
93422,3.961648941040039
26880,4.036611557006836
77829,3.856654644012451
9223,4.632503986358643
73400,4.222815036773682
13108,5.17608118057251
13668,3.607764482498169
2476,4.8235015869140625
71344,4.6649580001831055
28736,4.40919303894043
47274,4.450867652893066
195,4.617005348205566
22217,4.797494888305664
21430,4.820878982543945
28069,4.620457172393799
98628,4.328798294067383
52353,4.954372882843018
49118,5.05687141418457
103867,4.380039691925049
21839,4.984405994415283
36678,4.28518533706665
79367,4.734897613525391
61226,4.6835737228393555
50955,4.079894065856934
85728,5.162986755371094
34084,4.920825958251953
73857,4.622641563415527
41152,3.9654135704040527
63072,4.201822280883789
75031,4.146758079528809
36707,4.34409761428833
55109,4.753087997436523
10761,5.048305511474609
25085,4.351093292236328
59756,3.274049997329712
83745,4.826594829559326
57208,4.948939800262451
76499,4.75274658203125
2478,4.88637113571167
60127,4.798786640167236
69055,4.527366638183594
86235,4.179845809936523
68205,4.594554901123047
27697,4.152011871337891
47381,4.538259506225586
63389,4.473947048187256
24045,5.180205821990967
35014,3.656508207321167
57961,4.3012189865112305
16507,4.255532264709473
41068,4.767105579376221
80030,4.148767948150635
63511,3.4084267616271973
90802,4.068517208099365
94387,4.0894670486450195
61124,4.572372913360596
91490,5.0658488273620605
37293,4.371524333953857
30873,4.466201305389404
41245,4.142998695373535
77181,4.863193511962891
62244,3.0288524627685547
46661,4.028250694274902
31308,4.450713634490967
89326,4.61156702041626
78085,4.126550197601318
15621,4.830471515655518
42826,5.24098539352417
28728,4.684212684631348
76101,3.5340378284454346
10565,4.307199954986572
9633,4.284169673919678
106879,4.284832954406738
86159,4.21998929977417
33979,4.918519973754883
49245,4.799438953399658
100600,3.865283250808716
99695,4.900545597076416
14439,4.9821319580078125
14176,5.076395511627197
27349,4.657533168792725
94436,3.4925405979156494
14515,3.709958076477051
102217,4.4060797691345215
101029,4.222220420837402
65046,5.1127543449401855
93349,5.155105113983154
60314,3.629309892654419
76019,4.011012554168701
20360,4.775845050811768
70066,5.370317459106445
85878,5.106231689453125
95627,3.1621246337890625
38726,4.4651780128479
79751,4.2161078453063965
77296,4.8471598625183105
70567,4.750064849853516
33558,4.3630170822143555
6937,4.874507904052734
33420,4.901919364929199
17014,4.184028148651123
58367,4.581857681274414
50952,4.761987209320068
70530,4.353707790374756
16703,5.027677536010742
93525,4.421347618103027
2302,4.680122375488281
96098,3.8728606700897217
43697,4.019667148590088
3312,4.7301201820373535
39327,5.4106879234313965
101922,3.9582488536834717
103189,4.613037586212158
73995,4.899702548980713
56913,3.831913471221924
93041,4.836803436279297
9644,4.46919584274292
41062,4.1161627769470215
104412,4.198193550109863
88487,5.177807331085205
93987,4.228450775146484
72479,3.3837695121765137
75416,4.703648567199707
8023,3.5228211879730225
106324,4.986807823181152
96615,4.491220474243164
17349,4.8606061935424805
59665,4.317408084869385
99579,4.541152000427246
4019,4.856982707977295
106906,4.627047061920166
51219,3.991212844848633
78211,5.214269638061523
3164,3.860949993133545
68000,5.076126575469971
13336,4.556455612182617
804,4.641716957092285
24409,4.4640278816223145
51583,5.342031002044678
26737,4.356558322906494
42422,4.934940338134766
36777,4.437658309936523
11047,4.541408538818359
44241,3.9295918941497803
31175,4.78653621673584
67987,3.913752555847168
66434,4.3086957931518555
46776,4.251914978027344
61000,5.071995735168457
51347,4.426580905914307
94569,5.066269397735596
107656,4.967709064483643
79134,5.064329624176025
57011,3.8295915126800537
1045,4.539677619934082
47061,4.40230655670166
69940,4.487726211547852
64166,3.0162386894226074
71774,3.706434726715088
9802,5.2799811363220215
100554,4.584293842315674
79782,4.252476215362549
87174,4.646997928619385
96,3.580005645751953
12854,4.564393043518066
82429,4.435540676116943
46992,4.765307426452637
62603,4.904558181762695
67791,4.620918273925781
48684,4.000852108001709
22849,4.4323625564575195
89091,4.351139068603516
77832,4.412753582000732
75989,4.1902546882629395
8943,4.5894670486450195
82683,4.289348125457764
79993,4.680073261260986
13779,3.4436466693878174
4024,5.117455005645752
58426,4.240894317626953
96715,4.4370269775390625
16223,4.476619243621826
80196,4.132643699645996
73986,4.902037143707275
70867,4.5924272537231445
94142,5.075724124908447
32730,4.78147554397583
6136,4.423772811889648
103941,5.182344913482666
55827,4.559842109680176
22707,4.749186038970947
45504,4.795443058013916
14333,4.786835193634033
10337,5.035394191741943
13522,5.244534969329834
106601,4.580812931060791
29495,4.185161113739014
81736,4.946173191070557
76297,4.594411849975586
91208,4.718297004699707
20103,4.478227615356445
102931,4.833154201507568
98593,3.3283631801605225
60400,4.512869358062744
96525,3.9962692260742188
72020,3.681638240814209
51346,4.6687331199646
56572,5.098395824432373
76182,4.932619571685791
38795,3.3446853160858154
96953,4.850607872009277
23796,4.980493545532227
17515,4.702927589416504
105944,4.384193420410156
57558,4.758609771728516
30625,4.009195804595947
19488,4.988696575164795
103224,4.339978218078613
26258,4.284146785736084
32429,4.8852691650390625
86376,4.927507400512695
48141,4.582080364227295
60041,4.2509026527404785
19753,4.2314772605896
96372,4.216299057006836
96848,5.428192615509033
23013,4.379307746887207
65338,4.0754170417785645
43555,4.181294918060303
87136,4.152205944061279
27324,4.154076099395752
74074,4.904520511627197
1337,4.59725284576416
60051,3.6726181507110596
97040,3.7154839038848877
39690,4.473825454711914
74172,5.172828674316406
100947,4.84080171585083
26290,4.481653213500977
68900,4.656148433685303
42029,3.5789260864257812
44504,4.724509239196777
89061,5.2416863441467285
12772,4.889672756195068
97397,4.589696884155273
77970,4.725009441375732
101362,4.655869960784912
90888,4.9619669914245605
18227,5.004313945770264
36051,4.892819881439209
3213,3.8453330993652344
58345,4.430490970611572
45156,4.471049785614014
48226,4.99041748046875
43291,3.2205581665039062
64117,3.331162452697754
5467,4.551738739013672
87037,4.848672866821289
78414,4.804654121398926
42197,4.498503684997559
63811,4.208860397338867
28402,4.604640483856201
10270,5.144599437713623
55870,2.5482237339019775
58858,4.292150020599365
60633,4.549289703369141
8341,3.2899975776672363
53302,3.434568405151367
100914,4.778116703033447
48977,4.517064571380615
2002,4.79736328125
40011,4.889064788818359
97787,4.300048828125
62056,4.845215320587158
10930,3.8036975860595703
94830,4.429391384124756
40920,4.214771270751953
95099,3.6971890926361084
30249,4.591053485870361
49645,5.039515495300293
40594,5.070534706115723
57199,3.9949166774749756
11760,4.443912506103516
32322,4.246755599975586
40396,5.120251655578613
96015,3.539792060852051
46438,3.586785078048706
99878,4.710512638092041
88138,5.083825588226318
29951,4.0895562171936035
90457,4.941793441772461
19314,4.642552375793457
40619,4.509828567504883
88533,4.386158466339111
51982,4.490705966949463
39127,5.026177883148193
104387,4.448495864868164
15150,4.775362014770508
95496,4.161163806915283
58768,4.124474048614502
10564,4.9130120277404785
24525,4.572353839874268
22723,4.618856430053711
94837,3.550366163253784
56509,3.4604480266571045
95026,4.9029011726379395
89226,4.807834148406982
72260,4.858114242553711
53829,4.3291425704956055
62650,2.8801634311676025
70436,5.15349817276001
29922,4.629113674163818
60733,4.684228897094727
34548,3.9514830112457275
79902,4.605713844299316
95678,4.536971569061279
68113,4.347372531890869
82748,3.082287549972534
98687,4.125365734100342
100089,4.220862865447998
36368,4.934215068817139
81208,4.6170783042907715
959,4.339517593383789
86348,4.353525161743164
12221,4.359537124633789
13928,4.860098361968994
12613,4.964901447296143
51117,4.954794406890869
36096,4.146252632141113
78141,4.841407775878906
77054,3.9744293689727783
71073,5.183156967163086
42023,5.117064952850342
9375,3.1896779537200928
81503,4.708100318908691
99034,4.380230903625488
71272,3.9310684204101562
93348,4.881324291229248
90556,4.9434614181518555
2981,4.45658540725708
51710,4.739511013031006
29421,4.876316547393799
95038,3.9474029541015625
92733,4.541027069091797
73197,4.54989767074585
69688,5.190998554229736
10138,4.468920707702637
84145,5.111379146575928
14399,4.680438041687012
41912,4.211023330688477
74847,4.63542366027832
48072,3.988318920135498
66058,4.830265998840332
92309,4.762727737426758
64557,4.452195644378662
38123,4.063392162322998
7082,5.010985851287842
82218,4.785745620727539
4937,4.1298136711120605
20625,4.7166876792907715
35258,4.811892509460449
1110,3.282724142074585
3854,3.3237998485565186
62606,4.90995979309082
11144,4.607696056365967
28980,5.096041202545166
39976,4.587863922119141
76744,4.536649703979492
1526,4.419195175170898
1791,4.002624034881592
52726,3.7195932865142822
50676,4.861084938049316
14527,4.334205150604248
50052,4.867390155792236
96513,4.670914173126221
107138,4.84212064743042
42726,4.764892578125
56186,4.914406776428223
20465,4.634477138519287
81098,4.725430011749268
53211,4.626830101013184
81357,4.739387035369873
23494,4.857118129730225
34570,3.5008294582366943
59914,4.298645973205566
30974,4.556008815765381
69111,4.8666510581970215
43546,4.713154315948486
91791,4.32887077331543
88282,4.9125447273254395
53402,3.7684154510498047
4611,4.494879245758057
20422,4.839229583740234
44512,4.637599468231201
62867,3.2926154136657715
78485,4.870822906494141
85583,4.009406089782715
107522,4.608448028564453
28942,4.278177738189697
99088,5.034342288970947
26121,4.06630277633667
67464,5.157607555389404
46829,5.005803108215332
77813,4.692739009857178
76794,4.47728157043457
86088,4.543746471405029
25479,4.719048023223877
99529,4.790809154510498
60540,4.917941570281982
86097,4.755506992340088
35568,5.256529808044434
28768,4.887058734893799
43041,4.920903205871582
89002,4.427951812744141
84497,3.646965503692627
45964,5.077236175537109
89510,4.561864376068115
101421,4.617221832275391
34281,4.2901997566223145
79718,4.071837902069092
58678,4.934856414794922
43251,4.072604179382324
94956,3.944638967514038
98751,4.4791083335876465
76962,4.290922164916992
8693,4.980139255523682
68125,4.9882001876831055
39626,4.699296474456787
102636,5.021474361419678
75182,5.1333394050598145
67803,4.6519060134887695
91995,4.858913421630859
103949,5.1843791007995605
50708,4.767841339111328
30529,5.264886379241943
77000,4.698760032653809
56387,4.211519241333008
91492,4.9415154457092285
40811,4.921403884887695
7925,3.6614601612091064
83290,4.7995123863220215
81725,4.280777454376221
15291,4.74534273147583
69707,4.716142177581787
82087,3.201218605041504
86739,4.223029613494873
98966,4.33169412612915
88780,4.862600326538086
98131,4.722146034240723
103768,4.348633766174316
31216,4.73916482925415
31285,4.23491907119751
10835,5.0164995193481445
11607,5.006688594818115
74892,4.134486675262451
76199,5.080471992492676
40082,4.264944076538086
85003,4.186002731323242
78284,4.9793314933776855
39935,4.38024377822876
49752,4.752843856811523
37438,4.197005271911621
24658,4.496256351470947
18619,5.007414817810059
68071,3.7382054328918457
59558,3.9998226165771484
100531,4.40492057800293
41958,4.605764389038086
84377,4.536618709564209
68667,4.790874004364014
62735,4.612612247467041
91572,4.519622325897217
23388,4.491729736328125
63272,4.665213108062744
10779,4.779783725738525
16726,4.784956932067871
62775,4.330413341522217
80983,4.650744915008545
43287,4.2736382484436035
20402,4.9443254470825195
45814,4.07691764831543
46190,4.608770370483398
99681,4.689565658569336
82755,4.410580635070801
104863,4.7548322677612305
52540,4.49212646484375
91661,4.57663106918335
43140,4.651106357574463
6576,4.086536407470703
95728,4.193465232849121
76263,4.3325724601745605
40108,3.9136533737182617
86839,3.805922746658325
5346,3.770927667617798
97669,4.396950721740723
15085,3.948486566543579
21505,3.8570334911346436
34716,5.438873291015625
27911,4.936878204345703
79277,4.768374443054199
47945,4.200506687164307
100779,4.784515857696533
94047,4.074561595916748
55742,3.9419517517089844
67748,4.089511394500732
52136,4.087463855743408
70044,4.6363115310668945
82972,4.697566032409668
89767,4.513706207275391
202,4.012037754058838
1340,4.128020763397217
90205,3.994814872741699
26901,4.530522346496582
22891,4.884774684906006
2414,4.835339546203613
32486,4.265897274017334
71370,4.556224346160889
24104,5.145754337310791
96663,2.9648663997650146
22551,5.181061267852783
82016,4.010354995727539
74366,4.894184589385986
27463,4.414018154144287
3662,4.57657527923584
25084,4.531581401824951
104484,2.893817186355591
81892,5.139880180358887
93425,4.616732597351074
49126,4.140956878662109
85823,4.913537502288818
32455,4.529027938842773
46766,4.7574286460876465
41419,4.8858184814453125
52964,4.239011764526367
19350,4.955651760101318
72647,4.622757434844971
70803,4.671639919281006
103348,4.364532470703125
105967,4.625214099884033
96759,4.578051567077637
107368,4.673068046569824
78546,5.201964855194092
53843,4.386533737182617
48804,4.267353534698486
105310,4.65185022354126
1407,3.9985225200653076
39762,3.476991891860962
45658,5.098727703094482
30688,4.5688066482543945
83252,1.7731049060821533
10722,4.91772985458374
64647,4.737545013427734
24771,4.465243339538574
71948,4.140038967132568
32658,3.542559862136841
84260,4.077169895172119
28749,4.364778518676758
15511,0.6084282994270325
71930,4.055215358734131
79608,4.194677829742432
30556,4.969169616699219
4780,2.7025933265686035
6635,4.065710544586182
103505,4.817941188812256
54544,4.123561859130859
101247,4.033706188201904
24311,4.319565296173096
4048,4.859404563903809
16769,4.9336628913879395
95286,4.924298286437988
79959,4.6744608879089355
30722,5.262399196624756
49531,4.05704927444458
76772,4.356019973754883
103372,4.98453950881958
843,4.107456684112549
98462,4.542230129241943
14032,3.6245195865631104
46867,4.07103967666626
90131,4.6722564697265625
103828,4.633495807647705
103956,5.088656425476074
49894,3.984729766845703
56168,5.1676459312438965
21736,5.0894365310668945
16783,4.629688262939453
79249,3.9876065254211426
105590,4.6130475997924805
3396,4.384151935577393
29890,4.187392711639404
45895,4.608658313751221
75399,4.97041130065918
139,4.421375751495361
91599,4.232550144195557
91901,4.054600715637207
1771,4.461971282958984
24460,4.576484203338623
93234,4.461569309234619
67872,4.725072383880615
99790,4.527711868286133
39528,4.909344673156738
52815,3.4755685329437256
3307,4.713220119476318
30842,3.4829862117767334
98682,4.852749824523926
37415,4.42987585067749
105958,4.533738136291504
48963,3.9103007316589355
81841,4.810223579406738
55978,3.6396796703338623
68756,4.706631660461426
55371,5.224270820617676
10521,4.037378311157227
28039,3.1807661056518555
37658,4.051535129547119
44068,4.750247955322266
22690,4.976181983947754
73983,4.934038162231445
91086,4.997073173522949
18832,4.6649861335754395
92303,4.465878486633301
66674,4.388373374938965
22441,4.620944023132324
150,4.871496677398682
105691,3.7286152839660645
88417,5.04153299331665
48808,4.601250171661377
97344,4.277274131774902
13727,4.304215908050537
18254,5.0702009201049805
30865,4.748476982116699
77441,4.3331074714660645
89224,4.900424957275391
87950,3.4344112873077393
86807,4.632837295532227
92656,4.992534637451172
77583,3.9028546810150146
72794,4.524644374847412
15311,4.974905490875244
40055,4.734798908233643
34336,4.519872188568115
54219,3.2025132179260254
48085,4.685888290405273
76207,4.893949031829834
24325,4.170339107513428
36465,4.701074123382568
44954,4.059819221496582
99410,4.562516689300537
46747,4.463668346405029
103319,4.603640556335449
16774,4.912198066711426
33330,4.329138278961182
45207,3.377220869064331
38158,4.434985637664795
40189,3.943074941635132
93023,3.422269344329834
10247,5.309064865112305
28165,4.260022163391113
70067,5.29590368270874
3221,4.463517665863037
37744,4.460537433624268
17569,5.206265926361084
4369,2.938987970352173
63244,3.670769691467285
69246,4.774115562438965
32066,4.769799709320068
19464,4.796714782714844
75208,4.497724533081055
77537,3.229595184326172
93074,4.90812349319458
34347,4.499678611755371
33171,3.733217477798462
25328,4.575798034667969
15560,3.4442126750946045
39570,4.984793663024902
23699,4.689388751983643
56837,4.160361289978027
106703,3.877793788909912
91149,3.273160934448242
10495,4.25627326965332
62556,4.808614730834961
34724,5.162675380706787
46148,4.987534046173096
39612,4.90155029296875
62182,4.760095119476318
106416,5.065686225891113
38105,3.6434872150421143
28167,4.6842756271362305
69601,4.86108922958374
54462,5.091034412384033
31682,4.53676700592041
25474,4.7094221115112305
20125,3.7292659282684326
101695,4.665365219116211
76585,4.102768421173096
31713,4.576060771942139
30755,4.727105617523193
31804,4.493030071258545
30032,4.76495885848999
106603,4.522280216217041
31729,5.17365026473999
997,4.190771102905273
15527,4.264286994934082
31418,4.510775089263916
15537,4.614916801452637
52531,4.456271171569824
100737,4.650373458862305
14879,4.994273662567139
65099,4.671254634857178
84261,4.963578701019287
86631,4.6195807456970215
47889,3.379581928253174
99395,4.960244655609131
49758,4.750722885131836
38417,3.276674270629883
59407,4.486636161804199
6207,5.097878932952881
974,3.99045991897583
48047,4.555942535400391
76968,4.12063455581665
101951,5.19611120223999
26889,4.737588405609131
10470,4.919487953186035
87476,4.558794975280762
84008,4.674704074859619
57413,4.463698387145996
31274,4.744685173034668
34176,3.9646294116973877
48178,3.9188201427459717
19867,4.728068828582764
30936,3.4123587608337402
32566,5.018420219421387
25332,4.9879560470581055
52645,4.406312942504883
40716,4.396475791931152
620,4.410985946655273
101585,4.960487365722656
54186,5.211119651794434
54494,3.729243516921997
12812,5.108124732971191
64671,4.69557523727417
93981,4.81507682800293
84076,4.334044933319092
10796,4.043305397033691
78585,4.366369724273682
58906,4.985505104064941
67030,4.30259370803833
8231,4.255183219909668
53947,4.649688720703125
24059,5.255639553070068
47887,3.589496374130249
22201,4.0791239738464355
14382,3.8172168731689453
11069,4.59923791885376
85640,4.037593364715576
36820,4.250974178314209
21447,3.499216318130493
84861,4.489092826843262
7243,3.570991277694702
44325,3.3047711849212646
88193,3.173752546310425
77642,5.124894618988037
35111,5.238716125488281
246,4.186275959014893
56175,4.604633808135986
83691,4.506824970245361
88173,4.080718040466309
8381,4.977952003479004
75604,4.51932954788208
85581,5.018910884857178
54612,4.391567230224609
70698,4.700006008148193
61882,5.025745391845703
69276,5.026356220245361
44441,4.993253231048584
59889,4.125310897827148
102390,4.321824550628662
5233,3.3386318683624268
77998,4.247392177581787
106734,3.199164867401123
22772,4.2717437744140625
24138,4.970199108123779
49317,3.4862220287323
101203,3.7341623306274414
21165,4.944558143615723
82869,4.565627574920654
85624,3.169022798538208
18885,4.718264102935791
38271,4.678488254547119
78087,4.868765830993652
1222,4.464354515075684
71591,4.591065406799316
21801,4.991686820983887
30087,4.824111461639404
79708,4.0445146560668945
77667,4.773165225982666
9859,4.595432758331299
16742,4.990386009216309
68692,4.954236030578613
89982,5.148233890533447
36896,4.141024589538574
102247,4.040221214294434
15758,4.765153884887695
25618,4.932303428649902
14800,4.919275283813477
91487,4.890503406524658
9896,4.374271392822266
4402,4.373197555541992
104492,4.01015567779541
73812,4.757193088531494
43135,3.7653634548187256
23292,4.953083038330078
89662,4.271265029907227
15795,3.088870048522949
50631,4.146092891693115
73834,4.903428554534912
29283,4.859880447387695
97273,4.327141284942627
41286,4.879917144775391
33927,4.186200141906738
37228,4.835832118988037
71385,5.045727729797363
54164,3.8311402797698975
100065,4.438429355621338
30084,3.85577130317688
46464,4.636435031890869
21625,4.928726673126221
100654,4.829077243804932
98400,4.460086822509766
9497,4.583740234375
17224,4.963089942932129
38156,3.975421190261841
67335,4.925108909606934
90425,4.041136264801025
6396,4.5812578201293945
94085,4.56796407699585
98947,3.506413221359253
7970,3.870321035385132
97196,4.953189849853516
41315,4.898772239685059
15363,4.847859859466553
85256,4.797847270965576
464,4.741486549377441
88574,5.290797710418701
49033,4.74871826171875
16472,4.564834117889404
3602,4.929172515869141
75147,4.329390048980713
86950,4.837751388549805
81902,4.393192768096924
28388,4.565239906311035
89904,4.317208766937256
95966,4.030557155609131
82567,4.864732265472412
23413,4.666406631469727
36674,4.035844326019287
100270,3.8780384063720703
20645,3.97411847114563
12734,4.726497650146484
10243,5.155033588409424
74572,4.755664825439453
107146,4.284315586090088
12703,4.288431644439697
81280,4.462149620056152
45013,5.104531288146973
74090,5.133965969085693
28797,5.114394664764404
7312,4.922262191772461
101340,5.303103923797607
5722,4.834236145019531
62590,4.862407684326172
37134,3.836859703063965
108381,4.2579145431518555
14254,5.184998512268066
3428,4.054828643798828
6823,4.876559734344482
87786,5.24666690826416
104855,4.969700813293457
65905,4.298453330993652
54322,4.024780750274658
1271,4.55866003036499
48123,4.53391170501709
102445,5.168896675109863
106998,4.505222797393799
49833,4.690857887268066
50735,4.547786712646484
67840,4.157288551330566
31924,3.455484628677368
39841,4.145267963409424
91434,4.470017433166504
95257,4.08948278427124
87678,4.605607986450195
2557,5.081089496612549
91729,5.080268383026123
14750,5.090592384338379
38223,4.915488243103027
48005,4.398928165435791
45798,4.198083400726318
8328,4.902727127075195
71438,5.3365302085876465
77239,4.4288153648376465
24704,3.9862735271453857
86445,4.963230609893799
16485,4.319740295410156
84676,4.754281044006348
83553,4.8639349937438965
88195,3.9976396560668945
25215,5.303775787353516
44419,4.68568754196167
78481,4.852381229400635
34289,4.996081829071045
106947,3.1023929119110107
77186,4.9038286209106445
2590,5.041754722595215
70900,4.387487888336182
63020,4.905326843261719
14415,4.956033229827881
77810,4.7277350425720215
100252,4.538947582244873
26863,4.1892781257629395
25054,4.599582672119141
65058,4.528408050537109
76012,3.6569745540618896
73422,4.9749040603637695
4357,4.461180686950684
22035,4.769017696380615
60491,5.025662899017334
12220,3.332435131072998
71282,4.009769439697266
29175,4.858184814453125
51034,4.458983421325684
72069,4.091195583343506
20602,4.445539951324463
79274,4.924654483795166
21398,5.204808712005615
80948,4.6945672035217285
3951,5.314338684082031
2156,3.5690464973449707
98447,4.776862621307373
43829,4.901837348937988
99868,4.113409042358398
55057,4.448199272155762
89043,4.228761196136475
92985,3.4646196365356445
27002,4.402714729309082
45203,4.308785915374756
81931,4.239890098571777
18329,4.448714733123779
25395,4.638149261474609
2616,3.680238962173462
33142,4.536588191986084
26935,3.9311320781707764
94311,4.12229061126709
37385,3.837775707244873
11709,4.835147380828857
11784,3.7886409759521484
15218,4.7470927238464355
94588,4.260851860046387
8160,3.9460737705230713
52749,3.559542655944824
26229,3.9904699325561523
16418,4.918981552124023
18173,4.460810661315918
40299,3.672703266143799
99358,4.353466033935547
33031,4.4868340492248535
13978,4.488303184509277
74358,3.60174560546875
20148,5.094238758087158
34830,4.442323684692383
28527,4.3017377853393555
92722,4.225683212280273
7122,4.734485149383545
64597,3.7671093940734863
18367,4.548296928405762
73337,3.4606847763061523
32560,4.464148998260498
59864,4.98441219329834
40383,4.9021148681640625
73740,4.232889652252197
45450,5.114380836486816
35750,4.635188102722168
75357,5.056190013885498
26184,4.450793743133545
27059,4.920075416564941
17001,5.225432395935059
80970,4.532309532165527
3272,4.638944149017334
44443,4.218234539031982
8564,4.677570819854736
29325,4.521861553192139
42839,4.686105728149414
34206,4.533553600311279
46905,4.373729705810547
75420,4.199418544769287
16856,4.587797164916992
43858,4.3628973960876465
22099,4.725406646728516
48330,3.5497050285339355
29360,3.9454426765441895
45868,4.358652114868164
11472,4.101895332336426
52209,4.422561168670654
11424,4.466826438903809
73247,4.991004943847656
35387,4.375146389007568
62369,5.095524311065674
22637,4.68703556060791
54275,4.383758068084717
21861,5.200644493103027
85278,5.210960865020752
57574,5.1430277824401855
31,4.349884986877441
3332,4.14510440826416
19775,4.9091644287109375
90580,4.700656890869141
63376,4.5877814292907715
87594,4.568234920501709
76840,3.998288154602051
27713,4.843008995056152
66497,4.76501989364624
106472,3.0460257530212402
71822,4.726011753082275
61806,3.7544491291046143
22957,4.83845853805542
13065,3.895207643508911
76948,4.266633987426758
76187,5.0626935958862305
42643,3.9340498447418213
20543,4.844196319580078
14012,4.370866775512695
16081,2.6410117149353027
85518,4.136551380157471
25468,4.912700176239014
36204,4.821410655975342
37659,4.336462020874023
46701,4.571829319000244
53777,4.577638626098633
46309,4.7949442863464355
82154,4.433134078979492
100548,4.899277687072754
1900,4.197207927703857
55340,4.742801189422607
32892,4.272588729858398
6266,4.2617411613464355
83010,5.045356750488281
58548,4.594266891479492
7358,5.211478233337402
81293,4.276587009429932
69354,4.281163692474365
19831,4.483339786529541
23062,5.189952850341797
7026,4.613102912902832
90158,4.17577600479126
61998,4.89260721206665
57088,4.093691349029541
68886,3.493237257003784
104420,4.1646294593811035
12045,4.627557277679443
106207,3.903594970703125
103743,4.763284206390381
36472,4.508275985717773
24208,4.531289577484131
17928,4.33273983001709
35705,4.33054256439209
94503,4.952322006225586
22601,4.104381561279297
102913,5.555682182312012
60725,4.696825981140137
66481,5.071836948394775
34962,4.850757122039795
16851,4.725830078125
13584,4.047876358032227
14666,4.368924140930176
25005,4.802761554718018
65584,4.642763614654541
38111,4.444515705108643
26713,4.460526943206787
83624,4.652523994445801
60476,4.33594274520874
74340,4.665285110473633
18857,4.374533653259277
86541,4.976754665374756
45611,4.447078704833984
7441,4.157258033752441
47068,3.381708860397339
31921,3.75754714012146
58908,5.10819673538208
99827,4.494121551513672
27770,4.328952312469482
9873,3.208355188369751
106896,4.903249740600586
66464,4.317705154418945
8797,4.391570568084717
74492,4.834661483764648
83643,4.756360054016113
60752,4.748862266540527
28186,3.14300274848938
47245,4.4403510093688965
64255,3.4960246086120605
14804,4.630997657775879
10887,4.716497898101807
36922,4.324796676635742
34598,4.428446292877197
39624,3.5983338356018066
32775,4.241889476776123
42673,3.9736180305480957
25637,4.706295967102051
105893,5.3080034255981445
75285,4.662955284118652
72348,4.856152057647705
65687,4.821845054626465
61552,4.761602401733398
74127,4.258913516998291
10008,5.00377082824707
3630,4.800000190734863
105122,4.637510299682617
83314,4.040564060211182
40702,4.491275787353516
3244,4.3489556312561035
102386,5.135379791259766
86505,4.588338375091553
48258,5.033833980560303
82572,4.9436421394348145
50980,3.6564958095550537
27903,3.244511604309082
32507,5.14846134185791
74715,4.317938327789307
9885,5.295328617095947
56508,5.168125152587891
9281,3.7820639610290527
67905,4.390601634979248
89442,4.723597526550293
51435,4.819555282592773
26242,4.6848273277282715
23934,4.8445258140563965
37393,4.76239013671875
72119,3.8423750400543213
81106,3.8403408527374268
19641,4.603128910064697
11949,4.386765003204346
8618,4.2795729637146
107726,4.977591514587402
35303,3.8038251399993896
83658,5.027105331420898
82270,5.453359603881836
98328,4.619358539581299
28282,4.616693496704102
37668,4.33018684387207
59815,4.4158935546875
62167,4.720648765563965
65901,4.504078388214111
32951,4.622664928436279
20508,5.077556610107422
15231,4.136857032775879
103515,4.748167991638184
78454,5.328309059143066
72089,3.9843192100524902
67263,4.5923004150390625
90272,4.901564598083496
31761,4.272368907928467
40210,3.9911327362060547
94331,4.694451332092285
27648,5.0051960945129395
97895,4.265108108520508
104477,4.562675476074219
62094,4.54506778717041
72301,4.817781925201416
99186,4.7794108390808105
34976,4.308882713317871
60938,4.858232021331787
43947,4.449120998382568
20411,5.003268718719482
51670,5.102606296539307
108563,4.856167316436768
32233,4.442511558532715
92033,4.819590091705322
101638,5.043381690979004
1262,4.323240280151367
72278,3.893990993499756
11522,3.8222923278808594
95981,4.310831546783447
97126,4.686092853546143
68449,4.480100154876709
53521,4.004988670349121
49071,4.526035308837891
67358,4.936089038848877
79593,4.73669958114624
96195,4.735996246337891
8656,4.995678901672363
23277,4.490375518798828
34584,5.250500679016113
57862,3.6624362468719482
105628,4.432519912719727
101461,4.161608695983887
27553,4.745853900909424
88135,4.627284526824951
103432,4.682516098022461
87658,4.113052845001221
55350,5.004377365112305
52619,4.322591781616211
27344,4.752475261688232
4443,4.266171932220459
14388,4.483394622802734
56559,4.9142632484436035
92876,5.160190105438232
7132,4.012319564819336
9673,4.651374816894531
68696,3.8348324298858643
83021,5.040315628051758
94374,4.588461399078369
31582,4.862823963165283
88873,4.4731268882751465
35933,4.847680568695068
39832,4.198703765869141
97606,5.069414138793945
105912,4.796608924865723
44737,3.87142276763916
67612,4.248781204223633
77417,4.337550640106201
61449,4.163330078125
30466,5.2193803787231445
26308,4.460973262786865
35171,4.483632564544678
101349,4.9395952224731445
55954,3.709282159805298
57462,3.2262439727783203
52203,4.90251350402832
16423,4.465820789337158
83793,3.508390426635742
46369,4.750082015991211
61996,4.615044593811035
39260,4.62537956237793
107891,4.7398576736450195
93782,4.312545299530029
101114,4.5199408531188965
86402,5.394744873046875
82586,5.1684889793396
103409,4.779139518737793
44200,5.014347553253174
49018,5.012324333190918
89104,4.967844486236572
57505,4.694409370422363
30394,4.878867149353027
31623,4.438370704650879
26073,4.156861782073975
70560,4.661494731903076
31984,3.951810121536255
8439,4.610201358795166
59590,5.187448978424072
9380,4.618598937988281
56003,3.8878891468048096
44117,4.607536792755127
66713,4.746509075164795
14956,4.100082874298096
12969,4.611055850982666
106165,4.571732044219971
37493,3.676833152770996
18721,4.664525985717773
77620,4.368506908416748
72857,3.924445152282715
76808,4.565998554229736
80018,4.730782508850098
38398,3.9067437648773193
17538,4.621850490570068
14819,4.7961745262146
83200,4.111093997955322
59052,4.952672004699707
69023,4.734432220458984
1131,4.184455871582031
67899,4.835446357727051
6433,4.381544589996338
11018,4.213902950286865
40678,4.447735786437988
84380,4.952184677124023
18582,4.997739315032959
5553,4.280874729156494
28766,4.064819812774658
81157,4.0109992027282715
70706,5.324319362640381
85145,3.96258282661438
26325,4.69718599319458
59387,4.375844478607178
89131,4.849113941192627
67253,4.588111400604248
94625,4.350059509277344
7849,4.326816558837891
5571,3.104353666305542
31437,4.818835258483887
61634,4.937634468078613
2291,4.671169757843018
1370,4.930757999420166
92968,3.960253953933716
32912,4.629550457000732
89626,4.978667736053467
19659,5.030145168304443
49954,4.582879543304443
96757,4.8212714195251465
10686,4.433866500854492
20384,4.800410270690918
64989,4.358979225158691
75062,3.497220516204834
92914,5.466479301452637
25638,4.7154364585876465
100930,4.554011344909668
33158,4.178281784057617
8118,4.148436069488525
26398,4.751503944396973
92292,4.7557172775268555
63576,4.7983174324035645
93646,5.0474138259887695
18655,5.219913005828857
81473,4.0207672119140625
8428,4.273841381072998
32754,4.73764181137085
83413,5.015316486358643
97464,4.770178318023682
63632,4.911487579345703
43512,4.8425612449646
70930,4.958916187286377
35561,5.189453601837158
24796,4.536055564880371
70545,3.6115734577178955
71878,4.400154113769531
50621,4.571174621582031
82786,4.203096389770508
101496,4.261613368988037
52631,4.376870632171631
43127,4.396969795227051
73234,4.011275291442871
15035,4.7461066246032715
85355,3.8825759887695312
99428,3.882307767868042
37967,4.803843975067139
19705,4.492055892944336
48802,4.983877658843994
54782,4.445980072021484
52842,5.041187286376953
31691,4.795658111572266
43497,4.762519836425781
59133,4.774150371551514
93065,4.651623725891113
10522,4.562168121337891
74055,4.945133209228516
23837,4.7210001945495605
72460,4.711311340332031
48635,4.5104570388793945
16699,4.595329284667969
88701,4.608423709869385
64388,4.167435169219971
66492,4.619640827178955
66447,4.209044933319092
60626,3.2513537406921387
82110,5.209039211273193
4126,3.8275959491729736
49775,4.406920433044434
59528,4.613380432128906
97815,4.33337926864624
28415,3.4352593421936035
10748,4.4256720542907715
61578,4.420364856719971
82023,4.761702060699463
94850,4.068436145782471
49510,4.547633171081543
95894,4.627742290496826
1767,4.352565288543701
73438,4.905313014984131
66485,4.226099014282227
61553,3.9567835330963135
92107,4.852534294128418
71528,5.0719428062438965
9169,4.792549133300781
80365,4.375211238861084
96311,4.945827484130859
91931,4.03134298324585
57346,4.251126289367676
43705,3.884979009628296
21429,5.152374267578125
217,4.460330963134766
69790,4.30282735824585
5158,3.7819712162017822
90231,4.73057222366333
80498,4.869775772094727
14220,4.178167343139648
43605,4.189645290374756
46830,3.797828197479248
78332,5.042210578918457
104439,4.648438930511475
27397,4.944528102874756
7066,4.682038307189941
51368,5.109125137329102
84686,5.127956867218018
10893,4.69418478012085
72451,5.010498046875
92669,4.5156569480896
76869,4.773277282714844
74968,4.60392427444458
46678,4.739189624786377
34185,5.1347455978393555
84595,4.96596097946167
60953,4.813255310058594
30948,4.462757587432861
24036,5.197792053222656
106854,4.311628341674805
51985,4.03257942199707
19,4.250580310821533
94208,3.6633644104003906
5598,5.125596523284912
47428,4.208526611328125
31492,3.834158420562744
20463,5.048758506774902
68231,2.9717555046081543
57479,4.482386589050293
16895,4.428654193878174
73576,4.548593044281006
76672,4.108840465545654
67956,3.2116572856903076
37127,3.2364261150360107
92419,4.913999080657959
65187,4.404437065124512
4012,4.216241836547852
58798,4.78313684463501
49787,4.791100025177002
1904,3.9134104251861572
28597,3.980295181274414
69772,4.55645227432251
104461,3.9799790382385254
81562,4.8204426765441895
35039,4.44782829284668
45957,4.803606986999512
99468,4.418703079223633
3064,5.319362163543701
25041,4.641130447387695
37402,4.437466621398926
58938,4.507345676422119
59368,4.006746768951416
57567,4.982156753540039
84144,5.062864303588867
21118,5.056792736053467
101299,4.7015581130981445
88917,4.744959354400635
107836,5.169888973236084
55168,4.145208358764648
44992,4.547037601470947
13099,4.836393356323242
35632,4.867702960968018
52884,4.548664569854736
86452,4.754130840301514
105454,4.076862812042236
94970,4.2464423179626465
84623,3.93721079826355
67658,4.592731952667236
6311,4.487692356109619
101840,4.561939239501953
89720,4.845232963562012
35347,3.010179042816162
77700,4.453078269958496
69970,3.8424012660980225
22863,4.125598430633545
66413,4.129546165466309
98000,4.836000442504883
44035,4.018685340881348
90340,4.6404924392700195
11288,4.771507740020752
95447,3.713860034942627
64292,3.822025775909424
26583,4.895974636077881
77219,4.824432373046875
102828,4.836670875549316
80032,3.7148826122283936
31536,4.772892475128174
10200,5.415920257568359
104258,4.926666736602783
81483,4.4628777503967285
33370,4.977579116821289
45929,4.596592903137207
7712,4.060131549835205
62700,3.578728199005127
20030,4.629763603210449
78990,4.718894004821777
91726,5.2150044441223145
77397,4.23969841003418
24533,4.54645299911499
70097,3.285834550857544
54893,4.719654560089111
23772,4.605946063995361
22080,4.29175329208374
31887,4.414400577545166
33024,4.547804832458496
54672,3.2675912380218506
90514,4.6952033042907715
83454,4.003830909729004
11704,4.954426288604736
69893,5.0183634757995605
75557,4.556687831878662
6735,4.514466762542725
107217,5.075802803039551
43137,4.558294773101807
41417,5.047382354736328
62030,4.589549541473389
56916,4.388527870178223
74027,4.76989221572876
22726,4.15597677230835
90623,4.237669467926025
37469,4.260504245758057
96461,4.759263515472412
90289,4.5808000564575195
104500,4.130452632904053
31246,4.747331619262695
41115,4.380926609039307
67453,4.081923484802246
30467,3.535828113555908
82873,4.958228588104248
62260,4.716921329498291
56966,4.626550674438477
28510,3.705380439758301
43815,4.2879557609558105
3786,4.650455474853516
57736,5.137051105499268
54999,4.488321304321289
87376,4.79503059387207
98630,4.304505348205566
40028,4.720158576965332
29085,4.8320207595825195
5189,3.0153374671936035
71865,4.297974109649658
24221,4.763541221618652
42072,4.3701491355896
61045,5.047266960144043
92528,4.840348720550537
70933,4.941845417022705
21672,4.767187118530273
83539,4.1993489265441895
22539,4.9190497398376465
98520,4.610569477081299
106952,4.495542526245117
12753,3.9275784492492676
24553,4.900688171386719
10493,4.754501819610596
51845,4.59099006652832
95746,4.041967868804932
39576,5.152209281921387
27243,4.623642444610596
88127,4.8382720947265625
79808,4.872150421142578
84757,5.0869269371032715
100659,4.77155065536499
7843,4.201266765594482
6694,3.890826463699341
59763,4.4167256355285645
10551,4.156985282897949
72780,4.627091884613037
87291,4.548468112945557
58152,4.737810134887695
85990,4.841390609741211
97749,4.76567268371582
89304,4.954414367675781
100211,4.790989398956299
24672,4.971782684326172
39409,4.584610939025879
80405,4.6690897941589355
62439,4.718072891235352
80747,4.638460636138916
48151,3.609800100326538
100175,3.7924187183380127
44798,4.531110763549805
77260,4.863522052764893
45204,4.611146926879883
10348,5.031777381896973
27527,5.1014227867126465
24464,5.008015155792236
101464,4.3013787269592285
67804,4.714735984802246
101440,3.245504379272461
87377,4.273121356964111
58668,4.6910905838012695
77579,4.716226100921631
7672,4.8653364181518555
16441,3.432633399963379
5160,4.129826545715332
97211,4.871093273162842
37850,4.839433193206787
87679,4.976604461669922
7926,5.236931324005127
47701,5.379120826721191
44705,5.013219833374023
74619,4.737035274505615
18531,5.2518415451049805
96392,4.739930629730225
43468,4.422118186950684
105095,4.910734176635742
103076,3.393998622894287
1032,4.179802894592285
73122,4.539919376373291
68134,3.887388229370117
81031,4.836635589599609
13509,4.847726345062256
79644,3.836453676223755
91498,4.839697360992432
71772,5.057870388031006
14317,4.706120014190674
12409,4.745033264160156
40168,4.258033752441406
54687,4.254049301147461
11254,5.151992321014404
19434,4.85305118560791
106664,4.119996070861816
57106,4.51064920425415
50793,4.418061256408691
74985,4.495825290679932
2012,4.065768241882324
70523,4.541391372680664
32148,4.104521751403809
85863,5.078210353851318
55912,4.790343761444092
100903,5.042059898376465
48705,4.810143947601318
78451,3.786896228790283
18769,5.129779815673828
90715,4.775236129760742
52467,4.666995048522949
102955,3.7377748489379883
67532,5.342850208282471
72170,4.3184075355529785
18482,5.2202348709106445
61874,5.079863548278809
56314,4.589724540710449
85828,4.221404075622559
95488,4.289145469665527
5874,4.203803062438965
65017,4.780928611755371
37168,3.4549922943115234
64467,4.236064434051514
86298,3.4836442470550537
81205,4.569677829742432
104976,3.9803316593170166
23342,4.721926689147949
70697,4.489654541015625
92014,4.316261291503906
3452,4.384622097015381
26981,4.173966407775879
68430,4.437211036682129
72713,4.572188377380371
108261,4.389159679412842
98735,4.781349182128906
13834,4.515971660614014
26343,3.998603343963623
59039,4.385558128356934
56771,4.064800262451172
31575,4.650197982788086
6173,4.637441635131836
78802,4.720137596130371
103130,4.6924028396606445
64232,4.396425247192383
26623,4.16727876663208
97684,3.9086697101593018
37471,4.926955699920654
16871,4.79349946975708
83334,3.9985036849975586
69196,4.411808967590332
80880,4.173370361328125
28966,4.688561916351318
6617,3.972247362136841
72949,4.575435638427734
71046,5.0076470375061035
25317,4.828352451324463
50409,4.528578281402588
107837,4.8388543128967285
80248,4.736420631408691
60269,4.457951068878174
17849,4.357891082763672
13279,4.205231189727783
22310,4.846498489379883
2283,4.267070293426514
62120,3.3139126300811768
84457,5.009207725524902
74039,4.9214253425598145
102581,4.499330043792725
95898,4.962976455688477
13870,4.426610946655273
78373,4.67297887802124
53419,4.591668128967285
72024,3.996494770050049
10184,5.341197967529297
17805,4.687636375427246
32444,4.898345470428467
26612,4.210659503936768
60102,4.063345909118652
29765,5.055445194244385
8346,4.85662841796875
11169,5.079405307769775
8799,4.907019138336182
6271,3.6912245750427246
60537,4.615058898925781
12273,3.559786558151245
3583,4.576747417449951
3817,4.035963535308838
62003,4.953845977783203
105056,4.305128574371338
337,4.662337303161621
49239,4.606659889221191
66827,4.319726943969727
67496,4.641659259796143
44852,4.985227584838867
25094,4.077384948730469
74020,3.5844640731811523
71147,5.23007345199585
51706,4.531522274017334
8239,4.6212239265441895
41929,4.925619602203369
18147,4.408532619476318
23630,4.303533554077148
45138,4.7449188232421875
72660,4.711853504180908
37946,4.062990188598633
105179,4.281147480010986
93030,4.570884704589844
20947,4.511973857879639
17926,3.9863080978393555
99507,4.334019184112549
89300,4.966367721557617
99217,4.724276542663574
100933,4.795927047729492
49883,4.111386299133301
77705,4.713222026824951
34309,4.675451278686523
51254,4.591248512268066
106833,4.501507759094238
98256,4.336300373077393
82186,4.859482765197754
60767,4.659477233886719
11468,4.445315837860107
42269,4.700336933135986
40656,3.601412057876587
59352,4.218133926391602
17204,4.673219203948975
53404,3.877840518951416
27730,4.083271503448486
38276,4.597103118896484
12815,4.748291969299316
37003,4.7259440422058105
76834,4.36144495010376
92216,4.5206618309021
94981,4.740299224853516
29851,4.598785400390625
64049,3.916138172149658
90791,3.3303964138031006
33440,4.892821311950684
44361,5.173092842102051
72548,4.692080497741699
36614,4.138101577758789
44747,4.924404144287109
8927,4.530062198638916
93565,4.525190353393555
21012,4.822533130645752
97507,3.8190126419067383
89287,4.123231887817383
23002,4.409359931945801
11788,4.908930778503418
100181,4.041245937347412
46329,4.6283721923828125
26072,5.249637126922607
101063,4.824118137359619
45477,5.127676486968994
50254,3.9013171195983887
54467,4.824728965759277
105081,4.556604862213135
24621,4.387283802032471
73243,4.9082417488098145
74230,2.9377553462982178
8102,4.2419114112854
45240,4.598363876342773
31989,4.176811218261719
6683,4.85988187789917
53381,4.012243747711182
75111,4.613276958465576
68172,4.925881385803223
40769,4.904595375061035
61032,4.558687686920166
108002,4.884157657623291
100250,4.289595603942871
2850,4.874954700469971
41287,4.729611396789551
45879,4.241240978240967
65764,4.727004528045654
97820,4.09946870803833
47097,4.02828311920166
66078,4.45875358581543
102223,4.2015461921691895
35055,4.915247440338135
29409,4.434309959411621
91990,4.996764183044434
18985,4.387211799621582
41795,4.359801292419434
77894,4.9352946281433105
82260,5.089445114135742
27573,5.02427339553833
86740,4.880098819732666
29240,4.15759801864624
10504,4.2802019119262695
89322,4.230571269989014
6209,4.8352508544921875
50572,4.46879243850708
85236,4.741671562194824
96363,4.682570934295654
48746,3.8182573318481445
53459,5.143805027008057
64336,3.914949655532837
103218,3.807054042816162
14067,4.802444934844971
67001,4.320468902587891
82948,4.143702030181885
54033,4.002652645111084
9684,4.755274295806885
56476,4.776432991027832
26315,5.02060079574585
63965,4.976043224334717
61070,5.165883541107178
94397,4.530328750610352
98879,4.632366180419922
27291,3.8829824924468994
4757,5.299598217010498
90279,4.322177410125732
4159,5.216835975646973
58559,4.119019031524658
15971,4.346492767333984
83324,4.303892135620117
84755,5.3371124267578125
75207,5.477319717407227
35528,5.19402551651001
9451,4.585716724395752
39734,4.087853908538818
98099,4.477967262268066
57799,4.507117748260498
72414,5.166192054748535
96208,4.133020877838135
67035,4.3137969970703125
28940,4.698441982269287
52324,4.187731742858887
77522,4.5878424644470215
43793,4.549476146697998
93992,5.212769031524658
10668,4.860053062438965
48008,4.474817752838135
51493,3.668889045715332
33857,5.070329189300537
25019,4.4798407554626465
32018,4.2413411140441895
56481,3.3659844398498535
6962,4.632412433624268
19674,4.357016086578369
85981,4.307501316070557
61338,4.1578474044799805
35364,4.2444748878479
62337,3.935950994491577
36973,4.107108116149902
75743,5.004915237426758
43442,4.62298583984375
64849,4.9120612144470215
59714,4.096268177032471
61419,5.020867824554443
17634,4.7488250732421875
23758,4.917286396026611
24373,3.7643942832946777
85019,5.297030448913574
85286,3.5942587852478027
17346,4.737125396728516
72564,5.1310038566589355
69900,4.454724311828613
17462,4.160805702209473
958,4.672208786010742
78667,4.202823638916016
10255,5.498126983642578
56629,4.063399791717529
57300,5.002367973327637
81318,4.659285068511963
50857,5.032896518707275
107673,4.699836254119873
7286,5.052819728851318
85654,3.6251778602600098
27209,5.017399311065674
72524,4.625206470489502
48102,4.645495414733887
94739,4.113515377044678
11496,4.894371509552002
47114,4.707952499389648
32799,4.153918266296387
48457,4.428799629211426
52886,4.58116340637207
1170,4.342310905456543
14760,4.651710510253906
72890,4.277318954467773
65831,4.721423149108887
85476,4.753814697265625
77378,4.768683910369873
19973,3.953850269317627
26483,4.718057155609131
27581,4.985233306884766
77363,4.207947731018066
21649,4.148329734802246
77276,4.7456183433532715
22691,4.872737407684326
19695,5.020543098449707
36806,5.0774736404418945
64750,5.138917446136475
9605,4.501255989074707
105223,4.107628345489502
66090,4.4519877433776855
107841,4.79060173034668
8059,4.240516662597656
21347,4.2437520027160645
76344,4.144019603729248
49471,4.17602014541626
64874,3.5752999782562256
58165,4.335821628570557
87318,4.583012104034424
28958,4.874575614929199
84473,4.403741359710693
45022,4.442299842834473
64608,4.768051624298096
9764,4.590646266937256
40300,5.244422435760498
8345,4.721977710723877
51243,4.6499762535095215
46356,4.44748592376709
106925,4.673250198364258
14792,5.006532669067383
44006,3.94390869140625
8567,4.590555667877197
15926,3.9871227741241455
66223,4.944921016693115
55380,4.97725248336792
60645,4.287179946899414
90306,4.530615329742432
89382,4.239835262298584
57141,4.364424705505371
60038,3.2071516513824463
52806,4.765734672546387
60298,4.72064208984375
69171,4.804956436157227
62541,4.771389961242676
66470,4.8583664894104
74501,4.295180797576904
35305,3.7129054069519043
69157,4.65864896774292
95223,4.127380847930908
76864,4.057668209075928
51549,3.191498279571533
97084,3.5951523780822754
72961,4.690349578857422
5006,5.012035369873047
51110,5.015384674072266
9773,5.0058088302612305
59719,4.212111949920654
99397,4.569201469421387
31180,4.181621551513672
41243,3.710484504699707
62941,4.40053129196167
49423,4.371030330657959
79347,4.914108753204346
81113,4.763646602630615
83526,3.0366737842559814
4930,4.486139297485352
100487,4.045740127563477
54455,4.752720832824707
93084,4.789829730987549
86736,4.617254257202148
48551,4.234114646911621
62916,4.433176040649414
108274,4.856985092163086
88384,4.725521087646484
106707,4.273514270782471
72434,5.064744472503662
69175,4.582226276397705
30964,4.697505950927734
64941,4.766705513000488
14197,4.7881903648376465
30112,4.922155380249023
62727,4.0383524894714355
88492,4.555163860321045
64238,5.20963716506958
16731,4.669792652130127
40740,4.8036956787109375
65041,4.685227394104004
60825,4.800347328186035
74115,4.631127834320068
24286,5.31383752822876
31892,2.890958309173584
36004,4.1787004470825195
9258,4.588009834289551
56611,4.097285270690918
11812,4.206047058105469
59175,4.364500045776367
13609,4.645345687866211
27958,5.093017101287842
23640,5.182429313659668
76663,5.057969570159912
10364,4.93679666519165
34029,4.897930145263672
52849,4.824992656707764
3966,3.969951868057251
89755,4.174764156341553
44099,4.379818916320801
98130,4.582230091094971
16123,4.826050281524658
12011,4.045154094696045
86413,4.445550918579102
20531,4.814275741577148
92608,5.034668445587158
65895,4.101364612579346
62953,4.956448554992676
20205,4.581797122955322
95754,4.434605121612549
46693,5.326587677001953
5231,4.598190784454346
43404,5.008988380432129
95944,4.5186448097229
11201,4.901049613952637
97076,4.73668098449707
83437,3.765430212020874
52745,3.6547882556915283
371,4.5035810470581055
66245,4.260421276092529
28718,4.461975574493408
34943,4.744178771972656
85120,4.78566837310791
43908,4.377933502197266
80884,4.2879252433776855
74799,4.621511936187744
99981,4.490877628326416
72659,3.918565511703491
90203,4.607188701629639
87691,5.069826126098633
42004,4.681826114654541
61661,4.299742698669434
46997,4.2533979415893555
8213,4.928912162780762
7037,4.868311405181885
9299,4.156576156616211
1328,4.3734941482543945
64840,4.4685893058776855
10118,4.943531036376953
88228,3.534242630004883
40893,5.118200778961182
72939,4.808897495269775
104793,3.9756226539611816
40650,4.400675296783447
85670,4.313203811645508
19373,4.683323860168457
85617,5.18774938583374
50269,4.219810485839844
46089,5.0799994468688965
50744,4.293024063110352
70455,4.364857196807861
31845,4.361667633056641
83217,4.718563079833984
12571,3.9239773750305176
100744,4.277670383453369
80278,4.901233673095703
57276,4.946854591369629
17817,4.788903713226318
106268,4.937727451324463
18366,2.891059637069702
34591,4.989550590515137
13377,4.681173324584961
12962,4.195216655731201
103457,4.256402492523193
34158,5.31342887878418
46769,4.537618160247803
83331,4.883315563201904
17794,4.900359630584717
72561,4.949243545532227
18999,4.405218124389648
2912,5.183749198913574
56193,3.995001792907715
81786,4.910058498382568
15276,3.413877248764038
48143,4.940305233001709
16960,4.320175647735596
64277,2.7236132621765137
80996,4.668846130371094
49076,4.689623832702637
73175,4.013672828674316
97331,4.605057239532471
92094,5.0073628425598145
33065,4.502817153930664
39555,3.8108510971069336
77463,4.837558269500732
103555,4.259822368621826
17117,3.876068592071533
43579,4.060759544372559
17116,5.123960971832275
14373,4.878334999084473
74692,4.496837139129639
37368,4.296193599700928
39925,3.794764518737793
71197,4.732472896575928
29370,4.759024143218994
10015,4.430103302001953
98214,4.461955547332764
72651,4.22927713394165
14873,4.888817310333252
68562,4.464386940002441
61164,4.044825553894043
59337,4.667728900909424
16348,5.06014347076416
49958,4.6200852394104
79351,4.111779689788818
15359,4.721663475036621
101890,3.9540302753448486
64342,4.45102071762085
20199,4.78076696395874
15680,3.516425848007202
7322,4.868563652038574
73372,4.4962968826293945
633,4.774999618530273
10449,4.4733076095581055
60024,4.397006988525391
61243,5.211818218231201
16487,4.411778926849365
33503,4.76434850692749
77292,4.849049091339111
18008,4.388508319854736
53908,4.483193397521973
8510,4.522688865661621
80817,4.821930885314941
101942,4.428791046142578
51696,4.6367011070251465
100316,4.610988616943359
57761,5.4183549880981445
74740,4.66227912902832
65964,4.26128625869751
34949,3.964848518371582
41472,4.670419692993164
41316,4.990721225738525
12503,4.02749490737915
79208,4.846473693847656
23794,4.8058390617370605
88270,4.645168781280518
89031,4.465964317321777
47422,4.317330837249756
82446,4.965845108032227
28835,4.791103363037109
61900,4.3434553146362305
23992,3.9636428356170654
32879,4.379439830780029
76113,5.098975658416748
51702,4.937194347381592
108098,3.9830377101898193
79008,4.336592197418213
63059,5.206739902496338
11826,4.620339870452881
34200,4.385725498199463
22459,4.474738121032715
101244,4.402621746063232
17416,3.9571638107299805
102174,3.6729328632354736
62841,3.868549108505249
10213,4.759988307952881
104384,4.764749526977539
95665,3.9944863319396973
79928,4.239489555358887
41603,4.946457386016846
63628,4.33485221862793
56775,3.8246257305145264
101779,4.920331954956055
611,4.122075080871582
71031,4.230885028839111
49490,4.133374214172363
73621,4.45759391784668
66418,5.034989356994629
66736,4.587275505065918
19127,2.965941905975342
53986,4.119812488555908
2061,4.336227893829346
57156,4.336362838745117
83801,5.008684158325195
22633,4.642064571380615
31279,4.801156997680664
78588,4.514141082763672
42555,4.218039512634277
104497,4.933309555053711
37722,4.245091915130615
67477,4.546972751617432
57311,4.6352458000183105
80001,4.320771217346191
26814,4.262289047241211
44589,4.542991638183594
95901,4.730983734130859
66816,4.394099712371826
72026,4.671799182891846
36253,4.609312534332275
19648,4.891014575958252
50057,4.849953651428223
80685,4.171299457550049
24245,4.938567638397217
70511,4.823270320892334
35903,4.500982284545898
35670,4.34147310256958
12484,4.715543270111084
73990,4.273469924926758
18158,4.965685844421387
19457,4.6766676902771
48288,3.6702494621276855
94905,4.171977519989014
100984,4.644298076629639
81091,4.436241626739502
13706,4.821845054626465
79717,4.330584526062012
101038,4.915602684020996
99033,5.162877559661865
86530,4.237364768981934
68280,3.460460901260376
6445,4.053194522857666
102261,3.997473955154419
28217,4.536567687988281
100172,4.460751533508301
30134,4.900771141052246
85259,4.781400203704834
18445,4.566655158996582
84173,4.704240798950195
49048,4.465093612670898
9651,4.7147932052612305
32903,5.168575286865234
53757,4.874430179595947
36985,4.794014930725098
79920,4.409167289733887
100122,4.2615461349487305
106675,4.3263020515441895
35226,4.370622158050537
75599,4.318469524383545
92232,3.849015474319458
10785,5.0585198402404785
40287,3.397250175476074
68923,4.631653308868408
92694,4.812597751617432
104432,4.905060768127441
80958,4.729118824005127
58625,4.611437797546387
8649,5.078370571136475
97993,4.3406476974487305
3678,3.4118149280548096
14050,4.97607421875
106132,5.0385308265686035
65571,4.16469144821167
17752,4.091103553771973
28149,3.781759023666382
28908,3.376241445541382
68894,4.4882073402404785
72973,4.276490688323975
103139,3.8417577743530273
99539,3.598712921142578
13074,4.292931079864502
70253,4.344655513763428
98545,4.7262701988220215
108423,4.608147144317627
21372,4.633978366851807
43103,5.047168731689453
7972,4.595409870147705
78423,4.457330703735352
45045,5.165048122406006
97860,4.059776782989502
27537,3.8320887088775635
37936,3.9664828777313232
22751,4.809424877166748
70851,4.490607261657715
35788,3.6021645069122314
2915,4.899872779846191
43549,4.924350738525391
18916,4.127378940582275
37413,4.4850687980651855
10275,4.451307773590088
61028,4.271111488342285
77393,3.7279205322265625
41502,4.484934329986572
108380,4.085134983062744
48049,3.406764507293701
35423,4.419548511505127
17649,4.747231960296631
80520,4.047330379486084
43662,4.4430766105651855
25016,4.241703033447266
47411,4.715422630310059
16163,4.557068347930908
102058,3.2813124656677246
83001,5.104259967803955
49274,4.701037883758545
15697,3.6710643768310547
15772,4.60115385055542
74603,5.025259017944336
103454,4.5585856437683105
34401,4.911708831787109
13894,4.594043731689453
21249,4.150537014007568
84922,5.002198219299316
13173,4.692590236663818
24369,4.0151190757751465
24929,4.801673412322998
36087,4.46907377243042
55297,3.176586389541626
17350,4.717179298400879
18047,5.063107013702393
6716,4.0791144371032715
12475,4.562409400939941
10864,4.89177131652832
69248,4.52717399597168
51290,4.098001956939697
18564,4.143402099609375
68378,2.7487473487854004
92266,4.595491886138916
63621,3.526618719100952
81361,5.049099445343018
39031,4.538401126861572
37377,4.867133140563965
18215,3.8502206802368164
1094,4.1343512535095215
42757,4.75761604309082
70201,4.887712001800537
62767,4.04921817779541
65659,4.28287935256958
54230,4.648825168609619
91199,3.9526100158691406
106205,4.315213680267334
12141,3.576836109161377
96540,5.107914924621582
53598,4.134735107421875
9632,5.0235395431518555
55159,4.184073448181152
35585,4.836051940917969
22436,4.866343975067139
4983,5.0535993576049805
75274,4.085604190826416
103746,4.926268577575684
38835,5.111337184906006
41495,4.5362467765808105
74283,4.566145896911621
28098,4.482553482055664
7252,4.570868968963623
78307,5.1659040451049805
92075,4.492056846618652
8084,4.747467041015625
87702,4.582971572875977
61401,4.451239109039307
30389,5.208624362945557
72150,4.440155506134033
87778,4.078605651855469
1088,4.17195987701416
2313,4.6991119384765625
59383,4.522878170013428
33881,4.751472473144531
26488,4.874961853027344
44971,4.703030586242676
3651,3.6755027770996094
86883,4.776926517486572
43107,4.081499099731445
80000,4.351382732391357
76722,4.1202263832092285
72774,5.058043956756592
82188,5.107748031616211
30476,4.4522318840026855
46093,5.141227722167969
96336,3.4589054584503174
34720,3.504502773284912
23191,4.155909538269043
91849,5.102365016937256
26166,4.20183801651001
102305,4.5347208976745605
92678,5.077553749084473
43395,4.922884464263916
82098,5.043078899383545
55945,4.169300079345703
55394,4.263004302978516
96290,3.918440818786621
103480,4.362187385559082
98272,3.759774923324585
58774,5.425355911254883
5197,4.21975564956665
3572,4.558642387390137
4302,4.901695728302002
96342,4.672987937927246
45106,4.034241676330566
76676,4.44829797744751
69337,4.2775044441223145
12443,3.7764508724212646
39879,4.791933059692383
48275,4.634468078613281
6733,4.680596351623535
6928,3.856196403503418
100375,4.898651599884033
92760,4.567636013031006
39001,4.9944233894348145
22971,4.885996341705322
18961,3.643758535385132
60442,3.998011589050293
55484,4.553070545196533
48528,4.713096618652344
72506,4.658773422241211
55680,4.018929958343506
12442,4.885817527770996
8045,4.230653762817383
24633,4.14911413192749
79162,4.789008617401123
33077,4.653262615203857
48228,4.548887729644775
79509,5.075549125671387
30794,4.4261603355407715
5168,4.43857479095459
96578,4.265269756317139
57535,5.0689311027526855
9252,4.449204444885254
9738,4.454505443572998
49569,4.458199977874756
91222,4.735932350158691
75864,4.265487194061279
18454,4.5156426429748535
85465,4.8497314453125
70304,4.830080509185791
5578,5.034278869628906
11182,4.669267654418945
33183,3.55336856842041
33609,4.6992926597595215
64847,4.634201526641846
106067,4.094071865081787
27044,4.072742938995361
47851,4.209339141845703
40708,4.15737771987915
81726,4.505815505981445
91348,4.656224727630615
71038,4.718591213226318
46722,4.438983917236328
100731,3.7702534198760986
70610,4.927670955657959
15970,4.127165794372559
45055,4.933855056762695
2872,4.31696891784668
82648,4.43939208984375
103226,4.507413864135742
84171,4.793688774108887
24320,4.074569225311279
11202,4.707127094268799
3358,4.449432849884033
81081,4.992843151092529
3629,4.615289688110352
92524,4.559177398681641
63898,4.04722261428833
24604,3.5967469215393066
55808,4.440036296844482
54986,4.706506252288818
96379,4.172970771789551
18208,5.195191383361816
65389,4.887577056884766
38764,4.6813836097717285
15955,3.9837663173675537
90132,4.800293922424316
66369,4.046394348144531
33066,5.047813892364502
76698,3.6606762409210205
50031,4.218793869018555
105425,3.929111957550049
42201,4.1441545486450195
67341,5.033742427825928
5619,4.379223346710205
20397,4.834567070007324
100787,4.927972316741943
54548,4.221240043640137
103273,3.622518301010132
80715,4.297293186187744
1961,4.8213090896606445
48245,5.1748576164245605
57224,4.544891834259033
45714,4.786135196685791
44187,5.070908069610596
15317,4.502873420715332
51800,4.312125205993652
80738,4.562970161437988
76109,5.052402496337891
7613,4.256545543670654
34237,5.119693279266357
83078,4.543957233428955
31271,4.575427532196045
200,4.847195148468018
70842,3.450960159301758
108084,5.042215347290039
57316,4.66887092590332
80324,4.6847381591796875
10610,4.588179111480713
17489,4.406610488891602
52737,4.165618896484375
22474,4.862720966339111
23184,4.459377765655518
72728,4.792513847351074
28639,5.054443359375
15469,2.951014757156372
1341,3.065279483795166
93943,4.8782267570495605
12733,3.825688123703003
93302,5.040707111358643
68998,3.694772243499756
61184,5.100067138671875
52141,4.155498027801514
48430,4.124680995941162
77361,4.530889987945557
40100,4.653473854064941
74420,4.041876792907715
3170,4.432200908660889
106692,2.6775286197662354
11532,4.807099342346191
96489,5.0021185874938965
63041,4.746575832366943
39043,4.974807262420654
108085,4.829039573669434
89690,4.165390491485596
89313,4.473236560821533
49116,4.296241760253906
69183,4.4260382652282715
92689,5.087700366973877
104635,4.427708148956299
78347,4.801368236541748
32269,4.12917947769165
47693,5.437559127807617
94661,4.72533655166626
57926,5.056396484375
34792,4.368123531341553
85112,4.730651378631592
58886,3.816394090652466
45708,5.059676647186279
104619,4.324050426483154
36994,4.889536380767822
60592,4.780425548553467
23820,5.143161296844482
1217,4.979250431060791
106668,4.080190181732178
48579,4.610108852386475
19561,4.4816975593566895
13402,4.465489864349365
61569,3.198213815689087
81485,4.6629462242126465
45099,4.891609191894531
23823,5.135890960693359
64801,4.719396114349365
89800,4.952872276306152
72115,4.037062168121338
24156,4.698660850524902
61363,4.856000900268555
8314,3.7063653469085693
49851,4.614374160766602
27458,4.0675272941589355
26140,4.445226192474365
75492,4.780603408813477
103635,5.290290355682373
108234,4.691589832305908
51513,4.57581090927124
22953,5.072992324829102
35076,4.585842132568359
64483,3.9376742839813232
36518,4.460596561431885
78903,5.001347064971924
105749,4.383175373077393
72837,4.718567848205566
79698,4.328309059143066
107576,4.579148292541504
8544,4.800576210021973
76336,5.194349765777588
55134,4.035426139831543
34846,4.518538475036621
52836,4.014651775360107
26847,5.131569862365723
46034,5.2293572425842285
12620,4.947266578674316
42530,4.505424499511719
392,4.468926906585693
56309,4.760365962982178
71487,4.804086208343506
84160,4.640857219696045
30027,4.541909694671631
52676,4.35929012298584
79531,3.8623197078704834
10239,4.198875427246094
51617,3.6711695194244385
88696,4.510801792144775
64481,4.4979729652404785
52556,3.689594030380249
74148,5.1716837882995605
108464,4.948853492736816
5110,4.4038286209106445
19836,4.439568519592285
56606,3.8332483768463135
33000,4.611721992492676
49560,3.932779550552368
91187,4.635240077972412
56266,3.9347667694091797
61259,4.878091335296631
7522,5.007789611816406
43881,4.5768656730651855
95104,3.4842374324798584
44817,4.980721473693848
60879,4.482341289520264
24289,4.410935878753662
39810,4.708486557006836
41564,5.043977737426758
99200,3.3147213459014893
52961,4.530858039855957
104038,4.093203544616699
55946,4.093720436096191
15530,4.354318618774414
18801,4.642392158508301
35973,3.9997034072875977
49250,4.239701271057129
70091,4.945965766906738
55073,3.8821675777435303
68675,5.067816734313965
1749,4.386334419250488
8330,4.637428283691406
90109,4.707751274108887
54437,4.445549011230469
87586,5.0169997215271
12690,4.778301239013672
56828,4.728569507598877
87073,4.834231853485107
80058,5.129937171936035
95400,4.3187713623046875
76730,4.828753471374512
25838,4.918280124664307
95436,4.796769618988037
100865,4.834803581237793
59573,4.09486722946167
93129,3.899216890335083
66376,5.062064170837402
22149,4.9357686042785645
47592,5.2759222984313965
76404,5.193269729614258
15799,4.820621013641357
71619,4.211101055145264
22188,5.216958045959473
51945,4.623430252075195
78326,4.695750713348389
83989,4.451488494873047
89133,4.9572978019714355
77742,4.62939977645874
62954,4.773782730102539
95113,3.5407159328460693
63961,4.5081892013549805
30420,4.20209264755249
30786,4.377971172332764
36481,3.609693765640259
3476,4.27424430847168
73020,4.799121379852295
48014,4.397464275360107
105381,4.629948139190674
82099,4.267776012420654
81299,4.381243705749512
44379,4.588983535766602
69219,4.514626979827881
74513,4.938287734985352
5324,4.426111698150635
6787,3.8805453777313232
52096,4.976398944854736
39009,4.3257155418396
43640,4.67878532409668
100972,4.527235507965088
31914,3.916525363922119
13915,5.077853679656982
9082,4.247164726257324
14766,4.718563079833984
24147,4.131343364715576
87193,4.569260120391846
1634,4.803152561187744
19934,4.028768539428711
2853,4.841313362121582
79406,4.399350643157959
24383,4.944176197052002
108394,4.664383888244629
10360,5.167331695556641
12268,4.369143962860107
17567,5.2316975593566895
46848,4.786312103271484
19159,4.634278297424316
45406,5.33811616897583
105023,4.467503070831299
104670,4.408124923706055
36952,4.620172023773193
92638,5.111020565032959
88434,4.231141090393066
17875,4.506600379943848
86397,4.812460422515869
29560,4.6549530029296875
80282,4.759030342102051
51200,4.654932975769043
70683,4.845188140869141
90292,5.062835693359375
58764,4.833096981048584
46192,4.9578351974487305
97491,4.937610626220703
57472,4.378111839294434
101321,4.603947639465332
46706,5.16691780090332
79641,4.496339797973633
85349,4.640731334686279
12276,3.7493631839752197
72924,4.878682613372803
26465,4.568900108337402
52494,4.691610813140869
101702,4.630159854888916
75774,4.553075313568115
30668,5.0911149978637695
61773,4.562305927276611
107487,4.826870441436768
42763,5.0556111335754395
87226,4.575649261474609
107983,5.206456184387207
96082,4.67057466506958
40572,4.591408729553223
45960,4.069105625152588
99732,4.973109722137451
15704,4.520418167114258
29739,4.2303786277771
71969,4.9076619148254395
79434,4.887407302856445
24386,3.0260186195373535
82271,4.7258148193359375
16481,4.615832805633545
21172,5.00166130065918
45886,3.037886381149292
32986,5.001574993133545
70895,4.601534843444824
45802,3.357614040374756
63039,4.390140056610107
57305,4.6159162521362305
76416,5.300355911254883
96726,4.469107627868652
11586,4.7497429847717285
94414,3.999175786972046
51667,4.871891498565674
102408,3.6101715564727783
52066,4.081840991973877
106274,4.976057052612305
97582,5.261787414550781
90894,4.767813205718994
81010,4.511348724365234
17055,4.760593414306641
29606,5.021754741668701
8404,4.799350261688232
12474,4.242343425750732
93711,3.7707173824310303
6732,4.136110305786133
18151,4.501796245574951
80795,4.177610397338867
53235,4.518332004547119
37537,4.493274688720703
36161,4.238327980041504
43524,4.764420509338379
45739,4.991912364959717
70405,4.732115268707275
13806,4.863121032714844
61622,4.971944808959961
43174,3.9530928134918213
35123,4.885499000549316
100507,4.927295684814453
63057,3.8372042179107666
64266,3.790818214416504
26304,3.8730008602142334
88562,4.232893943786621
99801,4.849751949310303
12365,3.688232898712158
6703,4.593610763549805
103012,4.70119047164917
21351,4.348822116851807
66133,4.902838706970215
48890,3.625680446624756
104636,3.947331428527832
52770,4.026413917541504
13836,3.3456923961639404
84650,4.711632251739502
8792,4.1548285484313965
90908,4.6002960205078125
80503,5.010277271270752
26435,4.981986045837402
2751,4.463754653930664
85539,4.523439884185791
21915,5.002742767333984
16062,4.398558616638184
27182,4.740006446838379
64622,4.238943099975586
107346,4.0455427169799805
83420,4.637847900390625
99371,4.629566669464111
89728,4.197460651397705
66765,4.578402042388916
69056,4.327025413513184
70994,4.910110950469971
62599,4.667596340179443
21709,4.824257850646973
95428,5.057270526885986
20059,5.234292507171631
73821,5.011295795440674
40430,4.755410194396973
100532,4.475009918212891
60917,5.0967936515808105
35664,4.138861179351807
33929,3.8963656425476074
44088,4.61082649230957
48247,3.2460787296295166
82379,4.431761741638184
14204,4.518755912780762
47968,4.512320518493652
94096,4.227567195892334
103261,4.172728061676025
14777,4.990124225616455
34070,4.630228519439697
31315,4.9147419929504395
96339,3.7476205825805664
104532,4.878722190856934
64495,4.41282844543457
49065,4.231900215148926
51728,3.969958543777466
45140,4.17589807510376
28003,4.681906223297119
97406,5.007102012634277
28448,4.8967180252075195
42874,4.099247455596924
7618,4.441639423370361
78771,4.532304286956787
74873,4.425673007965088
97538,5.05805778503418
43655,4.39726448059082
4010,4.076842784881592
23619,4.747373580932617
101011,3.900972604751587
27298,5.005477428436279
45892,5.178472518920898
73582,4.578789710998535
14117,3.8058364391326904
94111,4.11439847946167
35736,4.275701999664307
54077,3.877865791320801
31540,4.744221210479736
75102,4.952643871307373
104333,4.642758846282959
49486,4.054079055786133
21980,5.043971538543701
65203,4.553663730621338
36062,4.6798906326293945
80664,4.73321008682251
24038,5.058224201202393
108406,5.0102033615112305
68487,4.887392520904541
6058,4.379278659820557
58523,4.535579204559326
70903,5.139388084411621
47292,4.038860321044922
107997,5.112009048461914
33352,4.2121076583862305
28800,4.955615520477295
10069,3.922607183456421
6936,4.328328609466553
26359,4.152174472808838
45593,4.28371524810791
88137,5.0439839363098145
21780,4.172142505645752
68953,4.969374656677246
52175,4.34403657913208
46584,4.758007049560547
33467,4.384823322296143
4174,5.006124496459961
62195,4.909270286560059
55000,4.660864353179932
66431,4.865940093994141
39825,4.196735858917236
31721,4.799729824066162
87661,4.503354549407959
30031,4.372428894042969
8740,4.154621601104736
46629,5.056569576263428
94993,4.455862045288086
105578,4.373047351837158
50647,4.440809726715088
81376,4.5449018478393555
63010,4.756886959075928
86122,4.921576499938965
74731,4.40330696105957
63485,4.950934886932373
19018,4.429811954498291
65794,3.741629123687744
27698,4.71513557434082
100150,4.392931938171387
67721,4.5127716064453125
19741,4.961575508117676
62681,4.4135661125183105
14504,3.0803756713867188
79442,4.40645170211792
61266,4.774520397186279
61113,3.597965717315674
32266,4.607840061187744
44545,5.0416178703308105
105806,4.1134934425354
34614,5.081420421600342
48547,4.740478038787842
4444,3.9377806186676025
52387,4.363605976104736
42084,4.2086029052734375
80142,4.242023944854736
19363,4.924898624420166
26164,4.865920543670654
44946,4.590658664703369
4345,4.42535924911499
6405,4.356834888458252
66300,4.849852561950684
36735,4.946839332580566
82852,4.655788421630859
104876,5.142982482910156
27198,4.90189790725708
2782,4.164294242858887
73032,4.174627304077148
45108,4.784694671630859
38627,4.182259559631348
66328,4.778104782104492
53577,4.096384048461914
37117,4.771509170532227
66815,3.478079319000244
12448,4.132252216339111
84963,3.58040714263916
10553,4.893277168273926
56160,4.1601338386535645
101778,5.197216033935547
35796,4.6805219650268555
3564,4.75570821762085
11600,2.477263927459717
23204,3.6676042079925537
19975,4.005074977874756
82573,4.564722061157227
103935,5.329251766204834
32574,4.99223518371582
25764,4.124319076538086
76059,4.578348636627197
71032,4.310649394989014
90464,3.326185941696167
4499,3.620197057723999
80969,4.56351375579834
24527,4.66578483581543
106058,4.654024124145508
39464,4.496975421905518
36539,4.109541893005371
3754,3.90901255607605
55859,4.965215682983398
16922,4.730367183685303
31324,4.196366310119629
63464,2.7204413414001465
31807,4.642197132110596
39032,4.165790557861328
96287,4.465998649597168
40235,4.433156967163086
85560,4.723178386688232
32718,3.8464736938476562
57836,3.974151372909546
105547,4.539992332458496
77315,4.502905368804932
88970,4.858500003814697
8594,4.580636024475098
80166,5.135518550872803
36620,4.930303573608398
69015,4.739297389984131
7742,4.474757671356201
21667,4.793246269226074
82663,4.829098701477051
37929,4.056106090545654
64304,3.272200345993042
90853,3.9105679988861084
6845,4.678256511688232
940,4.2234673500061035
61940,3.5332093238830566
41290,4.016027450561523
64143,4.759464263916016
50250,4.577131271362305
81621,4.449241638183594
18253,5.194882869720459
61528,4.811123847961426
86187,4.661009311676025
55629,4.686495780944824
67044,4.4591827392578125
57881,3.1449456214904785
58847,4.1256422996521
1390,4.138368129730225
11318,4.17563533782959
38767,4.209669589996338
96197,4.855139255523682
2732,3.9827468395233154
40241,4.656559944152832
64071,4.5920796394348145
98264,4.347765922546387
102744,5.113555431365967
92054,5.107781887054443
22570,3.8575632572174072
98889,4.782417297363281
44966,5.093626499176025
82781,4.2548089027404785
100715,4.269593715667725
7307,5.182201385498047
99472,4.074041366577148
73613,4.918428897857666
99972,4.517897129058838
62116,4.244503498077393
75894,4.457356929779053
104347,4.568910121917725
63186,4.126466751098633
13303,5.033535480499268
79947,4.587825775146484
67112,3.696153402328491
89979,4.186541557312012
12008,4.358745098114014
37262,4.9354119300842285
1672,4.87764835357666
66763,4.455981731414795
87899,4.674023628234863
82040,4.672470569610596
65190,3.062264919281006
104251,4.442315578460693
92060,4.977804660797119
57930,4.883310794830322
80806,4.017391204833984
82229,4.473578929901123
48628,3.9125657081604004
46572,4.454837322235107
105705,4.6751251220703125
97656,4.763305187225342
27942,4.853715896606445
55412,5.099887847900391
53075,3.571028232574463
106886,4.730010986328125
1528,4.656379699707031
59228,4.849509239196777
69336,3.589813232421875
35003,4.260868549346924
99041,4.911584854125977
12416,5.128326892852783
69750,4.611931800842285
26406,4.487769603729248
55587,5.135542869567871
48588,4.333459377288818
64253,3.3578338623046875
565,4.973661422729492
68228,4.832779407501221
22252,3.8531835079193115
85588,4.868847370147705
65755,4.129451751708984
17714,4.527815818786621
16683,4.751652717590332
15613,4.122468948364258
62095,4.758567810058594
419,4.565948009490967
101688,4.821017265319824
23159,4.892110824584961
50891,4.467718601226807
20577,3.2957236766815186
68499,3.5358502864837646
15564,4.189483165740967
16897,4.545777797698975
17247,4.640556335449219
37105,4.853382587432861
41127,4.279603481292725
97554,5.329122066497803
382,4.823941707611084
90175,4.813718318939209
81232,3.5224547386169434
19111,4.400634288787842
22567,5.095888614654541
106175,4.857693195343018
30122,4.17494535446167
16217,4.6405839920043945
72562,4.558162689208984
91996,4.6200079917907715
73459,4.755177974700928
19092,4.331511974334717
73468,4.664069652557373
88969,4.352236747741699
80100,3.527625322341919
10346,5.371600151062012
51177,4.545266628265381
36928,4.591020107269287
48524,4.5208539962768555
49019,5.23557710647583
42594,2.941652774810791
40735,4.333232402801514
50711,4.771392345428467
18686,3.698129415512085
16714,3.9158239364624023
35993,4.511147975921631
3001,4.144593715667725
87933,4.437321662902832
89758,4.428398609161377
91365,4.939812660217285
88644,4.230591297149658
34470,4.695899963378906
95826,3.8957338333129883
78613,4.821983814239502
13003,4.775349140167236
65750,4.517501354217529
18264,4.40428352355957
79640,4.622501850128174
83636,4.996023178100586
18812,4.265754222869873
57980,4.414238452911377
97210,4.820480823516846
83003,4.3991594314575195
81424,4.825417518615723
64765,5.104618072509766
28126,3.958559274673462
76181,5.0129499435424805
53574,3.7896060943603516
91002,4.721314430236816
39929,4.545689582824707
3162,3.45707106590271
98015,3.627366065979004
30216,4.421319007873535
1881,4.395346641540527
45265,4.152120113372803
93522,4.657307147979736
63974,4.457134246826172
68126,4.599269866943359
40159,3.942044973373413
990,4.069627285003662
67039,4.214625358581543
50898,5.083049297332764
48036,3.6903700828552246
102285,4.94187068939209
51755,4.657073497772217
54343,5.013556003570557
87828,4.9401326179504395
12968,4.906458377838135
75669,4.747722148895264
24951,4.120689392089844
45456,4.383305072784424
48082,3.9609062671661377
19197,4.2994208335876465
79318,4.633905410766602
59806,5.123625755310059
23827,3.1015548706054688
94868,4.458007335662842
99327,4.699047088623047
86316,3.8447365760803223
6156,3.5180935859680176
23058,4.944188117980957
65519,4.530746936798096
86465,4.898073196411133
43292,3.4732654094696045
69280,4.894604206085205
3902,5.037721633911133
103838,3.2359931468963623
19073,4.930807113647461
80515,4.536184787750244
6468,4.117577075958252
82130,4.438040256500244
63321,5.126725673675537
54056,3.7050740718841553
73327,3.782200336456299
71935,4.0966925621032715
73093,4.995397567749023
29923,4.321605682373047
99032,4.399721145629883
22703,4.672038555145264
84270,4.222927093505859
64657,4.557908058166504
56836,4.845267295837402
91712,4.689800262451172
20712,4.431087493896484
33241,3.9944229125976562
92799,4.451148986816406
39371,5.034897327423096
61454,3.901630401611328
34998,4.847001552581787
57963,4.910792827606201
52275,4.352175712585449
14496,3.511162519454956
101482,3.7641654014587402
29600,4.554500579833984
98250,4.127171993255615
7365,4.69287633895874
73691,3.9491586685180664
14485,3.387075185775757
78814,3.7958338260650635
17919,4.139797687530518
1609,4.495421409606934
31151,5.121537685394287
29125,5.127324104309082
5937,4.856420040130615
10002,4.229808807373047
87595,4.453375816345215
22462,5.115084171295166
19327,4.99202299118042
20078,4.979697227478027
21763,3.207585334777832
78478,5.108157157897949
40998,3.356104850769043
92829,3.7519371509552
13098,4.858179569244385
42471,4.3912200927734375
23885,4.86177396774292
103519,4.49575138092041
15009,4.2693681716918945
10799,4.517038345336914
16631,4.86715030670166
40676,4.184759616851807
68551,4.881308078765869
50761,4.860373497009277
27050,4.542597770690918
102700,4.264756202697754
6607,4.641561985015869
80668,5.00710916519165
20662,4.868368148803711
26904,4.720763683319092
14013,4.548490047454834
44636,4.939013957977295
11540,3.6847846508026123
101887,4.646153450012207
86249,5.105645656585693
102782,4.470303535461426
46270,4.1574625968933105
85315,4.864048957824707
13077,5.096052646636963
23691,4.873432636260986
14781,4.39848518371582
66998,4.6594977378845215
23771,5.13870906829834
17879,4.6837897300720215
15606,4.733290195465088
9189,4.367092609405518
7042,4.479944229125977
55524,4.3394856452941895
104278,4.812228679656982
43083,4.002651691436768
63675,4.893962860107422
61892,4.482553482055664
8170,3.863283395767212
11708,5.183523178100586
56316,3.851464033126831
83387,5.244933128356934
27353,4.069222450256348
23180,4.735096454620361
38457,4.2649641036987305
65858,4.66324520111084
5251,4.103124618530273
103988,3.6902730464935303
100789,4.838216781616211
34529,5.030102729797363
97743,3.972454786300659
45336,5.181252956390381
49528,2.783271074295044
10509,4.613677501678467
65738,4.211597442626953
26137,3.734127998352051
6759,4.293405055999756
22900,4.105001449584961
35280,4.760525703430176
105150,4.5536394119262695
98306,3.194437265396118
96541,3.735248327255249
19415,4.939274787902832
40972,4.674649238586426
56500,4.111125469207764
35541,5.315565586090088
86139,4.821931838989258
10662,4.30887508392334
51064,3.6722254753112793
23752,4.723515033721924
36199,3.6362226009368896
81351,4.9015212059021
14202,4.435055732727051
83925,4.798958778381348
31859,5.063779830932617
12588,4.045149803161621
22008,5.24961519241333
105455,4.176470756530762
8673,4.833627700805664
102129,2.8687050342559814
73158,4.705255031585693
30587,5.090321063995361
55266,4.171326637268066
11163,4.983983993530273
9887,4.68416690826416
72653,4.318607330322266
96950,4.0138750076293945
94471,4.919918537139893
80873,4.80204963684082
84714,4.5790181159973145
101987,4.647187232971191
69028,4.541889667510986
66053,4.958492279052734
54166,4.06765604019165
73483,4.841653823852539
38639,4.706844806671143
25279,4.055888652801514
88428,4.802788734436035
65704,4.639054298400879
16824,4.990782260894775
82559,3.2395992279052734
21643,4.647988796234131
78610,4.669651508331299
103860,3.5290560722351074
34612,5.282631874084473
82795,4.269036293029785
42081,4.687036037445068
86236,4.8361101150512695
60606,3.166672468185425
52101,4.686261177062988
7143,4.917753219604492
20965,5.058446884155273
49097,4.416748046875
74085,3.9180943965911865
65290,5.034605503082275
49869,4.491225719451904
104118,4.701304912567139
54884,4.9606547355651855
27862,4.564172267913818
28504,4.89709997177124
90732,4.762720584869385
2232,4.180318355560303
17006,5.03618049621582
20451,5.049337387084961
102601,4.798189163208008
38933,4.858537197113037
78060,4.5611748695373535
1633,5.1982574462890625
79026,4.812816143035889
38500,4.480053901672363
80400,4.891757011413574
59882,4.932007312774658
79785,4.06837797164917
33394,4.569532871246338
97982,4.918689250946045
12337,4.3331780433654785
23415,5.002383232116699
4428,4.073810577392578
61255,4.56037712097168
69712,4.8122639656066895
60720,4.51887845993042
69533,4.117038726806641
88611,4.659676551818848
38665,3.543318748474121
39962,2.9368770122528076
97158,4.390278339385986
22646,4.685891151428223
14033,4.780735492706299
102196,4.320923805236816
96964,4.5593671798706055
99388,4.763609886169434
45541,4.705574989318848
15958,5.112040042877197
103509,4.648465633392334
77455,4.822047233581543
30846,3.3420920372009277
6645,4.988272190093994
13639,4.391844749450684
78457,3.284428596496582
36794,5.201903820037842
81887,4.869737148284912
106134,4.993241310119629
42756,4.967832565307617
68698,4.725912570953369
73161,4.88730525970459
54688,4.329047203063965
677,5.183084487915039
4343,4.828482151031494
84253,4.7297587394714355
23773,4.809444904327393
39721,3.6020543575286865
45905,4.526350498199463
90574,4.4747395515441895
47033,4.836282253265381
87107,4.228575229644775
40637,4.307143688201904
10424,4.599057197570801
50682,4.362022399902344
25921,4.133842468261719
69425,4.708829402923584
4981,4.394039630889893
79473,5.189413547515869
75303,3.858203411102295
55195,4.714164733886719
10745,4.269011497497559
72428,4.920638561248779
107439,5.136816024780273
92400,4.987496852874756
3022,3.4458844661712646
77151,4.78894567489624
86492,4.394778251647949
27006,4.754945278167725
7324,4.793738842010498
61130,4.145788669586182
1394,4.215142250061035
60083,4.983314037322998
86341,4.734638690948486
48897,3.806931972503662
10876,4.615142345428467
68154,2.7374234199523926
17415,3.9630560874938965
66244,4.793175220489502
88064,3.6994380950927734
63243,3.121734380722046
44397,4.230666160583496
23941,5.243401050567627
19824,4.704458236694336
57928,4.775766372680664
106342,4.982926368713379
51522,4.883155822753906
5965,4.886037349700928
58441,3.433518171310425
57410,4.749251842498779
93380,4.284912109375
108403,4.706679821014404
73781,4.798305034637451
102763,3.557359218597412
34460,4.820082187652588
68260,3.5246312618255615
51922,4.230772972106934
81765,4.074288368225098
54732,4.913928985595703
37433,3.6591274738311768
95911,4.88971471786499
101050,4.584400177001953
66171,4.3222832679748535
97435,4.966498374938965
107940,4.167317867279053
4641,4.671620845794678
37918,5.166652202606201
69482,4.109732627868652
39198,4.623433589935303
8701,4.0640459060668945
61106,3.9225778579711914
35573,4.722813606262207
85150,4.961115837097168
85884,4.560522079467773
89123,3.72161865234375
27490,4.821140766143799
11187,4.7173075675964355
85063,4.7034478187561035
107651,4.205116271972656
83647,4.951477527618408
86304,4.137150287628174
28209,4.35163688659668
93980,3.370316505432129
25030,4.364591598510742
77136,4.24410343170166
78068,4.228365898132324
54043,2.3527746200561523
95362,3.6859090328216553
15041,3.2375242710113525
691,4.475520133972168
100125,3.616748571395874
71787,4.540225505828857
46281,4.378084659576416
90734,4.27022123336792
90156,3.7780473232269287
54380,2.5207056999206543
61482,4.469513893127441
71324,3.780639886856079
42699,4.679389476776123
7397,4.859855651855469
62352,5.098705291748047
81536,4.4764790534973145
79084,5.3548197746276855
10120,4.793220043182373
42186,4.8509202003479
32572,4.091129779815674
9170,4.010917663574219
24886,4.4820637702941895
68773,4.243041515350342
13465,5.166996955871582
9173,4.8443098068237305
62635,4.785065174102783
61509,4.588726043701172
76537,5.307369709014893
39619,4.588938236236572
19758,4.583549976348877
28808,4.617867469787598
87862,3.978567123413086
16278,4.196969985961914
22214,4.969813346862793
69208,5.69020414352417
63483,5.15426778793335
107472,4.744863986968994
81535,4.829025745391846
21889,5.358291149139404
7984,4.930179595947266
21225,4.61247444152832
9357,4.871462345123291
24721,4.842243194580078
14418,4.834228992462158
31289,5.398069381713867
49120,3.2553234100341797
90590,4.671916484832764
82485,5.1528401374816895
48399,4.680092811584473
41819,4.745487213134766
53103,4.854614734649658
93899,4.324307918548584
69860,4.224721908569336
1663,3.8001973628997803
30241,4.428032398223877
79128,5.07621431350708
88504,4.368679523468018
36647,5.065445423126221
55783,4.7129082679748535
12341,5.2932868003845215
56386,4.814159870147705
70627,4.054975986480713
88244,4.241293907165527
87986,4.4272050857543945
89940,4.72039794921875
99380,4.6389899253845215
96703,3.5381717681884766
84462,3.647697687149048
26052,4.237919330596924
58456,4.5639753341674805
5496,3.9917056560516357
32822,3.9433352947235107
61148,4.645405292510986
23324,4.3959736824035645
3795,4.500893592834473
82275,4.002583980560303
81907,5.131486415863037
6431,4.583768367767334
52740,3.898803234100342
106835,4.821444988250732
25400,4.752898216247559
88838,4.991090774536133
51586,5.1157612800598145
87116,5.215876579284668
89934,4.7281270027160645
70104,5.2597479820251465
44479,3.8462116718292236
59940,4.108428001403809
87368,4.3163743019104
62012,5.2865309715271
31904,4.6555399894714355
4668,4.776687145233154
81428,5.014650344848633
68556,4.9382405281066895
61039,4.651792526245117
83088,4.622241973876953
80944,4.866958141326904
19093,4.847093105316162
47391,4.388179302215576
91747,4.926236152648926
107274,4.834220886230469
86784,5.005039691925049
107614,4.832350254058838
11588,4.25278902053833
1185,4.257745265960693
27454,4.437298774719238
1122,3.2525620460510254
4607,5.120857238769531
6295,4.530663013458252
58393,4.066089153289795
37024,4.269842624664307
91081,3.6596837043762207
75887,4.52485466003418
56590,4.220534801483154
15909,4.194928169250488
98202,3.628450632095337
28035,4.666905879974365
22825,4.065079689025879
77370,4.631711959838867
88558,5.102084636688232
85574,4.041618347167969
487,3.8481173515319824
36219,4.7433342933654785
45172,4.665559768676758
29279,3.5333075523376465
26650,5.116323947906494
31121,3.953503131866455
102703,4.438173294067383
25322,5.03371000289917
91676,4.639522075653076
23824,3.803548812866211
91369,3.918907403945923
107431,4.713566303253174
21785,5.011104583740234
70200,4.654975891113281
40424,4.953057765960693
67874,4.4752516746521
55419,5.00973653793335
103902,4.641395568847656
8890,4.899701118469238
4017,4.580196380615234
51767,4.557047367095947
80767,4.675398826599121
4460,3.203289031982422
5285,4.222109794616699
35393,5.25119686126709
87260,4.137799263000488
64723,5.11222505569458
37306,4.181057453155518
22619,4.522821426391602
105762,4.714558124542236
59216,4.342776775360107
54845,4.309948444366455
43383,5.098292827606201
64416,4.720071792602539
70077,4.5127997398376465
4527,4.155666351318359
80686,3.8577756881713867
6867,4.717225551605225
14632,4.727519512176514
52987,4.293991565704346
62911,3.4712107181549072
45036,4.869981288909912
32417,4.677043914794922
19416,4.390770435333252
654,4.852607250213623
20832,4.720339298248291
6025,4.392560005187988
87467,4.292601108551025
26573,5.183182716369629
15866,3.957012176513672
51143,4.901853561401367
65295,4.528160572052002
83998,4.7065043449401855
63133,4.130016326904297
11108,4.6669535636901855
52293,4.1064677238464355
53085,3.8239762783050537
74083,4.8238983154296875
31348,4.375456809997559
98373,4.716861248016357
43200,4.777487277984619
98842,4.319736003875732
46502,4.224191665649414
58518,4.496952533721924
96913,3.5489790439605713
88725,5.117842674255371
1029,4.967602252960205
57404,4.479583740234375
63154,4.661926746368408
79952,4.34017276763916
55213,4.830754280090332
57722,5.012182235717773
19575,4.489864349365234
29571,5.078401565551758
67016,4.759226322174072
59681,4.701861381530762
52240,4.431576728820801
10647,4.8668694496154785
60697,4.842415809631348
41985,4.6028361320495605
96778,4.669342041015625
96301,4.234074592590332
55921,4.775815486907959
81089,4.952080726623535
71350,5.025125026702881
63616,3.8443500995635986
98921,4.310349464416504
101500,4.1406731605529785
81388,4.988865375518799
6693,4.831602573394775
70592,3.350674629211426
95889,4.4300737380981445
50614,5.078474521636963
34580,5.2947211265563965
101190,4.433916091918945
80429,4.508334159851074
73348,3.1903491020202637
37448,4.948807239532471
80542,4.972935199737549
53946,4.740649700164795
100813,4.478396415710449
99283,5.000690937042236
45600,4.32672119140625
27637,5.114755630493164
99696,4.483341217041016
58139,3.2006609439849854
74529,3.5686607360839844
63626,4.676101207733154
100426,4.82891845703125
16108,4.704357624053955
17407,4.852839946746826
67784,3.9273476600646973
58420,4.313170909881592
71163,4.799875259399414
16050,2.688495635986328
72901,4.513367176055908
56433,4.004395484924316
9918,5.187687397003174
63100,4.650175094604492
13627,4.394522666931152
87408,5.474401950836182
100755,4.13771915435791
88944,5.353461265563965
16411,4.888388156890869
86197,4.91107177734375
23436,4.114430904388428
62950,4.341240882873535
94309,4.759634971618652
56123,4.0900092124938965
21289,5.103975296020508
97088,4.590451717376709
3053,4.825515270233154
71544,5.021351337432861
29576,4.673701286315918
34233,3.2852718830108643
69542,3.462418556213379
31238,3.9494714736938477
99922,3.7258496284484863
87090,4.244636058807373
63737,4.381040573120117
98674,3.9725799560546875
65884,4.283661842346191
47792,4.260562419891357
77228,4.3929877281188965
58278,4.452934741973877
53876,4.928960800170898
46242,4.559954643249512
66350,4.794895172119141
38720,4.780488967895508
98056,4.868168830871582
73444,4.70881462097168
43911,4.736676216125488
63681,4.841605186462402
80578,5.0163164138793945
72178,4.821442127227783
31696,3.4125778675079346
102657,5.152121067047119
77483,3.839038133621216
10284,3.931584119796753
25815,4.461325645446777
30596,5.00156831741333
45933,4.176870822906494
57136,4.378570556640625
24873,4.569539546966553
98693,4.585574626922607
64661,4.97963285446167
22283,4.772817611694336
46133,3.6902544498443604
71877,4.331506252288818
106660,4.960812568664551
19760,4.608572483062744
39759,3.3291709423065186
50493,3.9358904361724854
1746,4.076991081237793
40075,3.8381519317626953
34097,4.763275146484375
25962,4.935966491699219
69959,4.28307580947876
42276,4.486878871917725
105130,4.880321502685547
80781,4.169613838195801
16802,5.072797775268555
74378,4.559253692626953
94658,4.2633957862854
103188,4.474394798278809
25487,4.9008002281188965
4202,4.843801021575928
29025,3.946882486343384
75912,3.6963987350463867
88569,4.646494388580322
81515,4.671471118927002
25148,4.719570159912109
19422,4.270285606384277
21635,4.527770042419434
47635,4.639483451843262
37754,4.986542224884033
53964,4.685688495635986
58481,4.6964545249938965
70695,3.756242513656616
88764,5.06483793258667
31836,5.021313667297363
93078,3.3463876247406006
22081,4.0290913581848145
35021,4.255154609680176
44760,4.1154704093933105
86351,4.653934478759766
74842,4.401224613189697
67769,4.947743892669678
32125,4.949778079986572
29182,4.021417140960693
5088,4.364691257476807
24546,4.069159507751465
43813,4.563565254211426
76855,3.337095260620117
9097,5.120893478393555
36249,5.04839563369751
34980,4.4163079261779785
28410,4.446496963500977
34382,4.325216770172119
2306,4.3612823486328125
92817,4.8626389503479
104136,4.323107719421387
15184,4.461521625518799
56662,4.501167297363281
60444,4.466768741607666
13480,5.1968889236450195
46286,4.848465919494629
76307,4.310879230499268
72617,3.8303143978118896
46844,4.6212544441223145
21387,3.570800304412842
75076,4.041086673736572
52551,4.07660436630249
67262,4.336466312408447
26226,4.395904541015625
28933,5.154830455780029
6408,4.695194244384766
35335,3.050461769104004
39937,4.173702239990234
106098,3.5543859004974365
78436,3.797685384750366
55785,4.748586654663086
48792,3.8255178928375244
28693,3.4039859771728516
106097,4.590135097503662
73183,4.202937602996826
44772,4.957381725311279
95492,4.195404529571533
38770,4.108715534210205
36563,4.292290210723877
90532,4.383576393127441
72856,4.750877857208252
72776,4.636544704437256
48566,4.328976154327393
36296,4.044966697692871
33473,3.3180429935455322
42305,3.502302646636963
13607,3.811964273452759
25759,4.699791431427002
33192,4.9919586181640625
30526,5.137571811676025
49652,4.995959281921387
34676,5.112962245941162
55319,3.2439231872558594
40559,4.753164768218994
50411,4.487112522125244
84619,4.321996212005615
19072,4.880172252655029
48852,4.938061237335205
46071,4.977352142333984
36133,5.2124810218811035
54299,4.282195091247559
84772,4.155388832092285
25931,5.057849407196045
26066,4.4321465492248535
72663,4.5280232429504395
94695,3.936382532119751
26768,4.9941864013671875
69934,3.970059871673584
21479,3.442671060562134
51338,4.505650520324707
48938,1.8635457754135132
92490,3.962862014770508
35394,4.689698696136475
47100,4.233062744140625
42473,4.968350410461426
33242,4.882280349731445
93232,5.039679050445557
63339,4.676484107971191
30861,4.052380561828613
79671,4.708888053894043
37597,3.986259698867798
102047,4.282357215881348
44816,4.995187282562256
7232,5.150885105133057
39863,2.0433764457702637
97942,3.8055734634399414
9270,4.720493316650391
55980,4.715252876281738
72122,4.706328392028809
55614,5.091116905212402
24263,4.344691276550293
19720,4.567752361297607
43415,4.54773473739624
89537,5.321206569671631
54466,4.030181407928467
23412,4.192564010620117
94936,5.163012981414795
33674,3.8819339275360107
21128,3.5163252353668213
59454,4.518901348114014
78438,4.62319278717041
63441,4.598154067993164
6954,4.822090148925781
63196,4.526594161987305
38802,4.401398658752441
45988,4.89223575592041
71833,4.7029619216918945
107731,4.368524551391602
16904,4.258960247039795
74352,4.512626647949219
15611,5.038980484008789
36077,4.15257453918457
5295,4.530847072601318
33553,4.36391544342041
198,4.444884300231934
41247,4.851290225982666
62548,4.453576564788818
63290,4.400406360626221
77074,4.68013858795166
73399,4.9994635581970215
19875,4.018923759460449
6840,4.283377647399902
20442,5.0201239585876465
44285,5.060118675231934
62113,4.367380619049072
26799,5.207586765289307
88143,4.27956485748291
54356,3.8984925746917725
23323,3.974522113800049
26978,4.3043951988220215
93859,4.823337078094482
74394,4.4190449714660645
68938,4.740425109863281
74908,5.145682334899902
45306,4.66166877746582
14542,4.702031135559082
7952,4.7651495933532715
16374,4.310995578765869
34253,4.55499792098999
58876,4.585500240325928
37629,4.068958759307861
86798,4.439064025878906
67945,4.224342346191406
101708,4.128868579864502
26606,5.156181335449219
22341,4.35927677154541
15516,4.18643045425415
12179,4.557291030883789
54600,4.723204135894775
25413,4.7825398445129395
2514,4.6628828048706055
33056,4.8332977294921875
51364,3.245176315307617
79091,4.501652240753174
20168,4.2554545402526855
35398,4.596391201019287
33324,4.5337419509887695
96608,3.77229642868042
47937,4.6686110496521
48956,4.6984052658081055
19136,4.355839252471924
20938,4.806811332702637
27172,3.8858835697174072
50464,4.045186996459961
85570,4.763726234436035
67231,5.094244003295898
73629,5.074397563934326
57108,3.4153289794921875
916,4.0906548500061035
15318,4.468616485595703
79422,5.151023864746094
69640,5.041651248931885
97806,3.455186605453491
65494,4.450262069702148
54394,3.703852415084839
100993,4.9106574058532715
90092,4.499544143676758
69044,4.6175856590271
91165,5.145567417144775
77527,4.52797794342041
89695,4.1869611740112305
27466,4.950709819793701
43759,3.9224941730499268
24624,4.601028919219971
96865,5.242735862731934
101797,4.400365829467773
11281,4.053552150726318
771,3.9606995582580566
59933,4.974394798278809
60372,5.106250286102295
101710,4.263164043426514
45082,5.019575595855713
57758,3.8987982273101807
93794,4.178250312805176
79313,2.982893943786621
68397,4.517271041870117
7940,4.880284786224365
90538,4.648500442504883
9256,4.627475738525391
96180,4.45297908782959
69962,4.691619396209717
86889,4.7521867752075195
73506,4.919684886932373
49432,4.783703804016113
70684,5.142401218414307
43091,4.725446701049805
52959,4.44010066986084
62555,3.4282398223876953
70782,4.667575836181641
61436,4.531428813934326
34292,4.07985258102417
8289,4.412823677062988
35202,5.044659614562988
32317,4.02602481842041
101182,4.52943229675293
10602,4.661180019378662
56745,3.493438720703125
69257,4.664578914642334
63708,4.394852638244629
45986,2.9756979942321777
89126,5.173800468444824
29947,3.7741451263427734
33849,4.20238733291626
54662,3.933962821960449
48419,4.248234748840332
107369,4.978544235229492
35417,5.044875621795654
72637,4.944915771484375
5123,4.684192180633545
39786,3.7604219913482666
52861,4.346575736999512
28477,4.54725980758667
45980,4.170505046844482
78452,4.915309429168701
32700,4.8958659172058105
13560,4.882935047149658
41966,4.998274803161621
73191,4.029242038726807
81066,4.700218200683594
5658,4.858865261077881
61067,4.8098273277282715
44327,4.604093074798584
49858,4.606728553771973
105390,4.806534290313721
39618,4.135425567626953
90499,4.655322551727295
33308,5.1944451332092285
100855,4.43592643737793
30869,4.024138450622559
95053,4.281341075897217
48840,4.716697692871094
54049,4.601893424987793
99652,4.711709499359131
37540,4.713541507720947
23808,5.104679584503174
98801,5.3300042152404785
65271,5.101220607757568
12623,3.911318063735962
105317,4.665457248687744
2654,4.769665241241455
24309,5.079757213592529
6430,4.868765830993652
30538,4.809851169586182
14952,4.678451061248779
106043,4.829569339752197
97951,4.714362621307373
59525,4.7150139808654785
13053,4.459377288818359
16585,4.49965238571167
107249,3.3745319843292236
6081,4.374515056610107
5914,5.127634048461914
34543,4.102197170257568
49483,4.261819839477539
106605,4.088652610778809
83765,4.4672417640686035
8500,4.782210826873779
38117,4.474837779998779
49932,4.370438098907471
15954,2.2512896060943604
2801,4.347228050231934
93984,3.281083583831787
39387,4.777250289916992
35366,4.534244060516357
103000,4.467909812927246
6709,4.355907440185547
49339,4.198229789733887
61306,4.624948978424072
102611,5.159206867218018
81818,3.445930004119873
27743,4.194606304168701
46184,4.628241062164307
46774,4.401041030883789
86278,5.055706024169922
73770,4.65798807144165
62612,4.786027908325195
52796,4.074834823608398
71766,4.6298441886901855
67356,4.591969966888428
84699,4.3391828536987305
51655,3.9905405044555664
476,4.3361663818359375
103813,4.0172648429870605
25849,5.111908912658691
77710,4.953790187835693
89772,4.816706657409668
16764,3.7135725021362305
103815,4.173068523406982
22189,4.963257789611816
95012,4.209856986999512
60164,4.381035804748535
65414,5.013782024383545
103930,4.944840431213379
22481,4.808612823486328
29649,4.58168363571167
2127,4.918917655944824
14861,4.902662754058838
55341,5.221787452697754
25596,4.827296733856201
105526,4.728736877441406
95018,4.559784889221191
68872,4.632264137268066
49836,4.870553016662598
78296,4.8697028160095215
100601,4.812305450439453
13280,4.84472131729126
38230,4.039848804473877
3653,4.493626117706299
38303,4.044529438018799
5207,3.9977757930755615
12068,4.3528361320495605
95542,3.9395623207092285
42153,3.5557360649108887
45489,4.491034984588623
25828,5.166589736938477
84953,4.098762035369873
1588,4.357670783996582
11238,4.925038814544678
70466,4.820775985717773
101716,4.411443710327148
95852,3.891305923461914
48706,4.638760089874268
81602,3.6449167728424072
1842,4.162558555603027
65388,4.966335773468018
20462,5.006232738494873
62845,4.188050270080566
34355,5.019613265991211
94359,4.740471363067627
27948,4.483295440673828
5913,4.511646747589111
59827,4.188560962677002
38690,4.922916412353516
49052,4.323730945587158
59676,3.0673129558563232
13821,4.820842266082764
2719,4.745631694793701
51354,5.080848693847656
38851,4.128842353820801
73176,4.694147109985352
55065,4.785294532775879
93259,5.074182510375977
79047,4.674075603485107
41585,4.54408073425293
13740,4.7239766120910645
92615,4.316027641296387
2143,4.781650543212891
8665,4.646772384643555
79764,4.807106018066406
83487,4.824177265167236
99770,4.254614353179932
51967,3.3869009017944336
80261,4.978405475616455
24252,4.5917792320251465
40346,4.847100734710693
85932,4.5331830978393555
56838,3.7677011489868164
88304,4.95410680770874
107640,4.42961311340332
6500,4.03476619720459
33759,5.068235397338867
101143,4.764581680297852
2617,3.2341253757476807
73607,3.616734743118286
27467,4.842555046081543
97576,4.347910404205322
24635,4.103681564331055
44842,4.464095115661621
35828,4.619015216827393
59225,4.4080810546875
6720,4.003777027130127
74773,3.843414306640625
67170,4.836564064025879
36429,4.815150737762451
25208,4.364246368408203
27129,4.717146396636963
99730,4.626927375793457
1839,4.960911750793457
72387,5.136312961578369
103214,3.5489401817321777
107626,3.9440767765045166
7338,4.893869876861572
8610,5.017909049987793
93224,4.346233367919922
74345,4.503894329071045
94299,5.103950500488281
33671,5.286801815032959
94054,4.38172721862793
18309,4.346880912780762
67401,4.928033828735352
92478,4.5112223625183105
107641,4.709784030914307
15886,2.9358787536621094
43340,5.308954238891602
107020,4.9627180099487305
83852,4.7861647605896
97637,5.232623100280762
90225,4.828375816345215
107313,3.8021950721740723
49800,3.866637945175171
32888,3.52943754196167
3831,4.5735344886779785
46796,5.236034870147705
57443,5.192295551300049
80693,4.294610977172852
84914,5.080731391906738
29357,4.1760430335998535
21614,3.156630516052246
81260,4.317989826202393
83062,4.929652214050293
9997,4.350082874298096
17231,4.9364542961120605
95766,4.118773937225342
100035,4.494719982147217
28507,4.650395393371582
32770,5.106778144836426
48291,4.3624958992004395
11263,4.009889602661133
27360,3.7455689907073975
33206,4.183450698852539
51824,3.3407909870147705
75647,4.7557573318481445
74440,4.3595428466796875
47232,3.661975860595703
38103,3.5988686084747314
79332,4.597990989685059
43833,4.9216156005859375
67131,4.546072006225586
95344,4.577343463897705
45086,4.418427467346191
26792,5.2616143226623535
8823,4.963561534881592
53191,4.473575592041016
70822,4.535793781280518
11950,4.308900356292725
44979,5.327043056488037
57922,4.437328815460205
94584,3.845813751220703
35591,5.095644950866699
9306,4.285768032073975
82198,4.561972618103027
53671,4.221634387969971
55214,5.279383659362793
42015,5.025285243988037
63789,4.922058582305908
43286,4.970797061920166
81584,3.5303761959075928
105875,5.642089366912842
62261,4.65757942199707
96809,5.178930282592773
55965,4.583568572998047
62367,4.312434673309326
52862,4.273524761199951
96071,3.712252140045166
95846,4.269300937652588
21581,4.6537322998046875
107573,4.879979610443115
6006,4.262500286102295
28033,4.781613826751709
60527,4.824352741241455
77937,4.53503942489624
61301,5.201828479766846
50555,4.671176433563232
31645,5.090040683746338
21400,4.540063381195068
90119,4.072254180908203
86614,3.8337860107421875
34290,4.738601207733154
18150,5.16498327255249
108534,3.699755907058716
104943,5.347107887268066
11640,5.072640419006348
23488,4.459022521972656
78579,4.482652187347412
94287,4.401154041290283
4988,4.864635944366455
6833,4.847794055938721
59695,3.457984447479248
105943,5.018045425415039
25266,4.707209587097168
86098,4.850650787353516
108086,4.006721019744873
13573,4.336761474609375
58808,3.920539379119873
74497,4.867177486419678
94424,4.560030460357666
88700,4.593662261962891
100747,4.485309600830078
41764,4.624740123748779
80251,4.6809000968933105
8983,4.902061462402344
85411,4.674208641052246
106733,3.5994255542755127
80921,4.335690021514893
35944,4.785399913787842
16346,4.896062850952148
101443,4.170009136199951
43481,5.514914035797119
32534,4.970653057098389
5166,3.8218495845794678
22979,4.947903633117676
89897,4.355136871337891
7167,4.790698051452637
74354,4.600606918334961
52724,3.77504563331604
88397,4.748795986175537
27858,5.247864723205566
64556,4.670314311981201
59767,4.174580097198486
53043,4.018671035766602
15210,4.157472133636475
103775,3.9743621349334717
29540,4.233088970184326
94295,4.992854595184326
56449,3.4497385025024414
12895,4.2981767654418945
99483,4.672717094421387
38816,3.2879574298858643
7715,5.100949764251709
103623,5.221114635467529
89609,3.853740692138672
76908,4.9206318855285645
55032,4.646458148956299
74562,5.009335041046143
75940,4.181901931762695
22560,4.5416483879089355
35222,3.8196158409118652
12331,4.245507717132568
31143,3.823014974594116
41013,4.291395664215088
8717,4.161113739013672
11961,4.7780022621154785
82661,4.398331642150879
68187,3.8601794242858887
14617,4.563964366912842
49551,4.354298114776611
8974,4.087346076965332
41138,4.534442901611328
29805,4.416651725769043
57281,5.086354732513428
25501,3.1027045249938965
54552,2.6442835330963135
60403,4.801321029663086
87159,5.005351543426514
78687,4.835087299346924
1640,5.00225830078125
49354,4.592854976654053
101254,3.7425644397735596
39000,4.829716682434082
54821,4.460467338562012
106598,3.9923095703125
20141,4.872526168823242
67566,4.224002838134766
44232,4.4301066398620605
71706,5.222184658050537
101945,4.01738166809082
77279,5.196014881134033
25498,4.429894924163818
92087,4.9019269943237305
28514,4.5683274269104
80721,3.782564640045166
38917,4.229300498962402
61107,3.9452707767486572
79998,4.22562313079834
77114,4.530355930328369
18848,4.818741321563721
7627,4.8871169090271
108071,4.973079204559326
48403,4.256778240203857
5781,4.869385719299316
19274,4.766948699951172
51408,4.049551010131836
54699,4.54639196395874
10404,4.074223518371582
35179,4.74003791809082
108554,5.210232257843018
81933,4.63154411315918
85435,4.423898220062256
43925,4.683953285217285
106116,4.5280632972717285
53896,4.9615654945373535
82862,4.2282795906066895
70603,4.692748546600342
14890,4.917263507843018
96946,3.8604562282562256
11759,4.179046154022217
90836,3.7753238677978516
106216,4.3298234939575195
36340,4.8329339027404785
6753,4.954957962036133
3603,5.036826133728027
102765,4.646753311157227
46482,4.379904747009277
15159,4.581124305725098
56859,4.58216667175293
34683,4.866227149963379
45997,4.000972747802734
84872,4.224791049957275
39850,4.423516750335693
84192,4.622042179107666
21014,4.8321075439453125
95384,4.5103559494018555
103514,4.399868011474609
75693,4.984567165374756
101802,4.6784281730651855
14087,4.852725505828857
88646,5.106256484985352
33903,4.776683807373047
76822,4.8203535079956055
107486,4.817994594573975
39124,4.811370849609375
59930,4.622226238250732
85635,5.170601844787598
3097,3.931246042251587
8875,3.276273488998413
99535,4.590683937072754
59116,5.268334865570068
60023,4.20672082901001
106887,3.8412272930145264
54731,4.220109939575195
46515,4.445459365844727
58665,4.833416938781738
2418,5.106313228607178
20390,4.948605537414551
79881,4.5039215087890625
56997,3.235945463180542
4282,4.283583641052246
52160,3.71891450881958
64735,4.098386287689209
17560,4.7421746253967285
91640,5.191335201263428
20367,4.528959274291992
33570,4.946581840515137
33638,4.891835689544678
5039,4.501932621002197
21972,4.685976982116699
37636,3.5562937259674072
101727,4.443339824676514
98679,4.115995407104492
72312,4.627642631530762
90309,4.649697780609131
105847,4.729329586029053
38338,4.60057258605957
54620,4.421475410461426
105443,4.273561477661133
102757,4.590325355529785
99942,4.509214401245117
70233,4.828462600708008
64210,4.037466049194336
15413,3.844050884246826
86474,5.108874797821045
43777,5.177326679229736
19624,4.312394142150879
52692,4.153749465942383
40085,3.4585726261138916
97384,4.481357097625732
34829,4.5843024253845215
26215,4.645919322967529
84103,4.27787971496582
36492,4.469342231750488
62881,3.2203574180603027
46267,5.092049598693848
70117,4.400654315948486
11554,4.563599586486816
106299,4.451785564422607
28247,4.434216499328613
88024,4.108699798583984
19339,4.978063583374023
58292,4.431681156158447
62435,4.97186279296875
101227,4.6670660972595215
19489,4.807481288909912
59597,4.699459075927734
107698,4.656991004943848
34481,5.176750659942627
91247,4.339848041534424
43573,4.36971378326416
13673,4.9607133865356445
104187,4.504751205444336
27080,4.237907409667969
82771,3.8560783863067627
41602,4.9435272216796875
93524,4.947137355804443
51281,5.033692359924316
41165,5.084563255310059
83592,5.037830829620361
49607,4.856029033660889
63440,4.61773157119751
75783,4.362988471984863
58207,4.524953842163086
87081,4.71160888671875
92332,4.686354160308838
95573,3.590711832046509
86131,5.032044887542725
39416,5.206943035125732
84041,4.863851070404053
52626,4.6285271644592285
7927,4.523138046264648
51246,3.9702601432800293
62902,3.8719091415405273
24167,5.112701416015625
44657,4.14941930770874
47373,4.3124003410339355
97713,4.883115291595459
73514,4.673173904418945
57714,4.954659938812256
73302,4.450857162475586
10077,4.533129692077637
40616,4.865021705627441
42358,4.440253734588623
47093,4.047316074371338
77820,4.969822883605957
43990,3.8293495178222656
107317,4.49121618270874
89947,4.818061351776123
107422,4.47279167175293
33471,4.920498847961426
55129,5.032727241516113
50151,4.274775505065918
37563,3.093140125274658
44434,4.9413065910339355
86124,4.8942036628723145
16741,4.900791645050049
45968,4.01626443862915
9440,4.899660110473633
15502,1.9667552709579468
41960,3.471151351928711
54890,4.920781135559082
91768,4.929513931274414
60208,4.303693771362305
41725,2.7991561889648438
56622,3.9486818313598633
24665,4.907495021820068
37735,3.4381778240203857
49639,4.9073309898376465
39854,2.6907734870910645
2964,4.966706275939941
87856,4.666782855987549
73560,4.472079277038574
1322,4.835726737976074
44938,4.8669514656066895
79877,5.005685329437256
106321,4.270974159240723
64869,4.331993103027344
98577,4.8033599853515625
82563,5.002015590667725
56603,3.854541063308716
57494,4.213501930236816
12046,4.774354457855225
23487,4.382876873016357
49640,4.878542900085449
65904,4.197615623474121
56080,4.958562850952148
51318,4.3502116203308105
77872,4.7139787673950195
66657,4.435157775878906
33789,4.946846008300781
4121,5.290493488311768
47878,4.377964019775391
2750,4.834379196166992
5648,5.19974422454834
40588,4.272505760192871
20648,4.003053188323975
10338,3.5220844745635986
14906,4.388019561767578
106920,4.623501300811768
93997,5.146145820617676
26167,4.5348358154296875
72906,4.439883708953857
104395,3.7601630687713623
84811,4.892166614532471
2380,4.637514591217041
104698,4.187836170196533
69823,4.723586559295654
42914,4.671034336090088
74141,5.232201099395752
6818,4.382962703704834
85385,4.725671291351318
47827,4.872512340545654
101527,4.820541858673096
21759,4.9160237312316895
63023,5.106335639953613
50407,4.799834251403809
98218,3.8280093669891357
40127,4.498922348022461
8574,5.0808868408203125
41104,4.8148193359375
26220,4.5249176025390625
87863,4.806293487548828
53250,3.959990978240967
102033,4.6672444343566895
79431,4.456575870513916
56520,4.721601963043213
1688,4.63216495513916
99348,4.73960018157959
14999,4.620442867279053
27081,4.5655975341796875
73694,4.608037948608398
50376,4.243408203125
79996,4.261160850524902
63707,4.341940402984619
17886,4.940914154052734
17166,4.941521167755127
97543,3.6034481525421143
34049,4.971133708953857
75479,4.764142990112305
50319,4.706985950469971
62699,4.84627628326416
87737,4.45336389541626
75253,4.994556903839111
14719,4.564429759979248
97055,4.820662021636963
8169,3.756535530090332
14426,4.7098236083984375
14115,4.731905460357666
91302,4.503364562988281
99431,4.0722126960754395
29885,4.213618755340576
16287,4.234528541564941
21155,4.676918983459473
11670,4.701695442199707
84361,5.083888053894043
99982,4.252381324768066
17099,4.171380043029785
69837,4.4754133224487305
27070,3.619053840637207
17699,4.4852166175842285
44554,4.859628677368164
61497,4.61663293838501
83428,4.758776664733887
30938,3.276338577270508
38034,4.77402925491333
9655,4.557013988494873
74500,4.689085006713867
71527,4.570845127105713
93586,5.134128093719482
23922,5.089292526245117
31050,4.300694465637207
48767,3.9747838973999023
57271,5.138699054718018
64038,4.705349922180176
47696,4.993776798248291
14972,4.193899631500244
8168,4.237442970275879
31830,4.644075393676758
52446,4.632373332977295
23378,4.348572254180908
38746,4.549627304077148
80575,4.741060256958008
19691,4.952113151550293
9900,4.530149459838867
7801,5.062129974365234
85883,4.698760509490967
6563,4.846225261688232
71475,5.084681987762451
101009,4.816843032836914
57180,4.246269702911377
62217,4.663192272186279
61205,4.935591220855713
25402,4.819502353668213
16035,4.3686017990112305
72255,4.272082328796387
19566,4.887065887451172
26061,4.4331865310668945
87824,4.9272613525390625
33457,4.010611057281494
93696,4.49420690536499
5987,4.357433795928955
40911,4.8364996910095215
70488,5.553396701812744
65736,4.487349987030029
60757,5.1033735275268555
108594,5.2426276206970215
88971,3.9815919399261475
25995,5.0188703536987305
83077,5.043187618255615
44130,4.124018669128418
88128,5.011293411254883
73129,4.306027412414551
29646,4.989903926849365
41849,4.533172130584717
13081,4.886172294616699
32722,4.226136684417725
99568,4.290107250213623
69346,4.798872947692871
103542,3.897735118865967
37289,4.789921760559082
15498,4.181816101074219
44642,4.259718894958496
95202,4.357149600982666
76926,4.9630231857299805
76123,4.971473693847656
78659,4.635130882263184
105739,3.6832528114318848
4366,4.713669776916504
60857,4.9394989013671875
24372,4.224539279937744
19873,4.327456951141357
83308,4.25947904586792
72962,4.842624664306641
32292,4.8668742179870605
92023,5.017566680908203
29228,4.288714408874512
102042,4.069521427154541
89449,5.444490432739258
34767,4.493231296539307
63750,4.860989570617676
98680,4.307968616485596
49463,3.957503080368042
17485,4.6827850341796875
63969,4.136215686798096
84549,4.738071441650391
107734,4.1772637367248535
75632,4.460555076599121
58710,4.315841197967529
73999,4.301154613494873
78578,4.154150009155273
64450,4.323127746582031
16207,4.979969501495361
32497,4.607971668243408
23422,4.520305633544922
26574,4.58015251159668
40062,4.444667816162109
39077,5.000802993774414
90899,4.644881248474121
35369,4.674371719360352
47726,4.845631122589111
83060,4.717896461486816
30702,5.265417098999023
25846,4.855101108551025
96328,4.277130126953125
19483,4.728785514831543
6734,4.136975288391113
20618,3.3577001094818115
24748,4.690800189971924
66760,3.4713735580444336
29750,3.897986650466919
32250,4.533868312835693
106789,4.761516571044922
4141,5.237641334533691
12836,4.272243022918701
93600,4.040935516357422
67637,3.4403645992279053
36046,3.35710072517395
51726,4.841143608093262
46503,4.067631244659424
25350,4.925276279449463
38891,5.084320545196533
12231,4.066686153411865
74585,4.825671195983887
79063,4.796284198760986
1559,5.119906902313232
33369,3.9814422130584717
28081,4.799646854400635
30946,4.452002048492432
44383,4.679457664489746
90182,4.426178455352783
31715,5.041027069091797
23272,3.9073758125305176
14516,3.3189401626586914
38458,4.3332672119140625
5973,4.105313301086426
50906,4.834489822387695
101857,4.462940692901611
77314,5.266746520996094
39316,4.681949138641357
24528,4.210282802581787
106407,5.047060489654541
100988,3.9124131202697754
22384,4.331591606140137
414,4.37751579284668
8274,4.6378493309021
33536,4.721980571746826
32759,4.520397186279297
19627,4.5289130210876465
35657,4.592946529388428
2050,4.785272121429443
91407,3.9778642654418945
89055,4.28438138961792
50687,4.188272476196289
16718,4.442005157470703
4218,5.091614723205566
67254,4.139105319976807
89778,4.169929027557373
41301,4.483996868133545
2274,4.392094612121582
3516,4.723521709442139
100346,4.942901134490967
64046,4.647244930267334
64885,4.627170562744141
33715,4.169575214385986
87846,4.632044315338135
58961,3.70208740234375
96699,3.8594603538513184
36892,5.118998050689697
21474,3.9495174884796143
78358,4.576794147491455
48899,3.5351903438568115
87086,4.954446792602539
25777,4.6811323165893555
83391,4.777767658233643
9511,4.970926761627197
57581,5.0886712074279785
77675,2.7214250564575195
63030,4.997690200805664
96528,3.9354805946350098
42528,4.205228805541992
55891,4.56313943862915
31751,5.2140889167785645
45675,5.044480323791504
100040,3.485436201095581
60581,4.855679035186768
85748,5.147708892822266
86599,4.93599271774292
35078,4.830995559692383
64425,4.754582405090332
100462,4.815669059753418
98809,4.8341145515441895
34241,4.993103981018066
29381,4.413682460784912
56222,4.815977573394775
4270,3.1776249408721924
48572,4.608285427093506
62303,4.375729084014893
70644,4.145290851593018
53215,4.8836750984191895
73338,3.7129807472229004
67857,4.132282257080078
52638,4.180399417877197
75402,4.902277946472168
15182,4.606926918029785
92590,4.935113906860352
73798,3.5837793350219727
43094,3.6570005416870117
106128,4.964831829071045
101342,4.961262226104736
45982,4.0983805656433105
62427,4.136612892150879
106778,4.9365553855896
8919,4.899974822998047
106345,4.7773966789245605
89386,4.710258960723877
58303,4.490440845489502
97329,3.972304344177246
6300,4.482347011566162
51620,4.27960729598999
65673,3.972598075866699
52333,3.9771053791046143
68497,4.24030876159668
14458,5.093764781951904
3028,5.345579624176025
16326,5.018289566040039
98780,4.180041313171387
96335,4.359417915344238
7610,3.5872459411621094
55392,4.879147529602051
34882,3.7487752437591553
69856,4.117767810821533
14963,4.288619518280029
17946,4.861136436462402
107674,3.7245585918426514
71363,4.346332550048828
77687,4.761255741119385
87683,5.146399021148682
69035,4.748688697814941
36294,4.839388370513916
81717,5.009645938873291
3797,3.321211814880371
50120,4.794931411743164
69638,5.050441265106201
106100,3.653884172439575
4277,4.1335906982421875
50320,4.414985656738281
28579,5.340704917907715
12602,4.485015392303467
53751,4.955587863922119
13680,4.416831970214844
75584,4.782436370849609
88099,4.583434581756592
88711,4.359523773193359
92371,4.116804122924805
22353,4.448999881744385
93831,3.0008697509765625
4542,3.7957770824432373
104398,4.121486663818359
45670,5.060770034790039
28771,4.273801803588867
15433,4.495051860809326
88407,4.862821102142334
34144,4.865472793579102
105525,4.284339904785156
80051,4.956268787384033
56825,4.941646575927734
79497,4.800112247467041
102485,3.7847580909729004
32352,4.778857231140137
96593,4.418071746826172
7233,5.092859268188477
69958,4.47133731842041
85508,5.093003749847412
67089,4.1344218254089355
91486,4.426052093505859
33019,4.055753707885742
27109,5.012885570526123
98139,4.566359519958496
51930,4.86456823348999
71204,4.906325340270996
54255,4.621908664703369
100547,5.173588275909424
46049,5.17938756942749
45737,4.962069511413574
31032,4.95668363571167
41141,4.19479513168335
8716,3.921588182449341
58433,3.5203819274902344
38813,4.7927565574646
87553,4.330105781555176
26207,4.145419597625732
16174,4.371026992797852
51556,2.2082200050354004
91334,3.847904682159424
91321,3.7682933807373047
51085,5.022681713104248
76922,4.238531112670898
88436,4.031306266784668
22184,4.004817485809326
23407,4.904989719390869
23320,3.832453966140747
108264,3.58406138420105
95398,5.105564594268799
13005,4.079576015472412
88364,2.5242350101470947
56374,4.806908130645752
31420,4.2753987312316895
70626,4.093075752258301
77739,4.089174747467041
87098,5.116125106811523
5584,4.750464916229248
51915,3.7140955924987793
75166,5.166663646697998
92373,4.629465103149414
62697,4.380009174346924
48476,4.966622352600098
56628,4.041487693786621
29604,4.975309371948242
21752,5.1896796226501465
4623,4.434115886688232
81526,4.799950122833252
41083,4.614840984344482
52170,4.951664924621582
37406,4.400473117828369
104656,4.594757556915283
35020,4.299865245819092
46168,4.239993095397949
101588,5.069493293762207
60533,4.9296770095825195
38252,4.664494514465332
13248,4.809830188751221
26281,5.078714847564697
1988,3.824974775314331
72149,4.3031816482543945
59426,3.6966664791107178
42599,4.608148574829102
2849,4.826299667358398
42393,3.1890065670013428
82789,4.448660373687744
67185,4.5338053703308105
31403,5.099221706390381
95204,2.387970447540283
46647,3.9427738189697266
77855,4.799467086791992
89757,4.545222759246826
31073,3.7748780250549316
53965,5.016316890716553
17509,4.634156227111816
8936,4.610700607299805
85557,4.902420997619629
84741,4.115151405334473
39774,3.562366485595703
15046,4.786557197570801
105890,5.109674453735352
21938,4.895349025726318
21079,4.312307834625244
24347,4.777157783508301
21650,4.510500907897949
97249,4.5160369873046875
67925,4.9300856590271
57914,4.933887958526611
20729,4.4815568923950195
92225,4.733266830444336
59411,3.9033355712890625
62300,4.995016574859619
14717,4.637487411499023
102282,4.388372421264648
5549,4.254623889923096
50710,4.56231164932251
29905,4.7039947509765625
86569,4.533478736877441
65622,4.245490550994873
63598,3.047170639038086
491,4.79205846786499
30465,4.969494342803955
99442,4.387547492980957
69543,3.928278684616089
47505,4.748847961425781
39568,4.807904243469238
88266,4.502882480621338
55090,4.961551189422607
43585,4.8199357986450195
82855,4.15008544921875
73002,4.832307815551758
40005,4.635392189025879
57802,3.935112237930298
26391,4.272829532623291
79816,5.055044651031494
83834,5.025022029876709
23450,4.319608211517334
65262,3.875498056411743
53842,4.949586868286133
32546,4.556619167327881
58671,5.102320671081543
108169,4.634162902832031
92003,4.939165115356445
66886,3.7770609855651855
61635,4.712685585021973
71255,4.9170002937316895
94171,4.704241752624512
57407,5.17311429977417
27767,4.655854225158691
39535,5.205031871795654
11591,4.684086799621582
36995,4.3982720375061035
105402,4.610402584075928
33289,5.09923791885376
44391,3.827070474624634
69413,4.381311893463135
100849,4.332316875457764
6573,4.458117961883545
20558,4.658060073852539
57658,4.838204860687256
14512,3.7401692867279053
96690,4.338246822357178
16222,4.409966945648193
40054,4.449519634246826
71233,4.22842264175415
47141,4.273813724517822
936,4.645135402679443
13006,4.732731342315674
108255,4.133688449859619
49271,4.50587272644043
76052,4.503792762756348
77502,4.543659210205078
107719,5.090284824371338
8888,5.0177202224731445
105393,4.354475975036621
63712,4.306105613708496
87035,3.76126766204834
28328,5.0081257820129395
96620,3.350672960281372
95288,4.2182936668396
90223,4.412509918212891
6832,4.190747261047363
79655,4.1093878746032715
100113,4.583503246307373
74312,4.428407669067383
30591,5.047451496124268
82479,5.0379533767700195
84765,4.980895519256592
37980,4.2005791664123535
100722,3.9729316234588623
37251,4.37156343460083
13291,4.882143974304199
86346,4.599611282348633
15360,4.329284191131592
43439,5.010101795196533
70,4.672727584838867
63435,3.9728007316589355
28456,4.908096790313721
70281,4.221041202545166
81180,3.8585968017578125
7929,4.5550103187561035
6803,4.551592826843262
80576,4.48677396774292
89081,3.397036075592041
85887,3.2242212295532227
71757,4.327293395996094
39785,4.2255859375
17845,3.421725034713745
46831,3.549199342727661
84250,4.677499294281006
100438,4.027842998504639
81600,4.1646647453308105
95277,4.652568340301514
94120,4.2223052978515625
83560,4.070143222808838
87448,4.568268775939941
34364,4.742829322814941
921,4.3361358642578125
18267,4.906186103820801
89985,4.472779750823975
23151,4.806607246398926
64458,4.335717678070068
61369,4.450357437133789
74433,4.756410598754883
12540,3.8870046138763428
107411,4.701559066772461
90151,4.855685234069824
69184,4.668157577514648
64522,4.592763423919678
96664,3.4816815853118896
99744,4.2526044845581055
90241,3.144747257232666
1033,4.856777667999268
74399,4.526660442352295
5917,4.505467414855957
37817,4.798211574554443
74233,4.515732288360596
27155,4.771551609039307
19727,4.321695804595947
80977,4.714748859405518
79260,3.760279655456543
96978,5.0645833015441895
81235,3.0370090007781982
16244,4.8309149742126465
28625,3.3223021030426025
80838,4.754117965698242
72941,4.324660778045654
104416,4.907668590545654
47808,4.334766387939453
18753,5.419369697570801
72111,4.497559547424316
82470,4.845808506011963
88151,4.115620136260986
98580,4.151872158050537
94084,4.711316108703613
9205,4.470757961273193
31849,3.637136459350586
64887,4.695490837097168
94352,4.115639686584473
61853,4.819976806640625
38496,3.0752992630004883
33299,4.5012712478637695
80584,5.103968620300293
88432,4.367954254150391
11941,4.846942901611328
105251,5.2801432609558105
25770,4.817287921905518
104889,4.481349468231201
63963,3.76810359954834
5141,4.497039794921875
71280,3.2212820053100586
20202,3.1924824714660645
9622,4.7711615562438965
41944,4.499078750610352
29545,4.317760467529297
15700,3.7528653144836426
74763,4.777614593505859
94727,4.541338920593262
52510,3.59960675239563
92015,4.623122692108154
88393,3.7499783039093018
75268,4.8006768226623535
57583,5.019120216369629
28605,4.999350547790527
97029,3.7376503944396973
8743,4.796603679656982
103508,4.619937419891357
77699,4.694213390350342
74876,4.743122100830078
87705,4.259387493133545
11846,4.541253566741943
27579,5.064764499664307
75105,4.167346477508545
59908,5.1167731285095215
3372,4.263272285461426
44576,4.167193412780762
70935,4.476517200469971
35608,4.904767990112305
92864,4.620028972625732
66970,4.902189254760742
90101,4.951608180999756
77451,4.792346000671387
35205,4.360507965087891
19717,5.13651180267334
4537,4.974625110626221
58032,4.67788028717041
2417,4.839850902557373
23862,4.626920700073242
78094,4.624269485473633
3825,4.024052619934082
103419,4.729305744171143
18672,5.127549171447754
45686,5.034624099731445
40285,4.907917022705078
106201,4.885626792907715
2736,4.74049711227417
59310,3.3496952056884766
103729,4.540893077850342
100330,4.167778968811035
83233,4.314243793487549
96937,4.721254348754883
36792,4.867498874664307
65279,4.5922064781188965
28434,4.318209648132324
22836,4.861766815185547
28815,4.472766876220703
19969,3.670647382736206
59028,4.900899887084961
77849,4.119533061981201
60900,4.949542999267578
31920,3.7501392364501953
62467,4.879016876220703
54843,4.762409210205078
43376,4.712423324584961
92102,4.159414291381836
104534,4.472673416137695
101148,4.212188243865967
20544,4.770620822906494
20999,4.699883460998535
105189,4.889271259307861
98260,4.648802757263184
87009,4.735837936401367
48921,4.313565254211426
91577,4.908728122711182
37645,4.431326866149902
76193,5.065825939178467
97002,4.270526885986328
11248,4.053789138793945
103324,4.6388325691223145
10139,4.3742241859436035
3802,3.8715364933013916
95118,4.23454475402832
40904,4.785354137420654
68749,3.701873540878296
84023,4.956359386444092
51537,4.32133150100708
103187,4.329011917114258
27954,5.147672653198242
97222,4.719649314880371
62109,3.9953882694244385
64791,4.4138102531433105
100713,4.967723846435547
59007,3.5968737602233887
33634,3.9011595249176025
61334,4.623152256011963
101742,4.802999019622803
82325,5.295943737030029
39263,4.981821537017822
89472,4.55643892288208
45318,5.280147552490234
70541,4.8795576095581055
90078,4.107156276702881
30551,4.523322582244873
77091,5.22916841506958
103352,4.143340587615967
85502,5.062921047210693
52823,4.842100143432617
1100,2.9809441566467285
69272,4.578307151794434
45322,3.972477912902832
88860,4.457345008850098
74161,5.067629814147949
1969,4.696043014526367
31631,4.518386363983154
11447,4.34999418258667
55300,4.551584243774414
55875,4.902883529663086
53442,4.896103382110596
61218,4.897494792938232
62404,4.521383285522461
22980,4.916067123413086
87043,4.911873817443848
31957,4.377809524536133
100468,4.820983409881592
4556,3.93117356300354
82277,4.511373519897461
11914,4.063526153564453
5127,3.9680113792419434
25876,5.059797763824463
75385,4.575188636779785
66726,4.706943035125732
44634,4.531237602233887
35297,4.6631669998168945
94460,4.884013652801514
63175,4.615771770477295
71526,4.623881816864014
80603,4.927608489990234
16053,4.564030647277832
6900,4.210769176483154
44763,4.015715599060059
10147,4.818690776824951
37217,4.521296977996826
77852,4.96921968460083
23594,5.1727776527404785
30546,4.891262054443359
30665,4.892927646636963
88895,3.868130922317505
82829,4.481248378753662
85279,4.283000946044922
57142,4.4546427726745605
62271,4.949529647827148
59221,4.000295162200928
26515,4.832325458526611
33738,5.073001384735107
90030,3.516413927078247
1804,5.01062536239624
64163,4.87529993057251
82738,4.794297218322754
53889,4.306527137756348
44564,4.384858131408691
27178,4.542293071746826
87619,4.065736293792725
63654,3.8320577144622803
17495,4.217247009277344
21291,4.687987804412842
3567,4.247859954833984
14205,4.652246475219727
2052,4.159852981567383
55070,4.726470470428467
55478,4.826344013214111
7657,4.453501224517822
83165,4.409451961517334
78418,3.740407705307007
63838,4.626199245452881
93027,3.9682207107543945
79492,4.90266752243042
49396,4.413046360015869
70145,4.89303731918335
79712,4.849178791046143
48235,4.387429237365723
85971,3.358710527420044
88290,4.488980770111084
64000,4.1288228034973145
31885,5.000898361206055
52772,3.8819456100463867
102366,4.661190986633301
20088,5.1669135093688965
96785,4.235434532165527
6561,4.834591388702393
98914,4.687016010284424
3085,5.4100494384765625
79664,4.620166778564453
47271,4.627896308898926
40624,4.3618340492248535
59086,5.255467891693115
24609,4.426614284515381
106971,4.7146735191345215
89444,4.849603652954102
36695,4.730260372161865
37158,4.339443206787109
8899,4.477809429168701
32462,4.738663673400879
4380,4.735298156738281
67667,4.270717144012451
76566,4.015916347503662
5362,5.164505481719971
26392,4.935154438018799
90539,4.898430824279785
42903,4.843766689300537
13752,4.62129020690918
25201,5.013180255889893
25611,4.779702663421631
79918,4.843199729919434
105827,5.438815116882324
51116,2.2699217796325684
45473,4.750622749328613
90598,4.1800336837768555
41251,4.6688232421875
83419,4.311782360076904
102620,4.3799943923950195
10795,4.155928611755371
38277,4.5740156173706055
44800,4.417272567749023
44123,4.670861721038818
33704,3.4612340927124023
1863,4.679035663604736
99639,4.216552257537842
90698,4.923276901245117
64231,3.662142753601074
100386,4.688419342041016
53072,4.14008903503418
86109,4.1949663162231445
18284,4.74727725982666
23682,5.072447776794434
64505,4.091223239898682
51386,4.434774398803711
49070,4.384361743927002
73179,4.300793170928955
103347,4.088569641113281
96037,4.655516147613525
37320,5.0740647315979
17297,4.801878929138184
52063,4.140807628631592
45918,3.87580943107605
94885,5.383941173553467
5963,5.27196741104126
21475,4.519320487976074
20370,4.892606735229492
45873,4.723344802856445
13400,5.2139458656311035
36014,3.0447800159454346
65315,4.814417362213135
93555,4.783049583435059
81146,4.956513404846191
66293,4.65120792388916
81482,4.393618106842041
106815,5.004702568054199
85859,3.4871909618377686
90215,4.631431579589844
101253,4.443899631500244
32667,3.0665972232818604
23576,5.280060768127441
108550,4.884681701660156
69673,4.203891277313232
89293,4.225319862365723
31946,3.8077242374420166
7772,4.120209217071533
3544,4.8332929611206055
21367,4.604889392852783
2034,4.0936784744262695
66496,5.034435272216797
100634,4.3900370597839355
12896,4.7265167236328125
34201,2.748847246170044
16798,4.0533294677734375
49990,3.670703172683716
39136,4.536795139312744
93270,4.559047222137451
49736,4.032110214233398
88727,5.103537082672119
88589,5.004302024841309
74234,4.754387378692627
91103,4.751010894775391
80750,4.703757286071777
68786,4.870275974273682
38811,4.905055999755859
15335,4.249052047729492
47160,4.043323516845703
58800,5.0074052810668945
15946,4.009518623352051
7346,4.877964973449707
101402,4.528818607330322
12935,4.265718936920166
95549,4.32485818862915
80864,4.650981426239014
48650,4.488038063049316
40694,4.556926727294922
103399,4.9328532218933105
24999,4.96065616607666
90373,4.729583740234375
29898,4.317008018493652
16508,4.453170299530029
107142,4.231281757354736
6220,3.4498484134674072
100080,4.264821529388428
71730,5.057415008544922
32694,5.097833633422852
107107,4.655450820922852
12545,4.154115200042725
63972,4.3548665046691895
62197,4.555377960205078
18432,4.9633941650390625
47901,3.485980749130249
53398,3.522826910018921
78203,4.7026872634887695
65466,4.6450514793396
5551,4.724384784698486
51978,4.279506683349609
71583,4.548397064208984
7455,3.8444573879241943
74081,4.528242588043213
55580,4.811085224151611
70247,4.8530097007751465
45263,4.940380573272705
64235,4.447050094604492
92423,3.391353130340576
43971,3.260345697402954
76852,4.358165740966797
24375,3.5072805881500244
88986,4.770427227020264
36134,4.888220310211182
103105,3.8909192085266113
51536,4.470005512237549
30231,4.718894004821777
3927,4.548995018005371
76568,4.7968621253967285
65337,4.788534641265869
60398,4.735227108001709
13770,4.3849287033081055
8571,5.025810241699219
52647,4.941474437713623
1954,3.7099432945251465
19636,4.919220447540283
45631,3.7061102390289307
15275,4.550063610076904
59002,4.727717876434326
106088,4.896937847137451
86601,4.785192012786865
88259,4.661097526550293
46024,5.021093845367432
69145,4.612696647644043
102381,4.3862714767456055
86778,3.98098087310791
50211,4.463296890258789
39178,4.641103267669678
98756,4.067721843719482
97765,4.551872253417969
93552,4.857475280761719
57379,4.318095684051514
45441,4.9950480461120605
136,4.0515899658203125
16304,4.832276344299316
32442,4.80244255065918
16022,3.3921263217926025
59408,3.989957571029663
63976,4.555363655090332
41923,5.007485389709473
46649,5.00709342956543
14265,5.092761993408203
26056,4.749276161193848
98036,4.717953681945801
12492,4.553773403167725
26526,3.477963924407959
27042,4.972629547119141
49933,5.190171718597412
91690,4.6974687576293945
82940,4.710856914520264
7385,5.168801784515381
94872,4.539818286895752
108521,4.981241703033447
103153,3.9911398887634277
24157,5.10936975479126
25591,4.72405481338501
108026,5.222500801086426
89403,4.802088260650635
76793,4.6247239112854
1598,5.083185195922852
103246,4.216082572937012
97654,4.285444259643555
46234,4.841317176818848
63053,5.0162577629089355
93395,4.447932720184326
14106,5.137784957885742
50425,4.927236557006836
1064,5.023261547088623
22934,3.276479721069336
84411,4.324869155883789
93540,5.119861602783203
50992,4.968557834625244
57706,4.495970249176025
61304,4.663654804229736
5096,4.457115650177002
108576,4.905275821685791
12934,4.5742506980896
34014,4.393679618835449
27236,4.059719085693359
43653,4.341939449310303
59634,4.557424545288086
22635,4.277946472167969
4434,2.72092604637146
64181,4.550924301147461
60777,4.165867328643799
28258,4.176116466522217
46934,4.793184757232666
75493,4.872089862823486
107778,2.7480263710021973
55117,3.261228561401367
16518,4.596006393432617
104467,4.140409469604492
99021,5.120579719543457
16991,4.746614933013916
27924,4.59072208404541
99101,4.8857879638671875
3453,3.8879528045654297
45309,4.281999111175537
91798,4.669209957122803
38564,4.663631916046143
23182,4.845240116119385
41238,5.1477861404418945
8247,4.028864860534668
62753,4.615956783294678
32276,4.870232582092285
75627,4.575472354888916
25184,5.042410373687744
101460,3.456343173980713
93142,4.61506462097168
26040,4.002625465393066
97411,4.494731903076172
102038,3.3609061241149902
53629,4.109877586364746
104968,3.83148193359375
75726,4.0328850746154785
4044,4.679664611816406
7304,5.003246307373047
30813,4.250168323516846
16422,3.8925726413726807
74894,4.850651264190674
59654,5.380584239959717
66411,4.5399088859558105
60954,4.60500955581665
22526,3.996581792831421
11962,3.9996426105499268
63994,4.3314528465271
27860,4.154655933380127
25811,4.669434070587158
43863,4.737144470214844
18406,5.215473651885986
29786,4.954578876495361
25081,3.637122869491577
81427,4.824193000793457
20677,5.046611785888672
97760,4.086631774902344
107756,5.159221649169922
91031,4.145535469055176
85143,4.651401996612549
2969,4.877510070800781
7202,3.9209914207458496
44214,4.664361000061035
12091,4.073141574859619
74948,3.887439489364624
87794,5.057066917419434
55479,5.048503398895264
59668,3.9274702072143555
14218,5.1990532875061035
5321,4.1576337814331055
22073,4.392740249633789
44667,4.458412170410156
86743,4.6277055740356445
80591,4.896843910217285
35272,4.075177192687988
40219,4.898880481719971
36786,5.081911087036133
46113,4.519934177398682
13059,4.330429553985596
80468,3.7940287590026855
58219,3.9642889499664307
47841,3.30275559425354
25567,4.802116394042969
54031,4.713720321655273
22109,4.531084060668945
53568,5.005908966064453
26593,4.70385217666626
22389,4.782411098480225
84671,4.580345630645752
21513,3.4832682609558105
90000,5.3079047203063965
33089,4.821719646453857
22888,3.797703742980957
62246,4.824482440948486
67026,4.529951572418213
108064,3.777949333190918
44923,4.7740397453308105
89106,4.995151042938232
25898,5.061377048492432
89629,4.916302680969238
55004,4.034329891204834
95404,4.140552520751953
31556,4.812736511230469
12236,4.379153251647949
76311,4.9859185218811035
37354,4.941623210906982
51183,4.090513706207275
34078,4.302101135253906
87212,3.860882043838501
11669,4.979965686798096
97253,4.20484733581543
107101,3.2935187816619873
4039,5.125554084777832
51222,4.736353397369385
4822,4.235594272613525
37121,4.9518232345581055
24495,4.582804203033447
68955,5.040985584259033
87187,4.847239017486572
16584,4.655290603637695
91696,4.787989616394043
50587,4.765357971191406
10496,4.113521575927734
29974,4.8969902992248535
68743,4.521166801452637
27887,4.300961494445801
97748,3.837432861328125
18929,4.514630317687988
18419,5.002455711364746
78143,4.488021373748779
94854,3.483731269836426
11478,4.2329421043396
16505,4.348685264587402
14128,4.857855319976807
42259,4.1740336418151855
53156,4.866796016693115
100508,4.72346305847168
50706,4.601085186004639
65799,3.932340145111084
9944,5.058527946472168
40815,5.060722827911377
94418,4.676435470581055
21597,4.3081536293029785
15578,4.330982208251953
36164,4.137524604797363
147,4.4392991065979
101923,4.049687385559082
43721,4.447338104248047
68130,5.040205478668213
33231,4.167829513549805
33993,4.8992919921875
82963,4.083780765533447
50904,4.716285705566406
39627,4.825041770935059
102992,4.690346717834473
41051,3.0296664237976074
51055,4.7404375076293945
4093,4.353214740753174
59412,4.265876293182373
37773,5.021081447601318
63541,4.60477876663208
36103,5.085643291473389
90043,4.840897083282471
108587,5.2021708488464355
73787,4.820107460021973
35902,4.442379474639893
57495,4.213775157928467
45546,4.741366386413574
25156,4.662231922149658
7079,4.0857768058776855
91547,5.093451499938965
105428,4.21259069442749
26231,4.940000534057617
90996,4.976476192474365
102954,4.520393371582031
40798,4.472056865692139
49270,4.778631210327148
75819,4.913924694061279
11131,4.913435459136963
46432,4.0110650062561035
77895,4.421058177947998
104345,4.867458343505859
77030,5.272820949554443
56022,4.593907833099365
49090,4.378320217132568
15857,4.624475955963135
73727,4.734853744506836
103157,4.754453182220459
107867,4.70352840423584
34433,4.742292881011963
5727,3.8514840602874756
44248,4.682441711425781
21671,4.654333114624023
101595,5.235076427459717
28954,4.756364822387695
84220,4.537986755371094
13491,4.300782680511475
54421,3.4069132804870605
67932,5.052351951599121
47410,4.718234062194824
102347,4.410393714904785
59594,4.8866071701049805
59693,4.7494635581970215
5679,4.743717193603516
106522,4.404786109924316
21619,4.714719295501709
80794,5.008321762084961
24334,4.607172966003418
1346,4.591825485229492
105357,4.717959403991699
44336,4.710286617279053
8704,4.833125114440918
55869,4.677540302276611
28422,5.213448524475098
32637,5.164069652557373
69155,5.020167827606201
105374,4.676898002624512
24921,4.691720485687256
71513,5.22010612487793
84584,4.427764415740967
100692,4.690654277801514
43388,4.744456768035889
85400,4.235914707183838
80555,3.660949230194092
87074,4.838357448577881
26009,3.9575035572052
61725,4.334038257598877
99776,4.477270126342773
18881,3.8715603351593018
93295,3.9557249546051025
80240,5.0600385665893555
101309,5.091588020324707
34477,4.516700267791748
24838,4.282846450805664
72117,4.805562973022461
11388,4.828442096710205
26666,4.338235855102539
46378,3.5956501960754395
16775,5.09390115737915
74228,3.408622980117798
39469,5.325356960296631
37558,3.8071389198303223
82952,4.039993762969971
55681,4.074118137359619
44614,4.371801376342773
21191,4.754773139953613
7290,4.829023838043213
105127,4.3604302406311035
65390,4.934572219848633
43429,5.232202053070068
12358,4.2095136642456055
25376,4.436172008514404
46214,4.8713579177856445
40038,4.109886646270752
67662,4.039479732513428
53851,4.131394863128662
40146,3.615630865097046
43683,4.051332950592041
29860,4.199681758880615
37421,4.677894115447998
23572,4.331881046295166
12785,4.059057712554932
103575,4.391264915466309
5897,5.1107378005981445
30868,3.9473485946655273
84774,4.691971302032471
1376,4.698119163513184
39924,4.854086399078369
56661,4.240908145904541
4851,4.690289497375488
8511,4.9209818840026855
54560,4.570535182952881
76758,5.10898494720459
57396,4.709130764007568
94158,4.151382923126221
83854,4.324295520782471
68654,4.790582180023193
83459,4.471627235412598
59025,4.4974045753479
6875,4.434290409088135
99072,5.085662841796875
96152,4.050300121307373
6343,4.583009719848633
44818,4.984687805175781
83372,4.674145698547363
72489,4.886710166931152
19370,4.915582180023193
93667,4.110554218292236
82554,4.545837879180908
40228,4.741451263427734
75957,4.185067176818848
56846,4.296184062957764
82142,4.797008991241455
75445,4.150808334350586
24337,3.8808627128601074
512,4.849318981170654
83339,4.892070293426514
42325,4.788462162017822
103722,3.9759271144866943
76030,4.302720069885254
12643,3.525397777557373
25234,4.188713073730469
55202,4.5902018547058105
45039,4.577859878540039
54233,4.717474460601807
35504,3.363889217376709
4631,4.231447219848633
65255,4.661786079406738
21278,4.497977256774902
56720,4.1062331199646
24801,3.9030539989471436
42397,3.9004738330841064
103678,4.533543586730957
61481,3.7822301387786865
12086,3.741089105606079
9304,4.2264084815979
49073,4.3707427978515625
54156,2.864687204360962
81696,4.882524013519287
17776,3.752164840698242
34883,3.756791114807129
22284,4.6392436027526855
101317,4.598078727722168
90865,3.7438743114471436
29688,5.165194988250732
66617,4.702362060546875
67991,5.001840591430664
70259,4.785249710083008
21044,5.085335731506348
45447,4.4303131103515625
61793,4.745341777801514
41992,4.35950231552124
63176,4.652337074279785
18500,4.331094741821289
18830,4.475755214691162
82535,4.6398234367370605
52308,4.271878242492676
23266,4.9108662605285645
31161,4.546151638031006
38554,4.177691459655762
43614,4.149672031402588
27826,5.046143531799316
52900,4.40146017074585
75689,4.630867004394531
107609,4.973341941833496
31402,3.2542214393615723
46687,4.629056453704834
101057,4.051794528961182
25357,4.764654159545898
74792,4.2067646980285645
62187,4.73371696472168
5624,4.9270243644714355
68470,5.341458320617676
54453,3.4745049476623535
104561,4.342891693115234
1558,4.463495254516602
76501,4.911609649658203
81759,4.570331573486328
83208,4.43773078918457
7873,4.945894718170166
82615,4.966104507446289
44402,4.852411270141602
87122,4.751962184906006
4823,4.318350315093994
87234,3.8098630905151367
76683,3.8001530170440674
66380,4.098317623138428
70408,4.933193683624268
8784,4.182560920715332
13036,4.955671787261963
76544,5.320070743560791
28245,3.340611696243286
84316,4.759110927581787
15257,4.3300652503967285
72493,5.113609790802002
48016,4.6450042724609375
51763,5.086840629577637
59464,3.076113224029541
41400,4.77737283706665
6183,5.087441921234131
56329,4.406631946563721
83294,4.477061748504639
6042,5.039915561676025
16292,4.933351516723633
58646,3.86566162109375
65253,4.771050453186035
23463,3.9849014282226562
58911,4.362644195556641
99656,4.938381195068359
5894,3.792869806289673
88520,4.3671674728393555
43329,4.9711995124816895
265,3.579099178314209
23712,5.102207660675049
14913,4.2564473152160645
31202,4.775258541107178
72276,4.917762756347656
17862,4.93208646774292
55497,4.780406475067139
96349,3.8285999298095703
76033,4.391069412231445
76726,4.588358402252197
88808,4.850077152252197
65387,4.935381889343262
73761,4.642458438873291
54317,3.2563490867614746
108275,4.913538455963135
77638,4.88539457321167
89253,5.033566951751709
60965,4.266194820404053
96511,4.4925336837768555
2045,4.86049222946167
105511,4.039714813232422
27419,4.357795715332031
47145,2.6897146701812744
31939,4.586879730224609
40292,4.87676477432251
42748,5.136363506317139
95992,4.181634426116943
48546,5.042490005493164
48902,3.5036537647247314
15466,3.6631693840026855
77003,5.1457672119140625
17351,4.371822834014893
39205,4.540031433105469
27141,4.869578838348389
98778,4.331093788146973
16510,3.725489854812622
98984,4.768495082855225
67247,5.023094177246094
31767,4.140303611755371
100703,3.8327722549438477
2238,4.2866597175598145
73116,4.728235244750977
62383,4.971024036407471
87059,5.091610908508301
14821,3.890995502471924
42472,3.5590057373046875
96144,4.982885360717773
100450,4.791306018829346
54306,4.891662120819092
36119,5.160416126251221
35069,4.9799981117248535
46170,4.838727951049805
61099,4.353694915771484
5227,3.6217684745788574
73016,4.7349443435668945
75643,3.8395986557006836
102409,3.5098421573638916
21506,4.368739128112793
29782,4.888406753540039
64883,4.15329122543335
54689,4.434499263763428
59076,5.196009159088135
101592,5.254241466522217
99881,4.605290412902832
51913,4.542786121368408
97597,3.4751524925231934
106868,4.708783149719238
96487,3.42728853225708
61268,4.153360366821289
30225,4.27823543548584
84274,4.91880989074707
71667,3.6508445739746094
38973,5.127505302429199
43845,4.905838489532471
16598,4.31406307220459
24980,4.827978134155273
29303,4.380751609802246
79085,4.19051456451416
92621,4.701275825500488
50803,4.694169521331787
4478,3.1574912071228027
107401,5.074333667755127
9326,4.014309883117676
74917,4.74614143371582
89522,4.477336406707764
6727,4.59306526184082
60816,3.409071683883667
50289,4.390260219573975
57563,4.269619941711426
52908,4.467564582824707
11322,3.9073081016540527
5173,3.875065803527832
47600,4.986643314361572
10257,5.219966411590576
23484,4.855537414550781
42579,4.5727105140686035
83008,4.935037136077881
53736,4.368534088134766
27749,3.869507312774658
31044,4.616494655609131
27384,5.092010021209717
82263,4.9538774490356445
49804,4.537665367126465
13539,4.575624942779541
48177,4.79957914352417
50796,4.022789478302002
90669,4.596344470977783
24150,5.395508766174316
65994,4.466901779174805
105905,4.800993919372559
81243,3.6940178871154785
94484,4.047539234161377
59887,4.861417293548584
91569,4.912464141845703
41528,4.73848819732666
23803,5.159759044647217
12878,4.862929344177246
78403,4.720790863037109
65282,4.232360363006592
45091,5.314085006713867
82622,4.585254192352295
25278,4.5063323974609375
27910,5.121068954467773
53002,3.1240386962890625
107052,4.612149715423584
91362,4.831424236297607
23485,4.302250862121582
22609,4.5715250968933105
1051,4.243664264678955
30003,4.231567859649658
22523,4.448973655700684
2989,4.542921543121338
48093,4.049344062805176
37535,4.69092321395874
53873,4.593533515930176
71628,3.6393187046051025
79228,5.001384735107422
26328,4.293349742889404
99174,4.354672431945801
57163,4.067630290985107
83502,4.961279392242432
31215,4.80018949508667
90405,4.734865188598633
7708,4.73574686050415
29468,4.055333137512207
85756,4.578800201416016
28118,2.6624414920806885
93580,4.656727313995361
9966,4.851067543029785
25063,4.448988437652588
79883,4.807819366455078
69357,4.874321460723877
84202,5.054656505584717
36566,4.998851776123047
35011,4.584007263183594
53084,4.3317060470581055
102701,4.8326497077941895
34065,3.6878693103790283
25903,5.099546432495117
19757,5.287537574768066
27415,5.0337347984313965
3019,4.079720497131348
40555,5.017446041107178
65534,4.450756549835205
28411,5.255094051361084
104616,4.614587783813477
66791,4.375723361968994
24365,4.471827507019043
66680,4.286104679107666
2350,4.537992477416992
46583,4.367120742797852
1610,4.994547367095947
23462,3.678223133087158
30013,5.011561393737793
108015,4.495404243469238
104839,3.94330096244812
92396,4.067038059234619
4258,3.9450361728668213
46282,4.615787029266357
107897,4.7959771156311035
35527,5.01584005355835
7930,4.739132881164551
2004,4.276481628417969
72399,3.941129684448242
56735,4.592319488525391
12153,4.4557318687438965
31269,4.57009744644165
12600,4.730086803436279
38709,4.251089572906494
98093,4.503402233123779
73903,3.6996381282806396
70482,4.821004867553711
58887,4.835139274597168
16795,4.752511501312256
85924,4.476487636566162
65861,3.732832908630371
75727,5.003339767456055
89782,4.636743545532227
33414,4.861327171325684
80144,4.937991619110107
4617,4.2812371253967285
106350,4.597471714019775
96940,4.03195858001709
40916,5.004604816436768
35752,4.6647233963012695
38386,2.6113147735595703
105751,4.5037126541137695
64757,4.989408016204834
96351,4.931121349334717
43792,3.4927818775177
35625,3.8254950046539307
15174,4.692946434020996
58930,4.848659515380859
73937,4.471773624420166
19042,4.618715286254883
58417,4.032987117767334
47062,4.629289627075195
102969,4.553184986114502
22361,3.7180705070495605
51770,4.391669273376465
95114,3.7722115516662598
24179,5.043237209320068
63942,4.437984466552734
7900,5.2763543128967285
64721,4.44500732421875
6801,4.489522457122803
100333,4.9662604331970215
42509,4.821090221405029
40704,4.016861438751221
17456,4.333368301391602
45586,4.319820404052734
94948,3.8795247077941895
45728,4.2886247634887695
103367,4.610849857330322
74508,4.425425052642822
950,4.3493571281433105
22488,5.149644374847412
7097,4.716033458709717
24407,4.972829818725586
6302,4.632549285888672
61779,4.891292572021484
2708,4.9654011726379395
58825,4.109509468078613
43822,3.8451943397521973
88964,3.7048065662384033
91109,3.13051438331604
44332,4.832226753234863
55590,3.359959125518799
17423,4.766506195068359
76365,3.6274254322052
30511,4.762180328369141
42828,4.6083879470825195
33747,4.977505683898926
42568,4.718698978424072
15064,3.784468650817871
6852,4.424947738647461
61147,5.258214950561523
6674,4.909882068634033
44908,5.223405361175537
94800,4.198609352111816
59579,5.008155822753906
65487,5.105132102966309
92255,4.276664733886719
50818,4.56718635559082
80277,4.8502912521362305
11074,4.527575492858887
105724,4.869804382324219
14100,4.541394233703613
49059,4.556191444396973
47620,5.142792224884033
9147,4.86915397644043
15596,4.694467544555664
60703,4.381417751312256
93080,4.7584099769592285
89164,4.7366156578063965
25163,4.695666313171387
80354,4.376925945281982
46156,4.1145243644714355
79682,4.43784236907959
94272,5.173000335693359
60571,4.597991943359375
50153,4.5896759033203125
74362,4.179523468017578
2389,5.047811985015869
76733,5.159285545349121
69754,4.734304428100586
15149,5.055657863616943
44314,4.623249053955078
102614,5.071414470672607
106784,4.903143882751465
42171,4.621833801269531
41210,4.689650535583496
22490,4.42523717880249
108316,4.6413984298706055
1493,4.643581390380859
88510,4.910774230957031
74196,4.507513046264648
61669,5.070948123931885
12516,3.575916290283203
62279,4.784903049468994
55328,4.984438419342041
51677,4.883007526397705
73374,4.741664409637451
64372,4.369113922119141
49176,4.6244001388549805
66899,4.784428119659424
91094,4.713245391845703
71213,4.108584880828857
32945,4.503559589385986
33655,5.028428554534912
19175,3.234637498855591
11100,4.671108245849609
97616,4.180158615112305
73185,4.291098594665527
63019,4.931835174560547
89869,4.578530311584473
65878,4.281284332275391
44120,3.7308638095855713
58379,4.923215389251709
79669,3.9920191764831543
98893,4.807154655456543
17222,4.306962490081787
48696,4.781968116760254
79916,4.808777332305908
20632,5.054788112640381
79519,4.455328941345215
46943,4.442256927490234
72484,5.11751127243042
87002,4.75628137588501
60405,5.173903942108154
38010,4.967260837554932
25610,4.768689155578613
65914,5.0548930168151855
14571,4.569325923919678
34526,5.237449645996094
106561,4.926893711090088
41619,4.0838422775268555
8931,4.905764579772949
7371,4.645038604736328
52942,4.278260707855225
85506,4.8836565017700195
45342,4.8982439041137695
84082,4.382736682891846
56943,4.022793292999268
16124,4.211935520172119
54863,4.588285446166992
103045,4.607571125030518
60435,4.512430191040039
72223,4.699978351593018
9405,4.057276725769043
11642,4.755826473236084
105279,4.5117669105529785
73386,3.8591723442077637
18308,4.926001071929932
49993,4.072819709777832
58806,3.873264789581299
68982,5.001013278961182
11294,4.8946356773376465
42437,4.961493492126465
25514,4.840967655181885
15383,4.987490177154541
61913,4.719402313232422
42167,4.342165946960449
25600,4.219270706176758
67004,3.3615453243255615
51392,5.199552059173584
35870,4.2962846755981445
90765,4.001755237579346
66404,4.6711249351501465
91422,4.195033073425293
3133,3.9868035316467285
84866,4.562760829925537
43539,5.418602466583252
89715,4.796620845794678
7048,4.828587055206299
72274,5.04645299911499
83564,4.601365566253662
49008,5.408358097076416
41640,4.192613124847412
92855,4.932647705078125
14401,5.0674333572387695
83924,5.21836519241333
51035,3.975402593612671
4352,4.469189167022705
35845,4.540488243103027
104382,3.9361026287078857
101463,3.885185480117798
29043,3.946530342102051
22419,4.746461868286133
107158,4.736202239990234
18295,3.9942383766174316
64175,4.923848628997803
35692,4.173802852630615
26837,5.03181791305542
100505,5.097757339477539
100816,3.282078504562378
44529,4.776179790496826
76324,3.5882673263549805
94572,3.791832208633423
61901,5.364536285400391
106951,4.886098861694336
94399,4.286558151245117
70472,4.502349376678467
27707,4.541511535644531
3496,4.263082027435303
86701,4.87117862701416
19444,3.971081018447876
32295,4.880146026611328
12143,4.948343276977539
51686,4.696660995483398
58494,4.651333808898926
60882,4.8232197761535645
85699,4.925812721252441
40614,4.395505428314209
19649,4.614954471588135
53954,4.617586135864258
22573,5.093163013458252
78389,4.664636611938477
10697,4.461208820343018
51207,4.089591979980469
63352,4.636106491088867
3199,4.3700270652771
74146,5.2786641120910645
5828,5.142021656036377
72435,5.231968879699707
68662,4.261630058288574
46441,4.026514053344727
80161,4.898703575134277
1517,4.266021251678467
47802,3.550384283065796
38293,4.761529445648193
87943,3.755873203277588
18507,3.8018546104431152
41615,5.034155368804932
66482,4.782162666320801
56438,4.064667224884033
91440,4.722305774688721
83176,4.813223838806152
71565,4.109894752502441
63387,4.876809597015381
94252,4.5868611335754395
99112,5.236839294433594
685,4.530641555786133
47193,3.817413568496704
100639,3.921677827835083
97859,4.001652717590332
24168,3.4499740600585938
4491,4.283600807189941
98301,4.414313316345215
101209,4.008096218109131
63938,4.231964588165283
21068,4.930634021759033
89858,5.017346382141113
107381,4.20577335357666
70809,4.464202880859375
87064,4.584167003631592
2144,3.984286069869995
7399,4.8380303382873535
50747,4.827505588531494
66787,2.573690176010132
80834,3.410055160522461
85817,4.102217674255371
63603,5.2979888916015625
22239,3.749192714691162
71829,4.631371974945068
6979,4.751627445220947
90762,4.474322319030762
13943,4.52531099319458
25403,4.4951605796813965
89941,4.84119987487793
30572,4.732490539550781
108325,5.165622711181641
88670,4.4815673828125
88202,2.884296417236328
35122,4.8647027015686035
94930,4.780387878417969
96005,3.975351095199585
22235,5.154673099517822
9288,4.426966667175293
23711,4.631759166717529
22042,4.368826866149902
1902,4.041858196258545
62033,2.289440631866455
46157,5.1854095458984375
30155,4.37894868850708
47207,4.025328159332275
28774,4.339273452758789
80553,4.279642581939697
51121,4.6407976150512695
58820,3.9711930751800537
33368,4.979058742523193
85284,4.92729377746582
34686,4.466573238372803
49342,4.371767520904541
7580,4.597506046295166
104328,4.763317108154297
54241,4.24814510345459
62714,4.489312171936035
39777,3.1157867908477783
84292,4.694490909576416
88459,4.8465728759765625
40279,4.733680725097656
13424,4.544808864593506
98990,4.307913780212402
66454,4.709712028503418
57102,3.9967410564422607
10518,3.7738847732543945
6494,4.285198211669922
5483,4.584916591644287
86113,4.999868392944336
72531,5.195427894592285
22057,3.9163308143615723
87854,4.536978721618652
43185,4.582932949066162
23144,4.7512969970703125
54926,4.295289039611816
97380,3.7627201080322266
63834,4.7668681144714355
32953,4.961528301239014
19189,5.174351692199707
8893,4.848270416259766
23387,4.6909027099609375
21593,4.65500545501709
28442,4.677802085876465
97608,4.944638252258301
8215,5.149066925048828
3670,4.690680503845215
102856,4.615697860717773
102727,4.629231929779053
106758,3.7533862590789795
48238,4.534827709197998
60572,4.500056743621826
64093,4.278574466705322
79304,4.645208835601807
37909,5.0356125831604
46996,4.32787561416626
22274,4.945226192474365
106394,5.05780029296875
8647,4.328555107116699
20564,4.046600341796875
87006,5.323050498962402
17429,4.810269355773926
25603,5.007535457611084
36732,4.769783020019531
21724,3.436244010925293
82653,4.2648420333862305
59280,4.695316791534424
73509,4.91745662689209
81778,4.540777683258057
43322,5.079529762268066
89209,4.62341833114624
38885,5.249408721923828
86094,4.481616973876953
93824,4.440272808074951
8185,4.8498616218566895
41171,3.588890790939331
22232,5.260794162750244
89525,4.641561508178711
88781,5.1783318519592285
35967,4.330727577209473
93397,3.6740849018096924
56595,4.401299953460693
61355,4.540139198303223
88124,4.270145416259766
2954,4.864402770996094
76029,4.477895736694336
67950,3.967733383178711
93367,5.110683917999268
22418,3.9681828022003174
81605,4.273092269897461
37843,4.591777324676514
52274,4.384821891784668
97030,4.644758701324463
2704,4.469121932983398
66288,4.373034477233887
62724,4.3196516036987305
80392,4.03092622756958
51986,3.5623252391815186
106565,4.803864479064941
20481,4.878932952880859
101090,4.623720169067383
89458,4.344173431396484
75442,4.511282920837402
87522,4.443665504455566
32751,4.707193851470947
94157,4.714125633239746
66266,4.626692295074463
103030,4.306360721588135
71539,4.876870155334473
69892,4.588562965393066
10026,4.128424167633057
63308,4.755643367767334
92981,5.034579753875732
32111,4.478910446166992
101225,4.9363579750061035
81930,3.4431703090667725
88120,4.754066467285156
90018,4.830227851867676
21840,4.3859381675720215
89865,3.5804951190948486
5412,4.640451431274414
39122,4.941406726837158
34087,4.484039783477783
91435,3.627593517303467
43183,3.5902297496795654
44338,4.470211029052734
43685,4.304009914398193
4936,4.637389659881592
84627,4.769057273864746
68116,4.547313213348389
1662,4.028700351715088
32952,4.553895950317383
41026,4.526480674743652
28128,4.067891597747803
43203,4.442752361297607
9753,5.204546928405762
94314,3.609875440597534
106818,3.9355180263519287
93862,4.605947017669678
58975,4.573614120483398
32646,5.289562702178955
9128,3.484781503677368
72920,4.247852802276611
36564,4.344202041625977
93239,4.808506965637207
57856,4.464873313903809
32740,3.934427261352539
45057,5.113977432250977
89824,4.212655544281006
19591,4.3626580238342285
46936,5.051427841186523
22595,4.479576110839844
68384,4.258031368255615
97906,3.4849328994750977
47740,4.87451696395874
23955,4.947794437408447
38930,3.8958165645599365
130,4.886967658996582
17826,4.154687881469727
50278,4.547224998474121
23381,5.090288162231445
13481,4.969103813171387
215,4.5020318031311035
100328,4.670248031616211
9385,4.837224960327148
22151,4.866697311401367
45774,5.1538801193237305
11252,4.833868503570557
3311,4.792307376861572
56835,4.542800426483154
93017,4.776725769042969
103449,4.9010210037231445
75609,3.5006186962127686
29065,4.363546848297119
6098,3.9976208209991455
20642,4.636868953704834
83032,4.478353500366211
39328,3.4738283157348633
84661,4.963464260101318
57049,3.752983331680298
7102,4.791941165924072
98827,3.830906867980957
92352,3.918408155441284
31423,4.658374786376953
45620,4.2207441329956055
43671,4.333471775054932
82765,3.8027634620666504
58590,4.30674934387207
91060,4.679224014282227
88020,4.947096347808838
8007,3.76774263381958
98142,4.757102012634277
44213,3.819139003753662
69464,3.858811855316162
68104,4.297061920166016
39740,3.7926337718963623
73885,4.34281063079834
104686,4.273390293121338
6400,3.877756357192993
13696,4.720729827880859
81947,3.991621255874634
88737,5.069268226623535
44048,5.027132034301758
47751,5.170258522033691
46908,4.705051898956299
69232,4.269777297973633
65529,5.370715141296387
65239,4.749626636505127
53658,4.381518363952637
89847,4.681541919708252
15235,4.536157608032227
45271,5.013545036315918
98195,4.644435405731201
79768,4.220223903656006
68841,4.684901237487793
86562,4.960048198699951
30072,4.1600661277771
39926,4.478631019592285
17647,4.922207832336426
9932,4.343522548675537
70203,4.138452053070068
38735,4.075299263000488
95046,4.9350056648254395
36013,4.245930194854736
80851,4.288245677947998
78965,4.499816417694092
78518,4.755756378173828
60154,4.858785152435303
102457,5.066271781921387
71234,4.146596431732178
42109,5.041370868682861
35082,4.29434061050415
99701,4.750053882598877
81194,3.5345969200134277
18194,4.4231486320495605
99415,5.504561901092529
4311,4.084580898284912
63879,4.934318542480469
58085,4.162454128265381
95923,5.044218063354492
34140,4.464009761810303
7273,4.924938678741455
59512,3.720846176147461
8350,3.9730279445648193
76541,4.362425327301025
72355,3.6815264225006104
77121,3.774653196334839
90193,4.743594169616699
107684,4.499878883361816
88410,4.2977519035339355
19655,3.7459874153137207
1243,4.222615718841553
24905,4.9588470458984375
14875,4.906566143035889
92331,4.500868320465088
93071,4.327325820922852
39189,5.096580982208252
12755,4.756601810455322
27513,4.2796630859375
30979,4.156136512756348
63153,4.522818565368652
81586,4.822586536407471
13127,4.4849066734313965
26581,3.9494893550872803
90296,4.376773357391357
98425,4.076894283294678
7072,4.970524787902832
3383,4.344118595123291
93526,4.8752055168151855
99809,4.821229457855225
17310,4.372472286224365
19359,5.060626029968262
103983,4.930565357208252
85273,5.449030876159668
890,4.393486976623535
80899,4.336221694946289
101467,4.301936149597168
32,4.360418319702148
95159,3.4248061180114746
52147,4.669118881225586
1137,5.037775993347168
15869,3.239353656768799
39892,3.8295111656188965
89468,3.5043652057647705
108091,4.517574787139893
102180,4.215299129486084
52173,4.539752006530762
86436,5.1491379737854
71351,4.251728057861328
59977,4.4619879722595215
90305,5.105110168457031
81970,4.387679100036621
92542,3.891218662261963
75853,4.720818996429443
74391,4.658928871154785
6467,4.652375221252441
18558,5.228745460510254
108240,4.310800552368164
1379,4.360454082489014
88422,4.947171688079834
13371,4.428034782409668
41453,4.85256814956665
11539,3.3754422664642334
67890,4.504240989685059
22912,4.768272399902344
61558,4.30918025970459
57302,4.499688625335693
54509,4.370143413543701
95932,3.364367723464966
11005,4.322603702545166
22951,4.175522327423096
94744,3.8932414054870605
93836,4.697700500488281
33869,4.34682035446167
28995,4.6674909591674805
30689,5.1406145095825195
18314,3.641183614730835
54113,4.456503868103027
57912,4.182291030883789
107567,4.475897789001465
47473,3.9087374210357666
85478,4.68993616104126
70103,4.7625932693481445
23448,4.70042610168457
5124,4.197178840637207
62371,3.9464967250823975
67940,5.2489166259765625
19631,3.6493313312530518
101459,4.484221935272217
98033,4.715639114379883
25284,4.210948467254639
25166,3.8769867420196533
35512,4.864752769470215
73398,4.835984230041504
35976,4.103212833404541
102162,4.413813591003418
103653,4.271521091461182
80565,4.987239360809326
22155,5.120113849639893
27815,5.130869388580322
71896,3.9074106216430664
97139,4.604719638824463
25434,4.592408180236816
37085,4.767104148864746
32045,4.052063465118408
76998,4.751996994018555
15745,4.360164165496826
18243,4.48391580581665
55211,4.224905967712402
88502,5.184627056121826
85561,4.448811054229736
55427,4.362905502319336
30731,5.313846588134766
82853,4.779472827911377
6873,4.809274673461914
108598,4.883031845092773
2945,5.082133769989014
21578,3.636430263519287
59680,4.5257344245910645
21779,4.686642169952393
40529,3.802293539047241
31627,3.7737643718719482
58298,4.880920886993408
79320,4.032124042510986
62266,4.728652000427246
42977,3.7461788654327393
65902,4.422022819519043
71471,4.926310062408447
62106,4.330048084259033
24956,4.692846775054932
24098,4.895090579986572
71816,4.072110176086426
48375,3.9420177936553955
41461,4.281398773193359
87620,4.259923934936523
18928,4.613368511199951
76882,4.746818542480469
56480,5.031355381011963
33601,5.0005950927734375
26599,4.666463375091553
81842,4.367121696472168
19952,3.668667793273926
20392,4.94119930267334
42784,4.790759086608887
96693,4.47710657119751
17356,4.764735221862793
55755,3.548679828643799
51132,2.8254802227020264
84956,4.206070423126221
34115,3.1116743087768555
10023,4.799096584320068
31512,4.147753715515137
53797,3.690004587173462
30158,4.421065807342529
62395,4.502406597137451
40749,4.827622890472412
93823,4.838413238525391
79457,4.982064723968506
83330,4.949338912963867
84870,4.814643383026123
87916,4.443922519683838
6611,4.597495079040527
3187,3.905259370803833
44163,4.541269302368164
44277,4.548656940460205
31153,3.8401548862457275
40008,4.875633239746094
45565,4.546411991119385
27868,4.710846900939941
84965,4.0671491622924805
30344,4.641314506530762
91771,5.058859825134277
37475,4.464839458465576
91428,3.2346324920654297
46498,5.093628406524658
4076,3.4716408252716064
11567,4.003044605255127
1894,4.014415740966797
46325,4.238959789276123
89852,4.895875930786133
3063,4.763142108917236
40103,4.061698913574219
107354,4.392815589904785
8713,4.123795032501221
106804,4.568838596343994
40838,4.590819358825684
36918,4.579226970672607
34645,4.827940940856934
81381,4.589676380157471
81071,4.806239604949951
9946,4.623452663421631
77551,5.021891117095947
18360,3.962707757949829
88046,4.527585029602051
45605,4.447663307189941
672,4.661157608032227
50273,4.528557300567627
59920,3.9921464920043945
81524,3.9522387981414795
15604,4.5054612159729
15404,4.100528717041016
19479,4.92057466506958
48778,3.666527032852173
49231,4.427300930023193
97626,5.237030982971191
57989,3.114020347595215
93917,4.899348258972168
60912,4.655699253082275
64905,4.7067461013793945
49146,4.956409931182861
17852,4.033795356750488
88617,5.076932430267334
58566,4.727750301361084
65199,4.852394104003906
103823,4.371746063232422
38306,4.50504207611084
32983,4.765827655792236
37868,4.609777450561523
96395,3.7749531269073486
103760,4.25394868850708
87912,3.8505172729492188
22762,5.053473472595215
33661,3.888622760772705
7032,4.784203052520752
106494,4.119803428649902
22106,4.845651626586914
7402,4.333675384521484
74019,4.9959893226623535
99949,5.020832538604736
1356,4.393812656402588
38676,4.542623043060303
39987,3.9195635318756104
22757,5.120645523071289
67178,4.604413032531738
5678,5.158807277679443
10160,4.4156575202941895
72272,5.031766414642334
15649,4.449130535125732
7678,3.7548835277557373
66595,4.981701374053955
67999,4.249363899230957
49452,4.249201774597168
5213,4.555377006530762
85779,4.614420413970947
41593,4.389871597290039
8507,4.010807037353516
94639,4.815126419067383
66201,4.534836769104004
376,4.973591327667236
101697,4.66925573348999
95918,5.034915924072266
98086,5.222989082336426
91597,4.965566158294678
97811,3.877715826034546
68825,3.291119337081909
60198,4.290133953094482
39630,4.6422810554504395
53263,4.412425994873047
8096,3.409620761871338
65563,4.613772869110107
91076,4.606325149536133
19451,4.377664566040039
100768,4.4895782470703125
81133,4.677234649658203
23393,4.697647571563721
94526,4.483403205871582
68371,4.905298709869385
19632,4.781435489654541
87269,3.803677797317505
39382,4.981293201446533
105145,3.211045265197754
23596,5.066667556762695
104223,4.412358283996582
88215,3.826289176940918
66268,5.058886528015137
53226,4.531274795532227
37933,4.607065677642822
80538,4.945934295654297
74683,4.976221561431885
22822,4.701484203338623
53443,4.458179473876953
108159,4.3080549240112305
77990,4.840587615966797
88136,4.1055145263671875
94492,4.301222324371338
81652,4.297723293304443
106615,4.240689277648926
12902,4.739177703857422
17345,4.582792282104492
43187,4.760897159576416
98146,4.1757121086120605
13853,4.396281719207764
80039,4.773125171661377
71669,4.315208435058594
68313,4.911710739135742
94364,4.308298110961914
64925,3.980668544769287
9741,4.508949279785156
1451,4.955390930175781
95343,4.943467617034912
64648,4.204411029815674
64947,4.363696575164795
9415,4.033863067626953
13379,4.511792182922363
66438,5.077327728271484
92251,4.707910060882568
12997,4.1068949699401855
76843,4.827956199645996
72987,3.6186442375183105
37284,4.451478958129883
93715,5.159940719604492
97533,4.750873565673828
56395,4.449948310852051
106548,4.547429084777832
48889,3.5752134323120117
96376,4.0492777824401855
9192,4.680849552154541
10663,4.906675815582275
55094,3.5721395015716553
8426,4.157508850097656
40485,3.6533560752868652
52247,4.691653728485107
50104,4.498198986053467
56397,4.7675042152404785
49648,4.53458833694458
37584,4.541853427886963
46417,4.304195880889893
19568,4.5321455001831055
41632,4.139033317565918
103104,3.7891151905059814
105033,3.5472145080566406
93356,5.156055450439453
108460,5.167831897735596
84612,4.22227144241333
16463,3.689941167831421
91559,4.96671199798584
50964,4.621450901031494
107008,4.904634952545166
59234,4.379823684692383
6539,4.8886613845825195
36796,5.259181022644043
54680,3.7917654514312744
93208,3.705277919769287
38348,4.063395023345947
46903,4.441164493560791
89981,4.631308555603027
37514,4.056455135345459
25339,4.78357458114624
24736,3.5867421627044678
52968,4.654551029205322
30717,5.022266387939453
91448,5.016483306884766
7884,4.117124557495117
50006,4.220661163330078
51263,4.363694667816162
33159,4.540228843688965
45061,5.0217695236206055
56368,4.874785423278809
85671,4.659170150756836
21277,3.9663572311401367
51306,4.368275165557861
84313,4.892405986785889
9239,4.939384460449219
107113,4.445520877838135
70989,4.179762840270996
44086,4.999855041503906
40725,4.913875579833984
44495,4.83274507522583
37098,4.499363422393799
101879,4.1432037353515625
19089,4.976722717285156
29712,4.543285369873047
51319,4.3788886070251465
26675,4.5573906898498535
23010,4.991940021514893
70910,4.316157817840576
82870,4.233947277069092
25277,4.514532566070557
92637,5.014390468597412
22461,5.055074214935303
53261,4.242382049560547
6357,4.406800746917725
89556,4.568124294281006
70580,5.011335849761963
48338,4.335799694061279
72803,4.598994731903076
78772,4.222854137420654
85496,4.507323265075684
86143,4.858973026275635
90173,4.757204055786133
74960,4.628695011138916
67449,3.8489272594451904
51383,4.804337501525879
61748,4.758205890655518
29207,4.7903971672058105
26899,4.789801597595215
57592,3.334106922149658
32578,4.751614093780518
10322,4.776036739349365
7732,3.7054519653320312
30683,4.786450386047363
594,4.457282543182373
105993,4.91874885559082
98853,4.167095184326172
29478,4.931088924407959
85975,4.683720588684082
22476,4.3024749755859375
68981,3.74141001701355
35675,4.578096389770508
97106,4.337173938751221
74052,4.294418811798096
34973,4.342461585998535
51639,2.8314244747161865
56959,4.559728145599365
77591,4.84560489654541
41504,4.558173179626465
107621,4.5221848487854
84357,4.914947509765625
19239,4.8802690505981445
56961,4.096076011657715
17371,4.614192485809326
30827,4.269519329071045
97980,4.832086563110352
32119,4.408958435058594
93368,4.79971981048584
18025,4.505565166473389
54002,4.100019931793213
57577,4.226234436035156
61336,4.416426658630371
46161,4.71092414855957
1175,4.766483783721924
102605,5.0085129737854
78904,4.228867053985596
27717,4.719592571258545
83292,3.4287922382354736
95189,3.8218886852264404
71485,4.6365814208984375
17173,5.059906959533691
11922,5.068050384521484
70780,5.182568073272705
42875,4.27307653427124
42494,4.9860053062438965
35808,4.3547139167785645
25754,4.943248748779297
1549,4.062112331390381
63571,4.624887943267822
65339,4.781828880310059
42534,4.0328593254089355
62379,4.426140785217285
92106,4.475076198577881
43699,4.2461090087890625
105983,4.383267879486084
53662,4.468531131744385
32441,4.926311492919922
37690,4.619655132293701
67586,4.011306285858154
28369,4.34380578994751
86096,4.673646450042725
18325,3.61269474029541
73900,4.138617038726807
65735,4.639691352844238
94599,4.21648645401001
96766,4.988853931427002
93640,4.012607574462891
104286,3.8619325160980225
56050,4.125056743621826
103158,4.448208808898926
58412,4.019699573516846
4199,4.225866317749023
53745,4.455883979797363
106820,4.674464225769043
71982,4.860374927520752
78908,4.065345287322998
42094,4.062995910644531
76119,5.005845546722412
78888,3.448798656463623
25064,4.583914756774902
66298,4.888065814971924
105772,3.730778455734253
78449,4.099824905395508
99119,5.380741596221924
31591,4.509212493896484
61230,4.683185577392578
26440,4.971820831298828
69736,4.106709003448486
18502,4.181207656860352
17308,4.333991527557373
15354,4.469353199005127
51963,4.346390247344971
90937,4.497514247894287
7567,2.650404691696167
49024,4.8975830078125
64645,5.052421569824219
36116,4.869303226470947
85529,4.463216781616211
42913,4.814176082611084
1018,3.707895278930664
91539,5.105843544006348
108539,4.5724992752075195
18244,4.33601188659668
63810,4.9474382400512695
99541,4.347876071929932
100024,4.833830833435059
85176,3.2272226810455322
6809,3.6479616165161133
93633,3.8637948036193848
14974,4.544888496398926
56918,4.053592205047607
63981,4.2831950187683105
59208,3.176046371459961
61496,4.789490699768066
86630,5.196866512298584
71868,4.962451457977295
26428,4.582597732543945
5161,4.421186923980713
14299,5.009059429168701
30371,4.794999599456787
57211,4.455044269561768
57879,4.6939544677734375
34921,3.9905810356140137
34219,4.823853492736816
4910,4.110400199890137
11311,4.503385543823242
104274,4.4149250984191895
50470,4.238845348358154
31740,4.956507682800293
58280,4.846987724304199
83966,3.6119306087493896
22553,4.7891716957092285
50730,4.52016544342041
55818,3.8098161220550537
68533,3.8244924545288086
6383,4.447953224182129
73428,5.094593048095703
94249,2.4753217697143555
87007,4.287746906280518
1097,4.086613655090332
37878,5.22151517868042
66519,5.149684429168701
84280,5.024266719818115
92477,4.861025810241699
49941,4.685648441314697
87516,4.8182573318481445
41466,3.899268388748169
78073,4.18018102645874
85984,4.551975250244141
71703,3.84230637550354
7768,5.370880126953125
86434,4.8603925704956055
9496,4.552525043487549
88125,4.779370307922363
4167,4.877347946166992
106467,5.350805282592773
68702,4.243854522705078
92513,4.741048336029053
52256,4.925009250640869
52945,4.352385997772217
41425,5.20298957824707
104374,4.841160297393799
3096,4.478156566619873
95,4.256444931030273
85270,4.950514793395996
74844,4.236873626708984
100915,4.761171340942383
99932,4.704728603363037
15054,4.372723579406738
38875,4.500734806060791
72714,4.407831192016602
97157,4.197072505950928
40319,5.050941467285156
23874,4.8965349197387695
29999,4.51652193069458
32712,4.504800319671631
55035,4.797210216522217
106770,5.126084327697754
63643,4.5162882804870605
6410,5.014896869659424
60172,4.219533920288086
93675,3.9769959449768066
52579,4.906778335571289
34453,4.701710224151611
35889,3.8733417987823486
11230,4.000249862670898
16406,3.4160494804382324
66723,4.410987377166748
51238,4.3932061195373535
48704,4.804576396942139
83447,3.8194642066955566
17953,4.327855110168457
39921,3.9974114894866943
78674,4.591341018676758
46758,4.77889347076416
40464,4.245347499847412
40169,3.821749210357666
103112,4.846954822540283
78790,4.828184127807617
44567,5.045177936553955
30418,4.746728420257568
8853,4.402654647827148
45273,5.0144548416137695
58545,4.827566146850586
23999,4.719710350036621
73011,4.598189353942871
13835,4.581892490386963
2620,5.041531562805176
21867,5.1292877197265625
23859,4.779064178466797
64911,4.630205154418945
16564,4.35573148727417
43012,5.000017166137695
86633,5.059090614318848
11672,5.194756507873535
24964,4.9129557609558105
40784,5.040466785430908
40586,4.774423122406006
89903,4.665329933166504
76866,4.3250651359558105
107097,4.879020690917969
88665,4.533837795257568
103308,4.337250709533691
64063,4.144680023193359
86615,5.075811862945557
34534,5.020057201385498
102351,4.91849422454834
3366,4.673412799835205
104786,5.175410270690918
106390,5.112631320953369
28678,5.152285099029541
21090,4.802387714385986
43926,4.952785015106201
68258,3.9881739616394043
27641,4.754955291748047
80344,5.04843282699585
88897,4.462003231048584
19907,3.7439444065093994
16099,4.697108745574951
26696,4.670164108276367
69651,3.9699177742004395
73454,4.186574459075928
60561,4.5534844398498535
93944,4.1357951164245605
19152,5.097368240356445
55732,3.873518466949463
89799,5.336257457733154
101480,4.273172855377197
108288,4.55235481262207
12130,4.562232494354248
40635,4.423712730407715
49098,4.778188228607178
71015,3.950617551803589
4278,4.168177604675293
28494,4.698672771453857
83937,4.8035502433776855
91842,4.893800258636475
39436,5.296930313110352
56934,4.382940292358398
96520,3.9849939346313477
33780,5.150772571563721
103084,4.076412677764893
86437,5.081586837768555
77532,4.692235946655273
21239,4.186201572418213
41447,4.459928512573242
3713,4.370134353637695
96889,5.079717636108398
71606,4.605013847351074
94525,4.6207685470581055
13215,5.021652698516846
88685,3.8158843517303467
68200,4.398397922515869
17541,4.080978870391846
50357,3.3970417976379395
101069,4.851170539855957
53152,4.050365447998047
80501,5.033999919891357
69460,4.443569183349609
17380,4.135913372039795
12813,4.7068634033203125
64517,4.689249038696289
25550,4.804022312164307
10513,4.04893159866333
56904,4.359642028808594
76553,5.1611175537109375
54525,3.886779546737671
13759,4.529646396636963
76486,4.536731243133545
16403,3.8922042846679688
8478,4.733474254608154
88681,4.486617565155029
38173,3.982306480407715
86973,4.915900230407715
89538,4.906182765960693
103474,4.880812168121338
8986,5.0441718101501465
24091,4.400086879730225
37423,4.5578107833862305
8755,4.312912464141846
57121,4.133364200592041
48432,3.9365105628967285
29165,3.550421714782715
33303,4.907947540283203
60674,4.717905044555664
80215,4.753538131713867
74281,2.763611078262329
99974,3.9788591861724854
25126,4.720717430114746
70028,4.794569969177246
9796,4.681254863739014
1070,4.386132717132568
15189,4.386862754821777
67751,4.697253227233887
36754,5.202916622161865
93660,4.099697589874268
93243,4.644795894622803
97243,3.28037691116333
75999,3.94388484954834
61026,4.425796985626221
18586,4.819094657897949
10087,4.58250093460083
16010,3.935121536254883
70912,4.83553409576416
20369,4.126622200012207
89498,4.576525688171387
66331,4.601237773895264
80776,3.9202017784118652
82702,3.851078510284424
39162,4.659358978271484
66098,4.6042561531066895
68505,3.7264134883880615
50947,3.993009567260742
66155,4.853166580200195
48774,4.09743595123291
24470,4.509463787078857
3432,3.701383352279663
46251,4.832307815551758
24197,3.734147071838379
216,4.123903274536133
5655,4.154162883758545
40378,4.357550144195557
56718,4.422589302062988
25216,4.771917343139648
12206,4.826098918914795
60036,4.412013530731201
94169,4.593679428100586
106838,4.6987481117248535
4215,4.321419715881348
3892,4.784865856170654
48922,3.504206895828247
72425,5.013801574707031
35309,3.672957181930542
43095,4.841618537902832
77332,4.701657772064209
99284,4.854168891906738
38750,3.850548267364502
98378,4.289378643035889
38019,4.8738298416137695
59909,4.245070934295654
64037,4.1871256828308105
98298,4.18378210067749
97936,4.9856791496276855
90528,4.317138671875
6060,4.661227226257324
74696,4.952218532562256
47874,4.189280033111572
64813,4.726504802703857
88011,5.008111476898193
39398,5.122738838195801
23298,4.609275817871094
43351,5.110149383544922
77883,4.581997871398926
101345,4.985446929931641
77047,4.4998369216918945
106637,4.6615891456604
78698,5.257940769195557
22718,4.973033428192139
19224,4.4826741218566895
22443,4.800093650817871
30967,4.962667942047119
12973,4.776724338531494
54773,4.514190196990967
17597,5.107909202575684
63729,4.651099681854248
73716,4.6563005447387695
66512,4.4992523193359375
83833,4.901993274688721
48845,4.722324848175049
52215,4.648909568786621
72751,5.059356212615967
87162,3.336439371109009
47639,4.703185558319092
9038,4.255842685699463
70777,4.315402984619141
85466,4.712210178375244
39764,4.443610191345215
85843,4.788900375366211
93439,4.530731201171875
20737,4.883237838745117
53069,3.737457036972046
79448,5.22239875793457
63397,4.008183479309082
5772,5.275513172149658
50985,3.9498677253723145
88793,4.428038120269775
7263,4.865433216094971
9203,4.6397013664245605
6702,4.344038963317871
50433,4.169489860534668
33064,5.0500969886779785
107325,4.350058555603027
18232,4.148282051086426
23449,4.759159088134766
90952,4.32664680480957
95994,4.5696282386779785
49898,3.33357310295105
12818,4.567714214324951
99461,3.3065359592437744
99654,4.234389781951904
18019,3.034510374069214
95332,4.452347278594971
21838,5.022152423858643
96786,5.0249176025390625
83618,4.768586158752441
49696,4.797909736633301
21852,4.476914882659912
30507,4.877511501312256
101035,4.5378899574279785
57999,4.780992031097412
36683,4.028393268585205
33604,5.092737674713135
64990,3.9154958724975586
21267,4.715559482574463
95050,4.954710483551025
49089,4.95979642868042
71104,4.958373546600342
81957,5.08401346206665
90146,3.500169515609741
75952,4.33711051940918
12154,4.442581653594971
22011,5.334070682525635
182,5.145960807800293
92122,4.482568264007568
18858,4.8866143226623535
38364,3.8860747814178467
55217,4.701297283172607
57874,4.41157341003418
26892,4.274735927581787
8508,4.496660232543945
46767,5.126068115234375
78020,4.338584899902344
69500,4.241602420806885
94747,3.130488872528076
61923,4.562809944152832
7497,4.959015846252441
84927,4.670109272003174
102168,3.608877658843994
12730,4.861492156982422
67346,4.477187156677246
78825,4.7202301025390625
70908,4.638877868652344
952,4.348258972167969
108365,4.233771324157715
76432,4.8653788566589355
26362,4.2841410636901855
91949,4.631918430328369
76581,4.549063682556152
10447,4.833076000213623
9882,4.220666885375977
3034,4.863090515136719
93004,4.455750465393066
37911,5.073774814605713
39223,4.672497272491455
34363,5.144087791442871
43884,5.118668079376221
70469,3.9636993408203125
44394,4.797914028167725
5860,4.895988464355469
18357,4.437315940856934
63325,4.775364398956299
58875,3.5415146350860596
54980,4.929163455963135
29543,4.858151435852051
47898,4.035775661468506
26743,4.958756923675537
64593,3.6606693267822266
79090,3.9995296001434326
76002,4.155362606048584
93976,4.47210168838501
94825,4.666489124298096
68414,3.9660658836364746
52318,3.860405206680298
95320,4.2119059562683105
19921,2.851085901260376
14406,4.519559860229492
38324,4.762707710266113
35630,5.040780544281006
39897,4.886185646057129
38065,4.702899932861328
52168,3.887227773666382
28297,4.252070426940918
1116,4.058538436889648
86380,4.681526184082031
47542,4.327966213226318
25748,4.647744655609131
78983,4.775814533233643
98463,4.64595365524292
70231,3.517172336578369
13714,4.2700324058532715
19643,4.043871879577637
67487,4.631558895111084
63998,4.360552787780762
60290,4.418885231018066
98599,4.718538284301758
76982,4.074453353881836
70162,4.690832138061523
59784,4.877828121185303
76463,5.224696159362793
42736,4.442860126495361
8585,4.872664928436279
8420,4.3493332862854
26013,4.539752006530762
69532,4.512872695922852
91631,4.9925618171691895
31668,4.76637077331543
11172,5.033359050750732
105311,4.527096271514893
72234,4.389967918395996
5630,4.98012113571167
21113,4.731007099151611
4965,4.917262554168701
61398,4.781684398651123
102440,4.864497661590576
11975,4.205206394195557
98395,4.444912910461426
4114,4.6063690185546875
19039,4.583150386810303
106453,4.681758880615234
61663,4.933999061584473
81387,4.513967990875244
26470,5.120996475219727
20381,4.855464935302734
97314,4.3621721267700195
97281,4.802959442138672
41211,4.574349403381348
31530,4.614750385284424
82914,4.379085540771484
89175,4.547718524932861
42902,4.655474662780762
65644,5.112277507781982
68587,4.840639591217041
40946,4.776483058929443
25545,4.994082927703857
58264,4.3978753089904785
93759,4.413663864135742
33098,4.48181676864624
15638,4.990954399108887
102328,4.996344566345215
26905,4.5126118659973145
59568,4.998535633087158
50141,4.291423797607422
51936,4.588299751281738
479,4.177436351776123
104986,4.620724201202393
52754,3.808008909225464
94528,5.063804626464844
434,4.442127704620361
57617,4.915186405181885
1320,4.541903018951416
73173,3.755613088607788
66541,4.964501857757568
34918,4.286370277404785
73895,4.360805988311768
85997,4.59926700592041
54789,4.165538311004639
105648,4.480784893035889
57352,4.3635993003845215
74361,4.321761608123779
32941,4.065340042114258
80915,3.9572513103485107
3658,4.128265857696533
43503,4.865265369415283
14778,2.7999513149261475
85092,5.07515287399292
76778,4.480636119842529
24504,4.247732639312744
28266,4.378654956817627
4787,5.2684855461120605
9360,4.799392223358154
22197,4.042186260223389
10511,4.682744979858398
76277,4.236671447753906
46136,5.224124908447266
77969,4.832184314727783
37978,3.4370200634002686
67928,4.458498477935791
5451,4.741448879241943
60903,4.3407063484191895
26672,4.949799060821533
21599,3.9688520431518555
101864,4.709903240203857
51446,4.338855743408203
79121,3.8277010917663574
2722,4.582047462463379
75257,5.254255294799805
20424,4.894015789031982
1169,4.047388076782227
66027,4.624260425567627
66540,4.247158527374268
55622,4.4297590255737305
44615,4.720147609710693
15397,5.072052001953125
62803,3.0054712295532227
82602,4.47080659866333
57629,5.088353157043457
74850,4.9322404861450195
36839,4.87764310836792
101562,4.992588043212891
38823,5.18833065032959
23032,4.28430700302124
45617,4.041896820068359
106253,4.503332138061523
46935,4.53626012802124
19693,4.479610443115234
61801,4.8833231925964355
20112,4.662337303161621
60445,4.834619522094727
59117,3.8319008350372314
10246,4.265504837036133
30127,4.0666890144348145
99939,3.7098052501678467
53233,4.042171478271484
35582,4.85789680480957
15412,3.864881992340088
88230,4.101874351501465
38023,3.6254336833953857
88575,4.6924028396606445
82918,4.627018451690674
48218,4.925395965576172
97482,4.413372039794922
51258,4.547519207000732
12320,3.3673253059387207
2124,4.395478248596191
70262,4.790772438049316
23940,4.964868068695068
64786,4.335940837860107
61994,4.478425025939941
12726,4.685009956359863
100266,4.210395812988281
96318,4.06002140045166
39732,4.6693949699401855
16705,4.163456439971924
30019,4.56222677230835
80253,4.6866679191589355
45457,4.41500186920166
60224,4.925629615783691
92997,4.4397873878479
45167,3.8387656211853027
64526,6.604577541351318
3506,4.038419246673584
80125,3.889838695526123
104937,4.276637554168701
58326,4.35212516784668
106282,4.5711822509765625
93394,3.775534152984619
91749,4.7210516929626465
83820,4.859623432159424
45472,4.935296058654785
58741,4.729872226715088
95513,3.660965919494629
65998,4.170276641845703
47,5.122354507446289
39266,4.735617637634277
75747,4.618378162384033
32325,4.202773094177246
27437,2.835637092590332
17499,4.547584056854248
14173,5.341221332550049
46680,4.338741302490234
2758,4.544628143310547
18676,4.933501720428467
16865,4.815865516662598
31002,4.419937610626221
105423,4.183797359466553
13064,4.674556732177734
73062,4.921818733215332
88284,4.878284931182861
44546,5.1357293128967285
79190,4.431746482849121
20135,4.780235767364502
9694,4.198836803436279
72385,4.979240417480469
71453,4.631097793579102
90800,3.795344829559326
108588,4.9181365966796875
98862,3.9261887073516846
12467,4.303083419799805
11725,3.992985725402832
42838,4.761221885681152
47684,4.506860733032227
105734,3.977952241897583
99289,3.317830801010132
44577,4.430461883544922
52276,4.205893039703369
82168,4.699296474456787
46312,4.644857883453369
104240,5.296996116638184
75440,4.46522331237793
58459,4.601090908050537
82317,5.168537616729736
35800,4.645899295806885
97590,4.943690776824951
91093,4.026282787322998
14279,5.21686315536499
64060,4.30867862701416
16149,4.806777477264404
67761,3.8358700275421143
83957,4.942037582397461
35753,3.6062138080596924
49338,4.830850601196289
49927,4.463874340057373
19896,3.371716022491455
53910,4.436604976654053
39460,4.846041679382324
65086,4.509052753448486
101744,4.4708709716796875
49331,3.3451263904571533
36670,4.681848526000977
97997,4.7038679122924805
8110,4.224134922027588
88787,4.595290660858154
87192,4.718898296356201
13309,4.930087566375732
65927,4.318586826324463
31461,4.615325927734375
12002,3.7342915534973145
28466,3.654193162918091
91799,5.165847301483154
49346,4.629633903503418
28893,4.945616722106934
8749,4.676472187042236
59508,4.278174877166748
20876,3.648305654525757
94946,4.844646453857422
76233,4.3213911056518555
98088,4.353446960449219
36767,4.310560703277588
105710,4.2172746658325195
48503,4.202789306640625
26952,4.099532604217529
49080,3.6671860218048096
54679,4.213479042053223
105565,4.847789764404297
91342,4.87129545211792
35618,3.6825456619262695
104949,3.5553455352783203
33682,4.751636981964111
93720,4.7774248123168945
82961,4.327817440032959
16238,4.895489692687988
81839,5.222504138946533
77966,4.550533294677734
76437,5.138952255249023
67561,4.08215856552124
82303,4.966437816619873
77128,4.120054721832275
7380,4.4472808837890625
77971,4.290548801422119
52438,4.70578145980835
72508,5.267465114593506
61682,4.066226005554199
24285,4.098346710205078
73773,4.842953681945801
26212,4.887308120727539
103883,4.573718070983887
58463,4.412415981292725
99167,4.821296215057373
20277,4.957616329193115
105769,4.654364109039307
93891,4.5507354736328125
48610,4.510475158691406
18673,4.4562249183654785
95888,4.457396507263184
85788,4.187254905700684
85178,4.974095344543457
76135,4.958508491516113
4869,4.573622703552246
90763,3.952416181564331
41904,4.75254487991333
54441,4.821284770965576
52377,4.598955154418945
95702,4.7732133865356445
48261,4.282142639160156
24969,4.525385856628418
92207,4.351037979125977
52304,3.5716893672943115
39875,4.5125508308410645
56445,3.135059356689453
42832,5.185796737670898
66163,4.447869300842285
81459,3.3638198375701904
33702,5.119106769561768
57411,3.5727922916412354
5407,5.252851963043213
9070,2.921558141708374
51293,3.8437037467956543
81168,4.848212718963623
55543,4.032386302947998
59456,3.4729416370391846
39629,3.4427759647369385
85223,4.742992877960205
41691,5.046989917755127
73347,4.50040864944458
61129,4.899404048919678
68408,3.8081789016723633
94878,4.168908596038818
21685,4.91757869720459
7758,4.800971984863281
94458,4.610134124755859
84442,4.810070514678955
57827,4.783543586730957
68103,4.816527366638184
46375,4.825834274291992
28146,4.524216651916504
21918,4.194713592529297
431,4.903010368347168
73588,4.375852584838867
29926,4.738078594207764
29475,3.7705116271972656
100546,5.122730255126953
69872,4.327672481536865
104530,4.6888346672058105
12797,4.862356185913086
29380,4.832305908203125
100397,4.444859504699707
107755,5.231283664703369
3816,3.5521938800811768
28485,4.271495342254639
47367,3.932013988494873
84134,3.571474075317383
80276,4.835905075073242
44210,4.217202663421631
77486,4.615652561187744
69720,4.390834331512451
3738,4.168288707733154
102135,4.687087059020996
20519,4.708377838134766
69330,4.188270092010498
47198,4.216018199920654
15701,4.9450602531433105
104878,5.015125274658203
54055,2.008819580078125
38814,4.66467809677124
16138,4.867602825164795
52127,4.9466023445129395
40857,4.883719444274902
2597,4.999434947967529
35496,4.993902683258057
71283,4.341856002807617
46995,5.189419746398926
95237,3.700531482696533
95530,3.9290430545806885
23047,5.03986930847168
35234,5.257161617279053
23482,4.97908353805542
83198,3.508840322494507
108187,4.58475399017334
20739,4.627488136291504
88640,4.369838237762451
38240,3.9888198375701904
36169,4.766300678253174
13701,4.387603282928467
76433,4.0495710372924805
7325,4.94255256652832
73318,4.310213565826416
23713,4.507938861846924
85860,4.709375858306885
15385,4.178843975067139
15731,3.625349998474121
38855,4.927130699157715
80788,4.974833011627197
35481,4.940273761749268
68742,4.684098720550537
73839,4.996448993682861
104692,3.3446240425109863
68229,4.055100440979004
74005,4.779158592224121
34897,4.248389720916748
646,4.177253723144531
67679,3.9810688495635986
5820,5.197565078735352
8889,4.9571356773376465
62412,4.934786796569824
20866,4.636429309844971
39763,4.567765712738037
70116,4.763324737548828
49687,4.204156398773193
12053,4.1408491134643555
59934,4.595719337463379
71333,4.553531169891357
25289,4.8954176902771
26046,4.903552532196045
55250,4.4930100440979
60020,4.2009687423706055
62078,4.226876258850098
79880,3.7400412559509277
106267,4.465735912322998
106973,4.600965976715088
77586,3.8071436882019043
11120,4.44437837600708
78646,5.256050109863281
43159,4.3996663093566895
95055,4.190284729003906
64263,3.8664376735687256
81919,4.461357116699219
25954,4.169294834136963
55666,4.080224990844727
38733,4.375433921813965
87572,5.294264793395996
31128,4.1404571533203125
20724,5.088748455047607
101958,4.829935073852539
3099,4.079571723937988
9374,4.5495381355285645
23735,4.586672782897949
19593,3.7093987464904785
73901,5.055436611175537
25834,5.111965656280518
30162,4.525660991668701
18054,4.38238525390625
83468,4.16553258895874
6019,4.483842849731445
63503,5.103872776031494
20964,2.812187910079956
57195,4.677419185638428
96997,4.817218780517578
7641,3.8930203914642334
92998,4.608562469482422
22614,4.816424369812012
76612,4.2137298583984375
79041,4.11437463760376
7194,4.813025951385498
56288,5.22927188873291
86194,4.763933181762695
19348,4.853225231170654
5024,3.7825188636779785
57917,5.115220546722412
7719,5.36993408203125
37664,4.554755687713623
26797,4.255317211151123
81735,4.831718444824219
59799,5.1939826011657715
14897,5.0690412521362305
89152,4.704652309417725
57037,3.2687745094299316
66242,4.839704990386963
51,4.738140106201172
23429,5.039256572723389
106237,4.019592761993408
49615,4.710485458374023
51831,4.461528301239014
42662,3.8396425247192383
54603,3.5126559734344482
38426,4.403153419494629
1518,5.049283027648926
61404,4.8160176277160645
4817,5.201837062835693
14417,5.070731163024902
33456,2.892709493637085
16318,5.041130542755127
62670,4.437025547027588
40620,5.102639675140381
79516,4.07429313659668
74437,4.474932670593262
80729,3.4568896293640137
17425,4.076707363128662
32398,4.980441570281982
91719,4.987861156463623
87431,3.507023572921753
74276,4.929050922393799
9611,4.080549716949463
64457,4.081943035125732
13426,4.133049964904785
91780,4.503666877746582
84903,5.197284698486328
30248,4.142685413360596
43743,4.203945636749268
40286,4.277895450592041
107899,5.145144939422607
21969,4.936189651489258
86336,5.209014415740967
101334,5.383907794952393
97262,4.206623077392578
36233,4.22516393661499
74070,5.138620376586914
69475,4.375454425811768
90660,4.449213027954102
76980,4.7482733726501465
4480,4.511342525482178
7973,5.080840587615967
37512,4.832667350769043
82033,4.70887565612793
28619,4.319703102111816
93662,4.909576416015625
54761,4.604654788970947
77185,3.8562440872192383
8572,4.829586505889893
78334,4.4373908042907715
51568,4.17911958694458
1785,4.276395797729492
100781,4.619049549102783
64423,4.15012264251709
49874,4.640374183654785
47306,3.553229808807373
37577,3.605559825897217
104551,4.864045143127441
92798,4.674933433532715
78248,4.931295871734619
81637,4.63593053817749
54244,4.530292510986328
24170,4.438023090362549
61637,5.165354251861572
102923,2.24163818359375
54078,4.328273773193359
38910,5.2770233154296875
9481,4.744478702545166
99761,4.328914642333984
66111,3.967700958251953
65805,4.437337398529053
4804,5.144654273986816
103524,4.89484167098999
84396,4.426650524139404
98841,3.933090925216675
20541,4.112578868865967
67795,4.961164474487305
134,5.122278690338135
78107,4.72034215927124
38659,4.285560607910156
85858,4.583250522613525
34860,4.809429168701172
62995,4.808110237121582
10317,5.3196797370910645
810,3.4095582962036133
59286,4.863989353179932
53124,4.698509216308594
94822,4.18979549407959
40796,5.264256477355957
55737,3.871025800704956
54591,3.2631640434265137
66912,4.700060844421387
107351,4.872633934020996
69994,5.12611198425293
41022,4.243581295013428
73695,3.601062774658203
16490,4.80794620513916
83763,4.409539699554443
45361,4.6328606605529785
77534,4.135200500488281
60387,4.481636047363281
103075,4.072320461273193
68337,3.8738853931427
82185,5.061707019805908
59928,4.582683086395264
48094,4.47957181930542
5595,4.870863437652588
77972,4.764031410217285
48336,3.633087158203125
61804,4.604304313659668
84688,4.477512836456299
55206,4.161651134490967
50665,4.2494096755981445
50361,4.545536994934082
108237,4.785810947418213
2086,4.331657886505127
50499,4.503459930419922
8107,4.831266403198242
54385,2.1576426029205322
13462,4.872879981994629
26028,4.71312952041626
102076,3.6408491134643555
44721,5.179198265075684
102078,3.873774528503418
14184,5.02297830581665
78155,4.938381671905518
59083,5.036397933959961
58399,4.6105756759643555
98558,4.9286208152771
14597,3.8792996406555176
78969,4.034203052520752
80111,5.109278678894043
88322,4.9823689460754395
82431,4.6263813972473145
48529,3.9912660121917725
49307,4.0767822265625
42018,4.641528129577637
77958,3.7221689224243164
38656,3.858867645263672
32355,4.362863063812256
55219,4.635831356048584
17982,5.149609088897705
77444,3.501652956008911
18804,4.198886394500732
107245,4.119386672973633
39735,3.950622797012329
81738,5.090516090393066
67429,4.7302422523498535
3266,4.436153411865234
99194,3.375248670578003
102203,4.623330116271973
57919,4.9165754318237305
30325,4.02085542678833
63014,4.8847455978393555
50012,3.7222394943237305
98776,4.445693492889404
100399,4.584596633911133
108327,4.449275016784668
27965,4.675987243652344
74911,4.364502429962158
58325,3.5233864784240723
21322,4.248017311096191
61533,5.017263412475586
46493,4.952759265899658
19404,4.8371663093566895
75827,4.846675395965576
1736,4.507032871246338
89600,5.076059818267822
22946,3.8133370876312256
105176,4.436361789703369
26824,4.286314964294434
30779,3.9902496337890625
2178,4.066523551940918
72218,3.62732195854187
56056,4.47340202331543
11574,4.30645227432251
59420,4.513991355895996
27907,5.177453517913818
49870,4.981468677520752
58780,5.106164455413818
3595,4.322967052459717
100624,4.673263072967529
43430,4.766574859619141
2205,4.9745588302612305
31264,3.2174763679504395
102383,4.216269016265869
68066,3.4597647190093994
60356,4.112083911895752
81469,4.692694664001465
88958,3.7328097820281982
76279,4.672357559204102
2221,4.639158248901367
93201,4.849789619445801
66076,4.288719654083252
93689,4.8377299308776855
26897,3.713765859603882
102475,4.980095386505127
91909,4.575799942016602
18723,4.181059837341309
77689,4.933841228485107
41831,4.318544864654541
12025,4.597931861877441
92886,4.083406925201416
99912,4.663156032562256
66549,4.919443607330322
64703,4.96990966796875
81453,4.859504699707031
21868,5.162217140197754
104507,3.491931676864624
29564,4.671599388122559
26721,4.352939605712891
28773,3.83099365234375
44388,4.985405445098877
98757,4.491921901702881
17812,4.747443199157715
106654,4.703510761260986
65422,4.973435401916504
17428,4.769699573516846
55200,4.141894340515137
68451,4.654454708099365
105819,4.662702560424805
96298,4.61370849609375
22209,3.083897113800049
72902,4.867637634277344
41404,4.733038902282715
103009,4.598391532897949
69658,4.79038667678833
80649,3.561460494995117
10588,3.9341256618499756
96053,4.909265518188477
107473,4.532717704772949
62397,4.5223236083984375
101448,4.598508834838867
11316,4.347886085510254
9129,3.9785938262939453
40460,4.1625075340271
70577,4.8590288162231445
82909,4.741827964782715
14979,4.44500732421875
12644,4.692152500152588
7808,5.311877250671387
63805,5.573557376861572
42065,5.053408622741699
103929,5.138444900512695
76347,5.071022033691406
3364,3.7890021800994873
86518,4.498068332672119
107291,4.560192108154297
94916,5.009562015533447
38654,4.526406288146973
52875,4.621204853057861
107643,4.883657455444336
102401,4.5838494300842285
75985,4.133530139923096
106441,5.03024435043335
69726,4.545711994171143
42060,4.583141326904297
37412,4.800520420074463
90621,4.725445747375488
82164,4.720192909240723
107701,4.201338768005371
52684,3.9514031410217285
80247,4.480225086212158
108559,4.9633660316467285
893,3.518244504928589
71006,4.4579644203186035
23286,4.1997599601745605
103423,4.753594875335693
19821,5.015661239624023
39364,5.0592241287231445
47936,4.579239845275879
68517,4.610814571380615
97837,4.263424873352051
108483,5.151280879974365
59030,5.0021653175354
102779,4.588139533996582
61694,4.946393013000488
90520,4.5449604988098145
82326,4.779212951660156
18350,4.050699234008789
28088,4.567991256713867
31656,4.100802898406982
72695,4.250895977020264
28526,5.190690994262695
91039,4.460564613342285
7573,4.855381965637207
12385,4.106482028961182
65117,3.5605897903442383
72798,4.3613409996032715
76372,5.057497501373291
32074,4.6102800369262695
34122,4.441555976867676
26802,4.591561317443848
89924,4.76851224899292
28101,4.8558030128479
24668,4.648233890533447
9519,4.972695827484131
41244,4.374133586883545
1259,5.166631698608398
96736,3.468137741088867
33170,3.997974395751953
47091,4.626580715179443
2352,4.886510372161865
19586,4.220728397369385
62874,2.553661823272705
61762,3.7315802574157715
66792,4.153278827667236
90363,5.036253929138184
48882,3.742520809173584
48300,4.706771373748779
5488,4.685230255126953
87782,4.809068202972412
20688,4.925569534301758
3839,4.349664688110352
82814,3.6937851905822754
3979,2.864060640335083
6819,4.913977146148682
13967,3.8488047122955322
15346,4.375000953674316
50584,4.779249668121338
2059,3.5832338333129883
108161,4.105660915374756
78586,4.5242486000061035
100190,4.177451133728027
36726,3.228701591491699
47370,4.160320281982422
32211,4.982090950012207
37646,2.6479828357696533
48674,4.476571083068848
52150,5.010577201843262
31816,4.738163471221924
61248,5.185368061065674
44676,4.3287811279296875
67328,4.267947196960449
64670,4.225434303283691
31630,4.726990699768066
1812,4.887906074523926
22308,4.476349830627441
107286,4.308577537536621
15040,4.491213321685791
12387,4.536860466003418
36270,4.974369049072266
44404,4.799577713012695
35807,4.793037414550781
38715,4.108911514282227
106538,2.8201756477355957
89602,4.8281073570251465
89840,5.394097328186035
82232,5.4820404052734375
28946,4.80276346206665
48254,5.16011381149292
19815,4.694944858551025
87000,4.62439489364624
67706,3.9523701667785645
106588,4.326712608337402
86309,4.602100849151611
84443,4.234611988067627
64685,4.875870227813721
50844,4.458405494689941
26279,4.996973037719727
31494,4.580693244934082
38669,4.509286403656006
101610,4.930269241333008
86975,4.3452043533325195
66901,4.4025444984436035
43225,4.40019416809082
96094,4.812885284423828
68256,4.468575477600098
89942,4.779236316680908
59342,4.747093677520752
35411,5.109956741333008
72560,4.6373395919799805
101108,3.9254889488220215
35336,3.2957704067230225
5561,4.273280620574951
5450,5.334461212158203
26529,4.456206798553467
80037,4.901819229125977
28097,2.2475318908691406
2930,5.161718368530273
48297,4.570592880249023
33946,4.450655460357666
67330,3.4733998775482178
24549,4.275523662567139
13281,4.3517022132873535
108447,4.725192546844482
108197,4.407647609710693
78644,4.08674955368042
5195,4.490716457366943
10373,4.360022068023682
17296,4.208630084991455
59404,4.09070348739624
2233,3.822859764099121
13150,4.913703441619873
75874,4.531938076019287
101894,4.634785175323486
96861,4.852267265319824
28971,4.231463432312012
67954,4.94698429107666
16269,4.785801410675049
86643,5.1064300537109375
36961,5.1057634353637695
66183,4.70740270614624
76961,5.041653156280518
27357,4.616454601287842
37294,5.019468784332275
70385,4.056151866912842
81329,4.766359806060791
15591,3.917924642562866
83589,4.9471659660339355
73108,3.867600679397583
90410,5.024308204650879
63538,5.216722011566162
81119,4.864549160003662
62022,4.766575813293457
75484,4.334705829620361
1074,4.606262683868408
1619,5.215037822723389
97103,4.822564601898193
23061,4.506927967071533
68584,4.981358528137207
24421,4.0644354820251465
102460,4.831576824188232
78455,5.220556735992432
95983,4.328284740447998
80130,5.013715744018555
101450,4.903598785400391
11766,4.923824787139893
93741,5.195803165435791
57035,4.401812553405762
108095,4.699081897735596
815,4.498729228973389
86627,5.050187110900879
94943,5.020262718200684
39805,3.994468927383423
14244,4.920914173126221
101166,3.695624351501465
42822,5.030098915100098
62346,5.089028358459473
98210,3.0667331218719482
3202,4.5959553718566895
96146,4.075783729553223
24741,4.686703205108643
61692,4.230943202972412
16023,4.566953182220459
89735,4.916735649108887
15006,4.793219089508057
82273,5.114095211029053
106531,4.6978068351745605
58501,4.99742317199707
44943,4.827156066894531
60636,4.31945276260376
77636,4.132138729095459
4597,5.036606788635254
107859,4.600523471832275
84198,4.598376274108887
91647,4.822360515594482
66039,4.666308403015137
85710,4.816478252410889
105508,4.955231189727783
20843,4.566732883453369
60272,4.143439769744873
22386,4.036581993103027
4482,4.252933979034424
104773,4.6457390785217285
45375,4.0901689529418945
30034,4.907282829284668
91130,4.625356197357178
68855,3.788048028945923
21898,3.9487662315368652
29736,4.4393744468688965
88662,4.19726037979126
39158,3.6216819286346436
89957,3.8778181076049805
80609,5.098693370819092
11489,4.688846588134766
107171,3.4909145832061768
89019,4.54553747177124
105789,4.407004356384277
99528,5.206986427307129
35353,3.3701629638671875
42947,4.4691596031188965
60155,4.430540561676025
1160,4.9184136390686035
50753,4.693904399871826
22919,4.603513717651367
78086,4.824876308441162
94631,4.3424882888793945
59902,3.8074162006378174
63567,3.8640968799591064
66822,4.541684150695801
42520,4.745340347290039
10442,4.831023693084717
11946,4.781002044677734
81986,5.036493301391602
29942,4.681759834289551
22316,4.753775596618652
14236,4.291495323181152
48722,4.208550453186035
17661,4.551682949066162
69678,4.824000835418701
87628,5.129535675048828
85450,4.295897006988525
93461,4.180032730102539
20768,5.1926116943359375
69869,4.645207405090332
1011,4.829143047332764
13664,4.5526347160339355
54606,4.706169605255127
47556,3.81744384765625
91340,4.817229747772217
11777,4.767416477203369
47609,4.8205718994140625
2767,4.795451641082764
25922,4.975827693939209
84835,5.034060001373291
31424,4.4688801765441895
75572,4.7413763999938965
15786,4.865361213684082
18731,4.119935989379883
50681,4.9109649658203125
15422,3.6726834774017334
43714,4.188826084136963
94413,4.441678047180176
28509,3.44478440284729
55999,4.316442012786865
55312,4.554553985595703
70987,4.6301798820495605
37432,4.8558268547058105
11173,4.637599945068359
24857,4.5539326667785645
20990,4.8652777671813965
22460,5.1191935539245605
67774,4.7148356437683105
18296,3.7171595096588135
70624,3.930941343307495
9990,3.864858388900757
20824,3.441964626312256
93122,4.260222911834717
38384,4.388764381408691
30268,4.672014236450195
18436,5.183650016784668
76422,5.175966262817383
67564,4.279038429260254
10479,4.3685503005981445
104879,4.873929500579834
96269,4.047730922698975
28621,3.8867666721343994
1459,4.282058238983154
1469,5.0576863288879395
78442,4.9115705490112305
17379,3.7448506355285645
79389,4.7518510818481445
74466,4.970602035522461
