ID,Rating
84634,1.0
55852,1.0
28875,1.0
94134,1.0
31501,1.0
105499,3.046550750732422
108116,1.0
101798,1.1070482730865479
99199,1.0
11393,1.0
55414,1.0
77039,1.0
64525,1.0
29028,1.0
75275,1.0
78258,1.0
3233,1.0
84806,1.0
53333,1.0
81867,1.0
37733,1.525026559829712
4567,3.8403403759002686
24853,1.0
85738,2.4029948711395264
40311,5.0
32881,1.0
62654,1.0
37370,1.0
89086,1.0
32896,1.0
10820,1.0
1006,2.4902472496032715
53943,1.0
22287,4.897641658782959
45860,3.8626577854156494
9540,1.0
83222,1.0
90940,1.0
94443,1.0
48577,1.0
60054,1.0
18633,1.0
24815,5.0
57353,1.0
10803,3.861290454864502
18398,1.0
8857,3.0638468265533447
43732,2.0006401538848877
65942,1.0
22847,1.0
89208,1.0
66542,1.0
45260,1.0
43860,1.0
12685,1.0
25831,1.0
62610,2.346834182739258
70860,1.0
29336,1.0
103820,3.1110000610351562
51707,1.0
4655,1.0
16520,1.0
53163,1.0
55292,1.252030372619629
16998,1.0
70344,2.3103787899017334
25412,1.0
78270,1.0
32060,1.0
49592,1.0
27879,1.2228206396102905
4555,3.97247314453125
103899,1.0
39323,2.90716290473938
100495,2.9298245906829834
21358,1.0
75173,2.482074737548828
54967,1.0
16401,2.8458216190338135
103062,1.0
37100,1.4733415842056274
30075,1.6593767404556274
1701,1.0
101632,1.0
47759,1.0
84548,1.0
99242,1.0
84053,1.0
34588,1.0
103841,1.0
39566,4.170431137084961
83027,1.0
49808,1.0
45190,4.476916313171387
56826,2.6313741207122803
31661,1.0
21145,2.1632866859436035
24215,1.0
101004,1.0
35642,1.0
50210,5.0
86310,1.0
96716,1.0
77248,1.0
4265,1.0
41018,1.0
28813,2.80092716217041
107894,1.0
5357,1.0
15108,2.1629250049591064
52227,3.225733757019043
57,1.0
45598,1.0
103905,1.0
17473,4.503120422363281
3440,2.3385825157165527
85268,1.0
31033,1.0
68576,1.0
92890,1.2439881563186646
90933,1.0
91916,1.0
31725,1.0
5256,1.0
33746,1.1826108694076538
56366,1.0
507,1.0
30370,1.0
96891,1.0
84353,1.0
43943,1.0
68902,1.0
64395,1.0
32871,1.0
38427,2.83201003074646
40243,2.035914182662964
41730,1.0
13914,2.3434643745422363
70199,1.0
62436,1.0
98055,1.0
68261,1.0
108137,1.0
57774,1.0
1038,2.8465282917022705
100837,1.0
66946,3.6246511936187744
74938,1.0582084655761719
94814,1.0
101561,1.0
24927,1.0
78231,1.0
37202,3.0823326110839844
60546,1.0
34665,1.0
74157,2.8066723346710205
85187,1.0
16415,1.0
36452,1.0
47493,1.0
98411,1.0
16541,2.4711008071899414
78752,5.0
82486,1.0
38459,1.0
61104,2.2512049674987793
98538,1.0
49482,1.0
26934,1.0
97905,3.0005733966827393
98485,1.0
88408,1.0
76974,1.0
52890,1.0
37902,1.0
66839,1.0
20262,1.0
33753,3.447261095046997
94488,1.0
47638,3.0326321125030518
28682,1.0
98045,1.0
73541,1.0
12101,2.6412389278411865
39955,1.3113389015197754
23590,1.0
7587,1.0
13596,1.0
2068,2.8849997520446777
41323,2.337419033050537
30957,1.4076664447784424
14715,1.0
76583,1.0
25752,1.0
104719,1.0
8348,3.742694616317749
51112,4.369859218597412
37579,1.0
102278,1.0
89686,2.156412363052368
95841,1.0
97475,4.84157133102417
43505,1.0
59833,1.0
33836,1.0
30891,1.0
94875,1.588963270187378
9708,1.0
28353,1.0
87252,1.0
24739,2.209591865539551
66181,1.0
21049,1.0
59596,4.167882919311523
19291,1.7404592037200928
1272,2.277837038040161
14562,1.0
2804,3.9427473545074463
102324,1.0
100293,4.303860187530518
27763,1.0
94844,1.0
8229,1.0
36977,1.0
62824,1.0
17142,1.6370352506637573
15072,1.0
45462,1.0
21727,1.0
43268,1.8436890840530396
75820,2.217118978500366
55103,1.7795147895812988
100681,1.9554524421691895
20383,1.9197349548339844
21132,1.0
104967,5.0
69738,1.0
37547,1.3068196773529053
21570,1.0002281665802002
4375,1.0
21257,1.0
102465,1.2810676097869873
99082,1.0
4217,1.0
67481,1.0
31346,2.3250951766967773
73124,1.0
1025,1.0
43424,1.0
59800,1.0
67994,1.0
108581,1.0
91241,1.0
91441,1.0
61237,1.0
55172,1.572163701057434
95373,1.0
99665,1.0
18918,1.0
74509,1.0
26170,3.4010064601898193
92830,1.8271578550338745
82037,1.0
12683,3.251584053039551
92275,1.1300069093704224
2314,1.1767711639404297
16583,1.0
30559,1.0
48627,1.0
62227,1.0
79363,4.3351922035217285
83300,1.0
10498,1.0
86409,1.0
52273,1.0
104871,1.0
14,1.0
106653,1.3478535413742065
77774,1.0
60358,1.0
1855,1.0
91304,1.0
68320,1.0
41853,1.0
74630,1.0
88506,1.2756078243255615
104172,1.0
58867,1.0
59115,1.0
20070,1.0
6415,1.0
68750,1.1175246238708496
71965,5.0
104900,1.0
54622,2.9423835277557373
96161,1.0
40765,2.7294256687164307
55647,1.0
93954,4.667214393615723
30889,1.0
82975,1.0
47063,1.0
11075,1.0
104585,1.0
54756,1.0
54729,1.0
17561,1.0
91520,1.0
2483,1.0
50743,1.0
31099,1.0
7424,1.0
17343,2.6013567447662354
65070,1.7697361707687378
44352,2.5433640480041504
66080,1.565023422241211
75355,1.0
66717,1.0
12399,1.0
17715,1.0
4800,4.452587604522705
78361,1.0
86937,1.0
57355,1.0
97426,1.0
61213,1.0
84131,1.931668758392334
84190,1.0
82692,1.0
3101,1.0
101786,1.0
87832,2.2229325771331787
39714,1.0
14544,1.0
30764,1.0
92460,1.0
12093,1.0
55563,1.0
41723,1.3446707725524902
105291,1.5089521408081055
12109,1.0
52262,1.0
40853,1.0
38257,1.0725290775299072
65951,1.1335554122924805
52188,1.0
44963,1.0
11770,1.0
2507,2.732715606689453
61483,1.0
56260,1.0
65396,1.6284193992614746
5070,1.0
106487,1.0
74350,1.0
15804,1.0
53551,1.0
44108,1.0
6212,2.4347920417785645
40248,1.0
74530,1.0
68350,2.321455478668213
53088,1.0
91070,1.3981091976165771
103461,1.9858042001724243
13537,1.0
9428,4.477904319763184
84639,1.0
68637,1.7249414920806885
18182,1.0
3175,1.0
17787,1.0
16002,1.0
6788,1.0
88997,1.0
93756,1.0
29068,1.0
64496,1.0
34649,1.0
99228,1.0
41715,1.0
14330,1.0
104454,1.0
55825,1.0
40349,2.40108060836792
86535,1.1765507459640503
46406,1.0
62909,1.0
13229,1.0
1226,1.0
86565,1.0
89074,2.113562822341919
8060,1.0
3050,1.0
26516,1.0
704,1.0
99804,1.0
80190,1.0
1473,1.0
73627,1.0
7504,1.4028589725494385
36679,1.5304534435272217
11022,1.0
90074,1.0
9973,1.0
106822,2.969587564468384
65752,1.0
57220,2.5142428874969482
91151,2.171734094619751
95183,2.114330291748047
102616,1.0
54088,2.9051311016082764
54823,1.0
92459,1.0
53092,1.0
35554,1.0
20664,1.0
1978,1.0
30073,1.0
5429,1.0
32562,1.0
70357,1.0
88415,1.5633622407913208
50294,1.0
27934,1.0
30898,1.0
28963,3.934542655944824
94059,1.0
53771,4.2489519119262695
1675,2.337031126022339
3300,1.6004279851913452
55482,2.1078240871429443
39411,1.0
60734,2.7799577713012695
32531,1.0
75050,1.0
55015,3.245429039001465
29430,1.0
70634,3.0547034740448
29627,1.0
14845,2.989254951477051
52426,1.969301462173462
18305,1.0
19260,1.0
34016,2.144050121307373
37181,1.0
61527,5.0
56758,1.0
33116,1.0
94899,1.0
19435,1.0
76694,1.2166274785995483
88869,1.4585635662078857
53221,1.0
71646,1.0
90784,1.076722264289856
73275,1.0
71665,1.0
20468,1.0
8633,1.0
95315,1.0
60590,1.0
79153,1.0
50333,1.0
62308,1.0
564,2.95024037361145
33917,1.0
100815,2.446869373321533
79118,1.0527255535125732
58355,1.0
4176,1.0
102206,4.470335006713867
40433,1.0
36302,1.0
10981,1.0
47406,1.3291850090026855
91836,1.0
8616,1.0
38713,1.0
77868,1.0
20795,1.0
90950,4.62043571472168
22694,1.0
65887,1.0
21880,2.711763858795166
27834,1.0
57616,2.6669020652770996
21241,1.0
107527,1.0
18863,1.0
54456,1.123598337173462
30628,1.0
99557,1.0
93574,1.0
26048,2.1401569843292236
69006,1.0
89730,1.0
31961,1.1528290510177612
23160,1.0
94373,1.0
14929,1.0
31981,1.0
37018,1.0
63724,1.0
66643,1.0340956449508667
90994,1.0
78918,1.0
51573,1.0
76821,4.125457286834717
36009,1.0
67227,1.0
82137,1.0
13230,1.7695953845977783
1382,1.0
62588,1.0
103237,1.0
37964,1.3385881185531616
26834,1.4127274751663208
23678,1.698421835899353
54410,1.236824870109558
76161,1.0
24274,1.0
41508,2.9324018955230713
71304,1.0
50858,1.0
17779,1.0
73177,1.0
61387,1.0
65599,2.561521053314209
37810,1.0
4615,2.151174783706665
90970,1.0
32436,3.1124110221862793
30593,1.0
42296,3.8619279861450195
66850,1.3090910911560059
57176,1.968481421470642
72114,1.0
65331,1.0
4436,1.0
36921,1.0
4306,1.0
57934,1.0
25965,2.9469268321990967
7538,5.0
53548,2.091726541519165
104825,1.0
22928,1.0
86365,1.0
2325,1.4429681301116943
54412,1.0
4030,1.0
32593,5.0
40772,1.6282070875167847
74708,1.0
10483,1.4246976375579834
107820,1.0
108440,1.0
49721,1.0
85702,1.0
10808,1.0
50180,1.0
45624,1.0
83541,1.434637427330017
75768,1.0
78897,1.0
94009,1.0
91971,1.5078452825546265
74998,2.8951377868652344
73171,1.0
79181,1.0
27261,1.0
101878,1.0
11504,1.0
6026,1.6538432836532593
92342,1.0
40480,1.0
98747,1.0
77022,1.0
8066,1.2254992723464966
3156,1.0
66297,2.382636547088623
67725,1.0
31144,2.6102135181427
43406,2.8139233589172363
20684,2.3830103874206543
34791,1.0
40912,1.0
28651,1.0
57519,1.0
92674,1.0
35932,1.0
63674,1.0
107250,1.0
66182,2.099727153778076
56834,1.0
19971,1.0
57840,1.0
33997,1.0
103094,1.0
106935,1.0
88037,1.0
95101,1.0
39543,5.0
82571,1.0
90349,1.0
18409,2.188737630844116
21189,1.0
73652,1.0
23891,1.8694411516189575
82868,1.0
59831,1.0
88044,1.0
54264,1.0
43266,1.0
5777,3.190948486328125
98743,1.0
39565,4.167026996612549
12671,1.0
24357,1.0
107713,1.383641242980957
8570,4.131948947906494
16993,1.4584159851074219
78276,1.0
11300,1.0
88495,2.7364485263824463
4853,1.153141736984253
60307,1.0
105753,2.179759979248047
53604,1.0
7121,2.418245792388916
98789,1.0
42003,1.0
44778,1.0
48216,1.0
16004,1.0
42930,1.0
50668,1.0
101635,1.0
81191,1.0
56688,1.0
58593,1.0
105131,1.0
11096,2.478520393371582
80416,5.0
74409,1.1719303131103516
2650,1.0
4420,4.862776279449463
87419,1.3682565689086914
10155,2.6657307147979736
103660,1.0
24825,3.5083131790161133
13070,1.0
108175,5.0
57522,4.716909885406494
34377,1.593504548072815
108472,1.0
87397,3.9584991931915283
71165,1.0
92503,1.1510899066925049
51764,4.737664699554443
61160,1.0
25152,1.0
54137,1.0
96471,1.0
59051,1.0
102698,1.0
84684,1.0
83436,1.5341942310333252
35043,1.0
32307,1.0
102197,1.0
51225,1.0
104316,1.0
87304,1.0
90795,1.0
57803,1.1614729166030884
26885,1.0
74493,1.0
59612,1.0
83661,1.0
106101,1.0
28462,1.0
50527,1.035325288772583
45500,1.2882591485977173
17439,1.0
34977,3.522416830062866
77197,4.930363178253174
14713,1.0
102896,1.0
71051,5.0
38165,1.0
20323,1.0
49604,1.0
104627,1.0
63817,1.0153770446777344
44573,4.790132999420166
6918,1.0
15779,1.0
47443,1.0
58464,1.830167293548584
14627,3.4529738426208496
3065,1.0
15637,1.1543657779693604
7639,3.1173362731933594
7577,1.0
19101,2.2194101810455322
36047,1.0
48168,1.0
92609,5.0
50883,1.0
105515,1.0
25916,1.4845798015594482
89581,1.0
99478,1.0
37943,1.0
54253,1.0
51023,1.0
45984,1.0
34933,1.0
86160,1.0
48004,1.0
7529,1.0106141567230225
58188,1.7517939805984497
7985,1.0
79230,2.79233717918396
8867,1.0
31401,2.7463698387145996
79137,1.0
58717,3.577169418334961
30735,3.3806354999542236
68655,2.5850722789764404
3660,1.0
5940,1.0
85407,1.0
39700,1.0
92018,1.0
40391,2.6562156677246094
85855,1.0
62907,1.0
56587,1.0
80302,3.553251028060913
52841,1.146880030632019
51063,1.0
28185,1.3250727653503418
8132,1.0
22720,1.0
38762,1.0
79285,1.0
77173,1.0
62084,1.0
1102,1.0
79360,1.0
10010,1.0
34530,1.0
46208,4.107996463775635
69421,1.0
21234,1.1064895391464233
4363,1.0
73101,2.572157621383667
58086,2.155080795288086
107131,1.4814256429672241
50971,1.0
63220,1.0
34539,1.0
17923,1.0
89547,1.0
36425,1.2801791429519653
56407,3.2562718391418457
22212,1.9042389392852783
75878,1.0
93487,1.1088905334472656
20131,1.0
23382,3.3136775493621826
14355,3.2205870151519775
48666,1.0
11659,5.0
73758,1.0
53992,1.0
90788,1.0
45875,1.0
95916,1.0
11464,1.0
100456,4.281717777252197
27032,1.0
23025,1.0
89896,1.0
91664,1.0
98819,2.2844560146331787
40179,4.58182954788208
50055,3.3931915760040283
32966,3.8829572200775146
27977,2.031766653060913
57360,1.0
58124,1.6889876127243042
31317,1.0
74976,1.0
8525,2.756664752960205
42849,1.2152730226516724
102072,1.0
83710,1.0
76096,2.154672861099243
76971,1.0
11870,1.0
4604,1.0
47957,1.0366981029510498
58001,1.0
103787,3.617722988128662
9174,2.6487598419189453
31021,2.0470635890960693
15703,1.0
25478,3.2370407581329346
102542,1.0
24352,3.342768669128418
77007,1.0
108421,2.0930635929107666
20640,2.192948341369629
17854,1.0
3873,1.0
19148,1.0
81226,1.0
26719,1.0
60836,1.0
42301,1.3231096267700195
82640,1.0
102783,1.0
10852,1.1633778810501099
21077,1.5453771352767944
48876,1.3697479963302612
31704,1.0
72972,1.0
69644,3.004674196243286
9730,1.0
90087,1.0
97996,1.0
108399,1.0
58132,1.0
51699,1.0
28352,1.0
97992,1.0
6863,1.0
23528,1.0
63032,1.0
69828,1.0
11729,1.0
54943,1.0
5771,1.0
94094,3.8083279132843018
104050,1.0
59666,1.0
2369,1.0
89065,1.0
12408,1.6124545335769653
84516,2.9479143619537354
101308,1.0
62887,4.461507320404053
35787,1.4285944700241089
50124,2.8890902996063232
40803,1.0
87685,1.0
40,1.4089539051055908
59372,1.0
6279,1.0
43963,1.0
6179,2.516693592071533
56100,1.0
41147,4.16892147064209
54658,1.0
101982,1.0
76436,1.0
51604,1.0
89901,1.0
63241,1.0
49734,1.0
50624,1.0
107009,1.1103671789169312
66426,1.0
23052,1.756664752960205
25121,1.0
39534,4.435614585876465
105273,1.0
2056,4.124984264373779
49212,1.0
46045,4.896857261657715
75165,3.151480197906494
76115,3.545628786087036
37137,1.0
95568,1.0
56331,1.0
104230,1.6034750938415527
4627,1.0
10654,1.0
43957,1.0
34847,1.6545785665512085
73253,1.0
73540,1.0
42812,1.0
31903,1.0
54727,1.2731343507766724
48252,1.0
62228,4.5943121910095215
40478,1.0
24391,1.0
86496,1.0
101434,1.0
105300,1.0
31646,1.0
224,3.9619266986846924
68948,2.6717936992645264
1950,1.0
77780,1.5542455911636353
9891,1.0
6350,1.0
31019,3.378133535385132
51605,1.7066254615783691
18541,1.0
48368,1.0
100398,2.9144158363342285
16313,2.3034186363220215
9381,1.0
104697,1.0242878198623657
2310,1.0
65448,1.0
91178,1.0
95469,1.0
36571,1.0
73305,1.0
105778,1.0
24140,1.0
52560,1.0
103306,1.0
51892,4.215712547302246
26114,1.0
100864,1.0
103731,1.0
98151,1.8771170377731323
50446,1.0
15137,1.0
44463,2.0938918590545654
55775,1.0
70052,2.2323789596557617
34677,3.732964277267456
316,4.391188144683838
98903,5.0
12965,1.0
19316,1.0
12989,1.0
56063,3.544102907180786
2242,1.0
39056,1.0
39395,1.0
22134,1.0
21903,5.0
66677,3.0009725093841553
81744,1.0
96515,1.0
68933,2.996364116668701
74654,1.0
85836,1.0
12413,1.0
38927,1.0
60390,1.0
96665,1.0
80875,1.0
48689,1.0
107727,2.178865909576416
70533,1.7521353960037231
21438,1.0
8839,2.082519769668579
945,1.0
100985,1.0
43190,3.4220614433288574
98701,1.0
106126,2.3014109134674072
57205,1.0
75746,3.4647293090820312
3579,1.0
58295,1.0
38374,1.0
41198,2.490948438644409
99042,1.683990716934204
92427,1.0
3776,4.206428527832031
29523,1.0
53810,2.447233200073242
23226,2.777470588684082
68524,1.0
33569,2.7911524772644043
83703,2.046895742416382
105649,1.0
21707,1.0
17107,1.0
56549,1.0
13587,1.070751667022705
78306,4.178843021392822
21434,1.0
36457,1.0
94232,1.0
1445,1.0
10179,1.0
86618,1.0
88765,1.0
6585,1.0
6924,1.0
22701,1.2547380924224854
88371,1.3722100257873535
7260,1.0
14941,1.0
73501,1.0
78011,4.214234352111816
14088,1.0
49948,1.9842476844787598
22695,3.2513973712921143
98901,1.0
67665,1.0
84790,1.0
80589,2.060304880142212
89097,5.0
84711,2.2703659534454346
53097,1.5448499917984009
63906,1.0
33122,1.0
105249,1.9698407649993896
20031,4.667387008666992
54144,5.0
65277,1.0
10053,1.0
70741,1.7559258937835693
26131,1.0
79799,3.5165741443634033
13252,1.0
1223,1.0
88902,1.0
98292,1.0
91782,2.4497711658477783
21554,4.668243408203125
86801,1.5295311212539673
30227,1.0
105937,2.060896158218384
44461,1.0
54856,1.0
42554,1.9064035415649414
84972,1.0
28344,1.0
12995,1.0
3481,1.0
103418,1.0
97117,1.0
16544,2.4753434658050537
51791,5.0
91009,1.0
108564,1.3763200044631958
19510,2.4701550006866455
56575,1.0
60610,2.9675850868225098
98907,2.456247329711914
50341,3.217858076095581
64759,2.100350856781006
92764,1.0
47750,1.0
17490,1.0
98408,1.0
63597,1.0
107332,5.0
59217,1.0
90426,1.0
32797,1.7663003206253052
50419,1.0
46200,1.0
108574,1.0
67307,1.0
3128,3.688859701156616
106713,2.395564317703247
101415,1.3765000104904175
74118,1.0
53470,3.963658332824707
98509,1.0
57155,1.0
55078,1.0
27498,1.342846155166626
55223,1.0
83776,1.0
3425,1.0
66060,1.0
94060,1.0
105046,1.0
6100,1.6496574878692627
94302,1.0
72339,1.0
1612,1.0
44556,1.0
97755,1.0
98289,3.4131040573120117
53468,1.0
532,1.0
59895,1.0
105928,1.0
5645,1.0
37405,1.0
4749,1.0
28067,1.0
56335,1.0
36475,1.0
86852,5.0
6747,2.132939100265503
79633,1.0
44673,1.0
21673,1.0
5183,1.0
60774,3.450115442276001
98536,1.5790704488754272
8323,1.0
55021,2.4250850677490234
71129,1.5067821741104126
77865,4.038663387298584
88747,2.7657759189605713
18959,1.0
70288,1.2282705307006836
84705,1.0
96120,1.0
15259,1.0
67703,1.0
40215,5.0
90814,1.0
97077,1.0
69451,1.2552388906478882
1545,1.0
108193,1.95779287815094
89273,1.0
16987,1.0
6304,1.0
86647,1.0
76950,3.737417697906494
33240,1.0
78147,1.0
2239,2.9154646396636963
20801,2.0130836963653564
14984,5.0
42012,1.0
15659,1.0
91263,1.0
58198,1.0
2781,4.445113658905029
42619,1.0
95510,1.0
8928,1.0
44424,1.0
42708,1.0
26183,2.08493709564209
104884,1.0
64716,1.0
54278,1.0
6526,1.0
64132,1.0
58485,2.9159302711486816
45442,1.0
10623,1.0
70195,5.0
9949,1.0
97363,1.0
47214,1.0
98167,1.0
93371,4.420290946960449
95291,1.0
74769,1.0
11630,1.0
50982,3.226226568222046
105,1.3316445350646973
89058,1.0
105518,1.0
39039,1.0
62177,1.0
54472,1.0
32757,1.0
19499,1.0
105449,1.0
64004,1.0
80380,1.0
21243,1.0
37728,1.0
38395,3.133415460586548
37079,1.0
17096,5.0
61066,1.6167550086975098
72772,1.0
11401,1.0
37145,5.0
95930,2.1529524326324463
89430,5.0
42025,1.0
104160,1.0
47709,3.5297529697418213
99847,1.5794122219085693
103692,1.0
38141,1.0
23016,1.0
83173,1.6812469959259033
73841,1.0
21996,1.0340083837509155
40212,1.0
71335,1.0
35402,1.0
90987,1.0
5171,1.0
102578,1.0
98421,4.783392906188965
102924,1.0
83822,1.0
1287,1.0
50769,4.221736431121826
60264,1.0
21656,1.0
25369,1.0
29447,1.0
92436,1.5328552722930908
30480,1.0
13487,1.0
23235,1.0
59502,1.0
21987,1.3303319215774536
37520,1.0
47999,1.0
25787,1.0
105119,1.0
105717,2.590911388397217
76577,2.8508641719818115
49028,1.0
87552,1.0
84264,1.1070855855941772
53953,1.5033987760543823
76667,1.0
68355,1.0
24530,1.0
69571,1.6522170305252075
37976,1.077407956123352
83829,1.0
81350,1.7714463472366333
56617,1.3917821645736694
74011,1.926066517829895
15981,1.0
15124,1.0
6989,1.0
49298,4.735385894775391
98310,1.0
69002,1.3727126121520996
32098,1.0
19154,1.0
58620,1.0
2651,1.0
23781,1.9412087202072144
88324,1.0
88776,5.0
62391,4.511211395263672
36166,1.0
41686,1.9460747241973877
88551,1.7259032726287842
6581,2.9858269691467285
63417,1.0
107339,4.479452133178711
5424,1.0
55411,2.1770031452178955
91557,3.001314878463745
28042,2.837768316268921
55705,1.0
89862,1.0
41714,1.0
93437,1.0
12111,3.8105664253234863
162,3.2546327114105225
60381,3.51027512550354
84194,1.0
47211,1.0
88699,1.0
108109,1.0
24201,3.3105924129486084
37790,1.0
43934,1.0
99929,1.0
59834,1.491337537765503
3967,2.971949815750122
25014,1.0
72379,2.0738701820373535
6551,3.1954100131988525
19406,1.5450384616851807
71435,1.0
29097,1.0
46025,3.2714297771453857
88482,1.0
74745,1.0
3503,3.3681273460388184
82177,1.0
75022,2.6001334190368652
43504,1.0
72169,1.4877961874008179
79240,2.391184091567993
1268,1.0
46443,1.0
39150,1.8746209144592285
56766,1.7190229892730713
55858,3.0928356647491455
4543,4.955255031585693
60430,1.0
97353,1.0
15384,2.6975901126861572
49130,1.0
101911,1.0
85608,2.3098855018615723
17522,1.0
59713,1.0
59339,1.0
5522,1.0
69739,1.0
53248,1.0
14380,1.6556962728500366
94402,1.0
30918,1.0
5941,1.0
107406,2.516359567642212
73630,1.0
104449,1.0
12334,1.0
106331,1.16305410861969
97930,2.777785062789917
58846,1.0
806,1.0
70194,1.0
103633,1.0
5557,1.2634434700012207
17261,1.0
89197,1.0
17005,1.0
38022,1.236363172531128
48772,1.0
87996,1.0
31594,4.233086585998535
38499,1.0
98568,2.528346061706543
20469,1.0
79759,1.0
75170,4.0261383056640625
52388,4.167781829833984
107623,1.0
66601,2.3191404342651367
18088,2.75266695022583
70124,1.0
41719,1.0
56870,4.62441349029541
35813,1.0
1724,1.0
69544,4.145678997039795
57725,1.0
7222,1.0
24632,1.5851044654846191
61968,1.0
87820,1.0
90976,1.0
26414,1.0
91818,2.517136573791504
87452,1.0
27479,1.0
81575,1.0
89036,1.0
19303,1.0
35556,1.1998339891433716
18065,3.852381706237793
102545,1.4071953296661377
54167,2.6773407459259033
41529,1.0
3331,4.7204508781433105
83154,1.0
103915,1.0
9795,4.119545936584473
89256,3.7766366004943848
52080,1.0
95327,1.0
66495,1.0
69615,1.0
45451,2.690596342086792
56558,1.0
72753,1.0
93853,1.0
32403,1.0
41324,1.0
84224,1.0
78323,1.0
61783,1.0
35232,1.0
51312,1.0
47176,1.0
52912,3.169151544570923
47534,1.3685495853424072
67787,1.0
102610,1.0
26778,1.0
30608,1.0
86185,1.0
61544,1.0
21321,1.0
94985,1.0
21341,1.0
59018,2.439141035079956
35822,1.0
9547,1.4662549495697021
15870,1.0
56736,1.5690810680389404
53444,3.7817189693450928
53073,1.0
92978,1.497031569480896
89573,1.0
53195,1.0
64319,1.0
28060,1.4153281450271606
39977,1.0
61296,1.0
23227,1.1012934446334839
66580,1.0
16589,1.8452603816986084
42063,1.0
37350,1.0
67580,2.9085381031036377
3094,1.0
79005,1.0
39938,2.9907257556915283
13939,3.1091673374176025
91804,3.810973644256592
97609,1.5179353952407837
51114,1.0
77826,1.0
84640,1.0
55306,1.0
23849,1.0
93617,1.0
88276,2.014582395553589
99237,5.0
50972,1.0
57251,1.0
92880,3.631507158279419
105735,1.0
11769,1.0
13619,1.0
105353,5.0
21948,1.0
48099,1.0
86908,1.0
29788,1.0
57741,1.0
16449,1.0
38462,1.0
39853,1.0
44060,2.9193363189697266
38517,3.3298001289367676
62575,1.0
67639,1.0
43642,1.0
97113,1.0
77102,1.4311951398849487
32785,2.9277591705322266
25470,1.0
108186,1.9625506401062012
65336,2.6022744178771973
9184,5.0
2175,1.0
86833,1.0
65536,1.0
77473,1.0
25149,1.0
44890,1.0
59379,3.5688512325286865
16540,1.9954023361206055
17804,1.0
106977,1.0131709575653076
67907,1.0
78511,1.0
19273,1.4953234195709229
5294,1.0
14661,1.0
74725,1.0
75697,1.6690928936004639
8022,1.9113165140151978
59106,1.0
250,5.0
57524,1.0
72137,1.0
37246,3.9429705142974854
48088,3.4939520359039307
71990,1.0
83598,1.0
94429,1.0
30421,1.0
968,2.474541187286377
86679,1.0
3508,1.0
88560,1.0
80896,3.002087354660034
104440,1.0
100443,1.0
42541,1.0
97320,1.0
27240,1.0338201522827148
62827,1.0
8322,1.0
37776,1.0
91857,1.0
15084,1.0
26376,1.6161872148513794
27956,4.655849933624268
84101,1.0
67119,1.0
5055,2.4188613891601562
70588,4.314108848571777
72456,2.433274745941162
90110,3.3507235050201416
11571,1.0
13057,1.1532570123672485
46241,1.9853429794311523
85075,3.3740179538726807
69390,1.0
72688,1.0
27425,1.0
94927,1.0
61620,1.0
10561,1.0
96000,1.0
53687,1.0
80313,3.05639910697937
66451,1.0
104339,1.0
13154,1.0
69231,2.471792221069336
13847,4.100241661071777
64533,1.0
25504,1.0
89312,1.0
76273,1.0
1150,1.5269198417663574
69282,1.0
5990,1.2098177671432495
66329,1.0
99574,1.0
58731,1.0
100932,1.0
84073,1.0
4177,3.792126178741455
49591,1.0
42407,1.0
64338,1.0
43476,3.175363302230835
22416,1.0
77487,1.0
57223,1.0
90282,1.0
46618,1.8684417009353638
40932,5.0
107932,3.2132904529571533
68112,1.0
15718,4.798729419708252
51047,1.0
69135,1.0
101207,1.0
89092,1.5741474628448486
17972,1.0337163209915161
91185,1.0
28607,1.0
6616,2.5453577041625977
62402,5.0
83141,1.0
32061,1.8111611604690552
7239,1.0
65554,1.0
1566,1.0
79774,1.1460776329040527
63924,1.0
25690,1.0
66775,2.5378506183624268
51847,1.4936127662658691
38728,1.2330397367477417
97416,2.0252206325531006
72919,1.0
67440,1.0
12382,1.702443242073059
72311,1.880790114402771
65798,4.93752908706665
7570,1.0
92455,2.521818161010742
21535,1.0
89116,1.0
17815,1.0
106157,3.8888916969299316
56210,1.0
73844,1.0
84306,1.0
2985,1.8361903429031372
87353,1.0
24231,1.0
18420,1.4508403539657593
40531,1.0
20732,1.8925402164459229
14331,1.0
28008,1.8918606042861938
59734,1.0
19461,2.5809638500213623
69719,2.235661268234253
66599,3.3975932598114014
6894,1.858086109161377
73236,1.0
13791,1.0
41366,1.0
92568,1.0
1721,1.0
103472,1.0
54836,1.0
4705,1.5633400678634644
11432,1.0
29300,1.0
41924,2.9855282306671143
29669,1.0
89359,1.0
68208,1.0
6917,2.2855193614959717
74154,1.6521282196044922
18117,1.0
39059,1.0
50996,1.4181883335113525
32760,1.0
48527,2.1264450550079346
75333,1.0
42583,2.999668836593628
44601,1.0
27487,1.0780467987060547
48396,1.0
70133,1.0
28677,1.0
106234,1.0
96135,1.0
7362,1.0
5090,1.0
22187,1.0
43500,1.0
46902,2.530747890472412
8400,2.4317469596862793
17911,2.073535680770874
63828,1.8554739952087402
11404,1.1866127252578735
41226,1.0
36121,1.0
2098,1.0
10416,1.0
32084,1.0
102337,4.607039451599121
66049,2.3133816719055176
69551,5.0
82634,1.0
62726,1.0796581506729126
53795,1.1360599994659424
40895,1.0
28184,2.948922634124756
41048,3.212240219116211
54463,1.0
79632,1.0
43397,1.0
90508,1.0
9523,1.0
93578,1.8431018590927124
21778,3.5695388317108154
99198,1.0
93927,1.0
18693,1.0
82457,1.0
53116,1.0
93337,1.0
40900,1.0
78609,1.0
93476,1.0
40967,1.8977627754211426
70825,1.567226529121399
84210,1.0
36935,1.0
73060,1.0
60898,1.0
15393,1.0
48723,1.0
95713,1.3970856666564941
80420,1.0
41774,1.0
81519,1.0
45517,1.0
107182,2.0237338542938232
20671,1.0
88621,1.6716705560684204
101549,1.0
28107,2.0919158458709717
29920,2.777456521987915
98479,1.0
78800,2.1268184185028076
17185,4.77738618850708
2378,1.0
28767,1.0
42168,1.746425747871399
35256,1.0
36416,1.0
11930,1.0
16730,1.0
25691,1.9331647157669067
102340,4.7631635665893555
83247,1.0
76232,1.0
80375,1.0
99216,1.0
89196,2.281923532485962
12092,1.0
18784,1.0
94031,1.0
61276,1.0
2938,1.0
59240,3.3614342212677
26641,1.9850987195968628
9783,1.0
25484,1.0
104997,1.0
65393,1.0
36898,1.0
63894,1.0
5073,3.362489700317383
60815,1.0
101981,1.0
91080,1.0
99523,4.266825199127197
12485,1.0
6944,1.0
37623,1.0
104831,1.0
12993,1.849327802658081
21897,1.0
68987,1.0
60616,1.0
37641,2.1005501747131348
84926,4.7007646560668945
27920,1.0
93303,3.234116315841675
35251,1.0
102898,1.0
58667,1.0
106056,1.6621558666229248
84342,1.0
40936,2.1779873371124268
82430,1.0
50557,1.7397677898406982
35442,1.0
67624,1.0
11032,1.0
81632,1.0
10741,4.3644185066223145
83724,4.425317764282227
19165,1.0
92975,2.5703933238983154
14981,1.2366260290145874
69289,1.5881657600402832
67610,1.0
98604,3.248037815093994
42039,1.0
89752,1.0
26972,1.0
97365,1.0
542,1.0
14761,1.0
107066,1.0
12782,1.0
58959,1.0
72629,1.0
26104,1.0
28072,1.0
34357,1.0
103689,1.1930805444717407
107205,5.0
99587,1.377763271331787
72346,4.274599552154541
89786,1.0
17592,1.0
26761,1.0
36172,1.0
54323,1.0
57830,1.2610210180282593
33937,1.0
88988,2.949608564376831
10789,1.0
104638,1.0
93443,1.9066238403320312
107854,1.0
96023,3.8395333290100098
77490,1.0
73155,1.0
100093,1.0
80622,2.3642771244049072
75528,1.0
40471,1.0686200857162476
56038,5.0
67426,1.0
108370,1.0
1720,1.0
3368,1.0
81666,3.9818642139434814
104317,1.0
43226,1.0
14207,2.9505820274353027
71378,4.279388427734375
1440,1.0
5327,1.0
94578,1.0
28589,1.0
48857,2.8036093711853027
18747,1.0
95135,1.0
84332,1.0
24067,1.0
5976,1.5290950536727905
30302,1.0
81348,1.0
63487,1.0
103052,1.4792178869247437
50876,1.0
59107,1.0
66008,1.227688193321228
96605,1.0
56474,1.0
87569,1.0
46351,1.0
40386,3.6416563987731934
77142,1.0562635660171509
41551,1.0
74441,5.0
9836,1.0
97025,1.0
106262,1.0
89704,1.0
2398,1.0
4372,2.4067599773406982
87772,2.512805938720703
10891,1.0
51514,1.1950652599334717
86718,1.0
43964,1.0
106425,1.840700626373291
74072,2.1823527812957764
93785,1.0
6908,1.0
95354,1.0
95273,1.0
82824,3.1287899017333984
82282,1.0
9088,1.0
18469,1.9092053174972534
102249,1.0
57270,1.0
29358,1.0
6829,1.4216618537902832
77294,1.0
18517,4.471421241760254
89178,2.24544095993042
76476,1.0
97313,3.420201063156128
15739,1.0
76546,4.344606876373291
77936,1.3554085493087769
107980,1.0
26450,1.0
85498,3.1924655437469482
90999,1.0
90170,1.0703130960464478
18086,1.0
4600,1.0
9554,1.0
55399,2.3786566257476807
103620,1.0
56169,1.0
48380,1.9611543416976929
64092,1.0
5396,1.0
37673,1.0
9217,2.0040836334228516
100247,1.0
69634,1.0
13383,1.0
35659,1.0
10998,1.0
25211,1.8237943649291992
16175,2.16381573677063
62563,1.0
58529,1.0
103627,4.1095805168151855
101673,2.889728546142578
39950,1.0
40794,1.290994644165039
66913,1.0
50502,1.0
55231,1.7277278900146484
47128,1.0
66068,2.3139724731445312
107784,4.653725624084473
108296,1.0
70361,1.0
76797,1.8116638660430908
71654,1.0
50296,2.398552894592285
49745,1.0
93921,1.0
15481,1.0
52814,1.0
74484,1.0
80050,2.643998146057129
43547,1.0
102411,1.0
36607,1.0
93500,2.865708351135254
78294,2.3846027851104736
103645,1.0
80816,1.0
93795,5.0
44253,1.0
42114,1.0
90121,1.0
103985,1.0
102318,2.7540504932403564
84873,1.0
29562,1.0
10099,1.0
1194,3.7312939167022705
33287,2.249208450317383
64654,1.0
53940,4.448718547821045
78384,3.3790595531463623
17861,1.0
22045,1.0
83579,1.0
40886,1.0
6531,1.0
3451,1.0
106147,4.565776824951172
87114,2.7311460971832275
12801,1.0
93352,1.0
34881,1.0
78363,1.0
47870,3.3692829608917236
34026,1.0
22515,1.0
17122,2.4743125438690186
19357,1.0
18990,5.0
48751,2.5963423252105713
14349,1.0
72295,1.0
76262,1.486102819442749
72251,1.0
107426,1.0
70187,1.919721245765686
28909,1.0
5426,2.645695209503174
46403,1.0
100480,1.0
65979,1.0
39684,1.0
38903,2.3229174613952637
74033,1.0
99746,1.5929373502731323
25500,1.0
5126,1.0
66290,1.0
9898,3.340669870376587
9716,1.0
44442,1.4528043270111084
49466,1.184154748916626
11740,1.0
67145,3.4049506187438965
89101,1.0
91632,2.3368406295776367
25639,1.0
51920,1.0
91864,1.3442517518997192
11862,1.0
84657,1.0
4448,3.026522159576416
105243,1.4424095153808594
13210,1.0
49793,1.0
52459,1.0
36582,1.0
58061,1.0
41957,1.0
56282,1.7175790071487427
20857,1.0
34165,1.0
10643,1.0
85365,1.0
75830,1.0
33622,1.0
37816,1.0
84111,1.0
89060,1.0
82682,1.0
85199,1.0
105658,1.2550305128097534
35210,1.0
13184,1.0
90176,1.0
63146,1.0
31596,1.0
61418,1.0
15271,3.413224458694458
54516,1.0
16119,1.0721101760864258
84488,1.0
105507,1.0
77573,1.0
57986,1.0
87717,1.0
77395,3.657580614089966
50392,1.0
49881,1.0
87398,1.0
14139,1.0
34898,1.0
107204,1.0
44746,1.0
44722,1.0
12218,2.2669641971588135
61446,1.0
52705,1.0
27133,1.0
66386,1.0
59252,2.8891992568969727
64729,1.0
54887,1.0
56204,1.0
75320,1.4625756740570068
51925,1.0
75715,2.6615841388702393
105160,1.0
29776,1.0
19887,1.0
11142,1.0
105366,1.0
28251,1.2593227624893188
106642,1.0125298500061035
69826,1.0
92920,1.16104257106781
88466,2.828356981277466
73533,1.0
9103,2.2772421836853027
66243,3.701643705368042
92047,3.592445135116577
12697,1.0
13984,1.0
94022,1.0
99414,1.0
88206,5.0
82212,1.353808045387268
44541,1.0
33586,1.0
67184,1.0
32206,1.0
63323,1.0
58861,2.4479172229766846
95282,1.0
59500,1.0196928977966309
54954,1.0
86559,1.8497370481491089
72442,1.1524643898010254
39099,1.0
49550,1.0
23157,2.2418630123138428
60512,1.0
62919,1.0
41338,1.0
65819,2.814260482788086
28889,1.0
99995,1.1427786350250244
82769,3.369518756866455
92906,1.0
22051,1.6960772275924683
85837,5.0
86842,1.0
67153,1.0
21036,1.0
86894,3.4393458366394043
108267,1.0
14097,1.1957801580429077
92177,2.4862563610076904
73103,1.0
58766,1.6729507446289062
50859,1.0
75973,1.0
43138,2.062560796737671
20195,1.0
42377,1.0
27699,4.08036994934082
103287,1.7781829833984375
20406,1.762793779373169
15262,1.0
58137,1.0
106510,1.0
91193,1.597858190536499
107829,1.0
53277,1.0
26144,1.0
70172,1.0
41169,1.7186048030853271
2862,2.1900203227996826
69224,1.0
14000,1.0
42431,1.8266443014144897
57502,3.1694397926330566
81551,1.0
18379,3.138512372970581
92650,1.0
73457,1.4550756216049194
96813,1.0
235,1.0
13367,3.1206867694854736
94832,1.0
94598,4.515475749969482
20979,1.0
89477,2.7488036155700684
69140,1.0
31416,1.0
539,1.0
29375,2.088454246520996
538,1.0
103078,1.0
38089,1.8709920644760132
74863,1.0
108067,5.0
95239,1.0
80675,1.0
11503,2.92480206489563
50062,1.5796804428100586
55445,1.4631950855255127
98715,1.0
38890,2.4307689666748047
10260,1.0
51902,1.0
4929,1.0
44910,1.0
33751,1.0
16872,2.7184488773345947
80563,2.016467571258545
66530,2.963735580444336
26132,1.0
59935,1.0
95789,2.7648065090179443
56957,1.4651046991348267
79112,4.540841579437256
65620,1.0
76374,1.0
88140,1.007908582687378
68578,1.0
49699,1.0
103234,1.0
96416,1.553995966911316
94230,3.1772754192352295
64352,1.0
869,5.0
17937,4.2972636222839355
63791,1.0
781,1.0
70974,1.0
33504,1.0
13389,1.0
8458,1.0
13934,1.0
32981,1.0
76590,1.5736019611358643
44849,1.0
37916,1.0
61790,1.0
98499,1.018701434135437
45070,1.8255914449691772
100900,1.0
57721,1.311164140701294
64215,2.8039910793304443
36791,1.0
19251,1.0
45987,1.0
21594,1.0
29320,1.2392168045043945
8757,4.370214462280273
81730,1.0
17850,3.8033385276794434
85354,1.0
92165,2.1048593521118164
50910,1.0
50194,1.0
13526,3.326533079147339
35644,1.0
93002,1.5994244813919067
66956,1.0
95699,1.0
67133,1.0
93637,1.9101899862289429
55286,1.3838677406311035
14098,3.0416057109832764
47353,1.0
21059,1.0
10928,2.0179038047790527
388,1.0
54667,3.2352826595306396
58585,1.9484390020370483
62672,2.2260336875915527
21074,2.9098894596099854
47041,1.0
14688,1.0
79911,1.0
19261,1.0
47027,1.0
44915,1.0
76278,1.0
55037,1.240118145942688
61356,2.405966281890869
4245,1.0
12437,1.0
20092,1.3865543603897095
96938,1.0
74173,2.6467695236206055
72371,4.844664573669434
1344,1.8152234554290771
55740,1.0
17226,2.408109664916992
2949,1.0
52865,1.0
525,2.3682053089141846
19630,1.0
95176,1.0
11529,1.0
88455,1.0
50542,1.0
51654,1.0
64530,2.734684705734253
33107,1.0
41735,1.0
38304,1.0
81075,1.0
99877,1.0
58240,1.0
86946,1.0
19819,2.0735888481140137
3172,1.0
76705,1.0
83515,5.0
86141,1.0
88945,1.6179136037826538
47291,1.0
74634,4.857685089111328
82024,1.0
7343,1.7377574443817139
15225,1.0
98506,1.0353611707687378
92805,1.0
35330,1.0
2908,1.0
16464,1.0
82437,2.5379369258880615
37762,2.0867598056793213
89153,1.0
46540,1.0
4882,1.0
102595,5.0
58181,2.0256965160369873
80456,1.0
77685,1.0
99756,1.0
70316,1.0
50238,1.0
15026,1.0
4831,1.0
87069,1.0
57638,1.0
17818,1.8288596868515015
82687,1.0
45288,1.0
35408,1.0
61139,1.0
53144,2.62479567527771
89336,1.0
48458,1.0
30439,2.654663562774658
85994,1.0
86755,1.0
80742,1.0
16916,1.0
29404,1.0
90323,1.0
85317,2.482562780380249
56706,4.8936262130737305
92270,1.0
65817,2.1387381553649902
89978,2.116572380065918
31697,1.0
63505,1.0
84652,1.0
6638,2.254155158996582
4828,1.0
105882,1.0
9259,1.0
85623,1.0
34333,1.0
35774,2.319511890411377
67575,2.904263496398926
17834,1.0
88237,1.0
100951,1.0
48559,1.0
101266,3.3537936210632324
73144,1.2828000783920288
50271,1.0
61432,1.0
85543,1.0
4205,1.0
92597,1.0
86523,2.8191137313842773
38937,1.0
35720,1.0
47589,1.0
7955,3.5811517238616943
7730,1.0083006620407104
34191,1.0
32009,1.0
108497,2.131082534790039
42236,3.6635327339172363
26029,1.0
74664,1.0
83895,1.854285717010498
61959,2.7853899002075195
107759,1.0
93376,1.0
104184,1.0
68717,1.0
20797,1.0
20133,1.708052635192871
63388,1.0
7207,1.1464481353759766
5651,1.0
44691,1.0
34419,1.0
103649,1.0
8385,1.365443229675293
47240,2.231875419616699
11992,1.0
84400,1.0
96717,1.2045023441314697
43798,1.0
59088,1.0
31314,1.0
71371,1.0
71533,3.2209742069244385
42525,2.941446304321289
49049,1.591966152191162
35926,2.088284969329834
85781,1.0
3282,3.998293399810791
21998,1.0
99232,1.0
31925,1.0
101968,1.7598546743392944
108121,1.0
103213,1.9211066961288452
35559,2.795818328857422
96091,1.0
24925,1.298951506614685
37620,1.0
99843,1.0
68398,1.0
58499,1.0
24757,1.0
31797,1.6504117250442505
101489,1.0
91414,1.0
104149,1.0
107159,1.0
50437,1.0
71970,1.0
79910,1.0
28553,1.0
17317,5.0
76388,1.0
30123,1.0
19956,2.198976516723633
42688,1.0
89996,1.0
69536,1.0
17580,3.066983222961426
105388,1.3534044027328491
33178,1.0
16293,1.0
74117,1.0
66006,1.0
23228,1.0
47174,2.0593602657318115
83670,1.0
37299,2.2228658199310303
72200,1.0
33360,1.8854877948760986
48269,4.820072174072266
105562,1.0
102624,4.345013618469238
61072,1.0
28758,1.0
63874,1.0
15019,1.1824027299880981
65768,1.2129034996032715
92814,1.0
84975,2.7141401767730713
17839,1.0
14747,1.0
48309,1.720659613609314
81821,1.2165154218673706
50003,2.989572525024414
23786,1.0
10004,1.0
51645,1.0
35318,2.850626230239868
17282,1.0
46127,1.0
104015,2.8465564250946045
93705,1.4039154052734375
4614,1.0
6717,1.0
84938,1.9204705953598022
19378,1.2465955018997192
17155,1.2976620197296143
92897,1.0
71784,2.880185604095459
33209,1.0
2628,5.0
993,1.0
87663,1.0
67364,3.120903491973877
32482,1.0
68284,1.0
26443,1.1522539854049683
38147,3.855835199356079
72204,1.0
85158,1.0
42860,1.0
52140,1.6892343759536743
83071,1.2507277727127075
71738,2.775463104248047
5414,1.0
461,1.0
56535,1.0313024520874023
79677,1.0
12376,1.0
47134,3.0308945178985596
48721,1.0
47916,4.926931381225586
14595,1.0
88475,1.2887111902236938
33716,1.0
62838,1.0
63848,1.9592676162719727
69604,2.329517364501953
40662,1.0
92144,1.0
68456,4.243228435516357
56780,2.793705701828003
25258,1.0
71242,4.009149074554443
11035,1.0
7839,1.0
94051,1.6971062421798706
63324,1.0
3770,2.7394320964813232
27779,1.0
4925,1.0
95833,1.0
88599,1.0
57557,1.0
106435,1.0
26582,1.7116073369979858
54956,1.0
100350,1.0
26839,1.0
85767,1.0
12982,3.279512882232666
71023,1.0
38086,1.0
98484,1.0
33576,1.0
41658,1.0
25001,1.0
70068,1.0
37445,1.0
78899,2.4479565620422363
36327,2.11018443107605
15895,1.1962240934371948
79140,1.0
85283,1.0
30692,1.0
18427,1.9673184156417847
3881,1.0
20875,3.2369117736816406
48496,1.0
71781,1.0
36998,2.657282590866089
92687,1.0
44437,1.0
37788,1.0
107617,1.0
4939,1.0
78712,1.0
92384,1.0
83602,1.0
25209,2.0189120769500732
89272,1.0
96931,5.0
26726,1.125611424446106
65569,4.179771900177002
70429,3.0145812034606934
93110,1.0
21350,1.703227162361145
31641,1.0
62216,2.016975164413452
102585,1.0
72668,1.0
41768,1.0
69843,1.0
57282,1.0
63192,1.0
27628,1.0
56295,1.1271027326583862
6198,1.0
86895,1.0
83911,1.0
17565,1.584580659866333
32564,3.9540231227874756
29854,1.0
11926,4.1693949699401855
79258,1.0
34814,1.1079374551773071
82798,1.0
17700,1.3977699279785156
38334,1.0
89587,1.0
68552,1.0
53461,1.0
71134,1.0
49177,3.6282384395599365
72594,2.1674160957336426
20799,1.0
47749,1.0
28315,1.0
22314,5.0
26908,1.0
10433,1.0
66355,2.6738784313201904
100367,1.0
17118,1.0
37173,5.0
107258,3.9426522254943848
548,1.9936877489089966
24053,1.0
91417,1.4961609840393066
7120,2.146843910217285
92507,1.0
103857,1.2570890188217163
42055,1.0
57566,1.0
27222,1.0
17614,3.5474624633789062
99324,1.0
104872,1.0
87022,3.385061025619507
90437,1.0
53788,1.0
63362,1.0
46856,1.0
101858,1.0
7878,1.0
46989,1.3601278066635132
46374,1.0
103977,1.0
17582,1.0
9557,1.0
76813,3.5920233726501465
76986,1.2643439769744873
21405,5.0
2081,2.8881235122680664
69990,1.3806543350219727
79750,1.0
38870,1.0
37332,1.0
60121,1.0
93144,2.4560976028442383
21941,1.0
87634,1.0
20779,1.0
52727,1.0
50387,1.0
29728,1.9597686529159546
74525,1.0
42056,2.5233795642852783
6773,1.0
63066,1.0
21019,1.0
67745,1.1268326044082642
72898,3.2230007648468018
61575,1.0
47255,4.029605865478516
91295,1.0
104747,2.4506466388702393
14235,1.0
33485,1.2949447631835938
49853,1.0
29288,1.0
85060,1.6084463596343994
90860,1.0
12096,1.0
30766,1.0
36345,1.0
62458,1.0
23024,1.0
108093,3.143963098526001
47700,1.0
93227,1.0
6213,2.9487364292144775
27401,1.0
71697,1.0
75897,1.0
70751,1.0
90576,1.0
37140,2.4354913234710693
14820,1.0
57672,1.0
4566,1.0
73689,1.6017601490020752
84696,1.1887826919555664
62558,1.0
58114,1.1476621627807617
9300,1.0
73851,3.208292245864868
67176,1.0
36343,1.0
32634,1.0
32143,1.0
13300,1.0
64891,1.0
18171,1.3330588340759277
47764,1.0
156,1.0
92246,1.0
42965,1.0
78668,1.0
86579,1.0
56244,1.0
8809,3.2566938400268555
76814,5.0
43175,1.0
9445,1.0
41136,1.0
23089,3.519246816635132
9250,1.0
72583,2.3195512294769287
93418,1.0
93863,1.0
23419,1.0
80611,2.7171154022216797
2383,1.0
47896,1.0
11923,1.0
88767,3.127178192138672
19180,1.0
73303,1.0
12055,1.954356074333191
71239,1.0
50081,3.666306257247925
8796,1.0
41961,1.9985677003860474
57865,1.4832487106323242
25236,1.0
47777,1.0
21082,1.0
32895,3.044943332672119
57028,1.0
88399,1.0
79704,1.0
103203,1.0
58568,1.0
102240,1.0
34734,1.0
94472,1.0
51139,1.0
88126,1.0
102454,1.0
65856,1.0
342,1.9381402730941772
54430,1.0
3270,3.0298912525177
85359,1.0
48027,1.0
32387,1.4510197639465332
62738,1.0
8370,2.7772762775421143
31764,1.0
50833,1.0
7680,1.0
73228,1.2689087390899658
63354,1.0
74779,1.0
55348,5.0
35751,2.442072868347168
11661,1.0
86453,1.0
99484,1.0
64621,1.7775962352752686
15898,5.0
100201,1.5100253820419312
29282,1.5840880870819092
8953,1.523760437965393
19816,2.700918674468994
16542,2.614248752593994
18016,2.8275868892669678
70673,1.0
67241,1.0
19678,1.7422385215759277
104940,1.0553529262542725
66954,5.0
91181,1.0
59231,1.0
4713,1.0
106544,1.0591447353363037
50078,4.8613481521606445
93434,1.0
97762,1.0
65502,1.0
19012,2.0169713497161865
95441,1.0
72261,1.0
57323,1.0
4644,1.0
39041,1.0
80201,1.0
55924,1.0
2877,1.0
52794,1.0
18538,1.0
40447,1.0
81737,1.0
95656,1.0
29853,4.000120162963867
31370,4.404339790344238
17284,1.0
90536,1.0
36466,1.0
106647,1.0
85957,3.1701436042785645
5271,1.5819306373596191
444,1.2462021112442017
93347,4.308032035827637
11703,5.0
72977,1.0
95740,1.0
26271,1.0
94007,1.0
72881,1.2936036586761475
93949,1.0
19574,1.0
84493,1.0
104988,1.0
472,1.0
12817,1.0
75772,1.2237892150878906
33424,1.0
30305,1.0
69766,2.3698842525482178
16185,1.0
78070,1.0
41379,1.0
6909,3.022632122039795
16923,1.0
50797,1.7055528163909912
84533,1.0
52327,1.0
8437,1.0
577,1.0
90846,4.406014919281006
20449,1.0
96035,3.5847814083099365
80511,1.0
48444,1.7254929542541504
62387,1.0
30456,1.0
58029,4.490634441375732
9468,1.0
31459,1.5185167789459229
25422,1.0
6200,2.1499438285827637
17922,1.583816647529602
39061,1.0
58773,4.520993709564209
102280,1.0
16587,1.0
24560,1.0
86184,1.378925085067749
82301,5.0
49724,3.940221071243286
108190,1.0
2634,2.220292568206787
64386,1.0
5259,1.0
24868,1.0
60190,1.0
20821,3.1061179637908936
98716,1.0
62074,1.0
93713,1.0
4431,1.0
99632,1.0
24941,1.0
13374,3.1261494159698486
103634,1.0
79105,2.972348690032959
91967,1.0
106645,2.685062885284424
20887,1.0
38936,1.0
11200,1.0
98619,1.0
63928,1.0
43250,1.0
67101,1.0
89873,1.0
19004,1.0
29153,2.470111846923828
510,1.0
75642,1.0
64977,1.0
20173,1.0
36234,1.0
92479,1.0
94367,1.0
16469,1.0
64432,1.0
96151,1.0
66501,1.0
37835,1.0
105730,1.0
101957,1.0
58031,1.0
30640,1.0
49655,1.0
36362,2.8464486598968506
30838,1.0
16647,1.0
40071,3.786468982696533
63236,1.0
42982,1.0
54880,1.0
29967,1.0
44507,1.2288867235183716
69301,1.0
9104,1.0
100292,1.0
65804,1.0
106507,1.0
77062,1.0
4376,1.0
37541,1.0
3397,1.0
93750,2.2210543155670166
13221,1.0
355,1.0
81411,3.265491485595703
106695,1.1036605834960938
104674,1.0
80363,2.795191764831543
65064,1.0
35840,1.0
97347,1.0
81550,1.0
9317,2.928321123123169
76729,1.0
9894,1.0
10912,4.20710563659668
24180,1.0
32369,1.0
56967,1.0
30311,1.0
51815,3.4570300579071045
81646,3.6258742809295654
83828,1.0
31982,1.0
64910,1.0
99966,1.0
73394,1.0
97142,1.0
36022,1.0
40097,1.0
54507,1.0
14931,1.0820266008377075
71442,1.0
80521,1.136509895324707
75761,1.2023251056671143
78096,1.0
3206,2.968660354614258
96254,1.0
1408,1.0
7710,1.0
72317,1.0
65370,2.752405881881714
10262,1.0
49426,1.0
69446,1.0
16616,1.622983694076538
86031,1.0
108029,3.578585147857666
59845,1.0
31102,1.0
10152,1.0
48003,5.0
99610,1.0
12992,1.0
35263,1.0
101943,1.8662160634994507
71267,1.0
102972,1.0
39196,1.0
76086,1.0
41430,1.0
5984,1.278836727142334
59959,1.0
104218,1.0
35711,1.0
47603,1.0
23568,1.0
36304,2.7728140354156494
42990,1.0
15907,1.0
4412,1.0
102761,1.0
28253,5.0
78547,1.04061758518219
2193,5.0
15156,1.0
103184,1.0
58145,1.0
95122,1.0
15063,1.0
53539,1.0
24592,1.0
11502,1.0
91926,1.7926138639450073
1827,1.0
36831,1.0
25968,1.0
101419,1.0
85631,1.0
24586,1.0
67930,2.406663656234741
64915,1.0
36780,1.0
27390,1.0
93186,1.0
84994,1.0
40067,1.0
28759,2.737356662750244
34493,1.0
36963,4.6438469886779785
36352,1.0
75394,1.5612733364105225
60098,1.0
42122,2.1213009357452393
60025,1.6740968227386475
9421,1.0
10932,1.0
5566,1.0
54457,1.7485682964324951
104673,1.0
86749,1.0
80938,1.7436861991882324
105128,1.0
90686,1.0
24957,1.0
6221,1.0
99430,1.0
30240,1.0
55449,1.0
100171,5.0
76480,1.5214658975601196
10873,1.0
4985,2.781073570251465
42112,1.7918635606765747
908,1.0867583751678467
90372,1.0
57690,3.801945924758911
96054,1.0
73362,2.9731080532073975
10558,1.0
8964,3.5177242755889893
1727,1.0
25525,1.0
83880,1.0
7383,1.0
25767,1.0
57805,1.0
22112,1.0
69074,2.8494818210601807
100425,1.3103015422821045
8130,3.258023977279663
63106,1.0
42394,1.0
70130,1.0
66589,1.3201606273651123
39539,1.0
25823,1.0
83700,1.0
54660,1.0
52149,1.0
93467,1.0
87102,1.3759056329727173
274,5.0
86762,1.0
57654,4.846710205078125
58053,1.0
10954,1.0
108301,1.0
75824,3.1227333545684814
31572,1.0
38213,1.0
106874,1.0
23982,3.601940393447876
80791,1.0
86086,1.0
80683,1.3275364637374878
1221,1.0
57179,2.011826515197754
83469,1.0
78113,1.0
16604,1.0
104458,3.551021099090576
103358,1.0
64975,1.0
17036,1.0
71688,1.6867094039916992
57375,1.4038865566253662
73308,1.1573131084442139
47541,4.616437911987305
56991,1.0
42890,5.0
31909,1.0
82878,1.0
53881,1.0
64604,4.839677810668945
12532,4.665070056915283
81981,1.0
108411,2.557685136795044
79342,2.984313726425171
99807,1.0
91912,1.1980503797531128
94761,1.0937771797180176
36615,5.0
37020,1.5494574308395386
55509,1.2482819557189941
62722,1.0
91157,1.0
16516,1.0
26545,1.2448781728744507
7564,1.0
4697,2.91230845451355
84511,1.0
66752,1.0
38569,1.0
80358,1.0
81287,3.3827202320098877
23179,1.0
52055,1.0
98635,1.0
62101,1.3418054580688477
28791,1.0
84617,1.0
75451,1.0
85371,1.0
31368,4.7240166664123535
51898,4.1176581382751465
48877,3.5941059589385986
29310,2.957899808883667
71681,5.0
71315,1.748227834701538
5074,1.0
59078,1.0
67059,1.0
62173,2.9524946212768555
9480,1.0
18073,3.8330414295196533
49168,1.3234093189239502
83030,1.55702805519104
4763,1.0
55126,1.0
86142,2.7279393672943115
22982,1.0
29655,1.0
41445,1.0
30725,1.0
43744,1.753265142440796
33542,3.7221696376800537
22354,1.8207205533981323
84680,1.0
57695,1.0
47311,4.146970748901367
76354,1.0
60566,1.0
47186,1.0
11403,1.0
70813,1.0
108618,1.0
58043,1.0
24312,1.0
22642,1.0
81642,1.0
69888,5.0
17167,1.9972437620162964
68288,1.0
83184,1.0
8816,1.0
91352,1.0
39153,2.2581567764282227
33073,5.0
64456,1.0
92340,1.671964406967163
83752,5.0
48782,1.0
104624,1.0
48466,1.4612091779708862
72041,2.2477526664733887
1622,1.1509519815444946
103316,5.0
19986,1.0
100529,1.5506534576416016
13851,1.0
57003,1.0
24445,1.0
53346,1.0
78433,1.0
38679,4.377091884613037
88614,1.0
51882,2.1891818046569824
74185,1.0
53117,1.0
97778,1.0
18818,1.0
76871,1.0
22599,1.0
304,2.2506775856018066
107436,2.7677161693573
107186,3.1198384761810303
34501,1.100319266319275
5751,1.0
104302,1.0
38013,3.102771759033203
102505,1.0
29039,1.0
47336,1.0
28048,1.0
21440,2.066175699234009
34337,1.0
29280,3.1156697273254395
57960,1.0
12692,2.2828614711761475
65515,1.0
99967,1.4505177736282349
22894,1.0
46484,1.0
20667,1.0
666,4.524309158325195
67635,1.6427769660949707
46114,1.0
96670,1.0
92912,1.0
26720,1.0
17397,1.7108386754989624
11815,3.892735242843628
66194,1.0
39033,2.425046443939209
70692,1.0
21944,1.0
65694,2.1723756790161133
2584,1.0020335912704468
99037,1.0
58842,2.5925307273864746
28160,4.278102874755859
39101,1.0
40956,1.0
49132,1.0
78416,1.0
35620,1.0
83686,1.0
41077,2.386610984802246
62611,5.0
3280,1.0
7882,1.0
5381,1.0644896030426025
106415,1.5249671936035156
65292,1.0
104703,4.979553699493408
78029,1.9229274988174438
40930,1.0
94629,1.0
28177,3.416853904724121
42802,1.0
59548,1.0
105668,1.7411869764328003
31347,1.0
8211,3.7871875762939453
73056,1.0
32454,4.35629415512085
81319,1.0
91613,1.0
23759,1.0
12306,4.26225471496582
92116,3.467710256576538
57370,1.7020195722579956
40629,1.0
5600,2.1332151889801025
44624,1.0
524,1.0
39999,1.0
56977,1.0
40255,2.7621912956237793
48967,1.0
33434,1.0
66898,1.0750846862792969
98174,1.0
34001,2.995344638824463
17588,4.01171350479126
69844,1.0
19257,1.0
37679,1.0
34430,2.426837921142578
4422,1.0
52689,1.0
90360,1.0
56666,1.0
81056,2.46199631690979
53594,1.0
37711,1.0
40337,1.0
87590,1.558584213256836
30580,1.0
51014,1.7851247787475586
69597,2.951850652694702
91125,5.0
29196,3.1559646129608154
24699,1.7442512512207031
7666,1.0
33665,1.0
16351,1.0
20802,1.0
2117,1.0
5675,2.8517813682556152
33439,2.254570722579956
42297,1.0
7506,1.0
94173,1.0
11477,1.0
63555,3.059610366821289
77811,1.0
71641,1.5513449907302856
36306,1.0
21886,1.0
56731,1.0
4594,1.0
37769,2.229079008102417
105026,1.0
31469,1.0
6435,2.3020057678222656
25247,1.0
103039,1.0
27785,1.0
105994,2.062706470489502
29018,1.0
23276,1.0
17645,1.0
67070,1.0
52424,1.0
63645,1.0
104925,1.0
80013,2.482774257659912
103551,1.0
86858,1.0
4297,1.0
77577,1.0
96504,2.193225622177124
716,3.0261240005493164
87957,1.0
46439,1.0
21385,1.0
61088,4.174627780914307
93968,3.2913315296173096
51506,5.0
62701,3.413013458251953
57165,1.0
88680,1.0
40820,1.0
70248,1.0
93399,3.112760543823242
64914,1.0
106172,1.0
96723,1.0
108196,1.47925865650177
76685,1.0
6706,1.0
58748,1.0
761,1.0
63835,1.0
62378,3.4789092540740967
77716,1.0
73467,2.8467116355895996
85356,3.1216442584991455
79554,1.0
33579,2.697758197784424
32205,3.184981107711792
41027,1.0
107519,1.0
1876,1.0
89050,1.0
6767,1.374728798866272
53982,1.0
53646,1.0
33197,2.510939836502075
45002,1.0
103832,1.0
78562,2.2680397033691406
104778,3.1714439392089844
102018,1.0
100381,1.0
74109,1.0
27856,1.0
55039,1.0
51900,1.0
86204,1.0
35956,1.0
28825,1.0
3665,1.0
69115,1.0
30486,1.0
105929,1.0
31702,1.1054787635803223
82306,1.0
96261,1.0
81040,1.0
84808,2.6402950286865234
11668,1.95682692527771
83938,1.0
80592,3.4315216541290283
57090,1.0767275094985962
85627,1.0
98124,1.0
18291,5.0
81506,1.0
52189,1.3440285921096802
71026,3.501918077468872
10872,3.511263608932495
90553,1.0
7877,2.227598190307617
79042,1.0
55362,1.0
76521,1.0
89434,1.0
39864,1.0
51716,1.0
10898,1.7549231052398682
29158,5.0
40260,1.0
25945,1.0
76823,1.944391131401062
55928,1.0
18888,1.0
58167,1.0
104386,1.0516372919082642
40707,2.81260085105896
92506,1.0
68491,1.8322930335998535
83576,1.0
10754,1.0
895,3.863298177719116
94912,1.9268624782562256
18697,1.0
86658,2.3164734840393066
61688,1.9732191562652588
97173,1.0
97358,1.0
93124,2.701442241668701
69049,1.0
30812,1.0
79814,3.3137011528015137
15151,1.684720516204834
55132,1.0
107861,1.0
33928,1.0
40059,1.0
45869,1.0
6336,1.0
56849,1.0
39303,2.224409818649292
29754,1.0
27833,1.0
29046,2.7490150928497314
103165,1.0
1514,1.0
101575,1.5408155918121338
4563,1.0
3880,5.0
61042,1.0
46821,1.0
96985,1.0
18241,1.0
101624,1.0
25855,1.0
14830,3.156247854232788
90275,1.0
105059,1.0
94954,1.0
70888,1.0
40474,1.0
37910,1.0
14049,1.0
788,1.0
45360,1.0
88030,2.978376865386963
48043,1.0
41416,1.0
27147,1.748670220375061
33925,1.0
50032,1.0
72627,1.0
37955,2.9456369876861572
18790,1.7806899547576904
92575,1.0
83878,1.583361268043518
69317,1.0
26860,1.0
98740,2.501394510269165
44439,1.0664598941802979
19747,1.236087679862976
95714,1.0
11587,1.339682936668396
61842,1.4234360456466675
8683,1.0
40751,2.037675619125366
84638,1.0
73395,1.0
95305,1.0
98852,2.262465476989746
103970,1.0
29727,1.0
52618,1.0
51551,1.0
89553,4.831328392028809
48019,5.0
97457,5.0
107089,2.1211130619049072
38497,1.0
13114,1.0
71760,2.9059267044067383
21737,1.0
61690,1.5174111127853394
14936,3.6767079830169678
18724,3.532722234725952
84257,1.732348084449768
88759,1.0
19920,1.0
52993,3.1257741451263428
97383,1.0
63426,1.1368147134780884
57105,1.1597617864608765
13786,1.0
9597,1.0
50618,1.0
87233,1.0
87354,1.0
10244,1.4706796407699585
11107,1.0
14168,1.7718943357467651
12909,3.155456781387329
51381,1.0
37828,1.0
101435,1.0
65326,1.0
15390,1.0
65828,1.0
46541,1.0
83756,1.0
36637,1.298460841178894
36186,2.6347849369049072
65538,1.0713303089141846
54495,1.0
51782,3.863692283630371
51230,1.0
22369,1.082590937614441
15998,1.0
85531,1.912676453590393
81242,1.0
42606,1.0
72209,2.566861391067505
104017,1.4434747695922852
20496,1.0
73942,1.0
80221,3.1912262439727783
67243,3.205085515975952
68316,1.0
20012,1.0
37784,1.0
28274,1.0
37865,1.0
12060,1.0
38463,1.0
15568,1.0
49907,2.9390971660614014
9743,5.0
2392,1.132319450378418
64736,1.4503378868103027
87345,1.0
26569,1.0
75990,1.0
54691,1.0
32354,1.0
62504,1.0
33851,3.682396411895752
9961,1.0
48651,2.9297869205474854
10195,3.805899143218994
59279,1.0
44720,1.6562561988830566
75901,1.0
99179,1.0
88241,2.210792064666748
92774,1.0
75114,1.6551159620285034
23309,3.122898817062378
96256,5.0
14687,1.4111405611038208
2469,1.0
80107,1.0
77418,1.0
107233,1.0
83241,3.2045092582702637
91289,1.0
2639,1.0
47702,3.5724945068359375
62029,2.1471364498138428
79446,1.0
27049,1.0
10886,1.0
47220,1.0
87403,1.0
59623,1.0
59109,1.0
93304,1.0
54279,1.0
65244,1.0
25013,1.562196135520935
94508,3.609976291656494
50953,1.2428032159805298
49345,1.0
95222,1.0
92076,1.0
10599,2.849238157272339
57382,3.6396944522857666
70804,2.9727942943573
42307,1.0
88810,1.0
48811,1.0
52715,1.0
16557,1.4235011339187622
104220,1.1706087589263916
43937,1.0
20831,1.0
98271,4.335608959197998
41821,1.74418044090271
39885,1.0
18566,1.0
87458,2.978182077407837
35382,1.0
82632,1.0
63350,1.0
21537,1.0
46636,1.0
76254,1.0
84238,3.0697052478790283
21286,1.0
66664,1.0
95705,1.0
11959,2.1448092460632324
105618,1.0
90535,1.2587848901748657
23506,4.7425456047058105
101483,1.0
89034,1.0
95562,4.552372455596924
84807,1.0
101385,1.0
96689,1.360877513885498
97234,1.0
28341,2.706791877746582
17097,1.0
51650,1.1183255910873413
44344,1.0
73001,1.4472967386245728
21248,1.0
33486,1.0
100673,2.151022434234619
95458,1.0
27590,1.0
54499,2.5099003314971924
81137,1.0
22468,1.0
616,1.0
16696,1.8823829889297485
85910,4.438699722290039
70827,1.0
59478,2.1417336463928223
23345,2.853261947631836
41212,4.0810699462890625
80688,1.0
59541,1.0
93160,3.0676631927490234
8555,1.0
17398,1.0
43754,1.0
41666,1.0
86491,1.040283441543579
12542,1.0
39090,2.6946144104003906
12859,1.0
108083,1.0
83622,1.0
95011,1.0
102189,2.2663211822509766
24272,2.4648730754852295
103996,4.282989025115967
66876,1.0
95407,1.3276615142822266
45254,1.0
28578,1.062260389328003
72189,2.307771682739258
6330,1.0
83557,1.0
101653,3.885301113128662
69675,2.2625458240509033
690,1.0
59675,1.0
26307,1.0
64086,1.0
70785,3.3149545192718506
106776,1.0
95429,2.4427685737609863
59486,1.0
78927,1.0
74986,3.6499507427215576
74895,1.0
64180,2.3028838634490967
100680,3.824803113937378
43482,3.564770460128784
60494,3.1210548877716064
30017,1.0
102914,1.0
101963,1.5616941452026367
31293,1.0167434215545654
48592,1.0
81657,1.6386996507644653
103265,1.0
45581,2.906214475631714
105219,1.1776882410049438
65056,1.0
34818,2.024864912033081
79648,1.280357837677002
47171,2.5184223651885986
79444,1.0
61557,1.0
14794,1.0
13902,1.307096242904663
102926,1.0
67584,4.160362720489502
94763,1.0
7067,1.0
98106,1.0
83014,1.0
4168,2.266005277633667
61414,1.0
76619,1.0
82401,1.0
70629,1.0
27406,1.0
95333,1.0
72406,4.224020957946777
22427,1.0
98799,1.0
88894,1.0
17822,1.0
75623,1.5471264123916626
68096,1.2348628044128418
13237,1.0
56588,1.0
81664,1.0
19854,1.544106364250183
26776,5.0
12124,1.0
16402,1.0
77773,4.201152324676514
70041,1.0
48227,2.269901752471924
4792,1.3681373596191406
30103,1.0
87749,4.026046276092529
55265,1.1462316513061523
93222,1.2163939476013184
88842,1.0
79896,1.0
33786,2.3151657581329346
76386,1.6793278455734253
86172,3.5092055797576904
22026,1.0
57698,1.0
103677,1.0
103912,1.2077136039733887
2948,1.0
18958,1.0
89117,3.237267017364502
72482,2.695600748062134
38227,1.0
78080,1.0
83371,1.0
56278,3.5456132888793945
5789,1.459060549736023
103780,2.5054569244384766
68234,1.0
22773,1.0
59637,1.0
97947,2.1753904819488525
27766,1.0
71880,1.0
55747,1.0
44534,1.0
44744,1.0
72121,1.0
85807,1.0
34175,1.0
18783,1.0
20275,1.0
94979,1.0
106760,1.0
107885,1.0
34752,1.0
71769,1.0
31945,1.0
33850,1.0
41490,1.0
6328,1.0
96013,1.0
12265,1.0
66895,1.0
96403,1.0
39208,1.0
92658,2.1747565269470215
99591,1.0
66356,1.0227184295654297
74008,1.243683099746704
49417,1.0
104066,1.0
4656,1.0
43297,1.0
84345,4.8795671463012695
30839,1.7694505453109741
80866,1.0
17682,1.108054757118225
53632,3.439683675765991
14960,1.0
107987,1.0
66705,1.0
43269,1.0
50372,2.5815722942352295
57029,1.0
29945,1.3300756216049194
43516,1.0
71959,2.1881844997406006
61450,4.162384033203125
22920,1.0
101495,2.798621892929077
48788,1.0
2539,1.0
101715,1.2968318462371826
12524,1.0
69192,1.0
79267,1.0
59720,1.0
20665,1.0
82846,1.0
64241,1.399911642074585
54531,1.0
18481,2.192378282546997
64961,1.0
61868,1.2391304969787598
29102,1.0
46797,1.0
79386,1.0
103966,1.0
83905,1.9635426998138428
48710,1.0
90588,1.0
97063,1.8687825202941895
107937,4.155792236328125
85034,1.0
95813,1.0
103805,1.0
95695,1.0
48874,1.0
75319,1.0
53451,1.5327600240707397
82140,1.0
52360,2.2483975887298584
8019,5.0
99156,3.5069832801818848
24562,1.0
63506,1.0
46032,1.0
18906,1.0
107018,1.0
6610,1.2064716815948486
9576,1.0
94642,1.0
47765,1.0
89232,1.0
70794,1.0
83128,1.0
108,1.0
75270,1.0
22625,1.0
21443,1.0
105504,1.906280517578125
56004,1.0
65745,1.0
93292,1.0
66598,1.0
74302,1.0
84723,1.0
1509,4.312611103057861
62826,1.0
97178,1.0
46955,1.0
39256,1.0
85024,1.0
46430,2.171919107437134
16350,1.9425408840179443
28134,1.0
34875,1.0
27188,1.0
26717,1.0
46972,1.0
51540,1.0
27583,1.0
26579,1.0
92941,1.0
73916,3.7113006114959717
14751,1.0
64384,1.0
18665,1.0
97809,1.0
86040,1.0
96056,1.0
71380,1.0
33936,1.0
17706,1.0
75219,1.0
102904,1.7670567035675049
72242,1.0
19580,3.8031349182128906
60323,1.0
93339,1.0
55816,1.0
23,1.0
101698,1.0
33306,1.0
5577,1.0
9978,1.0
39352,1.9803167581558228
39836,5.0
24439,1.0
81609,1.0
68706,3.548152446746826
67122,1.0
2390,1.0375211238861084
67615,1.0
68772,1.0
14183,1.811495304107666
82631,1.0
63697,1.0
11854,1.0
36633,1.0
25221,1.0
52392,3.0916521549224854
74663,1.0
79392,1.0
11058,1.0
27176,1.0
7463,5.0
90641,1.082366943359375
94462,2.45560622215271
74193,1.0
76753,1.0
6189,1.0
58756,1.0
56517,2.7402303218841553
325,1.0
52781,1.0
73970,3.5270557403564453
46015,1.0
44592,1.0
74021,3.1619114875793457
51777,4.641552925109863
65304,1.0
29610,1.0
95602,1.3034192323684692
34052,1.0
32957,3.2742295265197754
94964,1.0
90414,1.0
25363,2.6008119583129883
29820,1.0
51128,1.0
82119,2.0131092071533203
56888,1.0
9055,2.425257682800293
102798,3.2675881385803223
90701,1.0
89087,1.0
46542,1.0
2778,1.0
1158,2.782834053039551
17632,1.8967164754867554
47431,1.826196551322937
40348,2.3008716106414795
105201,2.9411895275115967
102127,1.0
45046,1.4788731336593628
80778,1.0
61235,1.0
11185,1.0
14832,1.9850497245788574
89627,1.0
29515,1.0
80007,3.2567250728607178
49904,1.0
100393,1.0
46756,1.4627068042755127
54085,1.0
40913,5.0
41613,1.0
80946,1.0
102087,1.0
99131,4.041504859924316
101161,1.0
43576,1.0
97257,1.0
63252,1.0
20333,1.0
87762,1.0
74815,3.0245542526245117
64274,3.5974743366241455
79994,1.0
27262,1.0
53363,3.4024884700775146
108322,1.0
58143,1.5495091676712036
43271,1.0
105138,1.4267220497131348
53489,1.0
69315,1.1299891471862793
23033,1.0
6957,1.0
15673,1.0
101407,1.0
61269,1.0
53939,1.8462342023849487
94240,2.1511309146881104
2709,1.0
38270,1.0
20495,1.0
58901,2.025761842727661
78917,1.0
103420,1.0
45805,1.0
103313,1.0980818271636963
10938,1.0
62996,2.1389777660369873
73312,1.0
46794,2.1467487812042236
8033,1.0
37625,3.0240960121154785
29252,1.841939091682434
96575,1.0
58047,1.0
13344,1.0
75119,3.1277918815612793
29119,1.0
10356,1.0
81301,1.8581674098968506
18678,1.0
65484,1.7319068908691406
26891,3.2046637535095215
13790,1.0
60619,1.0
9810,1.0
37841,1.0
30000,1.7321733236312866
3180,1.0
67709,3.328777551651001
95621,1.0
25265,1.0
30783,1.0
3045,1.0
47771,1.0
62656,1.7281254529953003
14817,1.0
5170,2.371028423309326
91997,1.507756233215332
33865,1.0
94987,1.0
12543,1.9918900728225708
19023,1.0
98763,1.9806526899337769
92077,1.1042698621749878
36364,1.0
2687,2.658447504043579
43409,2.107285737991333
50734,5.0
34455,1.0
41629,1.0
2073,4.796875
39074,2.091792106628418
46605,1.0
61843,1.0
81795,1.0
22098,1.4872685670852661
17930,1.0
93618,2.281123399734497
73091,1.0
99680,1.0
91415,1.0
53201,1.0
65481,1.2348724603652954
64739,1.0
91905,4.100575923919678
55970,1.0
71931,1.0
72099,2.1549577713012695
58486,1.6397318840026855
31626,1.0
55900,1.0
90326,1.0
27914,1.0
92499,1.0
59679,1.0
66809,2.428345203399658
15645,1.0
41983,1.0
84015,1.0
33982,1.7922492027282715
48377,2.383732557296753
106772,1.0
31222,1.0
85628,1.0
92684,1.0
100928,1.0
82204,2.913041830062866
63465,1.0
18761,1.0
66710,1.0
13474,1.0
82937,1.0
44459,1.0
32665,1.0
66888,2.1327900886535645
67796,1.0
39572,1.0
65598,1.4421008825302124
24047,1.0
35645,1.0
77005,1.0
51818,1.0
45340,2.6427040100097656
29104,4.105165004730225
66616,1.0
7284,1.0529204607009888
83737,1.0
101518,2.129770040512085
373,1.0
14111,1.0
85082,1.0
73149,2.6998307704925537
98537,1.0
90845,1.0192183256149292
59020,1.0
61344,1.0
50882,1.0
83722,1.0
16838,1.0
84796,1.6194932460784912
5888,1.0
98980,3.2133493423461914
72394,1.0
25729,2.5657355785369873
67651,1.0
15332,1.0
11342,1.3819401264190674
88790,1.0
5765,2.036855936050415
68511,1.0
30765,1.0
106748,1.921660304069519
67711,1.1189206838607788
43228,1.0
53000,1.0
28801,1.0
93310,1.0
55355,5.0
13527,2.0839152336120605
3521,1.0
24467,1.0
34732,1.0
40435,3.2721047401428223
105916,5.0
58276,1.0
9175,1.3538784980773926
36094,1.0
47682,1.0
70996,1.0
76127,2.054703950881958
67302,1.0
41757,1.0
51288,1.0
48271,1.0
57544,1.0
48265,1.0
23676,2.239776849746704
22778,1.0
75371,1.0
36034,1.0
49692,1.0
38934,1.0
87761,1.0
90240,1.0
87949,4.5630784034729
29556,2.1556055545806885
62677,1.0
68866,1.0
60835,1.0
16453,1.0
3681,4.9597063064575195
103201,1.0
64586,1.1198476552963257
11915,1.0
71130,1.0
5112,1.0
43303,1.0
21362,1.0
66849,1.0
43984,1.0
29977,1.0
92944,1.0
14722,1.0
58574,1.0
15062,3.7162303924560547
90442,4.639622211456299
95382,1.0
105444,1.0
92685,1.0
29825,1.0
29128,1.0
107538,1.0
10708,1.0
3680,3.396681070327759
73788,1.0
75045,1.0
42242,1.0
44377,1.7084885835647583
2746,1.0
84559,1.0
56207,2.5112054347991943
10580,1.0
60474,1.0
44173,1.0
21208,1.0
51989,1.1986303329467773
74470,1.0
82753,1.0
5143,1.0
35700,1.0
90605,1.0363428592681885
8244,3.684133768081665
8388,1.0
94301,1.0
4151,1.0
45257,3.2469682693481445
17110,1.0
9909,1.322544813156128
73940,1.0
9243,1.0
12188,1.0
3243,1.0
15923,4.277331352233887
91359,1.6622122526168823
36010,2.8797459602355957
53852,1.0
80644,2.6769373416900635
34661,1.0
54586,1.0
70492,1.6516170501708984
107164,1.1818828582763672
30752,1.0
81404,1.0
73979,1.0
94779,1.0
7224,3.168884754180908
66199,1.0
56205,2.3803980350494385
20263,1.8604270219802856
23927,1.1466686725616455
93948,1.0
71310,1.0
63468,1.0
79753,1.0
60117,1.0
79772,1.0
24400,1.4643579721450806
24193,1.5422837734222412
51248,2.618119478225708
83990,1.0
4182,1.0
24415,1.0
77235,1.0
98324,3.3472094535827637
43849,2.709625482559204
58985,1.0
94733,3.778472423553467
86532,1.0
56702,1.0
20290,1.0
49582,1.0
59633,1.0
17858,1.0
4709,1.0
41794,1.0
65248,1.0
27758,1.0
69388,1.8316233158111572
100411,1.0
46788,5.0
8628,1.0
19044,1.0
63000,3.4783833026885986
17904,5.0
104363,1.0
52534,1.0
54129,1.0
11385,1.0
47881,1.0
107310,1.0
2403,2.3547492027282715
7515,1.0
100249,1.0
69648,5.0
107493,1.0
69147,1.0
92181,1.0
26202,2.0805437564849854
58592,1.0
90811,2.54205060005188
63413,1.0
95832,1.0
104861,1.0
59043,1.0
44659,1.0
59804,1.0
98699,1.0
100372,1.0
86047,1.0
71361,1.4908266067504883
108492,2.3844900131225586
74452,1.0
19552,1.0
6113,2.9603493213653564
55617,1.0
52522,2.14925217628479
6115,1.0
16142,1.0
76025,2.0158166885375977
16068,3.4972193241119385
82825,3.0052244663238525
340,1.5749752521514893
87952,1.0
22054,1.0
89161,1.437772274017334
92696,3.111520767211914
97818,5.0
100488,1.0
29003,1.3427165746688843
16391,1.405664086341858
38857,1.0
49588,1.0
5697,1.0
41443,1.0
16635,2.1692278385162354
74096,2.413543701171875
12938,1.0
90096,2.1155295372009277
29787,1.0
82209,1.0
99797,2.0483927726745605
15640,1.0
8803,1.0
13932,1.0
88858,2.236701488494873
15166,2.748812437057495
92300,5.0
53049,1.0
30005,1.0
11688,1.0
99307,1.0
97083,1.0
46699,4.950477600097656
62212,1.0
107786,1.0
33455,4.901984214782715
71634,1.0371294021606445
16167,1.4476463794708252
60248,4.328336238861084
40032,1.3042441606521606
86714,1.1492657661437988
8232,4.7847676277160645
79138,1.0
54079,1.0
5879,1.0
45749,2.3458309173583984
82058,1.0
40089,1.0
99457,1.8335932493209839
75093,1.0
60315,1.0
23473,1.0
80046,2.750575542449951
12131,2.3654112815856934
39548,1.0
22083,1.0
33431,2.898766040802002
40829,1.0
7209,2.110516309738159
34992,2.017481565475464
4047,5.0
35487,4.516236305236816
10823,1.0
14463,3.645860195159912
10625,1.0
14374,2.3388187885284424
102572,1.0
36188,1.0
105606,1.0
77900,1.0
7821,1.0
10706,1.0
87821,1.0
52075,3.06345534324646
94372,1.0
3017,2.7375097274780273
26366,1.0
19157,3.937943458557129
39967,1.0
92991,2.693188428878784
13684,1.0
60251,1.0
46019,1.0
104242,1.261441707611084
75014,1.0
96975,1.0
23120,2.7155725955963135
51418,1.4914157390594482
90264,1.0652176141738892
18478,1.0
73463,1.0
49771,1.0
97038,1.0
75231,1.0
79573,2.015472173690796
50619,1.0
81248,1.0
64653,1.0
42294,4.517537593841553
102800,1.0
56693,1.0
17037,1.0
24754,1.0
4392,1.3681228160858154
28788,1.0
54262,1.0
40412,1.0
107239,1.0
58832,1.0
14519,1.0
106311,1.6797540187835693
87566,3.3895206451416016
9607,1.0
32632,2.687366485595703
78217,3.1026771068573
4900,1.0
43819,1.0
69102,1.0
68441,1.0
87768,1.0
36089,1.0
28193,3.5329368114471436
53199,1.0
75561,1.2959063053131104
74450,4.133990287780762
24715,1.0
34751,1.245125412940979
104653,1.0
17392,3.43188214302063
1960,1.0
19763,1.0
67237,5.0
38477,1.0
75065,1.0
96915,1.7222230434417725
8734,1.3216460943222046
55615,1.0
40608,1.0
66162,1.0
91571,2.4602928161621094
1391,4.009982109069824
72819,1.0
13263,2.099933624267578
64500,1.0
44666,1.0
9474,1.0
17194,1.7765874862670898
81588,1.3529130220413208
18604,2.0457286834716797
93833,1.2554343938827515
46059,2.9390547275543213
77986,1.0
108398,4.3789191246032715
104288,3.9604315757751465
12097,1.6777211427688599
11917,1.0
59069,3.0297088623046875
31948,1.0
12652,1.0
47904,1.0
41438,1.0
54624,3.717301845550537
63029,1.845746636390686
34288,3.3159594535827637
46037,1.0
59055,1.805220365524292
102754,1.0
76219,1.0
4842,1.0
48728,1.0
24072,1.0
80331,1.5266356468200684
88478,1.0
7361,1.0
58812,1.4869548082351685
3345,1.0
94624,1.0
33002,1.0
38333,1.0
87882,1.693922519683838
69286,1.0
108152,1.0
57866,3.074864625930786
54602,1.0
29593,1.0
86974,1.0
20189,2.458914279937744
77608,1.4578801393508911
71892,1.0
64485,1.0
26363,1.0
29846,1.0
94704,1.0
97756,1.0
92407,1.0
62894,1.0
7764,1.0
20919,1.0
94448,1.0
93360,1.0
67603,1.0
88817,4.073541641235352
1046,1.6424394845962524
100825,1.0
47839,1.0
23469,1.2522608041763306
81016,1.0
11793,2.270368814468384
100769,1.0
65617,1.0
69925,1.0
28433,1.0
86161,1.0
91198,1.0
64074,2.1694791316986084
31057,2.0321033000946045
96367,3.5915536880493164
25252,1.0
78432,1.0
81569,1.0
51448,1.0
64916,1.0
4765,1.0
36610,3.289393901824951
43123,1.4500246047973633
98561,1.0
19588,1.0
86715,2.403231143951416
108107,1.0
61988,1.0
12615,1.0
78501,1.0
26578,1.0
40042,1.0
71055,1.0
32033,1.0
55688,1.0
44951,1.0
73340,1.0
64843,1.79836905002594
21334,1.0
19281,1.0
49347,1.0
101068,2.1224329471588135
66992,3.1395227909088135
21488,3.4395647048950195
63886,1.0
29733,3.620941638946533
66092,1.0
6288,1.0
50095,1.0
82888,1.0
38392,4.934011459350586
73684,1.1722699403762817
22321,1.0
38514,3.1695477962493896
23799,5.0
52500,1.0
30896,1.0
77574,1.0
103632,4.84492826461792
1117,1.0
11410,1.0
103833,3.39851450920105
56188,1.0
82106,1.0
77623,1.0
38705,1.0
12591,1.0
85920,1.1170698404312134
49712,4.049190044403076
13461,1.0
64085,1.0
91212,2.9135942459106445
21174,1.0
8414,5.0
105229,1.0
615,2.1985368728637695
12981,1.0
2907,1.0
9087,1.0
91606,1.0
23747,1.0
26080,1.5360416173934937
90469,2.128613233566284
72360,1.0
89393,1.503881573677063
60093,1.0
59969,1.0
82838,1.0
50461,1.6182754039764404
37337,1.5276015996932983
40190,1.0
24802,2.6574454307556152
25708,1.3731197118759155
4770,1.3154497146606445
93911,1.9241324663162231
22671,2.7721242904663086
75852,1.0
7598,1.0
68909,1.0
106686,4.941919326782227
104612,1.0
38003,1.0
9806,1.0
60318,2.117785930633545
31918,1.0
28318,1.0
10327,1.0
59653,1.9172983169555664
106448,1.0
21402,1.0
99222,2.078190565109253
58953,2.6689367294311523
65832,1.0
36390,1.0805944204330444
68184,1.0
50805,1.0
66966,1.0
18865,1.0
20256,1.161529779434204
91317,3.3773505687713623
78289,1.0
88379,1.0293469429016113
60976,1.0
42863,1.0
38625,1.0
85308,1.0
67316,1.0
64938,1.0420441627502441
95405,1.0
19206,2.058682441711426
52674,1.1943937540054321
30235,3.4715335369110107
102159,1.0
77214,1.0
14679,1.0
20934,1.0
11413,1.0
79061,1.0
58569,1.0
27998,1.0
6114,1.0
67585,1.0
42667,1.3669337034225464
102376,4.961400985717773
73847,1.0
83748,1.0
84347,1.0
52706,1.0
77300,1.0
89436,1.0
96175,1.0910465717315674
70447,2.128647804260254
72398,1.0
60475,1.0
91876,1.0
40505,1.0
11919,1.0
99429,1.0
8339,2.8038597106933594
44019,1.0
90310,3.122769832611084
72263,2.1330392360687256
25741,2.7833940982818604
36768,1.0
39192,1.0
103721,1.0
34790,1.0
34061,1.0
70050,1.0
72008,1.0
84810,1.0
86104,2.3017308712005615
53694,1.0
88539,1.0
46109,1.0
14545,1.0
28057,1.0
34077,1.0
66399,1.0
64502,5.0
47768,1.0
71685,4.989048004150391
19577,1.0
103718,1.0
76820,4.014143943786621
58256,1.0
38789,3.972893238067627
71262,1.0
43903,1.0
63539,1.0
6971,2.302436351776123
98364,1.0
108028,3.8297557830810547
27593,1.459349274635315
68898,1.0
17328,1.0
101885,1.0
108184,1.2872675657272339
18223,1.0
63098,1.0
26624,1.0
22516,1.0
66153,1.0
41842,2.7906932830810547
20477,1.0
106055,1.0
66648,5.0
28690,1.0
88921,1.391221046447754
59423,1.0
106021,1.0
62592,1.0
91180,1.0
29221,1.0
46155,1.0
89334,2.8040883541107178
66802,1.0
55011,1.7656148672103882
61060,1.0
55068,1.0
102113,1.0
40417,1.0
91650,1.0
59070,1.0
45220,1.0
41584,5.0
101097,1.0
80135,1.0
33629,1.0
89501,1.0
36850,1.0
53820,2.656376361846924
64408,4.6029863357543945
32601,1.0
64374,1.0
15503,1.844688057899475
415,3.478771686553955
42706,1.8681076765060425
1472,1.0
76007,1.0
105838,1.0
7671,3.8439888954162598
40204,1.0
72687,1.0
40270,1.0
29180,1.0
101410,1.0
60294,1.0
62027,3.1081743240356445
77706,1.0
100144,3.616295576095581
107934,1.0
39719,1.0
101775,1.0
34484,1.0
98596,1.6061168909072876
2099,1.0
25143,1.0
31773,2.6243600845336914
67090,1.0
80821,3.3892366886138916
5448,2.842207431793213
10407,2.6975317001342773
3228,1.0
76235,1.0
104828,2.7025530338287354
106003,1.0
27272,1.0
16964,1.0
70462,1.0
35838,1.0
26149,1.0
14990,1.0
18195,2.7598683834075928
18059,1.0
52277,1.0
2216,2.0262203216552734
706,1.0
69314,1.0
45535,1.0
65096,1.0
77946,2.405154228210449
6506,1.0
18853,1.118743896484375
72616,1.0
80406,1.42271888256073
34442,2.7939867973327637
65355,1.0
46928,1.0
73873,1.0
16601,1.0
9394,1.0
105736,1.0
35509,1.0
42033,1.0
11118,1.0
96589,1.0
93136,2.3463597297668457
47879,1.0
80098,1.0
83992,1.0
11269,1.0
12229,3.3024814128875732
65518,1.264938235282898
9660,1.0
73045,1.0
104966,1.0
63242,1.0
27921,1.0
53347,1.0
70761,2.7427291870117188
99220,1.0
59403,1.0
2271,1.0
43039,2.391923666000366
79417,1.0487803220748901
31900,1.0
19212,1.5772638320922852
78443,4.289051055908203
21807,1.0
12255,3.948432207107544
10501,2.238166332244873
108206,2.3970725536346436
55744,1.0
3375,1.0
29219,1.7982959747314453
41454,1.0
30543,1.0
14110,1.0
39838,1.0
41791,1.0
72729,1.0
40058,1.2029502391815186
16618,1.0
90688,1.0
78976,1.0
46277,1.1470787525177002
90827,1.0
28624,1.5149579048156738
10056,2.9543700218200684
89319,1.0
105463,2.024427890777588
32082,1.294809103012085
77767,3.3799781799316406
71798,1.0
43098,1.0
28601,1.0
72814,5.0
48537,1.0
61703,1.0
38475,1.80915105342865
64606,3.5825424194335938
22854,1.0
100605,1.0810030698776245
68725,1.0
51931,3.8597965240478516
69279,1.0
83507,1.0
46509,1.0
49315,4.9199018478393555
51813,1.0
2864,1.0
35895,1.0
99459,1.0
89417,5.0
60995,1.0
88871,1.0
15617,1.0
28931,1.0
89725,1.0
49669,4.965199947357178
99117,1.0
100191,1.0
50201,1.0
87185,1.0
25513,1.0
64579,1.0
88229,1.0
35075,2.9263932704925537
22616,2.0346670150756836
84138,1.4393936395645142
35702,1.0
38109,1.0
32548,2.691422700881958
42193,4.736853122711182
34417,1.0
6996,1.0
52339,5.0
60880,1.0
65770,1.0
23873,1.0
53413,1.0
2260,1.0
29539,1.0
79319,1.4834771156311035
60562,1.0
85202,1.0
91674,1.0
46215,1.0
60764,1.0
2786,1.0
47239,3.240025043487549
7851,1.0
100419,1.0
56275,1.3308721780776978
4072,1.0
19852,1.0
3823,1.063539981842041
97340,1.0
9850,1.0
77362,1.0
91319,1.0
96479,2.022184133529663
99527,2.6006898880004883
57664,4.420139789581299
16933,1.0
69342,1.0
61396,1.0
68809,1.0
9983,1.0
33911,1.0081913471221924
54398,1.5340287685394287
7351,1.572532296180725
37470,5.0
75934,1.0
92172,1.0
11046,1.0
52465,1.7983579635620117
873,1.0
31203,1.4763680696487427
46970,2.9827098846435547
41457,1.0
35430,1.0
97293,1.0
28649,1.0
39104,2.5872066020965576
82515,1.0
54357,1.0
68738,3.167332172393799
552,1.5391871929168701
11499,1.0
50261,2.319723129272461
13743,2.5234999656677246
5800,1.1815000772476196
11009,1.0
92583,1.0
15699,1.0
35146,1.0
58249,1.0
57369,1.0
92592,1.6264013051986694
91897,1.0
33353,1.0
26112,1.0
100513,1.0
21201,1.3226217031478882
11924,1.0
104820,1.0
86169,2.0416769981384277
66379,1.3156119585037231
62531,4.7397541999816895
65642,2.0507004261016846
51897,1.0
44139,1.0
102679,1.0
82954,1.0
25018,1.0
73653,1.0
90400,2.1788411140441895
66035,1.0
56384,1.0
99418,1.0
5949,1.0
46816,1.0
69637,1.0
66651,2.795696258544922
77523,1.0
80127,1.0060118436813354
52078,1.0
69546,1.0795878171920776
56726,1.0
75099,1.0909619331359863
38862,1.816183090209961
66725,1.0
26988,1.0
30985,1.0
48905,1.0
54016,4.810253620147705
24496,5.0
100435,1.0
80956,1.0
19411,1.0
49852,1.0
91873,2.264258861541748
78314,1.0
35637,1.0
21185,1.0
55726,1.1425470113754272
7788,1.0
30014,1.0
32869,1.0
76627,1.0
106218,5.0
56171,1.0
1968,1.0
16072,4.892524719238281
104320,1.0
71263,5.0
82131,5.0
81817,1.0
47984,2.7384395599365234
12380,1.1312942504882812
264,1.0
31074,1.0
35355,1.0
100001,4.775162220001221
19178,4.028364658355713
46862,1.0
46072,1.0
47517,1.0
19704,2.1558637619018555
43192,1.0
15224,3.4115142822265625
93584,1.0
645,1.0
46196,1.0
76503,1.0
30589,1.0
94465,1.0
68643,1.0
87819,1.0227495431900024
67689,1.0
72696,1.1401457786560059
41817,1.0
80174,2.4831020832061768
83664,1.0
85416,1.0
65842,5.0
17298,1.0
3994,1.0
40302,1.0
88462,1.0
59437,1.0
76376,1.0
69303,1.0
89482,5.0
86977,1.0
21960,2.3828423023223877
20231,1.0
38901,1.0
15798,1.0
29864,1.0
51966,1.0
104008,1.0
98810,1.0
30342,2.0898935794830322
56271,1.0
72640,1.0
44371,3.698925256729126
62562,1.0
25093,1.0
89651,1.182595133781433
35312,1.0778197050094604
101787,3.9722225666046143
62055,2.775235891342163
18464,3.3965096473693848
2794,2.544581890106201
61077,1.115519642829895
4232,1.0
58174,1.0
94034,2.355149269104004
46622,1.0
6242,1.0
102198,1.0
1389,1.0
70518,1.0
3403,1.0
71718,1.0
50146,1.0
75181,3.42271089553833
6407,2.4349145889282227
47769,1.0
23202,5.0
25167,1.0
90036,1.0
30210,1.0
82877,1.0
93445,1.0
24589,1.0
8134,2.2015130519866943
41534,1.0
66972,1.0
42157,1.0
15089,1.2445095777511597
32806,1.0
7835,1.0
29082,1.0
43047,1.0
16245,1.0
83860,1.0
27612,1.0
57584,1.0
72285,1.1563838720321655
105561,1.0
62960,1.0
80252,2.8438339233398438
3316,1.5983014106750488
67797,3.021308183670044
88318,1.0
24795,1.0
420,1.7251794338226318
98956,3.9235448837280273
68965,1.0
45667,1.0
4032,1.5303126573562622
53373,1.0
34010,1.0
96227,1.0
44330,1.0
44639,2.6167054176330566
18446,1.4604870080947876
48287,1.0
13662,1.0
70463,1.7716155052185059
54965,1.4645415544509888
96642,1.0
8645,1.0
76414,1.6445868015289307
99396,1.0
50236,1.9850664138793945
24453,1.5422767400741577
49714,1.0
38929,1.0
40312,1.0
46696,1.0
1918,1.0
37961,1.404437780380249
84532,1.392601728439331
52471,1.0
55659,1.0
65170,1.0
84820,1.0
51835,1.0
9127,1.0
258,1.0
89939,1.0
84784,2.4991676807403564
33887,1.0
97731,5.0
7670,1.0
22005,4.9439897537231445
93883,1.0
76716,1.0
2512,1.0
20097,1.0
70314,1.0
23479,2.425105333328247
103299,1.0
104205,1.0
50840,1.0
43015,1.9706790447235107
70388,1.0
42408,1.0
2262,3.8183252811431885
95855,4.048455715179443
85605,1.0
33516,4.7684173583984375
97894,1.0
14261,1.0
71870,4.646842002868652
11265,1.0
29192,1.196613073348999
24763,1.0
21205,1.0
48501,5.0
52042,1.0
16194,1.0
64864,1.0
86915,1.0
35089,1.0
63868,1.1229865550994873
25419,1.0
14480,1.0
12514,1.0
9537,1.0
96116,5.0
21501,2.160032272338867
14118,1.0
92017,1.0
95480,4.232424259185791
88164,1.0
7481,1.0
60740,1.0
78749,1.0
14709,1.0
8980,1.0
101333,1.0
2561,1.177857756614685
15729,1.605069637298584
61017,2.6212499141693115
12922,1.0
58044,1.0
85334,1.0
77817,1.0
97964,1.1458173990249634
22755,1.0
33342,1.0
85345,2.1682281494140625
66942,1.0
85673,1.0
101751,4.144120693206787
18145,1.0
22838,1.0
14921,1.0
94182,1.0
16552,1.0
96105,1.9623219966888428
101913,1.0
58933,1.2658120393753052
65322,1.0
89157,1.0
31910,1.0
39244,4.131739139556885
75546,1.0
59358,1.0
22893,4.704455852508545
50914,1.0
16034,1.0
89971,1.1499507427215576
92262,1.0
58195,4.113551139831543
64421,1.0
26564,1.0
106142,1.0
86281,1.0
55472,1.0
95759,1.0
50800,1.0
22307,1.7221763134002686
96069,1.0
61238,2.165858745574951
91429,1.0
25711,4.028707504272461
23308,1.0
34824,5.0
62837,5.0
41860,2.502192497253418
53304,4.2428154945373535
40188,5.0
26813,1.0
73842,1.0
91267,2.5637731552124023
58982,1.0
55664,1.0
85033,2.2654128074645996
6038,1.0
95132,1.7114601135253906
82378,2.771890640258789
18392,2.227184534072876
51091,1.696013331413269
23340,2.984776258468628
107904,1.0
40394,2.555875778198242
77194,1.0
30522,1.0
92424,1.0
98926,2.3764584064483643
87399,5.0
1667,1.0
19692,1.0
72754,4.423247814178467
65108,1.0
44089,1.5816900730133057
107924,1.2508524656295776
45311,3.184385299682617
36130,1.0
32901,1.416738510131836
26949,1.524954080581665
77509,5.0
58244,1.0
41712,5.0
41737,1.0
96313,1.0
82609,1.0
53374,3.20467472076416
25997,1.0
42644,1.0
34125,1.0
86065,1.0
105040,1.0
88019,1.0
22218,2.576836347579956
30406,1.0
99871,1.0
3899,1.0
24021,1.0
7314,1.0
78995,1.0
45977,1.0
68782,1.0
96206,2.876779556274414
63061,3.424372434616089
2808,2.6084511280059814
36611,1.0
24891,2.2449939250946045
14479,1.8305014371871948
46393,1.0
37109,1.983967900276184
73523,1.0
12551,1.0
29899,1.3075385093688965
93075,1.0
69632,1.0
67731,2.7628097534179688
57906,1.0
106005,3.7693896293640137
8097,1.0
1142,2.5083861351013184
48556,1.0
18245,3.5967535972595215
73743,1.0
104640,1.6185100078582764
101339,1.0
33277,1.0
97698,4.46610689163208
107795,1.0
88160,1.0
94603,1.8544316291809082
23134,1.0
16548,1.4277193546295166
41482,1.0
41741,3.700270652770996
52222,1.0
89871,1.0
38418,1.0
89176,2.9386866092681885
50640,1.0
1047,1.0
106705,4.439735412597656
45330,3.789435386657715
64318,1.2667056322097778
19731,1.0
1208,1.0
53942,2.52683424949646
58220,1.0
84246,1.0
6275,1.0
50336,1.0
25109,1.3442859649658203
13881,1.0
14126,1.0
8477,2.30975079536438
82001,1.0
43014,1.0
73391,1.0
31872,1.0
21393,1.0
92291,5.0
23557,1.0
100702,1.0
15327,1.0
81431,1.0
88740,1.0
106024,1.0
94607,1.0
52887,4.44498348236084
10406,2.59667706489563
66897,1.0
83087,1.0
51251,1.0
60999,1.0
73989,1.0
103015,5.0
57644,1.0
35760,1.0
74824,1.299267292022705
94532,4.39456033706665
23984,1.498245358467102
72011,5.0
23425,1.0
14375,1.0
87195,1.0
95864,2.637927293777466
104030,1.0
97127,1.0
96784,1.5073121786117554
27391,2.188152313232422
89148,1.0
87500,3.556685209274292
76586,1.0
70956,2.2697179317474365
24923,1.0
106401,1.1214171648025513
6061,1.656615138053894
31342,1.0
9695,1.0
85584,1.0
58015,2.917759656906128
92527,2.7437169551849365
2543,1.0
91779,1.0
91227,1.0
85982,1.0
76792,1.0
86970,4.205169200897217
14862,1.066927433013916
17529,1.0
43336,3.854588747024536
97587,5.0
47927,1.0
55498,1.0
12529,1.0
60866,1.0
75661,1.0
59960,3.856677532196045
53255,1.0
18368,2.646263599395752
48911,1.0
21657,5.0
108480,1.0
53806,1.6809991598129272
37062,4.478914737701416
103034,1.0
29608,1.952372670173645
10752,1.0
96263,1.0
100259,2.4920694828033447
91872,1.6289253234863281
280,1.0
97346,2.4289073944091797
61758,1.0
16330,1.0
20305,1.0
47157,1.0
66927,1.0
82482,1.0
4464,1.0
70947,1.0
4221,1.2966151237487793
99076,1.0
22670,1.0
42625,4.6658830642700195
3701,1.0
91717,1.0
84226,1.0
38415,1.0
38928,1.6881777048110962
73252,1.8576381206512451
82176,1.0
96399,1.0
46734,1.0
9965,4.240136623382568
99606,1.0
41300,1.0
97399,2.316535234451294
89794,1.0
51980,1.0
42324,1.0
56327,1.0
55256,1.0
93504,3.347266435623169
79872,4.705705165863037
65874,4.374687194824219
104462,1.0
70907,4.278646469116211
16735,1.0
14278,1.0
1780,1.0
53845,1.0
20765,1.0
39477,1.499719262123108
54747,3.5027058124542236
33868,1.0
25425,1.0
9399,1.0
64120,1.0
13677,4.131451606750488
68175,1.0
42642,2.0226757526397705
107977,1.0
13332,1.9199897050857544
44879,1.2362369298934937
90039,3.6691489219665527
30662,1.0
55046,1.0
12626,1.0
23726,1.0
98565,1.0
50500,1.0
8303,1.0
103680,2.5762529373168945
107804,1.0
88962,1.0
92327,2.478753089904785
48246,2.2056777477264404
98859,3.8540120124816895
74943,1.0
13829,1.0
24858,1.0
2946,1.470119595527649
76995,1.0
94217,1.0
17188,1.0
53108,1.0
42457,1.0
64511,3.095202684402466
71854,4.642402172088623
85907,1.0
73440,1.3244017362594604
77528,1.0
40974,1.0
28461,1.0
61550,2.06659197807312
105720,5.0
74191,3.6315417289733887
56915,1.0
10757,5.0
225,1.0
4188,1.0
61040,1.0
34828,4.146835803985596
283,1.0
32134,1.0
1777,1.0
55975,2.1566836833953857
17068,1.0
53582,1.0
32267,1.0
86414,1.0
29177,1.0
39789,1.0
106721,1.0
87987,1.0
83272,1.0
68951,1.0
89893,1.0
62067,1.0
105653,1.0
105974,1.0
100015,1.0
81607,4.231407642364502
34643,1.0
3108,1.0
6813,1.0
51482,1.6796444654464722
6340,1.0
48075,5.0
52378,1.0
10763,1.8578367233276367
28776,1.0
64228,1.0
55793,5.0
33784,1.0
39844,1.0
92027,1.0
30024,1.0
14442,1.0
44783,1.0
11513,1.0
12521,1.0
79944,2.9513583183288574
17932,1.0
75926,1.0
64778,1.0
25382,2.470620632171631
48617,2.951016902923584
95128,1.0
45136,2.0203518867492676
81394,1.2172932624816895
47300,2.22040057182312
76093,5.0
57967,2.72271466255188
54865,1.0
106979,1.0
42191,4.109052658081055
23694,3.265223503112793
85633,1.0
21931,1.0
47133,1.0
77959,2.347019672393799
942,1.0
29558,1.0
13255,2.046170234680176
39773,5.0
39117,1.0
32684,1.0
57560,1.0
108181,1.0
60564,1.0
105741,1.0
26531,2.1386194229125977
48715,1.0
36728,1.0
64127,1.0
15671,1.0
52367,1.0
8551,2.7293577194213867
2506,1.0
12977,1.0
9702,1.8673864603042603
31695,1.0
19427,1.0
60890,2.4126434326171875
36888,2.615283489227295
7295,1.0
77853,1.0
52254,1.8419352769851685
686,4.21649169921875
104783,1.0
75849,1.0
46586,1.0
18078,2.961411714553833
16973,1.0
66860,1.0
96059,1.62238347530365
24813,1.6458853483200073
53702,2.454943895339966
17855,3.316084146499634
68040,1.0
99803,3.0576047897338867
8944,1.0
5704,1.0
90005,1.293296217918396
100908,1.0
4722,1.1121935844421387
98025,1.0
72309,1.0
52065,1.0
49352,1.0
63642,1.1610907316207886
27385,1.0
23819,4.036173343658447
43865,1.0
5871,2.0686235427856445
90991,1.0
73074,1.0049216747283936
100823,1.196352243423462
17018,1.9260616302490234
1952,2.365182399749756
25183,1.0
53289,1.0
58011,1.0
33549,5.0
63405,1.0
83968,1.0
107839,1.0
66838,1.0
16697,5.0
87906,1.0
60646,1.0
15565,1.0
103581,1.0
69657,1.0
11509,1.0
69827,1.0
86986,1.0
99958,1.0
45084,1.1271497011184692
47504,5.0
8056,1.0
83412,4.389400005340576
8427,1.0
75004,1.0794278383255005
83489,1.0
65083,4.3585591316223145
90624,1.3674941062927246
105665,2.340893030166626
21187,1.0
65194,1.0
60466,1.0
2186,1.0
25804,1.0
58597,1.0
51712,1.0
67828,1.0
18883,1.0
59829,4.077928066253662
102303,1.0
88041,3.0963053703308105
22373,2.523317337036133
70182,1.0
29143,1.0
99290,1.2874865531921387
54722,1.0
54190,1.8332202434539795
9799,1.0
97814,2.466627359390259
99267,1.0
64930,3.4138197898864746
105305,1.0
61922,1.0
29145,4.552699565887451
101607,1.0
21764,1.0
65052,1.0
48848,1.0
34535,1.0
69299,1.0
44450,1.0
38268,1.0
69269,1.0
54123,1.0
85311,1.0
96075,1.0
36241,1.0
49911,1.0
52466,1.0
17888,1.0
12287,1.7271088361740112
57918,1.0
33265,1.0
67747,1.0
89098,1.0
94651,1.0
87710,1.0
34550,1.0
8620,1.0
105966,1.0
28392,1.0772802829742432
4075,1.1657246351242065
54643,1.0
22255,2.8322324752807617
61178,1.0
5260,1.2056224346160889
101933,5.0
14027,1.0
49110,1.0
97796,2.8795061111450195
103587,3.029341220855713
105808,1.0
105403,1.0
45858,3.2740585803985596
73461,1.215472936630249
10977,1.0498988628387451
4435,1.0
23779,1.0
40015,1.0
65298,1.0817503929138184
66410,2.340005874633789
97613,1.0
82588,1.0493075847625732
69871,1.6704249382019043
6015,1.0
97646,1.0
28721,1.0
1424,2.5622189044952393
63248,4.77488899230957
83853,3.517051935195923
54295,1.0
35694,1.6045647859573364
14577,3.0775465965270996
97305,3.504385232925415
61315,2.356424331665039
19625,1.0
34706,1.2937688827514648
75566,1.0
51409,5.0
99126,2.3098833560943604
44323,1.0
85648,1.0
68341,1.0
11356,3.331118106842041
108076,1.6124552488327026
26269,1.0
70891,1.0991939306259155
56011,2.6213090419769287
49847,3.198267698287964
35214,1.0
71372,1.0
10316,1.0
69057,1.3050538301467896
52416,1.0
99625,1.2515666484832764
954,1.0
32537,1.0
76670,1.8401275873184204
64379,1.0
84035,1.0
86415,1.0
75260,1.0
78293,1.0
10988,1.0
94294,1.0
6481,1.0
97176,1.0
42873,2.218205213546753
58474,5.0
31947,2.5663094520568848
107021,1.0
8611,1.0
57769,1.15139901638031
70410,1.0
18270,1.0
26803,1.0
99386,2.4817392826080322
4590,1.0
55806,1.0
95246,1.0
64971,1.4839574098587036
106963,1.0
1484,1.0
83556,1.0
18946,1.0
83260,5.0
46656,1.9788950681686401
102298,1.0
37747,1.0180085897445679
105037,3.378481388092041
101248,1.0
73413,2.0276944637298584
85000,1.0
9475,1.0
78626,2.5341439247131348
40162,3.3095712661743164
9331,1.0
32978,1.3683315515518188
78267,1.0
83594,1.0
23474,2.8140172958374023
11749,3.206210136413574
64314,1.0
50267,4.037134647369385
91657,1.0
36127,3.639328718185425
44486,1.0
12135,1.0
22612,1.0
48629,1.0
3862,3.080451488494873
22743,1.0
94365,1.0
45120,1.0
97589,1.0
51043,1.0
97761,1.0
71443,1.0
19172,1.0
37256,1.0
96823,1.0
81643,1.0
107749,1.0
66832,1.0
26150,1.0
7074,1.0
7267,1.0
70389,1.0
65992,1.0
43784,1.0
62535,1.2894788980484009
56382,1.0
25983,1.0
10174,5.0
6528,1.0
38947,2.088440418243408
87220,1.0
91981,1.0
92742,1.0
31387,2.3313651084899902
19304,1.0
67385,1.0
14953,1.0
15060,5.0
69041,1.0
4441,1.0
16903,1.0
40971,1.0
106832,2.740917205810547
89128,2.961522102355957
8705,1.496395230293274
7494,1.0
22294,1.0
8422,5.0
32142,1.0
86765,1.0
35418,1.0316133499145508
47467,1.0
66604,1.0
106945,1.0
90685,1.0
22932,1.0
92452,1.0
46897,1.0
69708,1.0
7182,3.7243688106536865
100405,1.0
13972,1.0
79007,4.342011451721191
21470,5.0
37731,1.0
17813,1.0
60451,1.0
72538,1.0
21585,3.2812089920043945
53684,1.9988545179367065
97074,1.0
101646,1.0
28873,1.0
35841,1.0
41145,2.6188461780548096
2408,1.0
32649,1.0
51226,1.0
102147,1.0
85545,1.0
80627,5.0
28194,1.0
96840,1.0
47295,3.5283963680267334
96012,1.0
106340,1.0
35384,2.614633321762085
8088,3.8041110038757324
76075,1.078792929649353
107543,4.720758438110352
62243,1.0
38535,1.0
33012,5.0
55567,1.0
86640,1.0
44374,1.0
103269,1.0
9056,1.0
68658,1.0
78699,1.0
93604,1.0
15825,1.0
24462,1.0
39540,1.0
73448,4.844305038452148
33148,4.122809410095215
5162,1.0
96462,1.0
19195,1.0
102118,3.087550640106201
81799,1.0
12511,1.0
59876,1.0
92274,1.0
70498,1.0
81547,1.0
45285,1.0
8161,1.0
79130,1.5553923845291138
39849,1.0
41758,1.0
92824,2.1763644218444824
67389,1.0
75006,1.0
97480,2.1934123039245605
64091,1.0
103141,1.0
34674,3.1294546127319336
74778,1.0
46399,1.0
51871,2.682779312133789
58571,1.0
19805,1.0
47189,1.0
105108,2.675475835800171
95600,1.0
95169,1.76749587059021
103163,1.0
96452,1.0
83486,1.1274362802505493
87990,1.0
102255,1.0
4568,4.942251682281494
88862,1.3403671979904175
46984,1.0
104514,1.0
78044,4.281044960021973
86130,1.0
58164,5.0
100570,1.0
86969,1.0
104073,1.0
104041,3.7358908653259277
71991,5.0
81448,1.4753228425979614
106486,1.0
32319,1.0
30732,2.6070427894592285
45081,1.2411251068115234
46799,1.0
86522,1.0
91554,1.0
43360,2.0221786499023438
57678,1.0
77842,3.322793960571289
102427,3.3200199604034424
9377,1.0
11531,1.5479077100753784
2320,1.0
95335,3.383545160293579
91083,1.0
92390,1.117576003074646
108595,2.9104928970336914
76877,1.0
75843,1.0
19496,1.0
30933,1.4671554565429688
91006,2.217191457748413
21935,4.489354610443115
19036,1.0
85785,1.495102047920227
105519,3.1098787784576416
83028,1.0
104752,1.0
71576,1.0
59328,2.749232769012451
92178,1.8475513458251953
99925,1.0
5147,1.075606107711792
54319,1.4656260013580322
56118,1.0
37604,3.4361040592193604
27647,1.0
25975,1.0
29431,1.6269749402999878
31133,1.0
77359,2.755586624145508
85039,1.0
105671,2.086076498031616
45466,3.9882631301879883
99083,1.0
18084,1.0
36556,1.0
61982,1.4468580484390259
81432,1.0
87099,1.0
97868,1.0
16186,1.0
105984,1.0
28780,1.0
86177,1.0
53354,5.0
16069,1.0
105072,1.0
50895,1.0
57532,1.0
85607,1.0
53151,1.0
67727,3.6056528091430664
50528,4.406891345977783
62644,1.0
101397,4.329715251922607
40099,1.5765869617462158
41108,1.0
36576,1.0
57000,1.0
90878,1.0
106452,1.0
11857,2.2991487979888916
5683,3.601768970489502
14701,1.0
66669,5.0
79288,1.0
70756,1.0
22517,1.0
17262,1.0
64790,1.0
19077,2.3591041564941406
4003,1.0594042539596558
86623,1.6005661487579346
75100,1.2433115243911743
95009,1.0
29062,1.0
104641,1.0734288692474365
71768,1.655916452407837
19518,1.6663076877593994
21809,2.5376789569854736
34183,1.0
15494,1.0
25006,2.834118127822876
17810,1.0
99375,1.0
28894,3.1294758319854736
9917,1.0
6031,2.750101327896118
75191,1.893148422241211
4115,1.0
53811,1.0
10526,1.0
31337,1.0
94128,1.1598167419433594
1359,1.0
26984,1.0
82538,4.86592435836792
105704,1.0
1397,1.0
34954,2.1372056007385254
78792,1.0
31468,1.0
39639,1.0
13032,1.4678646326065063
29363,1.0
33406,1.0
66613,5.0
70853,3.5130038261413574
60311,1.0
13007,1.0
16888,1.0
3676,1.0
76078,1.3265290260314941
53891,1.0
94728,1.0
5832,1.0
26495,1.0
60394,3.4615421295166016
107552,1.0
9461,1.4018950462341309
45789,1.1017611026763916
64918,1.0
56975,1.0
82084,1.0
97691,1.0
60095,1.0
51131,1.0923242568969727
54869,1.0
60216,1.1090847253799438
100265,1.0
63038,1.0
22170,1.0
41759,1.0
92244,1.0
106173,1.0
21186,5.0
29190,1.0
59371,1.0
2626,1.0
20055,2.7277560234069824
14656,1.0
37101,1.0
10903,1.0
48144,1.0
19856,1.0
72681,1.0
8241,1.566312313079834
76558,1.0
68605,1.0
46302,1.0
66904,1.0
93327,1.0
101055,2.5809288024902344
50660,2.727069139480591
14153,1.0
74614,3.728050470352173
106974,1.0
35054,1.0
31409,1.0
104383,2.872011184692383
81433,1.0
3612,1.0
27610,1.0
53293,3.3455686569213867
78872,1.8214842081069946
83369,1.0
35191,1.0
72624,2.7360332012176514
95674,2.4092373847961426
719,3.7395520210266113
80998,1.0
45855,1.0
2904,1.0
51453,1.0
53584,1.0
7637,1.0
66988,1.678375482559204
100073,4.217892646789551
6104,1.0
68037,1.7203503847122192
33186,1.0
53657,1.0
70616,1.0
85312,1.0
14416,1.0
45122,1.0
81495,1.0
75540,1.0
64445,1.1669738292694092
22346,1.0
58848,1.0
72250,5.0
91553,1.0
45584,1.0
40643,1.0
93990,1.0
71202,3.616649866104126
49611,1.8462228775024414
28099,1.0723683834075928
33878,1.0
1718,1.0
31287,2.5266637802124023
20921,1.0
30523,1.6347936391830444
83902,1.0
20253,1.0
82055,1.0842195749282837
40540,1.0
78900,1.0
78395,5.0
62743,2.384039878845215
75278,1.0
104065,1.0
73666,1.0
85053,1.1298112869262695
107602,1.0
44606,1.0
12178,2.5729517936706543
98836,1.0
77639,2.2957842350006104
33640,1.0
26190,1.0
28325,1.0
49285,1.3184434175491333
65416,1.0
79549,1.0
71472,1.0
84046,1.0
101130,1.5178544521331787
13415,1.0
9057,1.0
68374,1.0
57839,1.5613442659378052
87565,1.0
47383,1.0
2825,1.0
94453,2.237449884414673
52195,1.0
52093,1.0
8669,1.0
56983,1.0
13265,1.0
208,1.0
95691,1.3062399625778198
41617,1.0
73553,1.0
96165,1.0
7810,1.0
90358,1.9245377779006958
94187,2.045672655105591
78679,1.0
80093,1.1791291236877441
46593,1.0
38644,1.0
81690,1.0
13688,1.0
94283,1.0
63093,1.0
76022,1.0
3484,1.0
88584,1.0
85030,1.0
11051,1.0
87040,3.2115814685821533
23872,2.760000705718994
51498,4.393394470214844
28777,1.2379069328308105
3656,2.4250080585479736
10450,1.669955849647522
45074,1.0
9757,1.7188935279846191
31142,2.149125576019287
44802,1.1150357723236084
105573,4.207719326019287
16152,4.801183700561523
85340,1.7766180038452148
50476,1.0
65168,2.2103164196014404
21071,1.0
64773,1.0
96981,1.350705862045288
59552,2.879181385040283
39272,1.0
48320,1.25626802444458
103151,1.0
30951,1.7977904081344604
80008,1.0
40144,1.040283441543579
28424,1.0
21664,3.4675798416137695
47400,2.5277652740478516
39494,1.4657576084136963
101172,1.0
85814,1.0
62142,1.0
61891,1.0
101368,3.796379804611206
33995,1.0
11671,1.0
80714,1.0
13644,1.0
95045,2.1709237098693848
97858,1.1251366138458252
17197,1.0
90476,3.314307451248169
50702,1.0
51486,1.3028481006622314
2057,1.0
97062,3.7019455432891846
107095,1.0
75884,1.0
43479,1.0
51460,1.0
7988,1.2109674215316772
3745,1.6192623376846313
76018,1.0
98229,1.0
14745,4.040890216827393
31746,1.5043270587921143
62479,1.0
23977,1.0
26749,1.0
88834,1.0
76085,1.0
108262,1.8207447528839111
21804,1.0
16499,1.9149491786956787
13775,1.0
94706,1.0
67985,1.2986692190170288
63165,2.3770041465759277
3435,1.0
48112,1.0
86443,1.0
77409,1.0
103131,1.214809536933899
59256,1.0
63715,2.1970179080963135
467,1.0
27727,1.0
87871,1.1598783731460571
20295,1.6291897296905518
7626,1.0
82499,1.0
36322,3.3713839054107666
36742,1.0
780,3.902996778488159
69576,1.0
27488,1.0
98423,2.2510037422180176
56694,2.617811441421509
61256,1.3380656242370605
79120,1.9437167644500732
12983,1.0
99791,1.0
67331,1.0
6118,1.0
78778,1.0
20726,1.9925317764282227
78620,2.299323797225952
41450,1.0
49991,1.0
8909,1.0
99335,1.0
71661,1.0
82314,2.2202956676483154
23597,1.4705182313919067
37895,1.0
59290,1.0
90965,2.1985867023468018
32117,1.0
45053,1.7865078449249268
94660,1.0
21542,1.3782895803451538
20904,4.3862152099609375
58797,2.9774038791656494
6490,1.9135843515396118
62773,1.0
97125,1.0
102375,5.0
83110,1.0
40756,4.938971042633057
46504,1.0
60731,1.0
3261,1.0
30988,1.2341591119766235
104782,1.4947242736816406
32493,1.0931810140609741
6030,2.61972713470459
84767,1.0
58307,1.4943546056747437
44358,1.0
33344,3.168729543685913
36152,1.0
95768,1.0
9050,1.0
74946,1.0
90658,1.0
10399,1.0
14024,1.0
24728,1.0
58841,1.0
2289,1.0
78718,1.0
46627,1.9260705709457397
29707,1.0
78182,1.0
100087,2.048703908920288
26172,1.7511380910873413
34265,1.0
6190,2.3573098182678223
34459,1.0
83835,1.0
48129,1.0
70180,1.0
21827,2.508552074432373
25667,1.0
24366,1.0
99272,2.2345218658447266
9567,1.3508708477020264
29939,1.0
49817,1.0
8552,3.0652732849121094
77656,2.0314700603485107
62854,1.0
5617,1.0
30955,1.0
37813,1.0
74899,1.6223982572555542
61930,1.0
4417,1.0
7095,1.0
57976,1.0
22302,5.0
82434,1.0
25305,1.0
89885,1.0
60513,1.0
60923,1.0
24816,2.159682035446167
16650,1.0
102672,4.777172565460205
80122,3.564545154571533
97926,1.0
105237,1.2733427286148071
67524,1.0
53621,1.0
30926,1.0
11334,1.0
14280,1.0
37383,2.7321150302886963
12297,3.0897879600524902
94753,1.0
30804,1.0
72634,3.78398060798645
52375,2.639636754989624
10393,1.0
26373,1.0
71223,1.5946044921875
73704,1.618817687034607
67126,2.4152536392211914
107276,1.2002431154251099
76173,2.687309980392456
19288,1.0
39585,3.0785205364227295
89607,1.7782902717590332
30729,1.5625606775283813
35937,1.8040422201156616
67816,1.0
51428,1.0
95706,2.9134604930877686
105010,1.0
61103,1.0
79378,1.5491938591003418
96771,1.0
99505,4.527935028076172
22579,2.109743595123291
87746,3.551973342895508
101544,1.0
72407,1.0
19262,1.0
72547,1.0
47528,3.8379099369049072
7283,1.0
47460,1.0
80513,1.0
5502,1.0
34729,2.5889413356781006
36579,1.0
65949,1.7166754007339478
94879,1.0
35521,2.1229794025421143
107284,1.0419795513153076
34762,2.2261853218078613
46529,1.0
27694,1.0
60859,1.0
88660,1.0
44016,3.1473548412323
15092,1.0
15778,2.910288095474243
7297,1.0
35958,1.0
95258,3.3862881660461426
14384,2.8780107498168945
92071,1.0
73189,1.0
82826,1.0
75121,2.4721603393554688
66017,1.0
13521,1.0
12253,1.0
77072,1.901037573814392
46803,1.0
45575,1.0
67298,1.4595909118652344
7096,1.0
17737,1.0
36587,1.0
73886,3.355320453643799
12715,1.0
15017,1.0
83256,1.4317291975021362
68182,1.0
32303,1.0
80702,1.0
75489,2.2041940689086914
72259,3.5129945278167725
59350,1.0
64385,2.7489676475524902
55715,2.1115598678588867
15504,1.0
49957,2.506469488143921
71303,4.133729934692383
42831,1.0
17976,1.0
100767,1.0
61101,1.0
10182,1.0
58753,3.540137529373169
15440,1.0
43147,2.8716206550598145
92065,1.0
7738,1.0
18304,1.0
52768,2.742546319961548
47250,1.0
46021,1.0
57899,1.0
23853,1.0
70039,1.0
93316,5.0
24184,1.0
70760,1.0
84608,1.0
91344,1.0
3575,1.125708818435669
44082,1.0
56482,1.0
92495,1.3906093835830688
34699,2.0316965579986572
13496,2.1507084369659424
78218,1.0
38527,1.0
50440,2.1287758350372314
90073,1.0
29829,1.7428901195526123
74752,1.0
34083,1.4854791164398193
41252,1.0
24888,1.0
77250,1.5969961881637573
38485,1.0
20690,1.0
99672,1.6286722421646118
79958,1.629257321357727
68060,1.5950162410736084
97026,2.0352671146392822
91041,2.725705862045288
15990,1.0
41333,1.0
52640,1.0
74898,1.0
77122,1.293776273727417
49162,2.0247905254364014
38280,3.484084129333496
82310,4.283415794372559
11771,1.0925120115280151
90677,2.59254789352417
31103,1.203681230545044
22271,1.0566283464431763
106955,2.1345162391662598
4483,1.0
73572,1.0
99411,2.8361356258392334
41063,1.0787073373794556
77737,1.0
2601,1.0
45371,1.2223492860794067
64134,2.89797043800354
71125,1.0
103376,1.0
100477,1.0
77103,1.6745938062667847
46226,1.0
71672,1.0
76609,4.292140960693359
75067,1.0
16549,1.0
105997,1.1495156288146973
55239,1.0
59173,1.0
41525,1.0
82449,1.0
48078,1.6011717319488525
104664,1.0
15742,1.0
60889,1.0
60487,1.0
75060,1.0
32089,1.0
56326,1.0
91271,1.0
36675,1.0
27473,1.0
88317,1.0
29189,1.0
44220,2.1783530712127686
44078,1.0
97624,2.07238507270813
98501,1.0
75155,1.0
89642,1.0
52191,3.2020742893218994
5428,1.0
66869,1.0
25970,1.0
93166,1.0
63132,1.0
67066,1.0
24477,2.188865900039673
25320,2.847862958908081
44469,1.0
100663,1.0
71078,1.0
26663,1.0
73,1.0
38072,2.9238812923431396
481,1.0
40503,2.7965939044952393
95935,2.4772450923919678
10718,1.120404601097107
96576,1.0
92566,1.0
65591,1.0
52591,1.0
29361,1.0
3120,3.150703191757202
48294,2.09633469581604
4762,1.0
44062,1.0
44898,1.0
94441,1.4847583770751953
36857,1.0
13483,1.0
54835,3.7028212547302246
95577,1.0
107548,4.090147495269775
107903,1.0
34733,1.0
32733,1.0
20413,1.0
90523,2.0146617889404297
88979,3.6583170890808105
71815,3.27838397026062
93890,1.1043494939804077
98733,1.0
58048,1.0
26136,1.3844934701919556
88796,5.0
17761,1.7938885688781738
32798,1.0
51640,5.0
35077,1.5096327066421509
56029,5.0
75311,1.0
93959,2.821720600128174
56801,3.4511914253234863
96332,1.0
73069,1.0
75470,1.0
58458,2.6982638835906982
82711,1.0
81219,1.0
82280,1.4283645153045654
37116,2.345228672027588
61391,1.0
5513,1.0
24545,1.0
88014,2.2804386615753174
101975,1.0
75263,1.0
79800,1.7958788871765137
103795,1.0
45367,1.0
68455,1.0
74644,1.3787410259246826
10024,1.0
11797,1.0
29535,1.0
75811,1.0
49546,1.6019562482833862
64429,1.0
104067,1.0
4136,5.0
75545,1.0
33812,4.711028099060059
73240,1.0
9016,1.0
13353,1.0
91576,1.0
100004,1.0
97833,2.009772539138794
17968,1.0
49333,1.0
48856,1.0
69395,1.0
28845,1.1802608966827393
3627,1.0
91980,1.0
71132,5.0
67509,2.7167506217956543
82441,1.0
25053,1.0
62259,1.0
1480,1.0
62713,3.0264053344726562
54224,1.0
65049,1.0
85830,1.0
82331,1.0
91616,1.0
60066,1.0
54941,2.3279337882995605
84042,1.0
105465,2.5416135787963867
94271,3.110511302947998
24585,1.9230598211288452
95163,1.0
3949,1.0
28312,1.0
97268,2.0967071056365967
9219,1.0
93334,1.0
41620,1.464896559715271
36810,1.0
55048,1.0
89491,1.1517049074172974
104520,1.0
25555,1.0
3212,1.0
76903,5.0
75097,1.0
19985,1.0
10712,1.0
69523,1.0
55518,3.0060174465179443
47648,1.8204014301300049
24029,1.0
53665,1.0
1850,1.281554102897644
40024,1.0
11559,1.0816450119018555
10911,1.3689770698547363
83451,1.0
98516,1.0
99859,1.0
69116,1.0
105623,1.4833998680114746
34303,1.0
5518,1.0
66422,1.0
38570,1.1810206174850464
30256,3.5241763591766357
101555,4.9782538414001465
95497,1.0
27659,1.0
30824,1.0
74155,1.0
39358,2.2709803581237793
44751,1.0
30622,1.0
68202,4.581206321716309
80186,1.0
83871,1.0
10054,1.1209068298339844
91820,1.0
92834,1.0
356,1.0
23104,1.0
85892,1.0
103390,1.0
95589,1.0
93028,1.0
18729,3.094055652618408
57244,1.0
228,2.0351030826568604
104888,4.698587417602539
98530,2.723386526107788
85389,1.0
29112,3.032707929611206
50692,1.0
58707,5.0
84392,1.9268110990524292
50014,1.2549763917922974
106993,1.0
39550,1.0
30168,1.0
78742,3.9707741737365723
55591,1.0
38516,1.1937371492385864
14518,1.0
5692,3.34859561920166
79556,1.0
30713,2.640077829360962
746,1.0
79023,1.0
19441,1.0
71124,1.4768178462982178
20764,5.0
47275,1.0
43923,1.0
46027,2.2949657440185547
33375,1.0
90831,1.0
4538,1.0
10018,1.0
61068,1.0
53437,1.0
83567,5.0
78151,1.0
68822,1.0
36039,1.0
11555,1.1646487712860107
62051,1.0
41555,1.0
29597,1.0
80263,2.805232048034668
91048,1.0
41669,2.8673691749572754
43796,1.0
64949,3.911803960800171
30684,1.0
45423,1.0
4394,1.0
72070,1.0
24767,1.0
41069,1.0
24513,1.0
3223,2.026432752609253
83107,1.0
12653,3.0615899562835693
90397,2.2522759437561035
2869,2.8815832138061523
78705,1.0
86823,1.0
23321,1.0
46331,1.2884386777877808
32068,1.0
45743,1.0
36123,1.0
97355,1.059748649597168
92807,1.0
106927,1.0
17156,5.0
73335,1.0
26933,2.361745834350586
21844,1.0
45503,1.0
74728,1.0
71984,1.142751932144165
89820,1.9609217643737793
64258,2.7636425495147705
104802,1.0
98063,1.0
104864,1.886871576309204
46020,1.0
86663,1.0
3847,1.5637906789779663
66719,5.0
76795,1.0
85253,1.0
37692,1.0
105556,1.0
87261,2.5354106426239014
71391,1.5118151903152466
32771,1.0
85046,1.0
55486,1.0
64248,1.0
11627,1.0
101127,1.0
75281,2.4466075897216797
79926,1.0
74709,1.0
93829,1.0
107470,1.0
89323,1.0
3260,1.0
97523,1.4592359066009521
4730,2.257662296295166
11836,1.0
57116,1.0
2277,1.0
97449,1.0
61608,4.915621757507324
29500,1.2903410196304321
100309,1.4271036386489868
52822,1.0
99519,1.6337454319000244
16828,1.0
72965,2.779611349105835
50389,1.0
85211,1.0
61127,1.0
29870,2.577592134475708
24280,2.651139259338379
12834,3.0608015060424805
90399,5.0
60973,1.0
76359,1.0
93128,2.044187545776367
75924,1.0
104803,2.3661301136016846
8622,1.0
107189,1.0
80863,2.977978229522705
29623,1.0
21803,1.0
23651,1.0
55494,1.4133111238479614
90922,4.31912088394165
80010,1.0
102528,1.2427371740341187
46207,1.9974861145019531
11423,1.0
90776,1.0
48073,3.1728498935699463
90844,1.0
32862,1.664063572883606
70772,1.0
34896,1.4872716665267944
13494,1.0
11190,4.241785526275635
96846,1.0
48927,2.1400468349456787
43164,1.0
5615,1.9115111827850342
18402,1.0
97954,1.0
96503,1.0
95940,1.0
71712,1.0
38341,1.0
99238,1.2212605476379395
24711,1.0
38366,1.0
84456,2.125901460647583
93735,2.1916115283966064
49773,2.1166162490844727
40406,1.0
38006,1.0
26780,3.204632043838501
106687,1.0
49673,4.0810017585754395
38140,1.0
2537,1.2310917377471924
71278,1.0
100800,2.6206130981445312
71894,3.5031611919403076
7550,1.0
66175,1.0
75542,1.1637141704559326
57458,1.0
2244,5.0
73609,1.0
44148,1.0
8582,5.0
53494,1.0975512266159058
96624,1.0
50127,1.0
98937,1.0
67652,1.0
103255,1.6795566082000732
61680,1.0
31262,1.0
20054,4.4111785888671875
52028,1.0
35669,1.0
6673,1.0
96738,2.1726760864257812
42346,2.6469128131866455
105483,1.0
85037,1.0
12789,1.0
32031,1.0
91784,1.0
56279,1.0
26954,2.6689682006835938
83235,1.0
27623,1.0
3370,1.7695304155349731
8532,1.0
49511,1.8665505647659302
30022,1.0
79564,1.0
75235,1.3688700199127197
24080,1.805040955543518
102900,1.0
89830,1.0
97971,2.146242141723633
70277,1.0
96442,1.0
84249,2.4838972091674805
81080,1.0
22873,3.3811681270599365
58230,4.8876423835754395
26267,1.0
39278,1.5539220571517944
35248,1.0
78189,1.0
106715,1.0
75180,1.0
40130,1.0
20720,1.0
105990,1.0
43361,1.0
62151,1.0
37395,4.206566333770752
61960,1.0
53456,1.0
28543,1.6090538501739502
102050,5.0
82092,1.0
2191,2.0831830501556396
30658,1.0
30367,1.0
63069,1.0
97527,1.0
10230,1.0
41554,1.0
69363,1.0
74124,1.0
41294,4.518453121185303
62050,3.9168152809143066
31225,1.0
105832,1.208344578742981
94348,1.0
4529,1.0
91237,1.0
35268,1.0
93048,1.0
56049,1.0
65928,2.2200756072998047
86870,1.0
2400,1.0
24855,1.3456155061721802
56459,1.0
82338,1.0
11154,1.8208999633789062
39246,1.5962483882904053
104911,2.4487006664276123
26843,5.0
39006,1.0
51571,1.0
78653,1.0
23655,1.0
107964,1.0
103539,1.0
100339,1.0
74166,1.0
28878,1.0
97356,1.0
87326,1.2756990194320679
23723,1.6949385404586792
95264,1.0
28581,1.0
73670,1.0
8870,1.0
76615,1.0
102579,1.0
1616,1.0
65627,1.0
95776,1.0
108599,1.0
102140,1.0
103097,2.0819053649902344
21274,3.7772622108459473
65075,1.0
93031,1.0
60883,3.2712345123291016
81367,1.0
101391,1.0
43929,1.0
29354,1.1346473693847656
68967,1.0
58251,1.0
7863,1.0
76358,3.7675302028656006
25579,1.0
54365,1.4962892532348633
55226,1.0
82684,1.0
48812,1.0
39170,1.547369122505188
32914,1.5514264106750488
101832,1.0
56553,1.1417354345321655
2941,1.0
9526,1.0
74669,4.634666442871094
70476,4.716753005981445
96646,3.009685754776001
61805,1.581766128540039
5716,2.216090679168701
41209,1.0
69467,3.706087589263916
1192,1.0
42452,1.0
106929,5.0
90389,1.0
71611,1.0
18640,1.0
51743,1.0
62018,1.0
100030,1.0
2411,1.0
98566,1.0
87606,2.538797616958618
53708,1.0
9463,1.0
85065,1.0
90219,1.7273104190826416
94214,1.0
2467,1.0
98315,1.0
5633,1.0
75418,1.3129554986953735
79472,1.0
35422,1.0
60746,1.0
30497,1.0
62549,3.6277525424957275
31356,1.0
30674,1.0
99315,1.0
53814,1.0
108115,4.175124645233154
90873,2.2418322563171387
40173,1.0
37705,1.0
10434,1.0
37984,4.790193557739258
50192,2.3913450241088867
66563,1.0
60287,1.0
23206,3.2392947673797607
7160,2.5904431343078613
108232,1.0
12849,4.081322193145752
1511,4.345775604248047
72985,1.0
53838,1.0
48439,1.0
105891,1.5263941287994385
58816,1.0
37275,1.345605731010437
83126,1.0
50839,1.0
34972,1.0
86661,1.0
83939,1.0
58989,1.0
65278,1.395653486251831
45638,1.0
67180,1.0
11307,1.0
13140,1.0
3767,2.152958631515503
32831,1.0
85515,1.0
74788,1.0
63620,1.0
31405,2.8848893642425537
17129,1.7111897468566895
18504,3.1254708766937256
54708,1.0
47857,1.0
91205,1.0
6063,1.0973411798477173
100200,1.0
6876,1.0
46317,1.0
87025,1.0
28301,1.0
87575,1.0
13564,1.682513952255249
97666,1.0
55274,1.0
103562,1.0
78726,1.0
99779,1.0
105587,1.0
12431,1.2602567672729492
88076,1.0
44588,1.0
12760,1.0
75925,1.0
45324,1.0
4384,1.0
303,1.0
11678,1.0
81230,2.8614916801452637
33852,1.1865463256835938
99789,1.5549466609954834
2668,3.5950071811676025
73245,1.0
25051,1.0
47076,1.0
21412,1.0
23588,1.0
17470,1.0
32209,1.0
55473,1.0
69173,1.0
3600,1.0
28539,1.0
34480,1.0
43058,1.0
61757,1.7297340631484985
1411,1.9820725917816162
8000,1.0
14741,1.0
39389,1.0
79474,1.0
98962,1.0
50643,1.0496166944503784
76143,1.0
61618,1.1352099180221558
15205,3.389446258544922
42069,3.8489933013916016
36941,1.0
46397,1.0
19685,1.0
2600,4.43152379989624
37205,1.0
101637,2.3737947940826416
41609,1.0
101423,1.0
52577,1.0012500286102295
85653,1.0
55293,1.0
93521,4.848278522491455
54530,1.1516082286834717
15258,2.6840100288391113
22798,1.0
3470,1.0
53491,1.9747692346572876
103779,1.0
83134,1.4796875715255737
70302,1.0
97642,1.0
54540,2.133608102798462
98601,1.0
77046,1.0
26122,1.0388725996017456
38273,1.337597131729126
6967,1.0
45580,1.9518510103225708
41469,3.197300672531128
30531,1.7875738143920898
10786,1.0
52688,4.083372116088867
83463,1.0
57437,3.0567522048950195
62760,1.0
23051,2.9892945289611816
73966,3.235274314880371
20467,1.0
55089,3.378214120864868
47168,1.0
363,3.4157326221466064
100082,1.0
69060,1.0
34454,1.649700403213501
75326,1.8768844604492188
78987,1.0
95082,1.0
72828,3.3709518909454346
80839,1.0
4728,2.829280376434326
47003,1.0
78723,5.0
52034,1.0
50208,1.0
85569,1.0
50195,1.0
226,3.5021209716796875
89473,4.134333610534668
54124,3.3437159061431885
96996,3.6541945934295654
57381,1.0
18760,1.0
20415,1.0
91555,1.0
93508,2.4325058460235596
37819,1.0
28696,1.080581784248352
76874,1.9446231126785278
58941,1.0
98023,1.0
20143,1.0
55992,1.0
84952,1.0
60952,1.0
63823,1.0
24843,1.0
55343,1.0
95054,1.5902752876281738
78982,1.0
97693,1.0
64607,1.0
106008,1.0
37708,1.810644268989563
105537,1.0
59723,1.9525381326675415
36098,1.0
108127,1.0
36893,1.0
92898,1.0
59715,1.0
45634,2.360239028930664
44978,1.020408034324646
106388,1.0
50035,1.0
72833,1.185906171798706
61434,1.0
66859,1.0
7077,1.0
48946,1.0
77224,1.0
37184,2.6831889152526855
70287,1.0
57151,1.0
106706,1.0
21981,1.0
27896,1.0
101888,4.301584243774414
61047,1.4763048887252808
15850,1.0
38833,2.4551634788513184
30452,2.37956166267395
31741,1.0
23948,1.0
53131,1.892284631729126
22655,1.0
67069,1.0
12014,1.0
13168,2.0889079570770264
80605,1.336411714553833
53935,3.3038554191589355
76369,1.0
27964,1.0
61584,1.0
50845,1.0
91644,1.0
104568,1.1626224517822266
21756,1.0
47101,5.0
72844,1.0
941,1.0
100883,1.0
107079,1.5540739297866821
79242,1.0
88733,2.996065616607666
14773,2.762131452560425
89462,5.0
35448,5.0
44628,1.0
54022,3.9634106159210205
102124,1.0
35533,1.0
91131,1.0
59764,1.0
104401,2.972001314163208
7833,1.5654147863388062
30200,1.0
64965,1.0
3772,2.5231235027313232
722,3.6740944385528564
31527,1.0
23964,1.0
55407,1.0
58415,4.774739742279053
2218,1.0
12363,1.0
81127,1.396389365196228
72736,1.0
2104,2.8296093940734863
86286,2.740595817565918
103425,1.0
15209,4.183688640594482
58488,5.0
42952,1.0
175,1.0
81559,1.0
50132,2.3380112648010254
105418,1.0
56643,4.202151298522949
23329,1.0
79794,1.0
3954,1.8115389347076416
49691,1.0
86584,1.0
84405,1.1861871480941772
58715,1.8629403114318848
49054,1.868790864944458
49123,1.5894900560379028
63592,2.4785096645355225
11647,1.4231030941009521
26631,1.4060701131820679
85265,1.2106120586395264
25295,1.0
16112,1.0
86239,1.255028247833252
92648,1.0
52809,1.379710078239441
66004,3.297969341278076
108517,2.0490787029266357
12116,1.0
69989,1.0
39432,1.1388792991638184
76862,1.0
61140,1.0
53320,1.7187408208847046
76320,2.632758855819702
42817,1.4723517894744873
98916,1.0
11730,1.0
49790,1.0
55469,1.0
1015,3.6951515674591064
26727,4.148046493530273
28111,1.0
105488,1.0
82420,2.087643623352051
91235,1.0
56437,4.079240798950195
80455,2.9700722694396973
30413,1.0
19543,1.2092540264129639
33493,1.0
19950,1.0
56573,2.224485397338867
81728,1.0
104446,1.0
54721,1.0
22998,2.9577748775482178
16254,2.0614731311798096
61772,1.374743938446045
97880,1.0
91800,1.0
22096,1.3529471158981323
46854,1.0
23269,1.0
3844,1.6719447374343872
106597,1.0
73474,1.5147852897644043
37925,1.0
48786,1.0
28628,1.0
751,1.0
78175,2.556034564971924
97542,1.0
41698,1.0
27362,1.0
36703,3.12109637260437
97232,1.8762586116790771
28006,1.0
39390,1.0
24696,1.0
100383,1.0
83842,1.0
30303,2.829026937484741
22889,1.0673147439956665
54607,1.0
56755,2.335505962371826
94975,1.0
54653,5.0
50913,4.7413649559021
27038,1.0
45461,1.0
22380,4.023817539215088
61171,1.0
102976,1.0
29289,1.0784388780593872
59161,1.1514488458633423
21812,1.0
27950,1.0
47020,2.152674674987793
48880,5.0
38,1.0091660022735596
8366,2.3463706970214844
75667,1.0
23875,1.934009075164795
59919,4.93291711807251
86368,1.0
2547,3.8340861797332764
29701,1.0
67462,1.0
46011,1.0
22742,1.0
69777,2.150651454925537
45049,2.1052565574645996
41697,1.0
82595,1.0
39381,3.79980731010437
1145,3.501204490661621
76727,2.247283697128296
33151,1.0
70828,1.0
54231,1.0
18642,1.0
15091,1.0
67998,5.0
47766,1.0
103757,2.701777935028076
4954,4.401882648468018
50790,1.0
56319,3.2357516288757324
103475,1.0
6007,1.0
60575,3.5646414756774902
46174,3.1202263832092285
31140,1.0
20601,1.0
74936,1.0
101336,1.0
55555,1.5897138118743896
35485,2.6965255737304688
52575,1.0
16803,1.0
44533,5.0
85353,1.0
2950,1.0
14350,1.0
95468,1.0
90022,1.0
72839,1.0
5558,1.0
8326,1.0
89589,1.0
39238,1.5986264944076538
105835,1.0
67642,1.0
62428,1.0
14316,1.0
67843,1.0
98037,1.0
49664,3.3862104415893555
82810,2.3569061756134033
33143,1.1698156595230103
95934,1.0
98351,1.0
19068,1.0
64477,1.8669575452804565
102043,3.637319803237915
84285,1.0
48965,1.0
80709,3.004908561706543
106348,1.0
34636,1.0
60966,1.1105595827102661
62885,1.0
50093,1.0
91829,3.2727279663085938
9979,1.0917192697525024
10508,1.0
55406,1.0
20196,1.0
5960,1.0
74459,1.0
33408,1.0
48733,1.0
35449,1.0
44247,1.0
50297,1.0
56744,1.0
81362,1.0
12604,1.0
47608,1.0
44222,1.0
91522,3.7083497047424316
46762,1.0
78101,1.0
51385,1.224564552307129
22905,2.689532995223999
1941,1.0
68249,1.7873637676239014
53082,1.0
31338,1.0
94792,2.4787306785583496
55925,1.0
92835,2.4493215084075928
11621,1.0
87947,5.0
69760,1.0
89373,1.0
3304,3.6542160511016846
31010,1.9300236701965332
64029,4.042453765869141
67463,4.068297386169434
21152,2.4366488456726074
2857,1.2578935623168945
89929,1.0
36940,3.559424877166748
100553,4.031424045562744
86930,1.0
104170,1.0
56461,1.0
41093,1.0
25460,1.0
19146,1.0
67547,1.0
49516,1.0
37236,1.0
55314,1.0
61777,1.0
80939,1.91357421875
65652,1.0
95203,1.0
90371,1.0
95364,3.4133074283599854
34863,1.0
37523,1.0
104134,1.0
92195,1.0
103944,1.0
45365,1.0
25000,1.0
19802,5.0
78953,1.0
94917,2.2058286666870117
20633,1.0
14663,1.0
79895,1.0
14706,1.0
33519,5.0
83002,1.9029242992401123
69150,1.0
27539,1.705091953277588
105574,1.0
89817,1.0
81585,1.0
67600,4.073694705963135
49451,5.0
61370,1.7376725673675537
49705,1.0
4387,1.2953686714172363
78194,2.231165885925293
20073,1.3993043899536133
105116,3.3581016063690186
17894,1.0
103750,1.9615447521209717
107565,1.0
97677,1.0
84193,1.0
60944,1.0
49294,3.03888201713562
77761,1.0
21482,1.2368594408035278
21714,1.7984081506729126
76116,1.0
104672,1.0
61876,2.161276340484619
3032,1.0
108377,1.0
23897,1.0
13986,1.0
50580,2.301532030105591
98556,1.0
7541,1.0
31496,2.348785877227783
46115,5.0
22494,2.218860387802124
26680,1.0
99545,1.0
9923,1.2705323696136475
20111,1.0
105433,1.6591315269470215
77662,1.903647541999817
26521,1.4585167169570923
84447,1.0
74138,1.9931859970092773
27636,1.0
36668,1.0
74237,1.0
91611,1.0
27007,2.198033094406128
67287,2.2768402099609375
21652,1.0
40237,1.0
103357,1.0
58311,1.0
27932,1.9635874032974243
44065,1.0
108231,5.0
14621,1.0
46755,1.0
21833,3.9577581882476807
24200,2.3899388313293457
22503,1.0
1625,1.7620112895965576
32465,1.8945811986923218
79282,1.0
81017,1.0
92394,1.0
78322,1.0
52261,1.0
14563,1.0
75847,1.0
71600,1.0
23847,1.0
44864,1.0100570917129517
75754,1.0
41088,2.0961227416992188
10092,1.0
76122,4.754301071166992
102511,3.4083142280578613
68966,2.239077091217041
99975,1.0
95153,3.228893756866455
77275,5.0
81703,1.0
71807,1.451393485069275
28611,1.0
79665,1.983079433441162
40295,4.8972344398498535
75675,1.0
86330,1.0
90149,1.0
63996,1.0
48763,1.0
39453,1.0
56831,2.5295701026916504
89429,5.0
9149,2.237377166748047
81694,1.067552089691162
74182,1.0
48844,1.2863731384277344
15615,1.0
73904,1.0
91973,1.0
75405,1.0
64170,1.0
10082,1.0
86847,4.174588680267334
8139,1.0
15647,1.5870968103408813
68815,5.0
291,1.0
92228,1.0
38991,1.0
85103,1.0
84108,1.0
68583,1.0
67245,1.0
43320,1.0
92939,1.0
99044,1.0
45419,1.0
100535,2.1477842330932617
68354,1.687306523323059
67550,1.0
31814,1.0
35454,1.0
56504,3.0956146717071533
11988,5.0
97950,1.471599817276001
13456,3.208380699157715
89351,1.0
28663,1.0
909,1.0
87938,2.5541281700134277
104275,1.0
95430,1.888034462928772
99630,3.4282989501953125
61135,1.6776856184005737
74835,1.1477893590927124
41462,1.0
13012,2.268105983734131
106290,2.834134817123413
22677,1.5717214345932007
41801,1.0
45826,1.0
580,1.0
26461,1.0
59766,1.4799151420593262
43801,2.921525716781616
101717,1.0
9515,2.63684344291687
8806,1.8228763341903687
19400,1.0754607915878296
35595,1.0
4849,4.594882965087891
102612,1.0
18889,1.0
93007,4.154175758361816
29216,1.0
19940,1.0
22853,1.0
82283,1.0
67215,1.0
30195,1.0
67583,2.125262975692749
85156,1.0
87184,1.0
87004,1.0
80639,1.0
85477,1.0
35061,1.0
43261,1.0
8824,5.0
26693,2.0420186519622803
14729,1.0
6510,1.0
46791,1.0
33873,1.0
79807,1.0
18118,1.0
92412,1.0788726806640625
45533,1.0
1133,2.7068443298339844
87340,1.5585546493530273
34659,5.0
103878,1.0
66675,1.0
97754,1.0
5745,1.0
52453,1.0
5811,1.0
16898,1.0
18878,1.0
75476,1.529781699180603
82059,2.2582356929779053
3,2.865178108215332
61624,1.0
77899,1.0
12658,1.0
34143,2.3675482273101807
53571,1.0
10926,2.120421886444092
49388,1.0
71962,1.0
60557,1.0
62317,1.0
95863,2.3494555950164795
84181,1.6417264938354492
105404,2.5294365882873535
87689,1.0
107345,1.0
21422,3.5372307300567627
45278,1.0
54867,1.3676416873931885
95594,1.5600789785385132
37010,1.0
30386,4.136654853820801
50340,1.0
36257,2.2137451171875
14132,2.4437613487243652
4664,1.0
75340,1.0
94643,2.5400302410125732
24165,1.0
41573,1.0
62925,1.0
49799,1.0
54936,5.0
27140,1.0
54154,1.0
25286,2.0041720867156982
86470,2.9267873764038086
16248,1.0
48575,1.0
32425,1.0013718605041504
61411,1.5388699769973755
99007,1.0
31460,2.0519235134124756
64186,1.0
34313,1.0
72225,2.3109028339385986
39055,1.0
26108,2.3729360103607178
76056,1.9551308155059814
60637,1.0
75454,1.0171279907226562
31055,1.0
31047,2.2675161361694336
25457,1.0
39134,1.0
30571,1.0
92554,1.0
22048,1.0
31999,5.0
10384,1.0
100067,1.0
71179,1.0
78128,1.0
36205,1.0
20668,3.0150601863861084
96239,4.79646635055542
96438,1.0
37724,1.0
50874,1.364683985710144
10137,3.354281425476074
55794,1.0
18455,1.0
63289,1.1613259315490723
102709,1.681730031967163
14291,1.0
15322,1.0
69779,1.8932794332504272
53457,3.9584038257598877
35228,1.0
26496,1.0
23608,1.191698431968689
83344,1.0
99458,1.0
93657,1.329479694366455
25670,1.0
39201,1.0
58636,1.0
93272,1.0
105820,3.518277645111084
70012,4.136954307556152
107539,1.0
53613,1.0
43941,1.0
46633,4.487541198730469
83148,1.0
58935,1.0
71838,2.201042413711548
89206,2.793419599533081
69255,1.0
65535,1.4021286964416504
85970,1.0
60031,1.0
82758,1.1977046728134155
104605,4.125346660614014
65546,1.403530240058899
5457,1.0
68178,1.0
102456,1.264075517654419
99731,1.0
23790,1.0
23917,5.0
21574,1.0
41728,1.4238849878311157
20868,3.887552261352539
96131,1.0
83735,1.0
12350,1.0
2189,4.536186218261719
46178,1.0
39927,1.0
91291,1.0
59688,2.4776570796966553
71920,1.0005555152893066
22969,1.0
46924,1.0
38522,1.0
59006,1.4213287830352783
45378,3.424144744873047
5286,1.7388801574707031
44345,2.8754615783691406
53608,3.759070634841919
53165,5.0
49112,1.0
100968,2.103187084197998
72055,1.0
88350,1.0
77717,5.0
14882,1.0
47555,3.1344897747039795
50354,1.0
79352,1.0
90454,1.0
10412,1.0
103465,1.0
101194,1.4224085807800293
44147,1.0
97149,3.9859750270843506
91504,1.0
88129,1.0
77996,1.0
61972,4.791131019592285
71056,5.0
21674,4.633752822875977
72361,1.0
49506,1.1314369440078735
95690,1.9220811128616333
79510,2.3238770961761475
40026,1.5378693342208862
36657,1.0
9545,1.0
11718,1.0
79837,1.352451205253601
38218,1.0
84681,1.0310767889022827
76664,1.0
47689,1.0
24900,1.0
31159,1.6862589120864868
14311,2.7652080059051514
102977,1.0
37042,1.426295280456543
52321,4.74802827835083
25128,1.0
67961,1.0
31449,1.0
12285,1.0
45251,1.0
27577,1.0
29638,1.1960266828536987
41967,1.0
7289,1.0
29661,1.0
97251,1.0
29796,1.2899508476257324
16200,1.3576966524124146
79201,3.5277223587036133
104092,1.0
3852,1.0
104269,1.0
100161,1.0
45777,1.1977111101150513
65047,1.0
47546,4.4106340408325195
71247,1.3472405672073364
64747,1.0
96183,1.0
44341,1.098105549812317
72953,1.0
21064,1.0
31438,1.0
4508,1.0
100982,2.9955523014068604
91084,1.0
105570,1.0
6478,1.0
22060,1.0
12835,1.578895092010498
15044,1.0
1364,1.0
106917,1.0
65751,1.0
43527,1.0
70568,1.0
66960,2.909949779510498
15438,2.579496383666992
50386,1.0
86357,1.0
93127,1.0
81236,1.0
94633,1.0
88597,1.991275429725647
6263,1.0
107442,3.58394193649292
62289,1.0
11103,1.0
71563,1.0
19108,1.0
28365,3.342585563659668
105551,2.1440815925598145
34932,2.9712226390838623
10208,1.0
102864,2.9282565116882324
33684,1.0
50479,4.300981521606445
70125,1.0
81443,1.0
70332,1.0
72034,4.631352424621582
32824,1.0
75678,1.0
83573,1.4992082118988037
1429,1.0
20786,1.0
51581,1.3353774547576904
3514,1.0
90518,2.4748823642730713
106438,1.0
24392,1.0
92516,1.0
24593,4.157658100128174
75947,3.5305299758911133
92841,1.4647164344787598
23403,5.0
74934,1.0
64488,1.0
82341,1.0
45628,1.0
28566,3.494666576385498
77800,1.0
98182,1.0
11087,1.0
61814,1.0
24552,1.0
57401,1.0
15842,4.1409783363342285
107035,1.0
35124,3.12186861038208
84626,1.0
39524,1.452660322189331
79989,5.0
48469,1.926618218421936
83103,1.0
15674,1.0
51049,2.6723408699035645
8785,1.6103675365447998
55421,2.021320343017578
4104,1.0
86780,1.1926963329315186
26927,1.0
54837,1.0
96242,1.0
98313,2.02519154548645
27874,1.0
78134,3.622941255569458
77683,3.8874881267547607
12250,1.3502167463302612
44096,1.0
16662,1.0
73299,1.0
20107,2.3297390937805176
15968,2.333225727081299
76342,1.0
86659,1.0
51862,1.0
15468,3.1141281127929688
74991,1.0
93682,1.0
24850,1.0
52148,3.1110408306121826
91,1.0
90761,1.0
21061,1.6208983659744263
97959,1.0
76138,1.0
29453,1.0
73846,2.724210739135742
70122,1.0
85165,1.0
32467,1.0
60945,1.0
102435,1.0
25569,4.873020172119141
8100,1.0
72504,1.7548432350158691
43873,1.8720842599868774
104813,1.0
28691,1.0
61766,1.0
20136,3.2323989868164062
71550,1.4087857007980347
86884,1.0
79499,1.0
72842,3.335367202758789
101532,2.9788575172424316
5036,1.0
46350,2.7625114917755127
87101,1.0
32839,3.2628114223480225
24540,5.0
87348,1.0
56267,1.0
80418,1.0
105395,1.0
29784,1.0
100730,1.0
78696,1.0
43895,2.6086223125457764
42361,1.0
49887,1.0
17807,3.575655221939087
39736,1.213262677192688
7645,1.1556767225265503
73258,1.0
7278,2.436156749725342
65189,2.694084644317627
62790,3.1726880073547363
73806,1.0
62731,1.0
18919,3.7602314949035645
53735,1.3761862516403198
37670,1.110660433769226
66600,1.0
77408,1.2655441761016846
15969,2.787181854248047
33358,1.0
96134,3.701204538345337
67606,1.0
9780,1.0
55727,1.0
94562,2.778752565383911
97308,1.0
8181,1.931077480316162
86723,1.740185260772705
57206,1.0
33048,1.0
53945,1.0
77127,1.0
29928,1.0
79154,1.0
43134,1.0
81991,1.0
83070,1.0
65232,1.7744110822677612
68198,1.0
76789,1.0
82500,1.0
30121,2.032402515411377
6055,2.4162511825561523
61405,1.6622538566589355
10997,1.0
94494,2.628063917160034
96879,1.0
45416,2.350890874862671
75629,1.0
61265,1.9931780099868774
18370,1.0
31567,4.425230503082275
32234,1.0
4932,1.0
45068,1.0
75344,1.637805700302124
106650,1.4398783445358276
31791,1.670130968093872
39365,1.254706859588623
11501,1.04503333568573
24653,1.0
87170,1.0
13271,1.0
18041,1.8199489116668701
92753,1.0
86390,1.397496223449707
70674,1.0
33649,1.0
73905,1.1393582820892334
92723,1.0
52589,1.2079812288284302
74678,3.3243277072906494
23193,5.0
87907,1.0
69199,1.0
89502,1.0
55682,2.7057387828826904
52632,1.0933153629302979
70990,3.1165976524353027
20242,1.0
97578,1.0
9920,1.0
67311,1.155200719833374
76005,1.165976643562317
79235,1.0
11014,1.6291273832321167
30503,2.738034725189209
57737,1.0
105365,1.0
93846,1.0
17051,2.1945033073425293
3978,1.0
97267,1.0
77686,1.2187861204147339
13993,3.361598253250122
86534,5.0
69437,2.6744117736816406
9666,2.3436670303344727
38036,3.792736053466797
104117,1.2681334018707275
3621,1.0
26517,5.0
93850,1.0
11998,1.0
41056,2.3519673347473145
49198,1.7781693935394287
43042,1.0
59527,4.0471673011779785
44513,1.6515769958496094
102705,3.254232883453369
92307,1.0
38413,2.6363866329193115
18677,1.6086665391921997
1888,4.2881364822387695
87219,1.0
1871,2.3317198753356934
88167,2.8712310791015625
36329,1.0
51700,1.0
89388,1.0
57287,1.999374270439148
14144,2.66426420211792
46073,3.3529515266418457
8255,1.0
51855,1.0
49878,1.0
74659,2.4435276985168457
88260,1.0
5131,1.0
894,2.817124843597412
89241,2.9930996894836426
54806,5.0
99100,1.0
25405,1.0
29264,1.0
96431,1.0
60907,1.0
16754,1.0
57615,4.497176647186279
58349,1.0
68593,3.3398804664611816
10927,1.0
53975,2.4253110885620117
37268,1.0
103029,1.0
50823,1.0
71399,2.7998428344726562
46537,1.0
70975,2.3514888286590576
72775,1.0339686870574951
81118,3.888385057449341
99450,3.3408377170562744
52617,1.0
30510,1.0
69572,1.0
28235,1.6518763303756714
36446,1.0
17016,1.0
45936,1.0
73508,1.0
94560,1.0
84492,1.0
26346,1.0
57328,1.0
25819,3.3647844791412354
37829,2.7950267791748047
97436,3.0941085815429688
53228,1.0
58681,1.716598391532898
105845,1.0
54805,1.4765756130218506
16027,1.0
17052,1.0
33871,1.0
79606,4.178261756896973
99,1.842333197593689
19407,1.0
94475,1.0
32296,3.4622609615325928
94680,5.0
11122,1.0
90953,1.0
55955,1.0
50988,2.2747979164123535
28133,1.0
49994,1.0
20371,2.604094982147217
100049,1.0
23741,1.0
23049,1.0
32524,1.0
26195,1.0
31297,1.0
95226,1.0
90843,1.0
102867,1.0
59147,1.9084089994430542
59765,2.2434003353118896
105203,1.0
99628,4.651947975158691
90159,1.0
33743,1.0
42713,1.0
45465,1.0
80073,1.4221370220184326
7830,1.754320740699768
27239,4.718618869781494
10192,1.0
78599,1.0
94218,1.0
27171,1.0
99941,1.0
100675,1.0
67092,1.0
45487,1.0
16581,1.0
57124,1.0
79597,1.5120700597763062
47691,1.0
93177,1.0
104569,1.0
3833,1.0
105970,1.0
31783,1.6933926343917847
29986,1.2093433141708374
88295,2.4928534030914307
58293,1.0
88311,1.6853760480880737
27220,1.0
63198,1.0
42653,1.0
98959,1.0
84056,2.085099220275879
77057,1.7187601327896118
14976,1.0
91391,1.5094693899154663
7649,1.0
64704,1.0
74304,1.7181710004806519
14491,2.8451850414276123
12119,1.0
67012,4.867311477661133
21057,2.1042211055755615
54582,1.0
100278,1.0
59984,1.0
107267,1.0
23840,1.0
17967,1.745400071144104
293,1.0
18237,3.385671377182007
12738,1.0
8292,1.0
20841,1.0
24260,1.0
103427,1.0
97115,1.0
48345,1.0
84024,1.0
25626,1.0
78601,1.0
48107,2.9345781803131104
31870,1.0
77941,1.0
76681,2.3519370555877686
83328,2.342742681503296
35269,1.9312487840652466
62372,1.0
29504,1.0
106063,1.0
25102,1.0
95521,1.0
105765,1.0
37905,1.3972395658493042
56630,1.0
51956,1.0
68679,1.200875163078308
43602,1.0
65464,1.0
104920,2.155150890350342
24985,1.0
68509,1.4252727031707764
41167,1.0
43407,1.0
86878,1.0
24265,1.0
56691,1.0
10566,3.0272598266601562
22090,5.0
87548,1.1412330865859985
69548,1.0
61273,1.0
77349,1.0
34515,1.1083431243896484
42098,2.286550998687744
41762,1.0
13310,1.0
3887,3.4213249683380127
103089,1.0
39490,3.790696144104004
12026,1.0
37582,2.5229949951171875
36444,1.0
54752,1.0
51718,1.0
20482,1.0
50920,4.199344635009766
99334,1.1717156171798706
26079,2.2888967990875244
100166,2.2796690464019775
64275,1.0
26788,1.0
56296,1.0
99092,1.0
100782,1.0
56073,1.0
26859,1.0
20221,1.0
78625,1.0
93246,1.0
26225,1.0
108610,1.0
52975,1.0
30348,1.0
48200,1.6600629091262817
81983,1.0
107916,1.0
73035,1.0
56921,1.0
74133,1.0
58101,3.344754219055176
20983,1.0
55064,1.258206844329834
37930,2.8592746257781982
53212,1.0
24187,1.8730555772781372
19292,1.0
45590,1.0
63107,1.0
26240,3.518801689147949
21199,1.0
52731,3.098449230194092
1198,4.488019943237305
57095,1.0
75786,3.065866470336914
95094,1.0
36722,1.0
58170,1.0
65665,1.9872660636901855
39424,1.0
92580,1.0
71010,1.0
12318,1.6169089078903198
7050,1.0
43780,1.0
66944,1.2987778186798096
63022,2.843545436859131
92752,1.0
77123,1.0
8921,1.0
5945,1.0
5759,1.0
30096,4.210175037384033
13235,1.0
35363,1.0
43170,1.0
36427,2.0470142364501953
39130,1.0
30119,1.0865956544876099
106914,3.0781357288360596
99151,1.0
104072,1.0646045207977295
86318,1.9713661670684814
94657,1.0
29276,1.0
55608,1.0
38015,2.4051873683929443
12394,1.0
96547,1.0
98584,2.321061849594116
74583,1.0
87995,1.0
3478,1.0
99763,1.0
63215,1.0
18907,1.0
98029,1.0
34821,1.5231950283050537
30962,1.0
5075,1.0
77967,1.0
82521,1.0
77731,1.0
1915,2.2292470932006836
8252,1.0
104584,1.1142399311065674
94561,1.0
70465,1.0
40750,2.1466174125671387
17362,1.0
32366,1.0
36307,2.7311627864837646
31927,1.3821765184402466
14825,3.366705894470215
52525,1.0
69789,1.0
86392,3.7429466247558594
12928,1.6481505632400513
24436,1.0
98998,3.434826374053955
68437,1.0
27582,1.0
27803,1.0
105299,3.832270622253418
79720,1.8642247915267944
83214,1.1195036172866821
18861,1.0
55583,3.435265064239502
33935,2.842895984649658
14643,1.2096589803695679
78420,1.0
70213,1.0
90835,1.0
32335,1.4497284889221191
29745,3.2498390674591064
92217,1.0
4497,1.3702430725097656
77071,1.0
97089,1.0
53869,1.3021047115325928
25810,1.0
102536,1.0
90778,1.0
47519,1.0
45021,1.0
57703,4.376065254211426
38895,1.0
108410,1.0
68824,1.0
45887,4.241672992706299
83712,1.0
30638,1.0
41517,1.0
69792,1.0
18342,1.0
7905,1.0
48567,1.0
36325,1.0
44813,1.0
107379,1.0
98430,1.0
95393,1.0
77596,1.0
71925,3.4100983142852783
36378,1.3363205194473267
74464,1.1808617115020752
25259,1.1867274045944214
93613,1.0
89402,1.0
74904,1.0
24404,2.276671886444092
50641,2.070563316345215
28241,1.6137717962265015
57727,1.0
79605,1.7426984310150146
57145,1.0
85453,5.0
95003,1.0
83642,3.003690004348755
51880,3.794281244277954
42803,1.0
95517,1.0
32561,1.0
85833,1.0
28159,1.0
38097,5.0
87085,1.0
27495,2.3440754413604736
93214,2.6276214122772217
57345,1.0
49802,1.954901933670044
105809,1.0
86903,1.0
63839,1.0
56867,2.1084537506103516
4465,1.0
62124,1.0
79251,1.0
24278,1.0
48491,1.481311559677124
29644,1.0
87688,1.0
2733,1.6257331371307373
96677,1.0
100726,1.0
91444,1.0845963954925537
78641,1.0
42542,1.0054041147232056
41276,1.0
52493,3.7538297176361084
19994,1.0
13384,2.436307907104492
64677,1.0
17412,1.0
31224,1.0
77081,3.561807155609131
49547,1.0
82400,1.4646340608596802
72645,1.0
42819,1.0
22410,1.0
63717,3.0523505210876465
107943,1.0
6107,3.551203489303589
28053,1.0
81204,3.2912800312042236
40558,1.0
85746,1.2327228784561157
31254,1.0
38350,2.096825122833252
29428,1.0
1136,1.0
47034,5.0
54351,1.0
91191,1.0
34727,1.0
66152,1.428381323814392
97784,1.6384414434432983
42485,1.0
77939,2.829158067703247
98969,1.0
79354,1.0
58850,1.0
77,1.6404201984405518
49513,1.0
90470,3.126671075820923
38432,1.0
93102,1.0
39651,1.0
98775,2.3412864208221436
96658,2.0662875175476074
16110,1.7326990365982056
18053,1.0
8127,2.2815115451812744
30475,1.0
23788,2.4412357807159424
55448,1.0
84955,1.0
9071,1.283244013786316
25721,4.155355453491211
91585,1.0
54725,1.2871266603469849
74665,3.9286625385284424
22391,4.508152961730957
37522,1.0
22375,1.0
106612,1.0
84107,1.0
67151,1.0
21866,1.0
30207,2.125408411026001
49586,5.0
15386,1.0
79599,1.0
30206,2.989307165145874
62297,1.7474370002746582
53175,2.296041488647461
25397,1.4442203044891357
61069,1.0
20952,1.0
95075,1.0
6140,1.568346619606018
82723,1.0
2768,1.0
34744,3.063499689102173
71977,2.012251853942871
15486,1.0
29311,1.0
81064,1.4920319318771362
27960,1.1774765253067017
70055,1.0
18096,1.1694886684417725
43907,3.2821192741394043
9172,1.0
15471,1.0
83994,2.0938260555267334
106665,1.0
37736,2.129214286804199
65395,2.813851833343506
96711,4.586440563201904
90046,3.535227060317993
87923,1.0
70325,4.136218070983887
29429,2.7727713584899902
75150,2.8143086433410645
54654,1.0
57515,1.2927302122116089
38116,1.0
38425,1.54644775390625
4793,1.0
29347,1.0
93101,1.0
73567,1.0
54003,1.0
32845,1.0
79783,1.0
96104,1.06243896484375
47222,1.0
70256,1.0
61284,1.005279541015625
83203,1.0
84842,1.0
85752,4.291186809539795
82764,1.0
81258,1.0
30816,1.0
92593,1.0
21530,1.8431792259216309
93742,1.0
67407,4.164238452911377
726,2.978184700012207
95254,1.0
45238,1.0
74786,1.0
38548,1.0
79025,1.0
32480,1.0
50965,1.169936180114746
98482,2.4283013343811035
76089,1.0
37714,1.0
40049,1.0
40595,2.3412015438079834
35966,1.0
75115,1.062616229057312
17311,2.222593307495117
39220,1.0
94297,1.0
83452,1.0
72129,5.0
63396,1.0030341148376465
13028,2.073040008544922
61274,1.0
25517,1.0
68488,1.0
27005,4.360152721405029
14259,1.0
81834,1.0
97238,1.0
21548,1.0
2967,3.9716296195983887
4603,1.0
61889,2.3577651977539062
558,2.80179762840271
3588,1.0
37822,2.41737699508667
108452,1.0
47297,1.0
25836,2.4461936950683594
31150,1.0
26692,1.0
63881,1.0
70112,1.0
99051,1.0
85319,3.1101646423339844
31038,1.0
12722,1.0
5703,1.0
29055,1.0
100502,1.0
35107,1.0
33902,1.0
46737,5.0
19803,1.0
28612,2.1723086833953857
52501,1.0
48847,1.0
8138,1.0
1260,1.0
52124,1.0
74802,1.0
38743,1.0
68387,3.8967418670654297
15431,1.0
38099,2.5464913845062256
90449,1.9074310064315796
94636,1.0
63402,1.0
42142,1.0
63298,1.0
49843,5.0
15809,2.634582996368408
102231,1.0
19583,1.0
52656,1.0
9820,1.9187896251678467
72855,1.0
32381,1.0
79459,1.0
1913,1.5082252025604248
7659,1.0
88963,1.0
98389,1.0
20825,4.461285591125488
17859,1.1959946155548096
44579,3.1940019130706787
1188,1.0
54040,1.0
91512,1.0
20856,1.0
90201,1.0
104795,1.05495285987854
27427,1.0
80587,1.0
67064,1.0
27979,2.189885139465332
50209,1.0
87582,4.793169975280762
18910,1.0
92766,1.407140851020813
33386,1.0
18492,1.0
3962,1.0
73024,2.7726047039031982
21013,1.4879893064498901
4132,1.0
96331,1.4002999067306519
2381,1.0
48179,2.7881040573120117
37882,1.0
3708,1.0
36529,1.0
32346,4.495598793029785
92711,3.1434667110443115
6887,1.0
31511,1.0
66036,1.0
81190,1.0
53227,3.893922805786133
65691,1.4139498472213745
80849,1.0
107430,1.0
5076,2.428209066390991
680,1.1446030139923096
76547,1.0
68776,1.0
60519,1.0
29229,1.0
89851,1.0
7554,2.240724802017212
58122,1.0
107877,1.0
102586,1.0
89159,1.0
93900,1.5052127838134766
52989,1.0
69944,1.0
40663,3.3015711307525635
107707,1.0
71386,1.0
101186,1.0
80512,1.0
45215,5.0
35174,3.171462059020996
12338,1.5372000932693481
82463,1.0
15374,1.0
106285,1.363788366317749
93763,3.9622559547424316
58211,1.8585373163223267
53339,1.0
86218,1.0
18235,1.0
45995,1.0
19509,1.0
69459,1.1633955240249634
80551,1.0
30796,1.0
68484,1.6368794441223145
36031,1.0
9418,1.0
63634,1.0
61078,1.0
54522,1.0
35655,4.211061954498291
48602,1.3578895330429077
75468,1.4067955017089844
74295,1.0
63016,1.0
78791,3.0475237369537354
100289,1.0
72075,1.0
56764,1.0
98785,1.0
69407,4.1689019203186035
39354,3.1839990615844727
38640,3.471257448196411
27323,1.5010936260223389
81308,1.2592542171478271
91341,4.378477573394775
18191,1.0
15349,1.1380285024642944
90406,1.0
3238,1.5472203493118286
102909,1.8685194253921509
106493,1.0
94726,1.0
2530,1.0
93820,1.0
46986,4.922293186187744
29078,1.0
89394,1.0
63268,1.8289209604263306
2257,1.0
18617,1.0
24725,3.7122600078582764
60941,1.672098159790039
785,1.0
18476,1.0
55916,1.0
65593,2.2357254028320312
56818,5.0
103595,3.7356350421905518
32579,2.2466776371002197
13382,1.0
10079,1.0
13935,1.719954490661621
59954,3.0178465843200684
96193,1.0
68189,2.0594074726104736
13872,1.0
100192,1.0
61929,1.0
4406,1.1433327198028564
48053,1.9631245136260986
953,1.0
9906,1.0
3947,1.0
91397,1.0
98922,1.0
96534,1.0
29897,1.0
104973,1.0
100222,1.0
66840,1.0
3181,1.0
74906,1.0
6541,2.700284004211426
42983,1.0
38071,1.0
38491,4.631301403045654
28246,4.008581638336182
13171,1.0
70268,1.0
26475,2.2745425701141357
105458,1.0
96993,1.0
38414,1.0
13917,1.0
100290,1.0
8438,1.9749473333358765
45738,1.0
75267,1.0
28414,1.0
106599,1.0
85372,1.0
16682,3.100951910018921
42777,1.0
100342,1.8419018983840942
1580,1.0
31253,1.0
68081,1.2381805181503296
87249,1.0
89384,1.0
76112,1.0
17184,2.017808437347412
42414,1.0
31712,1.0
74270,1.0
16354,1.0
15459,1.0
55451,1.0
88319,1.0
52948,1.0
92831,2.9259653091430664
52585,1.0
33707,1.0
83621,1.7563754320144653
15024,1.3576381206512451
20808,1.0
3115,1.0
31777,1.3001673221588135
11452,1.0
19521,1.0
78245,2.7683444023132324
47202,1.0
67692,1.0
55263,1.0
67118,1.0
29422,1.0
92019,1.0
61571,1.0
29130,1.0
32057,1.0
97924,1.0
83109,1.0
13823,1.0
79469,1.0
93709,5.0
50723,1.0
60099,1.0
37028,1.0
88734,1.0
30041,1.0
108330,1.0
35022,5.0
73805,1.6190364360809326
66450,3.4400362968444824
91937,1.0
5045,1.0
70937,3.529026985168457
8619,1.0
51186,1.0
62929,1.0
3565,1.0
68847,1.0
49407,1.0
18057,1.0
32123,1.041612982749939
34155,1.0
92895,1.003655195236206
57667,1.7274909019470215
87203,1.0
52201,1.0
100365,1.0
35300,1.4234392642974854
948,1.0
59488,1.0
9305,1.0
53813,1.0
79598,1.0
70186,2.701106548309326
62875,2.8682034015655518
107760,1.0
60834,1.0
78095,1.0
46710,1.0
33693,1.2599087953567505
108488,1.0
77413,4.668331623077393
72496,1.9064580202102661
53305,1.0
72294,1.0
55940,1.0
15811,1.4222298860549927
29258,4.278145790100098
38899,1.0
37144,2.011493682861328
14566,1.0
102040,5.0
57848,1.0
9792,1.0
36968,1.0
42853,1.0
90960,5.0
6560,1.0
33813,1.0
106968,1.0
33999,1.0
53378,1.7549011707305908
71967,4.308064937591553
102944,1.0
83583,1.0
12945,1.0
6844,2.2149956226348877
16275,1.1547505855560303
58078,1.111643671989441
88957,1.0
20871,1.0
42507,1.0
67050,1.0
59783,1.0
93117,1.456648349761963
92118,4.516293525695801
82604,1.2456094026565552
62906,1.0
270,1.0
97014,1.0
93050,1.0
38730,1.0
107936,2.1903252601623535
72556,1.0
58830,1.0
39503,1.0
54668,1.0
2501,1.0
16569,1.0
35972,1.0
54254,1.0
86486,1.0
4953,1.0
18499,1.0
4271,3.422557830810547
46889,3.3149502277374268
23901,1.0
32041,1.0
11210,1.0
6655,1.0
22216,1.0
107509,1.0
83056,4.025406837463379
74425,1.2778679132461548
98624,1.0
5554,3.4761552810668945
36369,1.0343478918075562
9454,1.0
107745,1.0
60967,1.0
57112,2.849344253540039
88623,1.0
36458,1.0
89611,1.0
31014,1.0
56341,1.0
17335,1.0
21725,1.7418501377105713
47582,1.0
54338,4.397232532501221
98179,1.0
103239,1.0
86048,2.4148383140563965
69088,1.0
77459,3.958252191543579
88287,1.0
70942,5.0
32460,1.0
60153,1.0
47790,1.0
51187,1.0
63706,1.464500069618225
34807,1.0
19321,1.0
69508,2.542479991912842
65488,1.0
71191,1.0
82791,1.2613794803619385
22470,1.0
40869,1.0
36448,1.0
16900,1.0
83216,1.0
91288,1.0
54058,1.0
98006,1.4209637641906738
6456,1.0
92812,3.3598766326904297
3391,1.0
84934,1.0
33304,1.0
60769,1.0
50449,1.0
97473,1.0
106316,1.983599305152893
30488,1.0
80189,1.0
83758,2.518578052520752
55624,1.1869807243347168
53800,1.0
1115,1.6023491621017456
40597,1.0
68572,1.0
89513,1.0
76062,1.0
10295,1.0
107234,1.0
14006,1.0
94535,1.5252578258514404
83995,1.799630045890808
61465,1.0
50305,3.4333393573760986
47475,1.0
97547,5.0
34651,2.503523826599121
105258,1.0
97767,1.0
20130,1.0
1196,1.0
97548,1.0
15290,1.0
104081,1.0
19205,1.8297293186187744
7144,1.0
7707,1.0
100945,1.4671376943588257
86134,1.0
46239,1.8444920778274536
61200,1.0
69654,1.0
33679,1.076593041419983
21686,4.43484354019165
43635,1.0
33932,1.0
95591,1.0
46520,1.0
85534,1.6858632564544678
73470,1.0
7430,1.0
27640,1.0
12010,3.526158571243286
96877,1.0
37844,1.0
68461,1.0
74272,1.0
89723,1.0
86955,1.0
84857,1.0
9389,1.0
75612,1.0
54101,1.6457054615020752
20791,1.0
11714,1.0
32177,1.0
51742,1.0
60223,1.0
12322,1.0
34983,1.0
24131,1.325641393661499
6294,4.0467987060546875
45916,1.0
35881,1.0
12362,1.081274390220642
30681,1.0
27064,2.0802323818206787
75896,1.0
73094,1.0
10775,2.3440585136413574
55838,1.0
73911,1.0
16759,1.0
84256,1.0
17044,1.0
38804,1.0
46036,1.018100380897522
86252,1.0
6320,1.0
105818,1.0
19387,1.0
89544,1.1534487009048462
60709,1.0
98376,1.0
37115,1.0
99073,1.0
78575,1.0
39641,5.0
3911,3.719580888748169
81188,1.0
12077,3.433321714401245
68875,2.923610210418701
82406,3.1743547916412354
20273,1.7832688093185425
91152,1.0
104182,2.067229986190796
20292,2.812802314758301
60160,1.0
3104,1.0
43385,1.0
79144,1.0
58857,1.0
23615,3.7821712493896484
76642,1.0
27315,1.0
70738,1.0
36841,2.6893930435180664
32906,1.0
58997,1.0
22586,5.0
48781,1.0
64880,1.0
5343,1.0
33694,1.2797340154647827
84069,1.0
70503,1.683133840560913
104716,1.0
1027,1.0
3279,1.1203584671020508
53669,1.0
9555,1.0
44696,1.0
65791,1.0
64296,2.207749843597412
62625,1.6379623413085938
80904,1.0
3306,1.0
65418,1.0
60710,1.0
1732,1.9224727153778076
87466,1.0
65288,1.0
101755,1.647546648979187
81899,3.691696882247925
24555,1.7688519954681396
86502,5.0
103172,1.882947325706482
2745,2.233107805252075
54242,1.9379345178604126
85634,1.0
32552,5.0
72738,1.0
693,1.0
2137,1.0
101153,1.0
100500,4.156281471252441
81391,1.0
54714,2.0818681716918945
11444,1.0
79914,1.0
36418,1.0
57832,3.0214736461639404
32756,1.0
66609,1.6834272146224976
64815,2.6230809688568115
16052,5.0
58515,1.0
50253,3.486938238143921
13201,1.0
28996,1.0
64013,5.0
36223,1.0
31504,1.0
18399,4.232312202453613
86162,1.0
96896,1.0
11880,1.0
82220,1.0
72258,1.7635897397994995
22167,1.69176185131073
78088,1.0
8969,4.90537166595459
43399,3.2461998462677
7857,3.8238189220428467
47526,1.0
37651,1.7432879209518433
18214,3.173076629638672
47113,1.0
67393,1.1597161293029785
71655,1.0
59636,1.0
102844,1.0
65903,2.125340700149536
65943,1.0
68133,1.0
60749,1.0
97972,1.0
28986,1.0
41317,1.0
26348,1.0
17633,1.0
24878,1.0
83771,1.0
29886,2.305391788482666
90768,1.0
38380,1.436390995979309
25510,2.675340175628662
92066,1.0
103761,1.6636048555374146
11237,1.0
99341,1.0
82839,2.844022750854492
101320,2.790306806564331
27540,1.0
11250,1.0
8344,1.0
19070,1.0
9019,1.0
71642,1.0
6231,1.0
25883,1.338564157485962
86721,1.0
69680,1.0
79343,1.0
86508,1.0
70430,1.0
42971,2.6272194385528564
65984,1.0
46638,1.0
2069,5.0
55353,1.0
6614,1.0
108540,1.0
98435,1.0
25566,1.0
93753,4.04251766204834
22590,2.3713619709014893
35207,1.0
27549,1.1176881790161133
94910,1.0
66107,1.0
87747,1.0
95235,1.0
79040,1.0
52905,2.4132816791534424
10907,1.0
19822,1.0
67776,3.779660701751709
80366,1.0
83825,1.0
62366,1.0
87496,1.0
60076,1.377668023109436
21157,1.0
95960,1.0
8466,1.0
47071,1.0
49959,1.0
52570,1.0
98253,1.0
20192,1.7682363986968994
95900,2.270617961883545
75028,1.0
77083,3.676793336868286
45900,3.7058663368225098
6080,3.958171844482422
63345,1.4073652029037476
54996,1.0
78945,1.0
96830,1.0
73442,1.0
4776,1.0
76236,1.0
52107,1.0
2952,3.120922565460205
57635,1.0
27908,1.0
43589,1.0
14075,1.0
94143,1.0
62265,1.0
67003,1.2230740785598755
83149,4.939376354217529
85218,1.6553233861923218
70596,1.0
18969,1.9610689878463745
36584,1.0
4112,2.0982255935668945
102802,1.0
25720,1.0
5810,1.0
42097,3.3985393047332764
35766,1.0
51425,1.3523273468017578
107770,2.271899700164795
21343,1.0
9908,1.0
10578,1.0
84105,1.0
68196,1.0
3081,1.0
64844,1.0
54759,1.0
64510,1.0
51098,4.240711212158203
67530,4.518219470977783
21598,1.0
88507,1.0
77423,1.0
82531,1.0
29565,1.1752185821533203
8858,1.6686545610427856
43609,1.0
8027,1.0
113,1.0
28,2.3569536209106445
80744,1.0
10784,1.0
69098,2.4649839401245117
81207,1.0
41808,1.0
101006,1.0
49788,1.0
90281,1.0
101615,2.810915470123291
100510,1.0
107444,4.2426934242248535
43695,1.0
99684,1.0
12067,1.0
65868,1.0
96653,1.0
81835,1.0
33233,1.0
7954,1.0
44239,1.0
62275,1.0
33577,1.0
107532,3.685725450515747
54045,1.7859718799591064
68107,2.8509860038757324
60459,1.0
54903,1.0
42515,1.0
57730,5.0
57477,1.0
42898,1.043739676475525
94684,1.0
15562,1.0
70886,1.0
52550,1.0
58899,1.0
8985,1.0
5527,1.0
28576,1.0
58811,1.0
91961,1.0
58598,1.0
87171,4.042265892028809
106529,3.956000328063965
65837,1.0
98489,1.0
43265,2.994112014770508
51146,1.0
64112,1.2121202945709229
87887,1.0
64673,1.0
43141,3.6521177291870117
79102,1.0
61710,1.0
57065,1.0
29467,1.0
13428,4.650946140289307
30351,1.0
81990,1.6627471446990967
33470,1.0
42537,4.600456237792969
60577,1.0
33101,1.909788966178894
5015,1.0
2172,1.0
51532,1.0
11113,4.522952079772949
18864,1.0
33226,1.0
74439,1.0
103777,1.0
1899,1.0
102224,1.0
12829,1.9797831773757935
36879,1.031516432762146
22047,1.0
106351,1.0
8592,1.0
36464,1.0
89514,1.0
59425,1.0
80070,1.0
81843,3.0538129806518555
100704,1.0
68110,1.0
33257,1.0
85068,1.4851323366165161
42125,5.0
46728,1.0
103697,1.0
48389,1.0
103167,1.0
19910,1.0
100090,1.0
39239,1.0
102021,1.0
32833,1.0
7752,1.0
56441,1.0
34090,1.463054895401001
71814,1.0
92595,1.0
75108,1.0
96044,3.122128963470459
31122,1.0
84592,1.0
10607,1.0
8031,1.0
90056,1.2728934288024902
32611,2.8820722103118896
96781,1.962222695350647
69323,1.0
75785,1.0
103205,1.0
31628,1.0
49962,2.67988920211792
105603,5.0
32289,1.0
19959,1.0
29013,1.0
21683,1.0
13721,1.0
100106,2.0687434673309326
82685,1.981263518333435
14363,1.0
36798,2.8983469009399414
105028,1.0
24424,1.0
9878,3.533384323120117
33162,1.0
100063,1.0
37249,2.3248348236083984
68842,1.0
26670,1.0
54373,1.0
55458,1.0
73379,1.0
42720,1.0
76725,4.713438987731934
65685,2.6238608360290527
72644,2.890904188156128
10435,1.918965458869934
108386,1.4298731088638306
57920,1.0
68644,1.0
67501,1.0
104310,3.1285197734832764
52361,1.0
7058,1.0
31065,2.5934340953826904
49600,1.0
68603,1.0
81247,1.0
37466,2.388583183288574
42871,4.979995250701904
1676,1.0
23834,2.2173688411712646
26969,4.127047061920166
25657,3.257981061935425
73538,1.0
46559,1.182281732559204
69855,1.0
98209,1.0
73615,1.0
20805,1.0
84074,1.0
42302,2.5757546424865723
58444,1.0
33288,1.89231538772583
84530,1.0
48473,1.0
49249,3.5827815532684326
62464,1.0
60707,1.0
1874,1.0
94795,1.0
98445,1.0
54149,5.0
49127,4.485135078430176
37118,1.0
64960,1.0
98168,3.147996187210083
47163,1.0
5985,4.577149868011475
12486,1.0
2044,1.5720205307006836
6940,1.0
83499,1.0
59990,1.0
37516,2.69840669631958
62041,1.0
26472,1.0
107459,1.0
102306,1.0
3719,1.0
97628,1.0
92917,1.751564383506775
9726,1.9200365543365479
89237,5.0
29768,3.6069998741149902
71514,1.0
13944,3.864356756210327
98114,1.0
49366,1.5380325317382812
70918,1.0
15148,2.0196361541748047
47417,1.2975679636001587
69185,1.0
92671,1.46604323387146
67010,1.0
102634,5.0
92090,1.0
85928,1.9377808570861816
99944,3.650113105773926
31926,4.331505298614502
103914,1.0
82019,1.0
18498,1.0
94389,1.0
85042,1.0
98274,4.116699695587158
1962,1.0
44523,1.0
10845,1.0
2724,1.0
13666,1.0
60829,1.0
50854,3.8892221450805664
75439,1.0
16939,1.0
102070,1.0
27523,1.0
77458,3.2662456035614014
2681,1.0
105651,4.615197658538818
84348,1.0
71393,1.0
38707,3.1743335723876953
71253,1.0
7203,1.0
23093,1.0
82390,1.0
79433,1.0
80506,1.617864966392517
50578,1.0
86079,1.0
4423,1.0
66341,2.1136391162872314
49330,1.0
72253,1.0
84744,1.0
53497,1.0
28775,1.0
63533,2.8814313411712646
73522,1.0
6372,1.0
64822,1.0
20314,1.0
70620,3.341334342956543
87900,1.5234061479568481
98884,1.648181676864624
10636,1.2992907762527466
47543,1.1099354028701782
66474,1.0
18852,1.0
13495,1.0
48385,1.0
58304,1.0
105670,1.0
45945,1.0
104236,1.0
76987,1.0
89171,1.0
45707,1.0
87686,1.0
67789,1.2562425136566162
16203,2.6957790851593018
62573,5.0
31908,1.0
88870,1.0
19542,1.0
104104,1.0
49207,1.0
35982,3.6417746543884277
26766,3.3245115280151367
56164,1.0
89724,1.0
8146,1.0
33981,1.0
87369,1.0
7332,1.0
22962,1.0
19863,1.0
101032,1.0
79796,1.0
48147,2.2626430988311768
27015,1.0
59033,1.0
13188,1.0
45373,1.0
43312,2.084773540496826
52009,1.832063913345337
94185,1.0
34705,1.0
83681,1.0
93211,1.0
14405,1.0
36410,1.0
52019,1.0
87896,1.0
1648,1.0
95484,2.9712061882019043
83417,3.5425946712493896
105316,1.0
62851,3.2093915939331055
56546,1.0
24494,1.0
105214,1.8361397981643677
66237,2.63478684425354
52807,1.0
49078,4.644471645355225
67506,1.0
69643,3.4966001510620117
53262,5.0
46259,4.1390485763549805
77299,1.0
27996,2.128079414367676
85382,1.0
66624,1.0
10776,1.0
88639,1.0
34405,5.0
26479,1.0
108584,3.0044033527374268
6550,1.6624115705490112
78348,1.6099213361740112
6486,5.0
71169,1.9052464962005615
85194,1.0
77188,1.0
3957,4.239003658294678
84189,2.436842679977417
78335,1.0
62580,1.0
35786,1.0
81568,1.0
9681,1.0
93751,1.0
106787,3.2677345275878906
56729,1.4368829727172852
5153,2.6449060440063477
57331,1.0
99274,1.0
60639,4.545959949493408
83672,1.0
59690,1.3796550035476685
33080,1.0
42651,1.0
8650,1.6446874141693115
37270,1.937086820602417
102732,1.0
37243,2.6618566513061523
83408,2.6168577671051025
5132,1.0
101123,4.534793853759766
104222,2.3435070514678955
52517,1.0
100564,1.0
93312,1.9792510271072388
32857,1.0
36144,1.0
23517,1.154822587966919
107658,1.6522269248962402
88668,1.616530418395996
80662,1.0
39556,1.0
85790,2.695070505142212
72237,1.0
90259,1.0
72449,2.2739689350128174
91638,1.0
78635,2.303178310394287
58813,1.0
64026,1.0
41049,1.0
61212,1.0
19058,1.0
87497,1.0
56763,1.0
107072,1.697281837463379
71203,1.7515519857406616
106338,1.0
87277,1.0
13029,1.0
19799,1.0
81209,1.0886796712875366
5764,1.0
39809,1.0
3167,3.303178071975708
8838,1.0
23903,3.6884095668792725
62669,1.0
53601,1.0
16458,1.0
31868,3.4187355041503906
88222,4.212368965148926
87789,2.39587140083313
96582,2.695138931274414
86084,1.3265295028686523
90541,1.851674199104309
104563,1.0
87381,1.0
29729,2.2111878395080566
65749,3.02200984954834
66308,1.0
79746,1.0
101875,1.2099031209945679
16657,1.0
104663,1.0
40007,2.882748603820801
96584,1.884942650794983
37467,1.0
58853,1.0
81349,1.0
57395,1.0
41033,1.0
2685,1.0
103341,5.0
55133,2.455268621444702
99241,1.0
104623,1.0
58301,1.0
93792,1.0
34656,1.0
106087,1.0
38018,2.8603036403656006
28192,1.0
62158,1.0
9433,1.0
62525,1.0
89290,1.0
80593,4.752220153808594
26285,1.0
66172,1.0
11634,1.0
92305,1.0
71976,1.0
84537,1.0
106771,1.3316192626953125
99856,1.0
85002,1.0
9291,2.176042318344116
38856,2.8023681640625
44316,5.0
5846,1.0
14589,4.153692245483398
27922,3.8667640686035156
95645,1.5353165864944458
26815,1.0
78759,5.0
87531,1.0
71858,1.0
26050,2.6424262523651123
66195,1.0
43664,2.797762632369995
25188,1.0
85687,1.0
61523,1.0
102631,1.0
30848,1.0
31072,1.0
107156,1.6237738132476807
10446,1.0
4085,1.3141192197799683
45925,1.0
29536,2.9888768196105957
69410,1.0
101177,2.4261248111724854
44201,1.0
74311,1.0
92155,1.0
44656,2.506382942199707
98353,1.0409185886383057
91027,4.476908206939697
49461,1.0
81750,1.0
65223,1.0
78764,1.0
23138,1.0
12531,1.0
28222,4.077013969421387
3638,2.107576847076416
77873,4.269931316375732
97248,1.0
32285,1.0
475,5.0
613,3.995915412902832
93230,1.0
36524,1.0
11205,2.7531628608703613
72326,3.342682361602783
62658,4.231913089752197
23174,1.0
86266,1.2393991947174072
77448,1.0
37444,1.0
84515,1.0
72467,1.0784351825714111
72680,1.0
50158,1.0
10665,1.0
29167,1.0710750818252563
105726,1.0
32212,1.0
100217,3.5227737426757812
81034,1.0
71934,1.576149344444275
77581,1.8618773221969604
64706,1.0
64859,1.0
103829,1.0
94725,1.0
105517,3.8492839336395264
60385,1.0
16041,2.150141716003418
60392,1.0
52231,1.0
53729,1.0
74973,1.039925217628479
43501,2.1413543224334717
80919,1.0
5310,1.0
56447,1.171881079673767
26539,3.3681602478027344
41867,1.6369186639785767
56172,1.0
18175,1.403955340385437
10482,1.0
87525,1.0
35325,1.642096996307373
63840,1.0
61511,1.0
92961,1.82508385181427
41279,4.566832065582275
52380,1.0
64015,5.0
13497,1.0
541,1.7508589029312134
95906,1.0
90555,1.0
89054,2.5971035957336426
3906,1.0
102002,1.0
29763,2.324984312057495
19454,2.7413108348846436
97847,1.0
29807,1.0
65645,1.0
36400,1.0
6296,1.0
103630,1.0
71889,3.7636120319366455
108223,1.0
89932,1.0
52998,1.0
18334,1.0
50561,2.1945457458496094
64254,1.0
42690,1.0
55803,2.4168965816497803
83877,3.513524055480957
56851,5.0
47332,1.6468768119812012
58063,3.13417387008667
19670,1.1628947257995605
103874,1.0
42510,3.8724770545959473
74412,3.5272696018218994
31434,1.0
47558,1.882045865058899
47585,5.0
100216,1.0
51510,1.0816084146499634
19882,1.0
15070,1.0
15152,1.0
80808,1.9139481782913208
67975,1.0
14852,1.0
77974,3.2061965465545654
39502,2.585347890853882
50936,1.1780189275741577
32755,1.0
76356,1.0
8575,1.2945902347564697
23648,1.0
1442,1.0
90189,2.934657335281372
21988,1.3112177848815918
21556,2.5366055965423584
76306,1.0
57416,1.0
5647,1.0
94823,1.0
31526,1.0
50763,1.0
49025,1.0
64734,1.0
12587,1.0
30062,1.0
30635,1.0
62169,1.0
73409,1.0
730,2.100424289703369
48083,1.0
94044,3.575465440750122
65748,1.1422665119171143
25454,1.0
60056,1.0
34208,3.0023725032806396
40476,1.0
107739,1.0
86517,1.0
83632,1.0
69449,1.0
18444,1.6313111782073975
96288,1.0
47914,1.7504031658172607
94714,5.0
82367,1.941831350326538
74689,3.550982713699341
5175,1.7053894996643066
23537,1.0
69399,1.0
85485,1.0
102935,1.0
69541,1.4678573608398438
87610,1.0
30991,1.0
19838,1.0
63377,1.3496555089950562
62145,4.174947261810303
84467,3.9958648681640625
60165,1.416712760925293
24108,1.0
53474,1.0
38868,1.0
7057,1.2595874071121216
47486,1.3371734619140625
19331,1.0
45355,1.9074749946594238
64501,4.013773441314697
79220,1.7270140647888184
18262,1.0269927978515625
15448,1.0
18615,1.1573421955108643
56293,1.0
52872,1.0
40854,2.122354030609131
79787,1.0
64177,1.0
82530,2.3157525062561035
75021,1.0
22367,1.974241018295288
81087,2.2590627670288086
82773,3.261423349380493
15520,1.0
89147,3.2628605365753174
22506,1.0
48392,1.3183553218841553
47856,1.0
19682,1.0
99612,1.0
11267,1.0
13025,3.069141387939453
78149,1.0
3395,2.177199125289917
57132,1.0
28984,1.0
62969,1.0
15480,1.0
27756,1.0
71729,1.0
65087,1.0
18257,1.0
69359,1.2933349609375
67922,2.414327621459961
87451,1.0
70340,1.0
5972,4.1127471923828125
94166,1.4110060930252075
98323,3.4614007472991943
80704,1.0
23664,3.5402162075042725
50173,5.0
28356,1.0
86273,1.0
35910,1.0
95847,1.0
108490,1.8089823722839355
18968,2.609337091445923
96562,2.1777455806732178
68775,1.0
82818,2.9786136150360107
29917,1.0
4695,1.0
7537,1.0
90134,1.0
9133,1.0
1917,1.1099377870559692
39552,1.0
12790,1.0
101928,1.0
56636,1.3872919082641602
19403,1.0
66766,5.0
44680,1.0
49660,1.0
68857,1.3033393621444702
100609,3.4600601196289062
54334,1.0
20997,1.0
20598,1.0
13439,1.0
27285,1.5354629755020142
103410,1.4587308168411255
68536,1.0
53897,1.0
107111,1.0
91793,1.0
853,1.7785861492156982
79801,3.7016994953155518
6373,1.0
52017,1.0
48416,1.0
33706,1.0
41601,4.241734027862549
32603,1.0
3346,1.0
9804,1.0
67788,1.0
85191,1.0
44702,1.0
522,1.0
102476,1.0
78441,1.0
82135,1.8903738260269165
40314,1.0
94336,2.1695735454559326
76782,3.3629369735717773
60700,2.442908763885498
10325,3.6221909523010254
11716,1.5168769359588623
96238,1.7794357538223267
105036,1.0
92072,1.0
76159,5.0
14294,1.0
68833,3.8309733867645264
81731,4.513105392456055
30583,2.449023485183716
68069,1.0
49732,1.0
65606,1.0
24093,1.0
43785,1.0
40648,1.0
101676,1.0
41547,1.0
41844,4.6847825050354
26251,1.0
50541,1.0
43326,1.0
27284,2.2863869667053223
96899,1.0
33271,1.8446003198623657
107083,1.0
55853,1.689576268196106
2225,1.1375209093093872
107161,1.621930718421936
93006,1.0
55096,1.0
71157,5.0
56709,1.5519537925720215
60321,5.0
46942,1.0
77548,1.0
31635,1.0
44466,1.3973438739776611
21131,1.0
93045,5.0
32092,1.0
62787,1.8464457988739014
36480,4.574128150939941
83467,3.8054442405700684
74987,1.3371466398239136
23509,1.4511809349060059
90409,1.0
56111,1.0
39268,1.0
81901,1.0
48817,1.0
47714,1.0
106953,1.0
36334,1.7796257734298706
78877,1.0
18003,1.0
7679,1.0
82157,1.0
14647,1.0
25929,3.172591209411621
2526,4.165646076202393
45550,1.021979808807373
56086,1.0
658,1.0
78273,5.0
29767,1.0
74612,3.686695098876953
6401,1.0
25636,1.0
60661,1.0
37548,1.0
92598,5.0
45563,1.0
96679,1.0
60003,1.3829914331436157
15746,1.0
41192,1.5695884227752686
68072,1.0
60659,1.0
61908,3.5859742164611816
2933,1.0
40541,2.6752429008483887
17083,1.8463034629821777
3443,2.694746732711792
37526,1.0
96559,1.0
102359,1.341326117515564
66062,2.4801974296569824
58750,1.0
85743,2.364621162414551
79344,1.5410070419311523
69791,1.0
107376,1.0
64096,1.0
22207,1.0
2431,1.0
66565,1.0
96155,1.0
38685,1.0
62502,1.0
79562,1.0
106095,1.0
26751,4.706084728240967
49375,1.0
84221,1.0
72544,5.0
6592,1.0375099182128906
90635,1.0
77176,1.0
99269,1.0358084440231323
59770,1.0
27105,1.3928323984146118
106466,1.0
13507,2.2398645877838135
5029,1.0
52528,1.0
40403,1.0
89761,4.867228031158447
64559,1.0
6109,1.0
88066,1.0
43425,1.0
99001,1.043841004371643
61734,2.1907925605773926
104023,1.0
16179,3.0409393310546875
70928,2.697848081588745
56263,1.0
89431,1.0
76890,1.0
105143,1.0
4946,1.4372565746307373
50970,1.2407073974609375
94751,1.0
23789,1.0
78520,1.0
18826,1.5849359035491943
90234,1.0
40970,5.0
51358,2.628882646560669
64375,1.0
60681,1.0
1989,1.0
69237,2.156438112258911
39085,1.0
96274,1.0
87807,1.0
94088,1.0
34924,1.0601140260696411
49255,1.0
54873,1.8324295282363892
70423,1.0
79566,1.0
76520,1.0
60211,1.0
59260,1.3104006052017212
96777,1.6587402820587158
41800,1.0
26750,1.2185580730438232
70752,1.0
20113,1.0
99506,1.1078546047210693
74930,1.0
59811,1.0
77975,1.0
50507,1.0363705158233643
9119,1.0
21966,1.0
21270,2.9897241592407227
6272,1.0
64245,1.0
39439,1.0
85701,1.0
59377,1.3113387823104858
51080,1.0
107890,1.0
88411,1.965694785118103
82707,1.1440085172653198
8212,1.6484375
27476,1.0
80304,1.0
46508,1.0
23327,3.567281723022461
32513,1.0
14573,2.3803112506866455
105194,1.0
61182,3.577207565307617
72430,2.6360232830047607
104948,1.0
7578,1.0
15541,1.0
66623,1.0
86992,1.2295567989349365
100852,1.0
36923,1.6104955673217773
37200,1.0
32262,1.0
103054,1.0
49505,1.0
92350,1.0
20500,1.0
32100,3.7837698459625244
93691,1.0
25269,1.0
2766,1.0
51559,3.5661683082580566
81057,1.0
7916,1.0
88325,1.9381598234176636
53107,1.0
10608,1.0
32297,1.0
82076,1.0
30298,1.0
21583,2.9581944942474365
31152,1.0
23908,1.0
83307,5.0
69922,1.2679111957550049
19306,1.0
107309,1.0
94055,1.0
81712,1.0
76046,2.1358959674835205
58965,1.0
37681,1.0
35594,1.0
34773,1.0
55560,3.4647634029388428
35622,4.5831379890441895
81375,1.0
22759,1.0
77282,1.0
16970,1.0
42566,1.0
19808,1.5490138530731201
100986,5.0
96991,1.0
50659,1.0
69743,1.0
94082,1.0
107260,1.0
61463,2.8230836391448975
32538,1.0
68458,1.0
50251,1.0
11280,1.0
51101,3.527617931365967
11026,1.9741605520248413
75348,1.0
17098,1.0
33412,1.0
68892,1.0
10151,4.565052509307861
33648,1.8241300582885742
30547,1.114733338356018
2674,1.9383976459503174
30749,1.0
62999,1.0
4246,2.6703131198883057
35292,1.0
83382,1.0
47244,1.0
15599,1.0
23697,1.0
14198,3.9559824466705322
36533,1.0
94116,1.5922160148620605
27613,1.0
61649,1.0
38382,3.790374517440796
70347,1.755736231803894
67218,2.5027003288269043
98263,1.0
71119,1.8098300695419312
5044,2.8066391944885254
45588,1.0
12863,1.0
37323,1.0
33118,1.0
105725,1.0
69434,1.0
62832,1.9428633451461792
18598,1.1123327016830444
74413,1.0
64583,1.0
7081,2.0530364513397217
97782,5.0
96724,1.0
105295,4.453338623046875
2084,1.0
52401,1.0
49501,2.613398551940918
41435,5.0
2402,1.2119868993759155
96640,1.0
63409,1.0
90699,1.5660018920898438
101106,1.2432233095169067
58828,1.0
38053,1.0
76054,1.1507030725479126
47514,1.226381778717041
34786,1.131088137626648
94790,1.5243710279464722
77834,1.0
106504,1.0
46216,5.0
55229,1.0
8081,1.0
79297,1.0
74210,1.0
54011,1.0
29451,1.0
22132,1.0
58755,1.0
44560,3.1003618240356445
89215,1.0
64187,2.8764686584472656
57951,1.0
107843,1.0
34670,1.0
26786,1.0
91139,1.0
51339,1.0
10095,1.0
15573,1.0
58039,4.309261798858643
100878,1.0
24284,1.0
62198,1.0
82004,1.0
66878,3.521932601928711
106353,1.0
98052,1.0
75291,1.4788916110992432
90978,2.392883539199829
4335,1.0
69284,2.8944942951202393
36627,1.0
49232,5.0
22944,1.279536247253418
63950,1.0
38390,1.0
10920,1.0
81025,1.0
53804,1.0
5363,2.302720308303833
93808,1.0
37011,1.0
16225,1.0
32422,1.0
1716,1.0
24427,2.7023301124572754
98334,1.0
60765,1.0
105083,1.0
43008,2.5110723972320557
47281,2.7472317218780518
70139,1.0
7530,1.0
105685,1.0
60506,1.0
84929,1.0
24998,1.0
27906,1.0
96523,1.0
78355,1.0
98567,1.0
8648,1.0
57004,1.0
64808,1.0
7728,1.0
62952,5.0
20959,1.0
48161,1.8987144231796265
80106,5.0
26656,1.0
101162,1.0
99644,1.5631145238876343
104768,3.8358187675476074
58580,1.0
104059,1.0
33215,1.1606236696243286
9539,2.5820987224578857
89864,1.0
66525,1.0
38045,1.639685034751892
99347,1.0
70284,1.0
92062,1.0
69629,4.739423751831055
6327,1.0
56346,5.0
6334,1.0
44764,1.0
10172,1.0
95316,1.0
89616,1.9211238622665405
74179,5.0
6177,2.3625993728637695
39607,1.0
92992,3.410722017288208
27937,1.0
78185,1.0638083219528198
53118,1.3172396421432495
27418,1.0
61261,1.0
87236,1.0
35331,1.0
86873,1.0
105047,1.3536747694015503
53411,2.724825143814087
15185,2.8122878074645996
51370,1.0
101723,1.0
103209,1.0
66338,1.0
90162,1.0
95631,1.0
32970,1.0
80387,2.228456735610962
97896,5.0
46382,1.0
1354,1.0
22352,1.0
92783,2.3605544567108154
102173,1.0
15233,1.3840376138687134
75069,1.0
82458,1.0
44968,1.0
24536,1.0
65920,1.0
103639,1.0
99852,1.0
48092,3.177962303161621
77978,1.0
65935,3.0896565914154053
88906,1.0
91202,1.5553821325302124
26318,5.0
45847,1.0
6530,2.7052290439605713
13369,3.191288948059082
47471,1.0
77140,1.0
29100,1.0
63442,1.0
70016,1.0
4875,1.0
42603,1.0
59991,3.2115085124969482
63595,1.0
33454,1.0
19282,1.0
63267,5.0
7856,2.251519203186035
86994,1.0
102724,1.0
37808,1.0
105231,1.0
29662,1.3128020763397217
101232,1.0
1250,3.125236749649048
74383,3.4615378379821777
70973,1.0
58550,1.0
47813,1.8353257179260254
23898,1.0
22531,4.834931373596191
8848,1.0
5537,1.3858312368392944
12307,1.0
8196,1.0
70631,1.0
52045,1.0
37545,1.0
62480,1.0
91207,3.0733513832092285
63180,1.0
64868,1.0
12329,1.0
45073,1.039097547531128
69624,1.468445062637329
73208,1.6279327869415283
49203,2.459925413131714
57235,2.2971343994140625
99603,1.0
31332,3.150707483291626
81873,1.0
37951,1.7686121463775635
68795,1.0
82066,1.0
22333,1.0
80630,1.0
60806,1.0
107121,1.0
48329,1.8842586278915405
70834,1.0
27552,1.0
54767,2.5143842697143555
16501,1.6481971740722656
73479,1.0
961,3.3911333084106445
86232,1.0
1491,3.789306163787842
38153,1.0
30021,1.0
83357,1.0
90501,1.0
39613,1.0
44069,1.0
43270,2.3275341987609863
47956,1.0
52474,2.0096561908721924
78819,2.806354284286499
43680,1.0
39804,1.0
41008,4.59635066986084
6975,3.0417537689208984
23075,3.7352912425994873
15941,1.0
23592,1.0
33821,1.0
29154,1.64069664478302
41840,1.0
11343,1.0
108525,2.466310977935791
45999,1.0
27632,3.511516571044922
68238,1.5667959451675415
40145,1.0
64273,1.0
50481,2.361976385116577
95017,1.0
80470,1.7585511207580566
55012,1.0
44921,1.0
5445,1.0
4880,4.268223285675049
17672,1.0
34984,1.0
102556,1.0
53376,1.0
83400,1.0
102521,1.0
29220,5.0
91008,1.0
35714,1.0
84896,1.6951477527618408
45682,1.0
94145,5.0
42969,1.6785563230514526
39089,1.0
46488,2.648141622543335
11304,1.0
165,1.0
90708,1.801830530166626
12984,1.0
32439,1.8360990285873413
78959,1.0
91409,1.0
16978,1.0
79253,1.0
44595,1.0
71206,1.0
96581,5.0
85740,1.0
71582,1.0432511568069458
21722,1.0
96569,1.0
68073,5.0
93412,1.0
105347,3.180418014526367
25557,2.5764098167419434
60380,1.0
43235,1.0
44305,1.0
27335,1.0
46129,1.7822060585021973
92261,1.1447696685791016
99605,1.0
95632,1.0
35830,1.0
88922,1.0
64518,1.0
102352,1.0
75466,1.5615633726119995
58802,1.0
27156,1.0
95199,3.176301956176758
86000,1.0
1817,1.0
13392,1.0
9337,1.0
38794,1.0
95370,2.2085068225860596
32440,1.6513060331344604
25650,1.0
4791,1.9017215967178345
44881,1.0
67514,1.0
69439,3.009860038757324
36516,2.177546262741089
64819,1.0
57006,1.0
19556,1.0
17390,5.0
13128,2.7965104579925537
53141,1.0800729990005493
81748,1.9073280096054077
107198,1.0
100807,1.0
7171,1.0
97567,1.0
65477,1.0
53699,1.0784893035888672
23080,1.0
39212,1.0
91854,1.0
70832,4.584182262420654
61377,1.0
77929,1.0
47195,1.0
69639,2.749358654022217
73632,1.0
12622,2.08166241645813
90941,1.0
78697,1.0
105156,1.5726853609085083
49619,1.0
15593,2.0875251293182373
57469,1.5383515357971191
30086,1.0
32488,1.0
80942,1.0
91903,1.0
84005,1.0
88924,1.0
61875,1.0
14318,1.6937260627746582
101898,1.0
78476,1.0
86747,1.0
26987,1.0
75225,1.0
18996,1.749424934387207
106170,1.0
83883,1.0
92420,3.4860122203826904
83169,1.0
14805,1.0
50987,2.222235918045044
108340,1.0
92721,1.0
73325,1.8109893798828125
102410,1.0
6469,1.517681360244751
7647,1.0
63660,1.0
54853,1.0
42951,1.0
4943,1.0
67113,1.0
62353,3.2475528717041016
46982,3.758310556411743
77293,1.0
54908,1.0
27260,2.9787437915802
3893,2.365546941757202
96768,2.7116641998291016
77910,1.0
34624,4.163419723510742
94075,1.0
101390,1.0
56292,2.1890006065368652
21718,4.041051387786865
60848,1.0
83913,1.0
49444,1.994518518447876
27180,1.0
73354,1.0
84838,1.0
65092,1.0
50960,1.0
91715,1.0
232,5.0
22351,1.0
48957,1.0
41616,1.0
54751,5.0
90782,1.0
81161,1.0
19250,2.3800036907196045
106743,1.6511887311935425
56491,3.9353129863739014
82947,1.6831601858139038
38977,1.2292308807373047
85797,5.0
42923,1.0
84552,1.5065423250198364
43467,1.0
72422,1.0
17367,1.0
97889,1.1946532726287842
2925,1.0
61393,1.0
26532,4.973470211029053
36179,1.0
40133,1.0
79797,2.2277581691741943
71065,1.0
47429,1.0
35763,1.0
96103,1.0
20989,1.0
54478,1.1807361841201782
57995,1.5872383117675781
13350,2.694136619567871
15877,1.0
48231,1.0
3855,1.0
25329,2.4547855854034424
49337,1.0
42218,1.0
61145,1.0
75238,1.0
70348,2.6401803493499756
78786,1.0
78594,1.0
77926,1.0
92376,1.0
74617,1.0
16642,1.0
27301,1.0
103921,1.010237216949463
56146,2.7863962650299072
85715,1.0
40924,2.0179507732391357
40325,2.2238523960113525
11883,1.0
55176,1.0
37465,1.0
60800,1.0
66167,1.0
18441,1.0
88573,1.0
16597,1.0
104107,1.0
33097,1.0
27394,1.0
39894,2.75321888923645
84522,1.5431225299835205
65130,1.0
18605,1.0
4649,1.0
31534,1.0
427,4.0641279220581055
81270,1.0
43423,1.0
33992,2.1545095443725586
30942,1.0
7686,1.0
94505,1.0
47259,1.2501543760299683
71394,1.0
9670,1.0
39717,1.0
7436,1.0
86848,1.0
64873,1.0
61,3.3494040966033936
63787,1.0
59297,1.8155966997146606
39035,1.3502061367034912
101042,1.402895450592041
10800,1.0
69514,1.0
47654,1.0
102653,1.0
73763,1.0
72092,1.0
15243,1.0
15278,1.0
75602,1.0
56675,4.5359039306640625
78798,1.3422937393188477
93766,1.0
61368,1.5345873832702637
34127,1.0
32166,1.2967010736465454
40806,1.0
17405,1.0
5152,1.0
34007,3.215161085128784
73692,1.0
68468,1.0
29290,1.0
13653,1.0
39388,1.0
82022,1.0
45741,3.10107684135437
82599,2.1952576637268066
937,1.0
65000,1.0
33320,1.4792081117630005
31576,5.0
102859,1.0
5013,5.0
43681,1.0
39038,1.0
38983,1.0
47552,1.0
41993,1.0
12161,1.0
42986,2.8345906734466553
2187,2.425947666168213
75382,1.1837507486343384
107661,1.0
107902,1.0
71759,1.0
87229,1.0
59615,1.0
27776,1.0
45840,1.0
74874,1.6710422039031982
3758,1.0
101215,1.0
85174,1.926759958267212
26312,1.0
19035,1.0
24866,1.0
26068,1.0
15956,2.1747336387634277
5966,1.0
68001,1.0
72967,1.0
37224,1.4719352722167969
18570,1.0
91947,1.0
65028,1.0
27306,1.0
51476,1.0
93908,1.0299299955368042
58490,1.0
48803,1.611419439315796
24915,2.515611410140991
33514,4.095142841339111
4825,1.710955262184143
36778,1.0
77605,3.324294328689575
44050,2.0123202800750732
95174,1.6308046579360962
70421,1.0
89437,1.0
77266,1.0
71417,1.0
107321,1.2813663482666016
23247,3.2526097297668457
60213,1.0
88795,1.0
97705,5.0
40470,1.0
105126,1.0
69013,3.3462555408477783
21221,1.0
88373,2.0786142349243164
5421,1.0
38248,1.0
107550,1.0
72033,1.0
30163,1.0
84539,1.6509389877319336
79660,1.0
85028,1.0
98394,1.2772780656814575
51100,1.0
75770,1.1335182189941406
92385,1.0
59296,1.0
70731,1.0
2550,1.2853052616119385
99175,1.0
70622,1.0
28927,1.0
8482,1.739516019821167
105220,1.0
80352,5.0
98050,1.9340440034866333
56235,2.7884342670440674
43221,1.0
75054,1.0
78878,1.0
29670,1.0
46853,1.0735670328140259
27361,1.0
65281,2.6377062797546387
5729,1.1050951480865479
18274,1.0
42326,1.0
10227,1.9769492149353027
80648,1.0
18039,1.0
38009,1.0
18289,1.0
20318,1.0
72180,1.0
85378,3.3621203899383545
80612,1.0
42524,1.0
22852,2.6859233379364014
44689,2.573094606399536
2415,1.0
54619,2.4439218044281006
58736,1.0
10311,1.0
54800,1.0
36784,1.0
95575,1.992743730545044
68396,1.9282313585281372
54405,1.309958815574646
64806,1.0
83291,1.0
86050,4.185004234313965
93432,1.0
28837,1.0
99162,2.307533025741577
37035,1.0
105763,1.0
18217,1.0
50417,1.0
41846,2.7843189239501953
39662,1.0
94358,1.0
62966,1.0
108241,1.0
55220,1.0
23882,1.0
46807,1.0
13411,3.3306615352630615
72052,1.0
13213,1.0
54240,2.517271041870117
17735,1.0
89614,1.0
81408,1.989615797996521
61492,1.0
36781,4.814805030822754
59856,1.0
70356,1.912648320198059
66701,3.7937119007110596
32368,1.0
61798,1.0
16390,1.4960688352584839
28786,1.0
55375,1.0
97019,1.3749804496765137
39145,3.0832860469818115
27923,1.0
57273,1.0
42304,1.580528974533081
18164,1.0525537729263306
97664,1.642673134803772
3353,1.717283844947815
32890,1.0
50815,1.5797003507614136
11834,4.727628707885742
101815,1.0
71374,1.0
1772,1.0
34739,1.0
10112,1.0
4171,2.3997631072998047
79381,1.6573598384857178
63672,1.0
28998,4.482925891876221
33858,1.0
76579,1.0
57517,1.0
25960,1.0
79649,1.0
63618,1.0
10328,1.9976638555526733
92364,4.057820796966553
64315,1.0
11947,1.0
28781,1.0
98875,1.0
19003,1.0
91704,2.7798829078674316
7600,1.6135573387145996
26618,1.3420884609222412
8073,2.5677452087402344
89777,1.0
97568,1.0
98067,1.0
83097,2.7725815773010254
31565,3.1034512519836426
9712,1.0
54966,1.0
97665,1.0
36246,1.0
18851,1.0
29716,1.0
85379,1.0
22019,1.0
35922,1.0
45507,2.1599016189575195
83532,1.5835685729980469
74601,1.0
86085,1.0
10071,1.0
42429,1.3187320232391357
3497,1.0
22324,1.0
58054,1.0
53025,1.0
17665,1.0
67361,1.0
67704,2.7639198303222656
28321,3.229766845703125
103511,1.0
70669,1.0
39963,1.0
100409,2.8277390003204346
74388,1.0508815050125122
86962,2.1157617568969727
55781,3.6392264366149902
15362,1.0
106224,1.0
87757,1.0
89671,1.435285210609436
94100,1.0
98355,1.0
84481,1.0
2293,1.0
21679,1.8695284128189087
96406,2.132774591445923
95717,1.0
17769,5.0
426,1.0
61341,1.0
14639,1.0
94550,1.0
63877,1.769918441772461
90035,1.0
5281,1.0
71785,1.0
77225,1.0
47279,1.0
27689,1.0337896347045898
104844,1.0
56903,1.0
47960,1.0
106074,1.0
6234,1.0
46445,1.0
46930,1.8064011335372925
34273,1.0
13618,2.890307903289795
6671,1.0
45801,1.0
42379,1.0
60423,1.0
89894,1.0
41377,1.0
29952,1.0
60342,1.0
80195,1.0
6524,1.0
15929,1.0
60161,1.0
45264,1.9510900974273682
33251,1.0
26995,1.0
96048,1.1451389789581299
102441,1.0
35271,1.0
89959,5.0
88217,5.0
107043,1.0
103601,3.6613593101501465
23067,1.0
82079,1.0
72155,1.0
102510,1.0
98891,1.0
51144,1.0
16553,1.0
91104,1.0
38314,1.0
91225,1.0
60807,3.778869867324829
10983,1.0
104452,1.0
9062,1.436070442199707
76622,1.7562530040740967
96951,1.0
55553,1.0
81847,1.0
92925,1.0
70400,1.0
35708,1.0
43991,5.0
25908,1.0
103055,1.0
104206,1.0
55998,1.0
78929,1.0
49013,2.400528907775879
20682,1.0
2379,1.0
18871,2.085085391998291
50773,2.4257566928863525
46197,1.119139313697815
47491,1.0
74482,1.3927785158157349
35950,1.0
96004,1.0
41433,1.0
25979,1.0
74370,1.0
43493,1.0
41574,1.0
69367,1.0
84027,1.0
63726,1.426148772239685
100625,1.0
83212,1.0
17033,1.0
78473,1.0
96792,1.6955287456512451
83891,1.0
39468,2.1067922115325928
87061,1.0
99308,1.0
57427,1.0
85448,1.0
16658,2.566555976867676
38740,5.0
89748,5.0
36836,1.6443510055541992
39496,1.1099014282226562
89780,1.0
59250,1.0
15083,1.0
43676,2.7254583835601807
79086,1.0
68844,2.8406312465667725
86632,1.2199580669403076
65209,1.0
42260,1.0
89243,1.0
12709,2.5510852336883545
106539,1.0
20706,4.621667861938477
3923,1.221360445022583
63173,1.0
30699,2.940563917160034
52825,1.0
1756,5.0
8338,1.0
89666,1.0
103622,3.5126044750213623
21771,1.0
96400,1.0
17679,1.0
85231,1.0
82009,1.0
336,1.0
75640,1.4272956848144531
18106,1.0
71521,1.0
94227,5.0
89797,4.416813850402832
100846,1.0
14305,1.0
70376,2.6909735202789307
14269,1.0
53271,1.0
16378,1.0
59207,1.0
80510,1.0
50521,1.0
14547,1.0
38094,2.343987464904785
2644,2.285658597946167
7653,1.0
81603,1.0
9527,1.0
97500,4.197360038757324
76570,1.0913358926773071
5052,2.248896837234497
58283,1.0
14677,1.0
35127,1.1870414018630981
5320,1.0
83701,1.0
86875,1.0
95328,1.0
35301,1.0
23098,3.2845003604888916
89112,1.0
61590,1.0
78281,1.5954614877700806
98683,1.0
61981,1.0
56338,1.0
62376,1.0
85441,1.235946536064148
14231,1.0
4403,1.0
96186,1.0
70666,4.4097418785095215
13097,1.0
79786,1.0
39891,1.0
18269,1.0
44238,1.0
94098,2.721414089202881
96470,2.5792036056518555
92056,1.0
51299,1.0
76151,1.0
80025,1.0
30953,1.0
79185,3.052334785461426
12081,1.0
27507,1.0
20267,1.0
77035,1.0
74551,1.0
85644,2.9917521476745605
41745,1.0
66421,1.0
31886,1.0
43173,1.0
30135,1.0
73941,1.0
7113,1.3954306840896606
25558,1.0
76268,3.7963428497314453
24885,1.0
22350,1.0
30917,1.0
90487,2.621115207672119
104796,1.0
75500,3.934760093688965
37624,3.4726758003234863
66630,1.0
73272,4.479273796081543
48394,1.678175926208496
1985,2.90310001373291
91431,1.0
13260,3.8830273151397705
97747,1.0
10530,1.2628520727157593
48997,1.0
28762,1.0
45819,1.0
85274,1.0
30758,1.0
41760,2.6262834072113037
52708,1.8896256685256958
10131,1.0
32693,5.0
8105,1.0
68186,3.613276720046997
16929,1.0
74485,1.0
63916,1.2479885816574097
77331,1.0
55640,1.0
19225,1.0
11545,1.0
42221,1.0
95156,2.625176191329956
60754,1.8144155740737915
71271,1.0752454996109009
15790,1.0
77745,3.8629395961761475
107873,1.0
90963,1.0
69951,1.0
77298,1.8226815462112427
7357,1.0
84459,4.207610607147217
40632,1.3422513008117676
102199,1.0
30757,3.1754212379455566
56159,1.0
37561,1.0
72298,3.865769386291504
104505,1.0
82697,1.0
47462,1.0
15780,1.303422212600708
76826,2.9289207458496094
100231,1.0
37785,1.0
77892,1.0
15364,1.0
71790,1.0
78005,1.0
101040,1.0
86767,1.9824482202529907
22371,1.0
83908,1.0
45202,1.0
32363,1.2017474174499512
56107,1.0
103869,1.0
80879,3.283968925476074
5466,1.0
54138,1.3993830680847168
38289,1.6066333055496216
54886,1.0
106375,1.5226980447769165
44845,2.7046399116516113
34160,1.0025184154510498
56261,1.0
59945,1.0
66621,1.0
81534,1.0
65957,1.0
1476,1.0
68467,1.0
59171,1.0
99432,1.0
69817,1.0
13936,1.0
20361,1.4711467027664185
108511,1.0
52181,1.0
61834,1.0
17791,1.0
3668,2.2392821311950684
13606,1.0
62928,1.0
27338,1.0
7023,2.333313226699829
29016,1.0
92392,1.0
73225,1.0
6842,2.205454111099243
88068,1.0
37218,2.485605001449585
56492,4.458122730255127
52957,1.0
47109,1.0
18543,1.0
67693,1.8213746547698975
77191,1.8848077058792114
68755,3.7753522396087646
20299,1.0
106096,2.4905178546905518
8939,1.0
56552,1.9080621004104614
33021,1.0
9290,1.0
12205,1.0
96454,3.1671676635742188
67641,1.0
62490,1.0
103818,1.0
94032,5.0
98119,2.192578077316284
74645,1.0
29602,1.0
31183,1.0
24066,1.0
50636,1.0
74958,4.445013046264648
55234,4.200808525085449
51182,1.091238260269165
45885,2.063716411590576
35451,2.655895471572876
48342,1.0
98795,1.0
23279,1.0
3615,1.0
96618,1.7190752029418945
24117,2.1784043312072754
98191,1.0
90973,2.061490535736084
14511,1.0
33149,1.0
50161,1.0
8186,1.0
99710,1.0
70659,1.0
29777,1.0
73452,1.0
97700,1.0
82308,1.0
5944,1.0
20236,1.0
18187,1.0
25217,2.8297646045684814
24842,5.0
28950,1.0
97466,1.0
33597,4.518306255340576
6631,1.0
61504,1.9750087261199951
90067,1.0
85467,2.0348150730133057
26543,1.0
97437,1.0
40226,1.1754738092422485
96514,1.0
75296,1.126312494277954
89318,2.008509397506714
8861,1.0
45341,1.0
84211,1.0
7060,1.0
77115,1.0
78898,1.0
67562,1.0
59317,1.0
33318,1.0
53273,1.0
39974,1.0
87698,5.0
32519,1.0
36284,1.0
12554,1.0
27356,1.0
70520,1.0
52843,1.0
56074,1.0
41390,1.0
53639,1.0
102889,1.0
19481,2.074568271636963
90488,3.0251290798187256
65348,1.0
26234,1.0
73746,2.1235849857330322
76485,1.0
22322,1.0
26635,1.0
96773,5.0
49251,1.0
31523,1.0
28770,1.0
11454,1.0
106213,1.0
50155,1.0
1738,1.0
18715,1.0061933994293213
70127,1.0
37536,1.0
28861,1.0
67233,3.462830066680908
60845,1.3033559322357178
50547,1.0
88763,1.0
43757,1.0
107928,1.0
10300,1.0
71543,1.0
101107,1.0
75938,1.0
52498,2.623584508895874
53688,1.0
47358,1.0
6658,1.0
50607,1.0
57826,1.0
98719,1.0
11331,1.0
61997,1.0
97838,1.7452807426452637
80769,1.0
100334,1.0
67394,3.110856533050537
45829,1.0
63846,1.0
37015,1.6374247074127197
94593,5.0
27062,1.0
41125,1.7428112030029297
14064,1.0
66748,1.0
69561,1.0
32817,1.0
19987,2.200727701187134
28093,1.0
72211,1.0
19218,1.0
82208,1.0
103281,1.0
65284,1.0
7348,1.0
88179,1.0
48647,1.0
74212,1.0
33548,1.0
78737,2.731614351272583
48013,1.0
23817,1.0
72540,3.343970537185669
31902,1.0
96577,1.077940583229065
107957,1.0
20634,1.0
77180,1.0
40850,1.0
37768,1.0
50037,1.0
47871,3.8193519115448
100677,1.0
14122,1.0
55968,1.0
40858,1.0
56290,1.0
33292,1.0
42865,3.5930824279785156
38886,1.45753014087677
43616,1.0
4676,1.0
5901,4.860034942626953
15889,1.0
60990,1.0
7331,2.360170602798462
49142,2.6220431327819824
89727,4.465295791625977
32173,1.0
7270,1.0
21676,1.0
85101,1.0
52464,1.0
912,3.667116641998291
53726,1.0
64948,1.0
26957,1.0
82403,1.0
80833,1.0
25385,1.0
65993,1.0
96233,4.853681564331055
68101,2.670781135559082
29364,2.5084080696105957
63970,1.1098579168319702
96422,1.0
42133,1.0
37122,2.523125648498535
82848,1.0
100396,1.0
3134,1.0
80548,1.0
70770,1.0
79893,1.0
100710,1.0
39171,1.213748574256897
27445,1.0
97245,1.0
62496,2.7906365394592285
88928,1.1298868656158447
8667,1.0
33991,1.0
50637,1.0
59170,1.0
131,1.0
54567,1.0
27396,1.0
16189,1.0
102734,3.417487621307373
20998,1.0
98925,1.0
43637,1.0
14227,1.0
103989,3.753162145614624
47403,1.0
82752,1.0
89277,1.5381038188934326
91902,1.0
59060,1.0
88269,1.0
84776,1.0
60811,1.0
2009,1.0
107606,1.0
101999,1.0
66818,1.0
29641,1.0
85786,1.0
90015,1.935916781425476
10161,1.0
62442,4.515761375427246
107360,1.0
72515,1.0
44188,1.3809175491333008
29044,1.0
85580,1.0
98242,1.3153200149536133
95993,1.0548608303070068
94863,1.0
71025,1.0
55851,1.0
100629,1.0
47722,1.5830219984054565
59053,1.0
87543,1.0
2136,1.0
14823,1.0
53269,1.0
80423,2.092528820037842
94221,1.0
102619,1.6444898843765259
21240,1.8327124118804932
17516,1.0
67322,5.0
84364,1.0
23440,1.0
23040,2.255537271499634
10452,2.3189079761505127
13396,4.942229747772217
104780,1.0
59450,2.5009591579437256
14734,3.6594901084899902
103928,1.0
89368,2.1520087718963623
31678,1.0
42355,1.0
53355,3.1583752632141113
46789,3.1880154609680176
76315,1.0
18190,3.3443102836608887
77541,1.0
83523,1.0
21374,2.7374494075775146
107514,1.0
93814,1.0
15419,2.0583972930908203
4945,1.0
57184,1.0
80961,2.3860299587249756
83554,4.857856750488281
44223,1.0
54475,1.0
46576,1.0
9637,1.0
32625,2.6824681758880615
98288,1.0
65141,2.6750059127807617
80920,2.8236043453216553
105014,1.0
60763,1.0
1826,1.0
34925,1.0
11244,1.0
107425,3.723864793777466
75396,1.0
32701,1.2565524578094482
56796,4.225764751434326
85175,1.0
2965,1.0
29490,1.0
47346,2.896366834640503
58491,5.0
58247,3.451319932937622
99398,1.0
50187,1.0
28383,1.0
45432,1.0
75044,1.0
69952,5.0
93172,1.0
75681,3.299936294555664
17680,1.3495197296142578
7756,1.0
14195,1.0
107440,3.5347843170166016
65846,1.0
68716,2.507843017578125
48815,1.0
59580,1.0
68207,1.0
51185,1.0
31528,1.0
32275,1.0
105199,1.0
57068,1.0
90648,1.0
9639,3.979219436645508
10202,1.2528071403503418
5329,1.5684728622436523
52067,1.0
66193,1.0
87432,2.9484806060791016
3405,1.0
69296,1.0
82427,1.0
97165,1.0
57466,1.429861307144165
47304,1.0
32036,1.0
45809,1.8950343132019043
75698,1.0
27811,1.0
50193,1.0
46795,1.9493621587753296
41123,1.0
78214,1.0
96607,1.0
4099,2.7421212196350098
7437,1.0
100976,5.0
19230,1.146373987197876
105302,2.164132595062256
3292,1.0
20926,1.0
106541,1.533632516860962
7986,1.0
10267,1.0
70573,1.0
60668,2.26884126663208
2112,1.0
38164,3.169613838195801
17455,1.0
1304,1.0
94663,1.0
10899,5.0
7133,4.197776794433594
74532,4.172630786895752
56695,1.0
28087,1.0
85140,1.0
10962,1.0
36884,1.0
5929,1.0
28117,1.0
71063,3.1047844886779785
20576,1.0
67493,1.0
16235,1.0
68106,1.0
6180,1.0
28853,1.0
913,1.0
49926,1.0
29057,1.0
7449,1.064810872077942
94038,1.0
94362,1.0
57475,1.0
28572,1.0
61123,2.9735655784606934
13764,1.0
72815,1.0
83524,2.4275991916656494
83205,1.0
56198,1.0
733,2.620054006576538
24616,1.5252076387405396
44297,1.0
13945,5.0
66420,1.0
53102,1.0
73363,1.0
67065,4.0919928550720215
99300,1.0
100628,1.0
8039,1.0
55357,1.9562413692474365
37087,1.0
3955,4.358398914337158
17045,1.0
101806,1.0
75359,1.4618877172470093
67677,1.0
69177,2.3950867652893066
39315,1.0
55707,2.1978745460510254
19419,1.1733230352401733
97875,4.70158576965332
44038,1.0
55861,1.0
57186,1.0
88268,1.0
6812,1.7371424436569214
107214,1.0
100225,1.0
67531,1.0
102949,1.0
95221,3.88043475151062
58286,1.0
16392,1.0
4861,1.0
12472,1.0
17000,1.0
33538,3.405308246612549
89660,1.0
3039,1.0
45212,1.0
34667,1.0
67150,1.0
77721,1.0
25112,1.0
85891,3.2485315799713135
12302,1.0
50598,2.2695741653442383
58178,1.0
36534,1.0
81392,1.0
98586,1.0
2076,2.4715800285339355
90851,1.0
22654,2.7865095138549805
3857,1.169228196144104
3746,1.0
24649,1.0
86361,4.1360344886779785
17177,1.0
16315,1.0
46107,1.6230133771896362
64220,1.9436393976211548
7793,1.0
67339,1.0
23559,1.0
31520,1.0
48655,1.0
79529,1.0
80893,1.0
95642,1.0
103458,1.0
103684,1.0
51928,1.0
70897,1.0
21093,1.4437220096588135
17520,1.0
46311,1.0
44176,3.7333927154541016
13977,1.0
74174,1.0
51947,3.823625326156616
47912,1.0
43121,1.1744171380996704
77443,1.0
34283,1.2991505861282349
42787,2.481254816055298
44508,3.1492347717285156
105015,1.0
12061,1.2833260297775269
14801,1.0
81114,5.0
26551,1.0
85780,2.96439266204834
108160,1.0
31148,1.0
18098,1.0
54268,1.9296276569366455
43986,1.0
24225,1.0
2564,1.0
75867,1.0
11211,1.0
88477,1.0
4150,1.0
71149,5.0
1151,1.0
91349,1.0
80556,1.0
79189,1.0
59572,2.0429351329803467
18986,2.8076024055480957
17860,1.0
10301,2.4367923736572266
36545,1.0
70343,1.0
30105,1.0
53259,1.1303468942642212
25728,1.7582554817199707
85490,1.0
6150,1.0
75509,1.1236863136291504
82543,1.0
77405,5.0
29742,4.996570587158203
83226,1.0
22774,1.0
56592,1.0
106104,1.0
102646,1.3110655546188354
36787,1.0
49576,1.0
41025,1.7152867317199707
18216,1.006290078163147
43875,1.0
25707,1.0
86008,1.0
96396,2.6235809326171875
57040,1.0
90597,3.003199577331543
105017,1.9160748720169067
40078,1.77152419090271
37806,2.6982924938201904
63545,2.5311713218688965
62718,1.0
19117,1.0389325618743896
86589,1.0
12889,1.0
65783,1.0
63986,1.0
78678,1.0
45393,1.0
62153,1.7112287282943726
53627,1.0
35811,1.0
44758,1.0
35672,1.0002639293670654
81556,1.0
10036,2.0149595737457275
428,1.0
75426,4.879327774047852
43654,1.6786926984786987
38433,2.964064836502075
67172,2.5415258407592773
72848,1.0
49448,1.0
70646,2.1493263244628906
25643,1.0
49674,2.1190502643585205
36621,1.0
25160,1.0738445520401
97341,1.0
63301,1.0
30138,1.5831118822097778
57853,1.0
54850,1.5868475437164307
29173,1.0
96825,1.0
16819,1.0
82402,2.2320220470428467
91376,1.0
52983,1.9681081771850586
71857,1.0
106498,1.0
78916,1.0
48208,1.6655817031860352
43679,1.0
26741,2.7578532695770264
5374,1.4606177806854248
8183,1.560123085975647
55689,3.2500782012939453
53636,1.0
43116,1.0
87545,1.0
52513,3.7150418758392334
55014,1.0
1515,1.0
30997,1.0
49223,1.3277654647827148
25928,3.0760293006896973
63188,1.0
68899,1.0
89737,1.0
72476,1.0
77988,1.0
49964,1.0
81672,1.0
20399,1.0
45785,1.0
64407,1.0
87294,1.0
4967,1.0
64224,1.0
76682,1.0
102825,3.746328830718994
103096,1.0
38965,2.899733304977417
52455,1.0
75091,2.0842254161834717
25375,1.0
65513,1.7451808452606201
97282,1.0
84319,3.4831364154815674
85123,1.0
74871,1.0
87135,1.0
1774,1.0
15658,1.0
42696,3.85324764251709
65311,1.5276362895965576
20153,1.0
12465,1.0
99322,1.0
11431,1.0
41220,1.0
39693,1.0
59851,1.0
82017,1.0
45499,1.0
1909,5.0
86938,2.914907217025757
18748,1.0
59186,1.0
86229,1.0
86382,1.0
79485,1.0
82281,4.6377949714660645
100021,1.0
108454,5.0
83940,1.0
73677,1.0
107054,3.923358678817749
66332,1.0
66126,1.0
25712,2.1056010723114014
7995,5.0
1843,2.798858404159546
103903,1.0
10683,1.7234145402908325
54439,1.0
67634,1.0
15875,2.6520204544067383
56240,1.6521395444869995
80162,3.573984384536743
42680,1.0
41282,1.0
221,1.8386543989181519
84974,5.0
88498,2.9897513389587402
87844,2.1918141841888428
78093,1.0
13889,2.8257603645324707
90329,1.0
92724,1.6495299339294434
24659,5.0
81951,2.9940013885498047
59110,1.0
49200,1.0
56697,4.383105278015137
69118,1.0
10481,1.0389845371246338
84822,1.0
31372,1.0
81959,1.275020718574524
47873,1.0
1582,2.444241762161255
22297,5.0
73962,1.155475378036499
15669,1.0
74301,1.0
92663,1.8496955633163452
70578,1.0
60655,1.0
43327,5.0
24327,1.0
85275,1.0
95953,1.0
51796,2.2021870613098145
23274,1.6295974254608154
34997,1.0
31959,2.5645055770874023
23107,2.4893059730529785
42531,1.0
54269,1.0
102975,3.7555794715881348
80394,1.0
82062,1.0
106893,1.0
44254,5.0
53720,1.0
106265,1.0
58919,1.0
101809,1.0
59458,4.308027744293213
59390,1.0
54609,2.4369843006134033
62565,1.0
2980,2.168139696121216
43393,1.0
97710,5.0
79841,1.0
4285,5.0
55322,1.0
41257,1.0
95302,1.0
92759,1.9403916597366333
87536,1.0
27142,1.0
17492,2.068072557449341
32550,1.0
69831,1.0
18930,1.0
97891,1.704681634902954
95185,1.4942008256912231
28141,3.0341293811798096
6329,1.0
72051,1.0
36354,1.0
40457,1.0
13548,1.0
36988,2.926006317138672
1081,1.0
8522,1.0
81020,1.0
87329,3.8238658905029297
20240,1.7533015012741089
19587,1.4128425121307373
52099,1.0
23580,1.0
53607,1.0
61475,1.0
26054,1.7260117530822754
76478,3.0409469604492188
45849,3.048020124435425
9195,1.0
104208,1.0
2818,1.550958514213562
9956,1.0
100858,3.57665753364563
95525,1.0
20156,1.0
58460,1.2291511297225952
80786,3.101776361465454
44699,1.9322971105575562
104113,1.0
25325,1.0
4098,1.0
68631,1.0
52704,1.0
66466,1.950437068939209
16476,1.5826507806777954
84862,1.0
37382,1.0
49276,1.2044641971588135
30770,1.0
25241,1.0
105462,3.9719738960266113
19409,1.0
17648,1.0
1471,4.194665908813477
105927,1.0
1630,1.0
28323,4.251003265380859
80881,1.0
86188,1.0
5731,1.619888424873352
96709,1.0
89657,1.0
74840,1.0
44225,1.4589576721191406
2444,1.0
83429,4.239621639251709
16428,2.735412120819092
92212,1.0
12222,2.523665189743042
31499,1.8989657163619995
16243,1.0
37314,1.0
42438,1.0
106025,1.0
33284,1.0
35208,1.0
90646,1.1419392824172974
95788,1.0
86071,1.0
84291,1.0
51420,1.539031744003296
86528,2.463792085647583
35998,1.0
34756,1.0
90567,3.1719579696655273
84140,2.304922580718994
32814,1.0
77271,1.0
66397,1.0
3124,1.0
49308,1.0
51115,1.2564961910247803
90111,1.8448656797409058
99038,1.0
70217,1.0
63688,1.7832204103469849
71972,2.7421090602874756
52199,1.0
84009,5.0
26420,1.0067442655563354
38605,1.0
53436,1.473704218864441
96987,1.0
46707,1.0
23663,1.0
95550,1.6593432426452637
17808,1.6888543367385864
82279,5.0
65485,1.0
98440,1.0
96065,1.0
100563,1.0
107256,1.0
75082,1.0
64702,2.0217690467834473
52956,1.0
26032,1.229711651802063
88306,1.0
106347,2.344949960708618
56451,3.4932003021240234
25803,1.0
63815,1.0
3765,1.4740453958511353
61907,1.0
75555,1.0
93333,1.0
19792,4.484986305236816
36629,3.7015464305877686
52848,3.6311073303222656
92664,2.570774555206299
85094,1.5102765560150146
70960,2.099174737930298
11450,1.0
26044,1.0
53495,1.0
13787,1.2737025022506714
58356,1.179450511932373
528,1.0
62001,1.0
80229,1.0
7472,1.0
76350,2.415637254714966
3878,1.0
17704,1.0
73625,1.0
33331,1.0
28733,1.0
17039,1.0
53490,2.69636607170105
7767,3.50268816947937
83893,1.0
18275,1.2006926536560059
10039,1.7203731536865234
61741,2.019106864929199
62484,2.2737925052642822
107434,1.0
67779,3.9379358291625977
43618,1.0
87562,1.0
48508,1.0
35132,1.0
60727,1.6704524755477905
106809,1.0
86766,1.0
22211,1.0
87793,3.8000996112823486
21265,3.77018141746521
108004,1.0
7240,1.3637664318084717
96597,1.0
75996,1.0
41129,1.0
73492,1.2658510208129883
32473,1.0
5893,1.0896284580230713
17626,1.0
80118,1.7780382633209229
34296,2.5236427783966064
44797,1.0
47536,3.0733211040496826
57731,5.0
73200,1.0
106251,1.0
29418,1.0
91870,1.356799840927124
42746,1.0
74261,1.0
79331,1.0
104217,4.269296646118164
6482,1.0
43802,1.0
82122,1.0
90850,1.0
65882,1.0
49589,2.134878396987915
14192,1.0
7191,1.4264179468154907
99261,1.0
73651,1.0
423,1.0
102850,2.5566747188568115
29893,1.0
76560,1.0
53500,1.0
90090,1.0
100062,1.0
76124,1.0
16286,1.0
79225,1.0
66996,1.0
104518,1.0
20008,1.0
43132,2.6098525524139404
39287,1.0
74387,1.0
59394,1.002162218093872
45762,1.0
46599,1.0
78465,1.0
30881,2.2346885204315186
54046,1.0
79015,2.4555258750915527
25706,2.5640950202941895
8435,1.0
101891,1.0
63685,1.0
9293,1.0
90912,1.0
68647,1.0
51161,1.0
68854,4.542749881744385
25623,1.0
15816,1.0
102421,1.0
42482,1.4734848737716675
41986,2.805485486984253
102840,1.0
65682,1.905687928199768
36575,1.779288411140442
35775,1.0
16256,3.5652167797088623
35516,1.0
61516,1.0
13528,1.852060317993164
79043,5.0
108446,1.0
49860,1.0
7825,1.0
39704,1.4873448610305786
60376,1.0
46225,1.0
33530,1.0
91505,1.0
74643,1.0
72724,1.0
106445,1.2830684185028076
39778,2.6451127529144287
90211,1.0
84096,3.9724535942077637
67277,1.6046955585479736
70312,1.0
34746,1.4183567762374878
51209,1.0
102108,1.0
42110,1.0
19902,1.0
70764,1.5971829891204834
71002,1.0
18947,1.0
87637,1.0
48985,1.0
8224,1.0
13574,1.0
78007,2.083106517791748
107290,1.0
66205,1.0
76731,1.0
40980,1.0
62432,1.0
61400,3.3390705585479736
102739,1.4680079221725464
6157,1.0
71740,2.7570481300354004
1148,1.0
28635,1.0
86504,1.0
14366,5.0
76574,2.27193546295166
85873,1.0
9344,1.0
40484,1.5230892896652222
51789,1.848853588104248
24547,1.0
80561,1.0
73715,1.0
32946,4.391172885894775
28557,5.0
108183,1.0
37538,2.1766998767852783
17214,1.0
43515,2.3266236782073975
50256,3.277625799179077
58003,1.0
53877,1.0
71862,3.7914938926696777
74768,1.0
32253,1.0
26923,2.782317638397217
1759,3.136774778366089
78632,1.0
86171,2.0797176361083984
81402,1.0
38448,1.0
87979,1.915258526802063
45671,2.9383177757263184
73708,1.4587738513946533
59067,1.0
77580,3.1447560787200928
83012,1.0
88887,1.0
45652,1.0
75501,2.110006332397461
43375,1.0
92131,1.0
86682,1.0
100766,1.2313549518585205
87726,1.0
73203,1.0
38134,1.0
27459,1.0
30278,1.0
75910,3.321502685546875
29816,1.0
102994,1.4832643270492554
28408,1.0
28503,4.775071620941162
5975,1.0
81740,1.0
31303,2.387042999267578
89083,1.0
94621,2.388449192047119
108512,3.3275351524353027
36256,1.446527361869812
65321,1.0
30035,1.0
90417,1.0
6351,1.0
78886,1.0
72593,1.0
96132,3.077657461166382
1365,1.0
92875,1.6744674444198608
79863,1.0
71901,4.147223472595215
35264,1.0
86288,1.0
75635,3.5897843837738037
84372,1.0
20846,5.0
58250,1.0
27824,2.7810139656066895
19144,3.4996938705444336
20380,1.0500433444976807
25564,1.0
7158,2.5945093631744385
21209,5.0
46521,1.0
99163,1.8779351711273193
70422,3.9959609508514404
16758,1.593173861503601
40770,1.0
56096,1.0
28459,3.934554100036621
19334,1.5210282802581787
22566,1.0
96585,4.573103427886963
78788,2.1027822494506836
63518,1.0
37389,4.063119411468506
105493,1.0
979,1.0
86053,1.0
47132,1.4390486478805542
31398,1.0
60263,4.6781535148620605
78098,1.0
23096,1.0
65574,2.9426767826080322
40450,1.0
71588,1.0
22851,2.524848222732544
79335,5.0
88879,1.0
106193,1.0
66958,1.1731292009353638
86887,1.0
31300,1.0
14045,1.98758864402771
86694,1.0
40111,1.0
37076,1.0
14096,1.176537275314331
50514,1.0
79183,1.0
52043,1.0
8970,1.0
74767,1.4027411937713623
21368,4.711822509765625
70980,1.0
12148,4.595393657684326
62746,1.0
51342,2.267226219177246
34536,1.4819602966308594
71240,1.0
15181,2.4777722358703613
11346,2.7553834915161133
21461,4.576009273529053
28109,1.0
39430,1.0
62201,2.6332530975341797
82524,1.0
86475,1.373105525970459
74539,1.0
98386,1.0
70419,1.0
29702,3.8262577056884766
106577,1.0
70489,1.094084620475769
30321,1.0
102055,1.0
5378,1.0
48312,1.0
20767,1.0
65204,3.79038667678833
99783,1.0
33323,1.0
101272,5.0
100028,1.0
28294,1.0
83404,1.0
74536,1.0
41481,1.0
68780,1.0
84429,1.0
85160,1.8260892629623413
43862,2.054760217666626
44115,2.1458728313446045
76162,1.0
97434,1.0
20927,2.9226248264312744
104131,1.0
104350,1.0
11789,1.0
91880,2.705984592437744
41047,1.0
100219,3.2521376609802246
92006,1.0
42026,1.0
82727,1.114175796508789
23945,1.0
90127,1.0
90651,1.0
108345,1.0
95371,1.0
6335,1.0367196798324585
99759,1.8406091928482056
104430,1.0
55913,1.0
61490,1.0
91126,1.6417286396026611
97451,1.0
4559,1.0
108089,1.0
64020,4.8662309646606445
11488,1.0
47439,1.3173327445983887
7628,3.1187262535095215
43426,1.0
43935,1.0
2540,1.0
31067,2.9585776329040527
92645,1.0
27777,1.0
95755,1.0
63744,1.0
8413,1.0
93000,1.0
49023,2.478301763534546
96844,5.0
64658,2.252065420150757
63665,1.0
54053,1.0
17741,1.0
67132,4.409260272979736
520,1.0
74384,1.0
85636,1.0
83102,1.0
87285,1.0
50472,3.6211822032928467
8676,1.0
1897,1.0
56596,1.0
53301,1.0
45726,1.9658390283584595
106720,1.0
72101,1.0
17459,1.0
67286,1.0
97230,1.0
63044,1.0
60300,1.2973037958145142
66463,1.0
56887,2.1280107498168945
74318,1.0
72377,1.0
95188,1.0
100559,1.4657723903656006
71418,1.0
44889,1.0
69144,1.734907627105713
68553,1.0
38741,1.0
96912,1.0
87991,1.0
43739,1.0
5342,2.507443428039551
71474,1.0
100907,2.7509608268737793
77515,1.0
50745,2.9725260734558105
28669,1.9269453287124634
41589,1.0
21730,2.3044025897979736
107767,3.006800413131714
76134,1.0
75680,1.0
23018,1.859978437423706
41721,5.0
28990,1.0
93444,2.7122457027435303
77147,1.0
48658,1.0
50486,1.0
17475,2.2377243041992188
64332,1.0
50369,1.0
22721,1.0
106626,3.4827542304992676
20849,1.0
24608,1.385498046875
30787,1.0
87970,1.0
71913,1.0
76321,4.659347057342529
77711,1.0
106361,1.0
105972,1.0
87005,2.2995500564575195
100929,1.522767424583435
78514,1.0
732,1.0
64005,2.4726998805999756
1956,1.0
103487,3.694167137145996
2992,2.162163496017456
60244,1.0
88051,1.0
46768,1.0230551958084106
11863,1.0
80783,1.0
48481,1.0
42671,1.857632040977478
98856,1.0
26677,1.2578864097595215
72485,1.0
65254,1.8745256662368774
108291,2.4162120819091797
53220,3.959151268005371
1052,1.0
48323,1.0
9151,1.0
59229,1.6571205854415894
33593,4.396250247955322
30818,1.0
18369,1.3601665496826172
16277,1.4669889211654663
76760,1.0
87279,1.0
47472,1.0
77312,1.0
80446,1.0
91908,1.0
37851,1.0
72366,1.010106086730957
56790,1.0
78533,1.0
75533,1.0
7391,1.0
59396,3.329575777053833
11751,1.0
60079,1.0
28260,1.0
42567,2.2064595222473145
2976,1.0
92655,2.007514476776123
68942,1.0
26511,1.5782016515731812
54133,1.0
83484,1.0
53901,1.0
32259,1.0
38568,1.0
31580,1.0
60226,1.0
17289,1.0
92259,1.0
98523,4.206090927124023
106362,1.0
59013,1.0
34736,3.739206075668335
3732,5.0
49327,3.8894731998443604
34923,1.0
2585,1.6161402463912964
54493,1.0
76296,1.0
44945,1.0
35483,1.0
58543,1.0
50546,1.5906944274902344
37093,1.554814338684082
97539,1.0122278928756714
31141,2.8614907264709473
52057,1.0
37139,1.0
104294,1.0
39121,1.0
51362,4.2963738441467285
71831,1.147629737854004
73037,1.0
36439,1.0
8396,1.0
57285,1.7385514974594116
95652,2.3627240657806396
42640,1.0
79870,1.0
101800,1.0
98685,1.0
8257,1.0
39385,1.1550959348678589
59406,2.8159029483795166
53750,1.0
105770,3.054614782333374
33832,1.0
107355,1.0
106574,1.0
65714,4.715056896209717
23893,1.0
92892,1.0
97022,1.0
38249,1.8326613903045654
21757,2.104207992553711
35056,1.0
57153,1.1779476404190063
87175,1.0
98019,1.5322068929672241
6688,1.0
10843,1.0
73334,1.0
102003,1.0
27702,1.0
102037,1.0
22881,1.0
51731,1.0
65503,1.0
13407,1.0
11943,2.551704168319702
98385,5.0
57888,1.7524356842041016
18026,1.0
1658,1.0
93495,2.8099851608276367
102812,1.0
45752,1.1473826169967651
38763,1.9223830699920654
75477,1.0
13076,1.0
49697,1.0
103387,1.0
94091,1.0
15204,2.5851118564605713
18612,4.60386323928833
22782,1.0476722717285156
104822,2.908740997314453
8361,2.5166537761688232
27166,1.192251443862915
24719,1.0
72077,1.0
96948,1.0
2267,1.0
80997,1.0
15325,1.0
11256,1.0
88798,1.0
77730,1.0
42864,1.0
92324,1.0
83767,1.0
63097,1.0
95794,1.0
2618,1.0
33020,1.0
88171,1.0
13687,4.570662975311279
102832,5.0
60795,5.0
23916,4.268858432769775
100555,1.303816318511963
40043,1.0
87370,1.0
107044,1.0
24333,2.367135524749756
104512,1.0
89754,3.81705904006958
13647,1.0
55807,1.0
15410,1.0
81713,1.0
50885,1.5616209506988525
54812,1.0
69887,1.0
20027,1.3287233114242554
7591,2.5267133712768555
20069,5.0
30037,1.0
64243,4.548068523406982
28618,1.0
108036,4.298009872436523
45786,1.0
63714,1.0
6991,1.0
57828,1.0
82,1.0
102387,1.0
67976,1.9754379987716675
101471,1.0
46222,1.0
68788,1.0
100653,1.0
91436,1.0
103536,1.0
5394,1.0
64067,1.0
42649,1.0
72806,1.0
52611,1.0
66687,3.70388126373291
30960,1.5807300806045532
31098,2.199361562728882
76160,3.1059889793395996
269,1.0
16791,1.1588960886001587
2397,1.0
97467,2.4453604221343994
46074,1.0
53776,1.0
55837,1.0
86275,1.0
13231,2.0120208263397217
16089,1.0
35954,1.0
84750,1.0
44098,1.0
103077,1.0
47704,1.0
32288,1.0
50266,1.0
4256,1.0
44880,1.0
92996,1.0
13801,1.0
74476,1.0580166578292847
15807,1.9946521520614624
81688,1.0
108425,1.0
77373,1.0
106536,1.0
29795,1.0
19467,1.0
49813,2.9110677242279053
5718,1.0
87373,1.0
40271,1.0
91162,1.0
48084,1.0
51564,2.038813352584839
53026,1.0
94538,1.0
67739,3.8106400966644287
29514,1.0
101962,1.0
38232,1.0
33872,1.0
5226,3.6481823921203613
11781,1.0
12241,1.0
104577,2.0697121620178223
105855,1.0
41188,1.0
93898,1.0259464979171753
107087,1.939501166343689
9313,3.318101406097412
86690,1.0
43243,1.0
29408,2.9328582286834717
97822,1.0
74733,1.1147980690002441
101558,1.0
35636,1.0
92466,1.0
40944,5.0
26724,1.0
40521,1.0
99810,1.0
32130,1.0
45224,3.924055337905884
64799,1.0
1457,1.5381436347961426
42797,1.0
52046,1.0
72063,1.0
83347,1.0
70216,1.1986768245697021
32777,1.0
39480,2.348668336868286
52759,1.0
90958,3.4827113151550293
79177,1.0
63287,1.0
55323,1.0
91840,2.8944077491760254
59313,5.0
2784,1.0
69700,1.0
72759,1.0
38487,4.6020283699035645
106875,1.0
36704,1.0
104331,1.0
83840,2.5529072284698486
11427,1.0
101883,3.8342883586883545
70258,2.18855619430542
77835,2.529435157775879
25272,1.0
38217,1.0
89646,4.783735752105713
48436,4.348242282867432
6545,1.0
8956,1.0
9803,3.7559900283813477
7328,3.040634870529175
54396,2.6023709774017334
67887,5.0
27252,1.0
1007,4.547849178314209
54175,1.0
60486,1.0
86824,1.0
75771,1.0
42657,1.0
2787,2.693695068359375
64169,1.0
28493,1.0
39204,3.8669941425323486
40698,1.0
100467,2.3253519535064697
56871,1.0
15650,2.2795207500457764
36834,1.0
93780,1.0
55156,1.1403661966323853
2387,1.0
83808,1.0
69202,1.0
65136,1.0
24026,2.1722986698150635
17690,1.0
5644,1.0
44480,1.0
38368,2.7841601371765137
74556,1.0
62503,5.0
56349,3.386155366897583
80191,1.0
49827,1.0
9687,1.7475281953811646
14987,1.0
35507,1.0
14447,1.0
93869,1.0
24292,1.0
107923,1.0
41679,1.0
100463,1.0
22020,5.0
100794,1.4780083894729614
51323,1.0
23579,1.0
62675,1.0
79156,4.235635757446289
11580,1.0
68247,1.0
40437,1.0
25562,3.6571879386901855
59139,1.0
3550,1.0
1820,2.0108609199523926
80072,1.0
53739,1.0
105902,1.0
45618,1.0
62755,2.6882169246673584
30453,1.0
76662,1.0
83411,1.0
68377,3.437030792236328
24687,1.0
46381,1.0
27617,1.0
27762,1.0
12855,1.0
8995,5.0
51638,1.0
1292,5.0
11664,1.0
9608,5.0
40452,1.8796803951263428
92500,1.6071354150772095
85109,1.0
8828,1.0
51627,3.1995036602020264
63758,1.0
96827,1.898626446723938
63250,1.0
22568,1.455973744392395
37264,1.0
13661,1.0
44013,1.0
58263,1.0
57842,2.0370147228240967
105612,1.0
21754,2.1026601791381836
43436,1.0
12724,1.0
56641,1.0
97526,1.0
70045,2.7101681232452393
102550,2.565876007080078
65101,1.0
31456,1.4627268314361572
102837,1.094718098640442
96294,1.0
93572,1.0
70534,1.0
2608,1.0
67100,1.0
91092,1.0
31134,1.6187392473220825
31426,1.0
45092,1.0
70879,1.0
39483,1.0
83690,1.0
33893,1.0
91287,4.004875183105469
11841,1.0
54686,3.6393988132476807
101983,1.0
75618,1.0
68400,1.0
53799,1.0
5360,1.0
13736,1.0
46999,1.0
56442,1.0
17676,1.0
35762,1.0
44152,1.0
1593,4.395177364349365
105257,1.0
67883,2.130364418029785
19525,1.0
19051,1.0
95300,1.0
67102,1.0
47671,1.0
60501,2.3868563175201416
103615,1.4648334980010986
88591,1.0
65671,1.0147453546524048
63079,3.132614850997925
31878,1.0
18780,3.2338180541992188
96729,1.658548355102539
15997,1.0
47587,1.0
79627,1.0
6135,1.8047544956207275
106520,1.8148868083953857
68921,1.0
90644,1.7748180627822876
45607,1.0
83970,1.0
84749,1.3900527954101562
6337,1.965932011604309
54308,1.0656169652938843
26367,2.224346876144409
100596,1.787784218788147
102392,1.0
22675,1.0
36880,1.0
85272,2.6235334873199463
72073,1.0
27288,1.0
71709,5.0
107813,2.6797597408294678
68732,2.1323766708374023
34690,1.0
1655,1.0
68105,1.0
79737,1.0
87928,1.0
44049,4.292149066925049
84449,1.4028071165084839
104847,1.0
88545,1.0
20400,1.0
104108,1.1954132318496704
1796,1.0
33758,1.0
104647,1.0
101346,3.5355923175811768
68274,1.0
40143,2.7818968296051025
75515,1.0
19519,1.0
30436,1.0
99550,3.5800445079803467
78731,3.1491177082061768
28866,1.9121208190917969
100045,3.172867774963379
25406,1.0
96359,1.0
101733,3.820190906524658
6596,1.0
42513,2.837144374847412
103264,1.3670167922973633
61642,1.0
35445,4.7785186767578125
14054,1.0
99071,1.0
63355,1.0
46695,1.5440610647201538
102806,1.0
42718,2.3578996658325195
1109,2.2648556232452393
20685,1.0
107678,3.2145094871520996
7452,1.0
65366,1.0
58918,1.0
106726,1.0
68031,1.278747797012329
56539,1.0
26339,1.0
103583,1.2916114330291748
102845,1.0
17552,1.0
32109,1.0
99360,1.0
7914,1.0
27121,1.0
9858,2.662111759185791
87823,1.83981192111969
4526,1.0
27984,1.0
29944,1.0
94426,1.0
27608,1.0641778707504272
69489,1.0
66494,1.0
87836,1.6646332740783691
89984,1.0
52129,1.6402132511138916
69348,1.0
88356,1.2471867799758911
86282,1.0
64031,2.3672518730163574
68434,1.0
103675,1.0
71630,1.0
69180,1.0
36807,1.0
38101,1.0
92717,3.738090753555298
14514,1.0
71910,1.0
21025,1.0
69656,1.0
66,1.0
99772,2.4839248657226562
88183,1.0
65781,1.0
104671,1.0
92511,1.0
49596,1.0
5884,1.0
85750,2.0485830307006836
34366,1.0
9441,1.0
56683,1.1538432836532593
56557,1.0
15760,1.0
47277,3.381366014480591
12631,1.0
3542,1.0
20104,1.0
105761,2.1634480953216553
25910,5.0
10401,1.6655422449111938
97061,3.958967447280884
7450,1.0359834432601929
22133,1.7665168046951294
102125,1.0
88961,1.9828459024429321
49661,1.4185445308685303
43574,1.0
76396,1.0
77425,1.0
7978,1.0
106877,1.3948760032653809
105058,1.0
107475,1.0
10086,2.334221839904785
95910,1.0
98517,1.0
99385,1.0
74116,1.5767585039138794
105153,2.115603446960449
85069,1.0
81166,1.0
35905,1.002300500869751
33848,2.734642267227173
30432,1.2032833099365234
93931,1.0
29827,3.298478841781616
2093,3.775951385498047
47544,1.0
52985,1.0
88586,1.0
6878,1.0
2074,1.0
49259,2.683483600616455
71067,5.0
3057,1.0
4620,1.0
100301,1.0
50140,1.0
75648,1.0
64870,3.750365734100342
8191,1.3163741827011108
83952,1.0
95129,5.0
1713,1.0
98120,1.0
15455,1.0
107583,3.117832899093628
42931,1.0
54128,2.602372407913208
52978,2.4398815631866455
100291,1.7869359254837036
59836,2.7340993881225586
7606,1.4318759441375732
34541,1.0
63263,3.207733631134033
47036,1.0
52896,4.279968738555908
76183,1.0
91861,1.0
62913,1.0
89521,1.0
101147,1.0
98302,1.0
21324,1.0
38422,5.0
23263,1.0
37960,1.0
44561,1.0
82191,2.192986488342285
51320,1.0
90707,1.0
37309,1.0
83259,1.0
69051,1.0
68610,1.512477159500122
30963,1.0
63379,1.0
88489,1.4297971725463867
16954,1.0
77655,1.0
100850,1.0
25991,1.0
107048,1.0
85185,1.0
94259,1.0
8898,2.9294726848602295
63027,1.2489920854568481
76044,1.0
38687,1.0
93648,2.0581650733947754
26293,1.1652226448059082
63009,3.887413501739502
38059,1.0
47360,1.0
108523,1.8959403038024902
41446,2.4589576721191406
33141,2.3072688579559326
15995,1.5270048379898071
16822,2.242039442062378
34339,1.0
17548,3.0756781101226807
59062,1.0
4771,1.0
104056,1.0
15366,1.0
91445,1.0
61763,1.0
84859,1.3807165622711182
69381,1.9534894227981567
104562,1.0
81705,2.764498233795166
101051,3.9856724739074707
5053,3.463122606277466
8895,2.286752939224243
29572,1.0
28276,1.0
101678,1.0
83949,1.0
23328,1.0
30810,4.281802654266357
101316,3.048506498336792
81587,5.0
95457,4.953627586364746
54008,1.82422935962677
99928,2.3688623905181885
85269,1.0
20524,2.5194551944732666
86810,1.3152172565460205
76221,1.0
18637,1.0
93188,1.0
26733,1.0
56568,1.0
46457,1.0
55987,1.0
102627,1.0
66789,1.0
3935,1.0
72885,1.0
23146,1.0
5279,2.360750436782837
73065,1.0
58089,2.662374258041382
98694,4.482968807220459
29894,1.0
57012,1.0
51250,3.660569190979004
36717,1.5203295946121216
8952,1.0
8015,1.0
7524,1.0
95957,1.0069929361343384
98495,1.0
92778,3.254970073699951
89592,1.0
5423,1.0
75558,1.0
62075,1.0
59158,1.0
34247,4.416686058044434
84331,1.0
89260,1.0
52503,1.0
11585,1.0
60534,2.172589063644409
38454,1.0
60411,1.2644778490066528
42136,1.5799744129180908
65496,1.0
8914,1.0
48914,4.907801628112793
104578,1.0
17209,1.0
3066,1.0
79929,1.0
84760,1.0
16721,1.0
107802,1.0
38189,1.0
7118,1.0
60786,1.0
60565,1.0
22007,2.354340076446533
93115,1.0
103694,1.750268578529358
91174,4.1461615562438965
6958,3.329751491546631
20844,1.0
106102,3.335127115249634
8833,1.0
8083,3.4931766986846924
50338,1.0
96010,1.0
11329,1.0
51747,1.0
107819,3.020972728729248
32606,1.0
18139,1.0
108616,1.0
67144,1.0
73719,1.0
77374,1.0
26500,1.0
48259,1.2066377401351929
66819,1.0
84968,1.0
96876,1.0
28892,1.0
71522,1.0
13262,1.0
4134,2.9057974815368652
34094,1.6102627515792847
58735,1.0
100759,1.1592121124267578
22200,1.0
103873,1.0
39647,1.0
6713,1.0
99799,1.0
70570,5.0
69668,1.0
73890,1.0
76712,1.5590163469314575
49485,1.0
12649,1.4974231719970703
19710,1.745941400527954
32810,1.0
77514,1.0
53872,2.9550626277923584
36393,1.0
12071,1.9762320518493652
72771,1.291334867477417
92383,1.5541292428970337
4738,1.0
52717,3.7411301136016846
23867,1.0
77390,1.0
88738,1.0
18255,1.0
90322,1.0
20575,2.150757312774658
48319,1.0
79855,1.0
54294,1.0
60142,1.0
53310,5.0
36450,4.832502365112305
88118,3.4471917152404785
28860,1.0
18108,1.0
91641,1.3415498733520508
65082,1.0
50082,1.641663908958435
86926,1.0
4492,3.088029146194458
628,1.0
78942,1.0
66276,1.0
66229,1.0
84043,1.0
34517,2.2199225425720215
14535,1.0
35596,2.044557571411133
7046,1.0
56488,2.0116915702819824
50491,1.0
17136,1.5774644613265991
18913,1.0
66121,3.413970947265625
82322,1.0
26916,1.0
37791,3.8551385402679443
71156,1.0
51516,2.2821907997131348
21527,1.0
95987,1.0
37758,1.974164605140686
37204,1.6246906518936157
90303,1.0
76932,1.0
25686,1.0
73779,1.0
5397,1.0
53542,1.4856544733047485
87371,1.0
31851,1.6296274662017822
56089,2.1695518493652344
24930,1.0
40715,1.0
17040,1.0
61197,1.0
30647,1.0
53579,1.0
51316,1.0
95493,1.0
41480,1.0
52979,1.0
81130,4.8325066566467285
22858,2.9029672145843506
43136,1.0
9214,1.0
34217,3.403594493865967
43691,1.0
17074,4.852436542510986
63728,1.0
66137,1.0
48714,1.0
81320,1.0
102029,1.0
10611,1.0
18557,3.0421900749206543
72475,1.0
14539,1.0
39300,1.0
46229,1.265547752380371
100032,2.4524786472320557
64141,1.0
80471,1.0
22191,1.0
25276,1.3792279958724976
42966,1.810583472251892
44775,1.0
63955,1.0
89585,1.394891381263733
43545,1.0
85742,1.0
22157,2.7858779430389404
63412,1.0
79946,1.0
34344,1.721054196357727
6232,1.0
39928,1.0
38016,1.4800806045532227
35051,1.0
21579,1.0
3608,1.0
88968,1.4553327560424805
9437,1.4083130359649658
81711,1.0
35065,1.0
32597,2.278115749359131
67898,1.0964088439941406
82077,1.0
98326,2.4219136238098145
21492,4.565089225769043
104141,1.0
101593,1.0
73278,2.829153060913086
28379,1.0
70000,1.0
62761,1.0
80347,1.816989779472351
97600,1.0
22749,1.0
30972,1.0
4975,4.750871658325195
29099,1.0
44111,1.0
3265,1.0
24612,1.0
67192,1.123223900794983
3501,1.7393903732299805
23959,2.9926929473876953
30299,1.0
78152,1.0
42889,3.107945442199707
53934,2.992319107055664
41727,1.0
15179,1.0
47088,1.0
15144,1.0
89795,3.0882301330566406
44168,1.0
80960,1.1397631168365479
107002,1.0
18064,1.0
52306,1.0
2151,1.0
10097,1.0
76983,1.0
91100,1.5180716514587402
1041,1.0
16088,2.508587121963501
36757,1.1090097427368164
24731,2.8713865280151367
2763,1.0
97799,1.0
16555,1.0
97594,1.8471944332122803
23117,1.6217951774597168
86333,1.0
63166,4.33293342590332
62821,1.8510395288467407
75718,1.0
58584,1.0
87805,1.0
54526,1.0
100186,1.0
62250,1.0
50993,4.3366594314575195
73745,1.0
5371,1.0
97801,1.7498033046722412
70723,1.0
82350,5.0
104877,1.0
25771,1.0
17641,1.0
47402,1.0
68322,1.0
7880,1.0
71609,1.8936911821365356
17546,1.0
102978,1.0
72391,4.685972690582275
63936,1.0
78853,1.0
1629,3.76918363571167
46028,5.0
25786,3.33347487449646
32251,2.019592761993408
84409,1.0
23895,3.348639965057373
96944,1.0
39071,5.0
10837,5.0
79060,1.0
17501,1.531626582145691
39616,2.136399507522583
64513,2.324796676635742
81942,1.587580680847168
36631,1.0
82720,1.0
3040,1.0
86886,3.7901673316955566
107448,1.0
82578,3.922506332397461
82555,2.871994733810425
15992,1.0
106007,1.0
860,1.0
90262,1.5200886726379395
56905,2.081028461456299
107023,1.0
92538,1.0
42476,1.4833184480667114
53083,1.0
32103,1.0
92233,1.0
75043,1.0
29838,1.0
60134,1.0
72661,1.0
67381,2.905625581741333
64623,1.0
22658,2.955580472946167
46002,1.0
57859,1.0
83448,1.0599935054779053
8967,1.0
52395,1.0
11956,1.0
108503,1.0
80220,1.8765933513641357
84248,1.0062880516052246
61848,1.0
52285,1.0
54859,1.0
3885,1.0
48393,2.03446364402771
17577,1.0
61031,1.0
34575,1.0
27199,1.0
16100,4.060364246368408
36987,1.0
69061,1.0
34388,4.410470485687256
40814,2.9464118480682373
35194,1.0
47634,1.0
33697,1.0
103266,1.0
98204,1.0
28014,1.817919373512268
8862,1.0
66368,1.0
28708,1.0
31393,1.0
95643,1.0
16074,1.3307634592056274
36541,1.0
64043,1.0
67964,1.0
92337,1.0
1191,1.565398931503296
12536,1.0
99666,1.0
2535,1.0
69037,1.0
41790,1.0
32627,1.4484803676605225
64629,1.0
79979,3.417919397354126
94666,1.0
74996,1.0
72238,1.0661951303482056
40761,1.0
86043,1.0
103566,1.0
93297,1.0
74860,1.0
24903,1.0
4948,2.7916619777679443
22273,2.1953060626983643
91730,1.0
50661,1.0
50454,1.0
54252,1.0
12237,1.0
25681,1.0
59386,3.186971664428711
13488,2.127354383468628
12423,2.5556161403656006
78235,3.7318928241729736
105290,2.2511770725250244
58091,1.0
107388,1.0
57423,1.2185202836990356
96839,4.449375629425049
103842,1.9333882331848145
103933,1.1621280908584595
33568,1.0
27501,1.423628807067871
18867,1.6568785905838013
19964,2.44657301902771
27605,3.887017250061035
55506,1.0
53445,1.0
3138,1.0
104196,1.0
78171,1.0
24164,1.0
27096,1.0
33551,5.0
88433,3.28200101852417
49980,1.0
53218,1.0
75556,1.13942551612854
87447,1.0
106322,1.0
95836,1.0
18488,3.7937772274017334
59760,1.0
85361,3.317389488220215
84683,1.0
64405,1.0
28345,4.434320449829102
90455,2.8390023708343506
25959,1.6108455657958984
86725,1.0
93957,3.8567564487457275
59505,1.1508182287216187
10013,1.0
103767,1.1943479776382446
107629,1.0
45107,5.0
84519,1.0
9742,1.0
49849,1.0
41822,3.967165470123291
689,3.191927433013916
9580,1.2031711339950562
24942,3.7595279216766357
19174,1.0
16588,1.0
744,1.0
68277,1.0
102310,3.933231830596924
66032,1.0
104035,1.0
78608,1.0
97659,1.1121323108673096
3593,1.0
65775,1.787274956703186
32917,1.0
105633,1.0
49559,1.0
4263,1.0
62465,1.0
14258,1.0
30762,1.7853657007217407
47307,3.1706743240356445
45538,1.0
94262,1.0
26399,1.0
5536,1.0
60194,1.0
26845,2.1015045642852783
48755,1.0
45453,1.6185882091522217
56075,1.0
54604,1.0
99636,3.9195854663848877
57531,1.0
50302,3.1073474884033203
15206,1.0
27818,1.0
95825,1.0
70725,1.0
40613,1.6540800333023071
85412,1.0
1840,1.4931151866912842
41203,1.7182178497314453
73370,1.0
102241,4.0964035987854
11291,3.370462656021118
40359,2.1406142711639404
106795,1.3758175373077393
55619,1.0
32245,1.0
52775,1.0
44444,2.4685068130493164
102816,1.0
20458,1.0
4596,2.790851354598999
17723,1.0
70625,2.6353535652160645
100,1.1316131353378296
9449,5.0
53642,1.0
39362,1.8161076307296753
67202,1.0
68821,1.0
43670,1.0
63499,1.261205792427063
62240,2.772394895553589
84100,1.0
99933,1.0
51334,1.0
97455,1.0
108509,1.0
33614,1.0
50102,1.5405532121658325
103516,1.1682220697402954
25340,1.0
2153,1.0
41214,1.0
52906,1.933189868927002
97189,1.6885014772415161
76605,1.2281209230422974
95875,3.0249199867248535
82969,2.8606319427490234
73431,1.0
43182,1.0
71569,1.1601409912109375
18012,1.0
108038,1.0
14055,2.520636558532715
66833,1.512641191482544
88376,4.631490230560303
56419,2.625253915786743
25923,1.0
24420,1.0
61002,1.0
9761,3.3289458751678467
96025,1.0
90980,1.0
63167,1.0
56294,1.0
71439,1.0
44156,1.0
87045,3.0578129291534424
19913,1.0
75314,3.235999345779419
83182,1.0
21914,1.0
46394,3.4901857376098633
99686,1.0
29469,1.0
51053,3.8463733196258545
69104,1.0
91042,5.0
1520,1.0
22025,2.3504650592803955
98721,1.3062411546707153
14019,1.2331476211547852
97372,1.0
45095,1.0
52077,1.0
76763,3.332589626312256
80151,1.0
100327,1.2367888689041138
20149,1.1081852912902832
40273,1.083392858505249
73893,5.0
58538,1.0
85430,1.0
86062,1.0377172231674194
76892,1.0
77058,1.0
67324,1.0
69890,1.0
24151,2.645636558532715
82373,1.4403367042541504
3445,1.0
69378,1.0
35934,1.0
13729,4.8824639320373535
106050,1.1058597564697266
65272,1.0
24017,4.528128147125244
58537,1.0
8179,1.0
55929,1.0
39648,2.661003828048706
766,1.0
81934,1.0
65601,1.476670265197754
67265,1.3585643768310547
40487,3.694512367248535
11422,1.0
16953,1.3854670524597168
46569,1.0
78801,1.0
42475,3.260869026184082
11309,1.0
8120,3.303677797317505
24394,1.0
104508,1.728157877922058
101371,1.0
104438,1.0
43036,1.0
7799,1.0
106836,2.613746166229248
1647,1.0
52320,1.0
103019,1.0
99069,1.0
35779,1.0
18460,2.046971082687378
31760,1.0
15757,2.184136152267456
100354,1.0
53505,1.1144250631332397
108518,1.0
16910,1.0
57817,3.0712175369262695
80342,1.0
46843,4.970014572143555
38982,1.0
87785,1.0
40262,1.0
7721,1.451554775238037
30469,1.0
62554,1.0
20094,1.0
72537,1.0
84214,1.0
27455,1.0
85951,1.0
10503,1.1445199251174927
16842,3.0531859397888184
23523,1.0
82893,1.0
56741,1.0
27,1.3538764715194702
103444,1.0
108449,1.638716220855713
68710,4.213322639465332
71218,1.0
65182,1.0
537,1.0
57104,3.2062630653381348
83043,1.0
29900,1.0
101842,2.693106174468994
62807,2.1516082286834717
7269,1.0
11869,2.567065477371216
19141,4.504483699798584
42578,1.0
29376,1.0
101285,1.0
23355,1.0
106254,3.141144037246704
20365,1.6656644344329834
30215,5.0
63934,1.0
32962,1.0
48137,1.0
81882,1.0
27500,1.0367462635040283
79558,1.0
90066,1.0
96377,1.3990808725357056
38234,3.208728313446045
101870,1.0
100135,1.0
14252,1.0
57301,1.0
42183,1.3361927270889282
81460,1.0
92301,3.2086598873138428
65260,1.4337486028671265
33113,1.0
18872,2.548651933670044
68444,1.0
75816,1.0
63779,1.0
52415,1.0
81749,1.0
73589,1.0
3436,1.0
56041,1.0
977,1.0
29722,4.378332138061523
67569,1.0
98968,1.0
70108,1.7758384943008423
81476,2.7027676105499268
323,2.8106141090393066
53710,1.0
31036,1.0
21536,1.0
70141,1.9060375690460205
33336,1.0685573816299438
10655,1.0
101250,1.0
91955,1.0
21194,1.0
84855,1.0
79174,1.0
57471,1.0
106325,1.0
86806,1.0
84913,1.0
76375,1.0
58062,4.033658504486084
76300,3.5477399826049805
106028,1.0
47282,3.430417060852051
24239,1.0
81305,1.0
32827,3.2954962253570557
102729,2.7701029777526855
83903,5.0
91595,1.3769477605819702
89294,1.0
84898,1.0
6449,1.0
87284,1.0
32171,1.0
37836,1.0
9031,1.0
40905,1.0
20873,1.0
10865,1.0
42597,1.32091224193573
36190,1.0
31259,1.0
68760,1.0
513,4.0958380699157715
64335,1.0
50221,1.0
2516,1.0
4755,3.073819875717163
95630,2.552124500274658
104282,1.1975497007369995
33229,5.0
52571,2.28899884223938
9536,1.9580961465835571
72536,1.0
15518,3.2175486087799072
107236,1.1001603603363037
25869,1.0
88154,1.0
63925,2.329953193664551
84534,1.0
106521,1.0
78169,5.0
32874,1.0
70718,1.5204216241836548
7941,1.0
45230,5.0
66515,1.0
70443,1.0
87491,1.0
78693,1.0
48615,1.0
2107,1.0
85505,1.0
85921,1.0
103671,1.0
58332,1.0
64697,1.0
28795,1.0
74794,1.0
96464,1.0
68682,1.0
56922,1.0
106209,1.0
42274,1.0
36578,1.0
99176,1.0
64889,2.4859821796417236
8153,1.0
27769,1.0
65148,1.0
76172,1.0
69935,1.0
102276,1.0
11306,1.2407257556915283
101580,1.0
17306,1.0
73759,1.0
92736,1.0
52969,1.0
64436,1.0
42980,1.0
33236,2.2499518394470215
21706,1.8930213451385498
74013,1.0
65623,1.0
23863,2.479933738708496
91701,1.0
9870,1.0
98329,1.4232048988342285
64309,1.0
108338,1.0
77080,1.0
11003,3.2767720222473145
88647,4.702156066894531
20186,1.0
19252,1.0
80108,5.0
61534,1.0
82670,1.1378670930862427
79407,1.0
85798,1.2295582294464111
74091,1.0
68859,3.518392562866211
63141,1.0
47622,1.0
73832,1.0
47494,3.972579002380371
63261,1.8760528564453125
94935,2.27597713470459
14946,1.2094054222106934
95016,2.591036319732666
17238,3.303351402282715
99842,1.0253758430480957
92453,1.0
35169,1.0
91954,1.0
74111,1.3751873970031738
41548,1.0
44944,1.0
31928,1.0
32411,1.0
43061,3.526737928390503
21204,1.0
8668,1.0
31533,1.171591877937317
40324,5.0
100614,1.0
68293,1.0
17105,1.0
5119,1.0
28279,1.0
104522,1.7388334274291992
57756,1.0
106151,1.0
36814,2.74751353263855
13475,1.0
5570,1.0
95079,1.0
18687,1.9135894775390625
8670,1.0
55699,1.0
1764,1.0
22013,3.8142647743225098
90226,1.0
65375,1.687164545059204
101565,1.0
78866,1.0
33482,1.0
52232,1.0
18583,1.0
62642,1.0
80055,1.7449736595153809
30194,1.0
36142,2.053894519805908
47663,2.655367374420166
73934,2.140336513519287
106389,1.2130444049835205
79572,1.0
65356,4.08024787902832
94556,2.04911732673645
44830,3.2117316722869873
83609,4.683520793914795
29121,1.0
36295,1.0
96115,1.0
43968,1.9152787923812866
87891,1.0
1669,1.0
47075,1.0
107109,1.0
103087,2.002798557281494
84601,1.0
28427,2.9657084941864014
79636,1.0
5212,4.428541660308838
74341,3.1193902492523193
37263,1.0
95379,1.0
55743,1.0
82484,1.0
29769,1.5458428859710693
88857,1.0
72376,1.0
95472,1.0
10806,1.0
87450,1.2685976028442383
77571,1.0
33575,3.1866161823272705
105560,1.0
76573,1.0371617078781128
12415,1.0
84147,1.9083448648452759
85926,1.0
8987,1.5422617197036743
62210,1.0
25981,3.1390295028686523
9384,1.0
2007,1.0
28999,1.9937504529953003
48445,1.0
103251,4.568625450134277
97854,5.0
1350,1.0
21590,1.0
74774,1.0
67409,5.0
41829,1.0
92780,1.0
72601,1.4462488889694214
103107,1.0
46337,1.0
3992,1.3104559183120728
27331,1.0
75573,1.2254332304000854
7901,1.3793838024139404
94513,1.0
28530,1.0
11240,1.6655501127243042
98654,1.0
11293,2.2485105991363525
32669,1.0
53142,1.0
35560,1.0
27146,1.0
13329,1.0
7783,1.0
74606,1.0
43844,4.0729193687438965
59366,1.0
44400,1.6310831308364868
33081,1.0
69945,1.6902680397033691
103101,1.4040489196777344
8329,1.0
32281,1.2797608375549316
51423,1.0
83503,1.0
68033,1.0
4955,2.638038158416748
9340,1.0
60266,1.0
18624,1.0
54682,1.0
55112,1.0
100949,1.0
72286,1.0
7523,1.5922150611877441
6163,4.094391345977783
21227,1.0
6761,2.4441754817962646
103544,1.9924473762512207
90497,3.027070999145508
75336,1.0
39247,1.0
85128,1.0
67988,2.861093044281006
19922,1.0
76861,1.0
92946,1.6534231901168823
18725,1.090372920036316
91230,1.0
89580,1.0
90347,2.849092721939087
15892,1.0
16367,1.0
37700,1.0
15724,1.0
34098,1.0
97722,2.455235242843628
86083,1.0
12994,1.0
59238,2.406845808029175
19895,3.171536445617676
49850,1.0
25799,1.0
32588,1.0
99752,2.3485193252563477
28143,2.3486385345458984
99286,1.4350967407226562
72820,1.0
78283,1.0
16128,1.0
40341,1.0
76534,1.0
10272,1.0
49440,1.0
60131,1.3829892873764038
6853,1.0
93855,1.0
70878,4.005407333374023
96627,1.0
88389,1.0
6686,1.0
101825,2.053267002105713
23743,1.0
26119,2.0046634674072266
86672,1.0
93772,2.850773572921753
64988,1.0
83648,1.3023009300231934
25561,1.0
55463,1.0
83142,1.0
93681,1.0
11964,2.4497036933898926
52408,1.0
86560,1.0
42894,1.0
78221,1.0
45492,1.0
91590,1.0
11744,1.0
86042,1.2431973218917847
55577,2.2170157432556152
1263,1.0
51856,1.0
63581,1.8519879579544067
45184,1.174675703048706
25189,1.4523003101348877
47004,1.0
38451,1.0
102948,1.0
71705,1.0
73678,1.0
85663,1.0
98466,1.7158805131912231
93599,1.0
76660,1.0
14905,1.0
23264,1.0
58610,1.0
98770,2.29472017288208
89595,2.3883581161499023
85432,1.0
51593,1.0
31597,1.0192967653274536
23299,1.0
21432,1.0
13103,1.0
108307,2.7104275226593018
101803,2.5381839275360107
93550,1.7733525037765503
49632,1.0
18774,1.0
66219,3.2585501670837402
107690,2.25441837310791
108436,1.0
67823,1.0
71382,1.9090834856033325
9583,1.0
50049,5.0
44406,1.0
74684,1.0
90210,2.2122890949249268
5516,1.0
87103,1.0
77578,1.0
48562,1.0
102877,4.298768043518066
17132,1.0
53371,1.0
102662,5.0
89338,1.0
48188,3.204280376434326
7092,1.0
102163,1.0
14454,1.0
25526,1.1454507112503052
75209,1.0
104403,1.0
86850,1.0
38985,3.643707275390625
42404,1.0
105333,2.9134116172790527
91453,1.0
108019,1.0
69692,5.0
26980,3.0004079341888428
59001,1.3083041906356812
85904,1.0
35959,1.0
49362,1.9744224548339844
56892,1.0
43604,1.0
25199,1.0
59663,1.0
37244,1.551459550857544
93396,3.0530543327331543
66141,1.0
100078,1.0
51906,1.0000698566436768
67007,1.0
79584,5.0
28010,1.0352811813354492
59551,1.0
34124,1.0
31734,1.0
26253,2.11452317237854
21930,2.3116142749786377
22530,1.0
11373,1.9933815002441406
90456,1.0
48038,1.8986514806747437
95470,1.0
107014,1.0
34002,2.2661631107330322
65142,4.972919464111328
20396,4.416635990142822
72917,1.0
63119,4.596767425537109
58788,3.924161911010742
41949,1.0
65453,1.0
82419,1.0
75294,1.0
85417,1.0
79383,1.0
14851,1.413083791732788
16340,1.0
38777,1.0
88330,1.1007390022277832
21472,1.0
12580,4.350128650665283
5493,2.6563761234283447
89358,1.0
82618,1.0
21316,1.0
74653,1.0
32563,1.0
1249,1.0
98257,2.627490997314453
23428,1.0
68363,3.1099026203155518
28805,1.0
6154,1.0
42327,1.0
2249,1.9247061014175415
58392,1.0
99502,1.0
57559,1.0
10956,1.0
101109,1.0
14053,1.0
80303,1.0
68549,1.0
10111,2.267580270767212
10355,1.2219264507293701
32332,1.8025879859924316
40947,1.0
69218,1.0
47333,1.0
42121,1.0
36484,1.9088413715362549
76468,1.0
71295,1.0
99514,1.881008505821228
65061,1.105806589126587
79493,1.0
31590,1.0
105964,1.7170345783233643
37047,1.4669090509414673
48037,2.613845109939575
67216,1.0
87773,1.0
124,1.0052834749221802
48670,1.0439732074737549
75670,2.8836190700531006
10375,2.686253547668457
107808,1.0
77538,4.270922660827637
57054,2.327718734741211
3237,4.185400485992432
92221,5.0
10812,1.0
23644,1.0
70320,1.0
16294,1.0
93207,1.0
40822,1.0
22146,1.0
3731,5.0
104928,1.0
72266,1.0
11773,3.250391721725464
63364,1.0
86294,1.0
1275,1.0
12670,1.0
16940,1.8310691118240356
65896,1.0
18978,1.0
26174,1.0
20239,2.3842434883117676
49951,2.458615779876709
42314,1.0299931764602661
34735,1.0
81405,2.91607403755188
12654,1.0
56167,1.0
67292,1.4310152530670166
86874,1.0
25671,1.0
38775,1.6660234928131104
93562,1.0
39346,1.0
50306,1.0
70865,1.0084306001663208
11015,1.0
59620,1.8931523561477661
106481,1.0
106859,1.5053614377975464
79628,1.0
85230,1.0
69014,1.0
2958,1.0
30479,1.0
40552,1.0
83122,1.0
96486,2.3365328311920166
80179,1.0
99556,1.0
58157,1.0
100977,1.0
38279,2.674008369445801
61902,1.2189292907714844
102993,1.0
11386,1.0
78105,1.0
78992,1.0
71690,1.0
55013,1.0
39353,1.0
21383,1.0
22084,1.0
3556,1.0
20918,1.0
104572,1.0
90735,2.160522937774658
98138,1.0
10281,1.0
105414,5.0
79425,1.5191593170166016
833,1.0
57612,1.0
63473,1.066680908203125
94024,1.0
45771,1.0
87361,1.0
42176,4.621748447418213
82068,2.44248628616333
18046,2.561128854751587
38479,1.0
51750,1.0
66661,3.9933695793151855
79844,1.0
68811,1.0
65251,1.0
95475,1.0
36260,1.0
59554,1.0
26294,1.0
57669,1.3126477003097534
20252,1.0
44959,1.0
95126,1.0
79180,1.0
84441,1.0
81813,1.0
89214,1.0
31248,1.0
80541,1.0
81170,4.211737632751465
8864,1.0
9487,1.0
83119,1.0
30322,3.1671175956726074
33506,1.0
48221,1.0
57677,1.0
107504,1.0
33896,1.1786195039749146
21947,2.463083028793335
107320,1.0
75923,1.0
56996,1.0
55155,1.0
64089,1.0
56929,1.0
17584,1.0
5263,3.7583487033843994
72499,1.0
95552,1.0
7915,2.933800220489502
56984,1.0
61673,2.591144561767578
80867,1.0
96995,1.0
24686,1.0
71595,1.5958107709884644
1801,1.0
95380,1.0
49439,1.0
40975,4.168531894683838
35060,1.0
72173,2.5285627841949463
27949,1.0
60823,1.0
24577,2.6707918643951416
25878,1.9651391506195068
72749,1.782007098197937
19120,1.0
55566,1.2367639541625977
24768,2.0438573360443115
67771,1.0
35286,1.0
16385,1.0
108334,1.0
102052,2.5247244834899902
28226,2.3856990337371826
32316,1.7007414102554321
84438,1.0
64194,1.0
83872,1.0
82015,1.8621927499771118
39945,1.7070722579956055
29204,1.0
53849,1.0
24417,1.0
33624,1.097448468208313
5756,1.0
28538,1.7362089157104492
43115,1.4345570802688599
71081,1.0
15538,1.5840563774108887
89072,1.0
18646,1.7987267971038818
66210,1.0
34929,2.491244077682495
24821,1.0
41296,2.66953444480896
45374,1.0
65976,1.0
102666,1.0
22454,1.0
66732,1.2513331174850464
23311,1.0
25820,1.0
16005,1.0
35034,3.091305732727051
107949,3.037423849105835
95511,1.0
59630,3.2483246326446533
27052,1.0
20790,1.0
4046,4.510247230529785
25168,1.0
69660,1.0
84460,1.0
44224,1.0
103994,1.0
31723,1.0
93509,1.0
43465,3.519937038421631
76241,3.3631420135498047
14637,1.0
57257,4.734752655029297
73018,1.0
94884,1.0241203308105469
4879,1.0
101310,1.0
63641,2.49992036819458
51868,1.0
59439,1.6075141429901123
36250,1.0
87509,1.0
13827,3.308950424194336
38765,1.0
23864,1.0
20372,1.0
84373,2.2834131717681885
29612,1.0
54912,1.0
4819,2.4806630611419678
107776,1.0
52799,5.0
45149,1.0
98843,1.0
87859,1.0
48506,1.0
94758,1.0
66632,1.0
85424,1.0
54024,1.0
97878,1.2945185899734497
32745,1.0
76928,1.0
107572,1.0
39467,1.0
58883,3.093989849090576
42700,1.0
7114,1.0
24959,1.0
60675,1.0
81796,3.182903289794922
84998,1.0
77794,1.0
37192,1.0
252,3.111492156982422
46685,2.976405382156372
11733,1.0
95059,1.0
20628,1.0
94853,1.0
13211,1.0
84884,1.0
47964,1.0031569004058838
14433,1.0
26205,1.0
90512,1.0
55817,4.541605472564697
42590,1.0
87994,1.0
61646,1.0
72232,1.0
75122,1.5654685497283936
73849,1.8576101064682007
15939,4.045731544494629
91216,2.223116397857666
4575,1.0
46380,1.0
39493,2.201124429702759
11805,1.0
16268,1.0
29267,1.0
71402,1.0
55914,1.0
70479,1.1125361919403076
82884,1.0
22473,1.0
100635,1.0
80079,1.0
45133,1.0
95130,1.0
21340,3.06402325630188
70594,1.0
73121,1.0
52918,1.0
81007,1.0
20923,1.3258849382400513
26356,1.0
36640,1.0
45400,1.0
17494,4.23842191696167
46130,1.0
107438,2.389463424682617
84734,1.0
39199,1.805133581161499
69582,1.0
36691,2.4813618659973145
100806,1.0
54743,1.0
76497,1.2583794593811035
67808,1.0
105799,5.0
3458,3.2452378273010254
32865,1.0
30341,1.0
88083,1.3546717166900635
18802,1.0
73786,1.3155361413955688
46389,1.0
43550,1.0
103911,2.2110860347747803
22869,1.0
74175,1.9285650253295898
103981,5.0
42416,3.8875837326049805
38641,1.0
99705,1.0
104760,1.7297741174697876
9640,1.0
97199,2.574676275253296
91524,1.0
39638,1.0
70144,1.0
22887,5.0
64746,1.0
74062,1.0
40754,1.0
98813,1.0
67768,2.313246011734009
84128,2.603301763534546
55820,1.0
92936,3.236375331878662
91062,1.0
88449,1.0
81085,1.7791110277175903
60212,5.0
76576,1.365240216255188
23090,1.0
59499,1.0
108188,1.0
11071,1.0
17726,2.7646608352661133
5379,3.6680777072906494
23681,1.0
93206,1.0
26590,5.0
104270,3.013918161392212
34644,1.0
77366,1.8110018968582153
70805,3.609358549118042
15720,1.0
65970,1.0
101277,1.53377366065979
89511,1.0
88919,1.1781442165374756
55693,1.0
50279,1.0
93769,1.4777796268463135
56220,1.4343637228012085
58402,1.0
35823,1.6316395998001099
54280,1.0
17674,1.0391041040420532
104548,3.3902270793914795
55654,1.0
95554,1.0
35727,1.0
101257,1.0
49280,1.0
62194,1.0
36058,1.0
48024,3.95177960395813
93499,1.0
12018,1.0
55692,1.0
17551,1.0
4692,3.307713747024536
95556,1.044926404953003
20355,1.0
76518,1.0
21017,1.0
86936,1.0
65173,1.0
11891,1.0
102397,1.0
58637,2.103069543838501
35781,1.0
79046,1.0
16265,1.0
100891,2.3867480754852295
85086,1.0
30694,1.0
70293,4.4465837478637695
791,1.892770528793335
19901,3.3512206077575684
33131,1.0
18206,1.0
107331,3.8966727256774902
74386,1.0
82949,1.0
82475,4.471084117889404
1590,1.0
49880,1.0
100123,3.268904447555542
80021,4.309598445892334
50651,1.0
10361,1.0
11960,1.0
77616,1.0
87416,5.0
53696,1.0
70991,1.0
42266,1.0
90717,1.0
86206,1.0
78867,1.276235818862915
7834,1.0
4020,1.0
42691,1.0
19131,1.0
31714,3.6446778774261475
63549,1.0
67033,2.292201042175293
67894,1.0
42212,1.0
88043,1.0
8390,1.0
34340,1.0
94654,3.1278719902038574
46194,3.444350242614746
39379,1.0
71907,1.0
58539,4.361907482147217
57329,1.0
73021,1.0
27293,3.014017343521118
55846,1.0
31503,1.0
106156,1.0
15626,1.0
26932,1.0
95102,1.0
102468,1.0
91695,1.0
78157,1.4874439239501953
23912,1.0
10121,4.945676326751709
84271,1.0
50759,2.3130006790161133
42716,1.0
96482,1.0
66344,1.372010350227356
45857,1.338810920715332
76234,2.4406087398529053
63369,1.0
94730,1.0
107429,5.0
80525,1.0
10245,1.0
47357,1.0
7288,2.0622897148132324
65551,1.0
81241,1.686619758605957
23189,1.0
58337,1.0
66700,1.0
98882,1.0
23367,1.0
87609,3.631166934967041
25069,1.0774372816085815
24650,1.0
91370,3.0475008487701416
82095,1.1991981267929077
29650,1.0
6913,1.3605247735977173
59010,1.0
77012,1.0
84178,1.0
62015,1.5171468257904053
51122,1.0
80596,1.0
32380,1.0
25879,1.455459713935852
39351,1.2840869426727295
95634,1.0
47895,2.8610353469848633
18111,1.6190192699432373
98670,1.0
29148,1.0
40516,1.0
25842,1.0
80499,1.0
96272,1.5385504961013794
6746,1.0
57621,1.0
89380,1.0
10945,1.0
36229,1.0
41695,1.0
24991,2.600931167602539
39508,1.5791436433792114
56634,3.476510524749756
73785,2.7402279376983643
76045,1.0
5217,1.0
8831,2.609299898147583
107141,1.8036826848983765
74749,1.0
19851,1.0
36864,1.0
33460,1.0
89328,1.0
52812,1.5336178541183472
41113,1.0
93308,1.0
41903,1.0
25495,1.0
99146,1.0
6001,1.0
52056,1.8160303831100464
106381,1.0
10142,1.0
16459,1.3305699825286865
66923,3.122964859008789
93100,1.0
60450,5.0
61662,1.0
36312,1.0
64144,1.5377726554870605
55522,1.0
13106,2.0624234676361084
93473,1.2224483489990234
20695,1.0
25147,2.100874185562134
95253,1.0
26507,1.0
77728,2.1850643157958984
11901,1.0
72791,1.0
82125,2.2462451457977295
48446,3.283081293106079
45117,1.0
70337,1.0
42235,1.0
100917,1.0
54566,1.0
5309,1.0981115102767944
69383,1.0
4935,1.0
98347,1.0
73033,1.0
33070,1.0
27170,1.692270040512085
41412,1.823111891746521
88547,2.576198101043701
50937,1.8735769987106323
93413,1.0
11400,1.0
75571,2.25050687789917
15470,1.0
41507,1.0
103831,3.2085962295532227
11002,2.8056418895721436
52944,1.0
78364,1.0
76252,1.0
63447,2.0942771434783936
6899,1.1878026723861694
31131,1.0
77695,1.0304877758026123
61751,1.0
59872,1.0
22340,1.0
62569,1.0
85900,4.1343159675598145
4599,1.0
29813,1.0
98284,1.6474320888519287
77270,1.0
13999,1.0
38184,1.868134617805481
30927,5.0
44649,1.33490788936615
68148,1.0
88326,1.0
42068,1.0
20020,3.6593830585479736
48173,1.0
57588,1.0
3003,1.0
85803,1.0
44976,1.8319518566131592
101208,4.555894374847412
89024,1.0
84169,1.0
23434,4.836923122406006
9811,1.0
41927,1.0
45940,1.0
46448,3.6805708408355713
95660,1.0
65445,1.0
71415,1.0
104652,1.0
36332,2.415555477142334
37893,1.6609947681427002
79955,1.0
43559,2.019739866256714
34839,1.0
66079,1.0
39911,3.1652441024780273
30189,5.0
34369,1.0
29385,2.780182123184204
10818,1.0
49533,1.0
422,1.0
30262,1.0
83383,1.0
55539,1.0
83335,5.0
62842,5.0
70089,1.0
102116,1.2598439455032349
13146,1.0
1357,1.850618839263916
59702,1.0
82187,1.0
28903,1.0
83720,1.4767508506774902
19046,1.551465392112732
7968,1.0
92750,1.0
20140,1.0
9029,1.0
46227,1.0
75850,1.0
68067,1.0
73232,2.406740427017212
13452,1.0
91706,1.0
14453,1.0
108455,1.6751786470413208
104478,3.225252628326416
75397,1.0
80224,1.0
2823,1.0
9162,2.2147881984710693
94275,3.242255687713623
57901,1.8122941255569458
81100,1.0
69912,1.5666346549987793
101091,5.0
9596,3.391951084136963
76454,1.0
91629,1.37460458278656
106657,3.072295665740967
72831,1.6454188823699951
49099,1.0
35988,1.0
86383,1.0
44440,1.0
61799,1.7391198873519897
49107,1.0
19652,1.0
48990,1.0
101401,1.0
85723,3.4444093704223633
53556,1.0
39027,2.7276036739349365
21735,1.3179343938827515
5815,2.9342925548553467
106764,1.0
18650,2.643522024154663
38555,1.0
74150,1.0
831,1.3214191198349
177,1.0
94813,1.0
101777,1.0
77193,1.0
106288,3.040783166885376
40154,1.0
43876,2.7904794216156006
40880,1.9710053205490112
81516,1.0
1901,1.0
33507,1.0
93685,1.0
25700,3.6413114070892334
28652,1.0
70029,1.0
43003,1.0
2129,1.0
93391,5.0
38766,1.9320611953735352
89930,1.0
14866,1.0
63419,1.0
81544,5.0
93878,1.0
96231,1.0
54335,1.0
85952,1.0
56106,1.7646315097808838
103571,1.0
106756,1.0
34326,2.178313970565796
32553,1.0
55724,1.2229725122451782
92153,1.0
86410,1.0
10616,1.3674319982528687
32930,1.0
69661,2.199690818786621
48842,1.0
5951,1.0
107660,1.8497978448867798
73897,2.459639310836792
67395,1.0
65932,1.0
78919,1.0
51562,1.0
34806,1.0
57626,1.0
28802,1.0973325967788696
42668,1.0
39140,2.086446523666382
17532,1.0
20417,2.5383870601654053
60005,1.0
55301,1.0
75663,1.4429644346237183
41815,1.0
39339,1.0
55959,3.0549368858337402
74526,1.0
24937,1.0
13893,1.0
16713,2.0966782569885254
102891,1.123513102531433
61851,1.0
31383,1.0
90962,4.037393569946289
84935,2.905243158340454
40009,1.0
88931,1.0
108167,1.0
104176,1.0
54807,1.269201397895813
102164,1.509708285331726
37461,1.0
82699,4.912237167358398
97899,1.1132303476333618
2220,1.361303687095642
87953,1.0
7757,1.5200982093811035
89995,1.6790627241134644
102131,1.0
72533,1.0
1889,1.0
27305,1.0
2372,3.4106273651123047
45160,1.0
8271,3.9986050128936768
6505,2.5498926639556885
88661,1.0
40167,1.0
76616,1.0
106930,1.0
89672,1.0
97907,3.012605667114258
82886,1.0
36574,1.0
87386,1.0604921579360962
77174,1.0
106199,1.0
6086,1.3761708736419678
381,1.0
104139,1.0
52882,1.0
103789,1.0
106090,3.1822221279144287
42131,1.0
21098,1.0
40407,1.0
82854,1.0
3469,1.0
6204,2.2652924060821533
50042,1.0264095067977905
69448,3.3241074085235596
79825,1.4866154193878174
2014,1.0
51335,1.0
49374,1.0
59438,1.0
18240,1.0
105688,2.4687960147857666
88891,1.0
102493,1.0
5529,1.0
67402,1.0
72368,1.0
36761,3.9914705753326416
105309,3.449559450149536
69021,1.0
46884,1.1469005346298218
84906,2.6678059101104736
68659,1.0
43046,1.0
52421,1.0
97447,1.0
34511,1.0
48417,1.0
103501,2.873650312423706
18467,1.0
25897,1.0
21910,1.0
3944,1.0338051319122314
6726,1.0
83355,1.0
104102,1.5587068796157837
66990,1.0
104982,3.3851404190063477
35170,1.0
6455,1.5176490545272827
52609,1.0
16907,3.656683921813965
79261,1.0
16825,1.0
104013,1.0
99467,1.0
519,1.0
102749,1.862045168876648
30143,1.0
44974,1.5618489980697632
82945,1.0
63544,1.0
79541,4.130627632141113
4969,1.0
84843,1.0
24135,3.998169422149658
12627,1.0
39349,1.0
45369,1.0
61381,1.0
32361,1.5829753875732422
45807,2.048874616622925
19665,1.0
32948,1.0
96988,1.0
79678,1.0
60018,1.0
19290,2.294381856918335
39722,1.3926211595535278
1687,1.0
100009,1.0
104437,1.0
29982,2.1844699382781982
88176,2.486842632293701
3917,3.0094494819641113
15897,1.0
36826,1.0
87486,1.0
34505,1.0
104731,2.171532154083252
41378,1.0
6778,1.0
103257,1.0
71592,1.0
29518,1.0
3518,1.4258149862289429
104936,1.0
19936,2.882023811340332
73938,2.626466751098633
52180,4.090680122375488
77823,1.0
88257,1.0
50888,1.0
20283,1.0
22607,1.0
12239,1.0
73617,1.0
48290,1.0
27054,1.0
47940,1.0
102420,1.0
3876,3.575469970703125
84070,1.0
22884,3.0850024223327637
18535,1.0
70209,1.3096297979354858
82967,1.622927188873291
51600,1.0
75262,1.0
87835,1.0
91748,1.0
13822,1.0
87017,1.0
16137,1.0
41278,1.1629451513290405
32840,1.0
80288,1.7788997888565063
39156,1.0
89792,4.499853134155273
74176,1.0
27332,1.788770079612732
76360,1.0
8999,2.3965394496917725
61289,1.0
99565,1.556510090827942
58368,1.0
62819,1.0215096473693848
42225,4.369701862335205
15372,1.0
27092,1.0
44532,1.0
4070,2.886751174926758
42710,2.184401035308838
102912,1.0
108298,1.0
20837,3.353732109069824
39064,1.0
13442,1.5706796646118164
67490,1.0
76893,1.0
90053,1.210038423538208
25904,1.0
34325,1.0
38309,1.0
78769,1.0
68177,1.0
47310,3.319826364517212
102069,1.0
30255,1.0
35687,1.0
17217,5.0
75042,1.9173599481582642
97957,5.0
73109,1.0
53188,1.0
51474,5.0
80697,1.2250065803527832
32984,1.0
98049,2.3838818073272705
39003,1.0
104248,1.0
106584,1.5135892629623413
95721,1.0
82352,4.366642475128174
82788,2.806648015975952
59331,5.0
32294,1.0
5793,2.4508471488952637
58076,2.202063798904419
62312,1.0
49357,1.0
54872,1.0
32656,1.0
22835,1.0
31548,1.3445101976394653
105672,2.7803735733032227
82710,1.0
41962,1.422240972518921
67578,1.0
2195,1.0
9008,2.601280689239502
103332,1.0
64173,1.0
89418,1.0
63678,1.543305516242981
58605,1.0
31850,3.226698398590088
20433,1.0
86215,1.0
31276,1.0
69609,1.815948247909546
104068,1.0
34203,1.0
6966,1.0
15143,1.0
70387,1.0
100351,3.117060899734497
103328,1.1815396547317505
25154,1.0
70134,1.0
94908,1.0
58348,3.848436117172241
73365,1.0
90839,1.0
60014,1.0
43563,1.0
37698,1.0
65703,5.0
86811,1.0
105545,1.0
28483,1.0
23658,1.305737018585205
93616,1.0
15730,1.0
64100,1.0
46261,4.649653434753418
8847,1.0
70615,1.0
64589,1.0
58701,1.0
66083,1.0
95744,1.0
2131,4.248036861419678
70065,1.0
86763,1.0
57122,1.0
64795,1.0
40579,1.5231760740280151
33193,3.5076968669891357
76373,1.0
23860,1.4596270322799683
13297,1.0
18631,1.0
23224,4.766239166259766
20946,1.0
24074,1.0
30101,1.0
47988,1.0
39571,1.0
65350,1.0
20681,1.0
7939,1.0
4078,1.0
81174,1.0
70158,1.0
108585,1.4232399463653564
15120,1.0
87161,1.0
86257,1.1079580783843994
96204,2.2887990474700928
98500,1.0
87165,1.0
56197,1.0
99145,1.0
42192,1.0
18620,1.1001687049865723
83180,1.0
71570,1.0
13304,1.0
54519,1.0
35871,1.0
83033,1.0
27127,1.0
68728,1.0
12370,1.0
20334,1.0
80449,2.2185232639312744
28261,2.4011030197143555
3775,2.9102249145507812
67967,2.1793675422668457
1531,1.0
42709,2.392200231552124
71949,1.0
95635,1.0
52668,3.788384199142456
46893,1.0
7342,1.0
54330,1.0
99047,1.0
13798,1.0
23739,1.0
12727,1.0
41881,1.0
59023,1.0
51211,1.0
14628,1.0
61719,1.0
63766,1.0
57419,1.0
2236,2.2759509086608887
63368,1.3759019374847412
47441,1.0
39857,2.028350353240967
35008,1.0
44473,1.0
34050,1.0
36206,1.0
32985,1.7878022193908691
23881,1.8973573446273804
102588,2.190068244934082
56250,1.6601133346557617
36438,1.0
65442,1.0036487579345703
24115,1.0
16712,4.027254104614258
13808,1.0
11219,1.0
29445,1.0
21233,1.5365959405899048
104052,1.0
6106,1.0
12684,1.3613418340682983
36170,1.0
597,1.0
30318,1.0
87221,1.0101014375686646
70346,1.0
20905,1.0
13143,1.0
4390,1.4561824798583984
10948,1.6401132345199585
12605,1.0
84446,1.0
98269,1.0
101314,1.0
38576,5.0
14068,1.0
103698,1.845014214515686
62252,1.0
51799,1.0
60030,1.0
104751,1.866528034210205
29388,1.0
84694,1.0
54391,5.0
39653,2.956678867340088
16999,1.0
91194,3.259051561355591
106411,1.0
27280,3.1914007663726807
89284,2.704432249069214
64366,1.6077018976211548
38831,2.0638105869293213
72970,1.0
30182,3.643346071243286
62489,1.0
100953,1.0
27223,1.0
52389,1.0
41009,1.0
97287,2.060697317123413
52669,1.5866234302520752
20525,1.8444862365722656
61939,1.0
13950,1.0
34804,2.3498871326446533
42370,1.0
78615,1.0
63102,1.0
13295,1.5933183431625366
104846,1.0
92151,1.0
15947,1.0
9579,1.0
33359,1.0
51056,1.0
51437,1.2504953145980835
14587,1.782646894454956
75387,1.0
101834,1.821479082107544
22572,1.0
30737,1.0
50583,2.205089569091797
96179,1.0
51404,1.0
69453,1.0
62716,1.0
48349,1.0
2856,1.0
30117,1.0
4972,1.0
27267,1.0
101543,1.0
1467,4.1899333000183105
58216,1.162131905555725
38196,1.0
71434,2.0986223220825195
52315,3.5636284351348877
49960,1.0
71678,1.0
94244,5.0
54117,1.0
13193,2.0716769695281982
38791,1.7525086402893066
35074,1.4177446365356445
86533,1.0
27644,1.0
71520,1.0
87331,1.0
46076,1.0
87728,1.0
14603,3.128713846206665
27450,1.0
23293,2.643282175064087
84414,1.0
98655,1.0
75037,1.0
73590,1.0
72519,1.0
93131,1.0
51842,1.0
1177,1.0
52343,1.0
67551,1.1711277961730957
5165,1.0
102017,1.2024568319320679
34885,1.0
94772,1.0
3379,1.0
8557,1.0
78522,1.0
54898,1.0
30834,1.0
5351,1.0
66364,1.0
68632,1.0
24995,1.0
55230,1.0
40250,1.0
50061,1.0
14788,4.486534118652344
35577,1.0
17027,2.6876351833343506
4892,1.0
53879,1.0
71995,5.0
30236,1.0
54963,1.4425466060638428
95795,1.0
20213,1.0
7755,2.8192591667175293
98759,1.0
77896,1.0
89549,1.0
28452,1.0
99849,1.0
76894,3.480727434158325
36926,1.0
20441,1.0
57081,1.0
89732,1.6554961204528809
42104,1.0
63718,1.0
81249,1.0
62831,1.0
3313,1.0
80529,1.0
30803,1.0
107046,1.0
50629,1.0
107659,1.0
68264,1.0
31881,2.5088706016540527
3141,3.521857738494873
42208,1.0
69902,1.478021502494812
2682,1.0
448,1.0
77588,1.0
78316,1.443546175956726
34703,1.0
50522,1.283034086227417
67486,1.9219809770584106
26416,1.0
70651,1.0
34421,4.130992412567139
69896,1.0
74469,1.0
95812,1.0
13155,1.0
39674,1.1798924207687378
49172,1.0
50519,3.357609987258911
10400,1.0
90841,2.3986563682556152
36838,1.0
8621,1.0
52750,1.0
12875,1.0
57804,3.3115406036376953
77593,1.0
81973,1.0
470,1.0
17653,1.0
9591,1.0
73756,1.0
22424,1.0
75433,1.2120763063430786
100198,1.0
80145,1.0
71579,1.0
72732,2.276716470718384
56570,1.0
103022,1.1756597757339478
48413,2.6687657833099365
38281,1.0
59996,1.1026442050933838
32255,1.0
36083,1.0
30670,1.0
33606,1.0
8275,1.4290260076522827
56430,1.0
35406,2.886104106903076
107179,1.0
59901,1.0
36468,1.0402050018310547
31975,1.0152661800384521
71819,1.0
96271,1.0
107580,1.0
63200,1.0
74989,2.988900661468506
32626,1.0
77497,1.0
82502,1.0
69973,1.0
100390,1.0
18523,1.0
40587,1.0965814590454102
79129,1.0370173454284668
50169,3.936007022857666
61594,3.745006561279297
71198,1.0
42775,1.0
46361,1.6622523069381714
46240,3.956078052520752
65921,1.0
53559,5.0
14194,1.0
19196,1.0
65894,4.131574630737305
17326,4.996165752410889
2008,1.5903306007385254
67500,1.0
33009,1.0
95119,2.0740060806274414
21244,1.0
63761,4.318167686462402
84485,1.0
87189,2.8407740592956543
54178,2.3642358779907227
105711,2.8256046772003174
47023,2.1583986282348633
107880,2.112093925476074
85207,1.0
88601,1.0
37508,3.448471784591675
107220,1.0
81116,1.0
69696,3.8454017639160156
39013,4.544784069061279
27835,1.240341067314148
30306,4.895871639251709
11828,1.0
5857,1.0
77993,3.200143337249756
21273,1.0
12027,4.038157939910889
24760,1.0
78386,1.3055317401885986
77321,1.0
85139,2.2137022018432617
94698,1.0
600,1.0
58224,1.0
35160,1.0
20009,4.511467933654785
61603,1.0
93969,1.0
854,1.0
99918,1.0
66663,1.0
29242,1.2807174921035767
107905,1.0
106849,1.0
52382,1.0
37390,1.0
7490,2.2375829219818115
90255,1.0
63303,1.1790618896484375
46513,1.1971051692962646
29653,1.1745909452438354
31763,1.0
67710,1.0
33462,3.0892162322998047
55777,1.9182851314544678
90369,1.0
51941,1.6328970193862915
108106,1.2072240114212036
45828,2.8521294593811035
87648,1.3957712650299072
95739,3.3775832653045654
85418,2.278585910797119
23498,1.0
56180,1.0
82293,2.3165700435638428
35511,1.0
12564,1.0
31659,1.0
60873,1.0
9271,1.0
69122,1.0
49458,1.0
67288,1.0
38990,1.0
94412,1.0
18341,2.3252696990966797
41512,1.0
93636,1.0
34414,1.0
58189,1.0
107706,1.9844757318496704
8407,2.4814774990081787
14652,1.0
27709,1.0
42426,1.7729058265686035
102319,1.0
62817,1.0
32662,1.0
39867,1.0
70062,1.1515815258026123
32184,1.0
13738,1.0
43987,1.0
25640,1.7784888744354248
105491,1.0
101589,2.992672920227051
30058,1.0
81092,1.0
832,1.0
80787,1.0
104725,1.7377653121948242
101768,1.0
53503,4.62762975692749
25781,2.130795478820801
105844,1.0
79658,1.0
73507,1.0
104581,1.0
103024,1.9489787817001343
10271,1.0
30555,5.0
30128,4.262878894805908
55976,1.0
34268,1.0
27532,1.0
65596,1.0
835,3.781865119934082
27665,1.0
94188,3.4614200592041016
64902,1.0
75767,1.0
48318,1.0
63596,1.0
46915,4.811397552490234
75585,1.0
57129,1.7494168281555176
29307,1.0
17160,1.0
25547,1.7003421783447266
41222,1.0
68266,1.0
61887,1.0
79145,1.0
86684,1.0
76001,3.1632328033447266
56105,3.232346773147583
108024,1.0
910,2.4963512420654297
65586,1.0
7453,1.0
623,1.0
87732,1.0
87721,1.0400363206863403
38278,1.0
5184,1.0
100357,1.0
53748,2.297900438308716
49909,1.0
81520,1.0
90006,1.0
70799,1.0
37271,1.067226767539978
35721,1.6444555521011353
75236,1.0
66770,1.0
91962,3.7085695266723633
87312,1.0
20607,1.0
81833,1.0
4262,1.0
40674,2.9959123134613037
58285,1.0
3224,1.0
42119,3.372425079345703
107292,2.8809287548065186
41175,1.8476006984710693
38269,1.0
68038,1.1338685750961304
38589,3.134754180908203
12884,1.0
51503,1.0
28901,3.0572659969329834
31415,1.2998296022415161
10512,1.0
21502,1.0
38431,1.0
48991,1.0
28227,3.419753313064575
8281,5.0
18847,1.0
43896,2.530470609664917
84556,1.0
32660,1.0
105192,1.0
68674,1.0
78448,1.0
55826,2.151021957397461
45025,1.0
31774,1.0
74535,1.0
97883,1.0612208843231201
75300,1.0
23288,1.0114943981170654
10592,1.0
68530,1.643458366394043
53731,1.0
47694,2.461487293243408
5773,1.0
22785,1.0
16818,1.6859817504882812
28173,1.0
56042,2.1541712284088135
29094,5.0
105020,3.091238260269165
94122,1.0967882871627808
14476,1.0
65579,1.0
50114,1.0
107676,1.8431904315948486
66232,1.5010470151901245
49244,1.0
68614,1.0
79898,1.0
54005,1.0
27061,3.443635940551758
32076,1.0
44331,2.25101375579834
4805,1.0
59881,1.0
30218,1.7842906713485718
45052,1.0
73282,1.0
17770,1.606438159942627
51440,1.0
45790,2.2160613536834717
25919,1.0
17248,1.0
101241,1.0
85598,1.0
42074,1.0
92080,1.0
69240,2.127565622329712
7340,1.0
33435,1.0
50277,5.0
61938,1.0
59929,2.462303638458252
9106,1.0
107945,1.0
76973,1.0
46667,1.0
12562,1.0
78740,1.0
2656,1.0
9469,1.2898763418197632
18805,1.0
72938,1.0
95482,2.491838216781616
91928,1.0
35128,1.0
80856,1.0
98303,1.0
20404,3.1941423416137695
64580,1.0
12361,1.0
34376,2.7041242122650146
22674,1.0
99015,1.0
15379,1.0
94759,1.0
52469,1.0
40604,2.2015390396118164
24809,1.0
2744,1.0
18168,1.0
96199,1.0
63148,1.0
13313,1.0
20349,1.0
44287,1.0
50941,1.0
65686,1.0
95938,1.0
85806,1.0
59073,1.681818962097168
11546,2.769587755203247
94991,3.753835916519165
11937,4.889802932739258
92665,1.0
38185,1.0
49096,4.714353084564209
45412,1.0
9794,1.0
106367,1.0
68287,1.0
21608,1.490199327468872
40949,1.0
107433,1.0
34462,1.2792441844940186
89906,2.664808988571167
92206,1.0
65660,1.0
84633,3.750483512878418
86819,1.0
98281,1.0
28498,1.0
44672,1.3686001300811768
10783,1.0
47099,1.8445221185684204
64769,3.6557817459106445
11506,1.0
41072,1.0
76668,1.432223916053772
68465,1.0
50422,1.0330756902694702
12912,2.247074604034424
47756,1.7224026918411255
107019,1.0
89464,1.0
108424,1.0
108346,1.0
32147,1.0
62485,1.24040949344635
83782,1.0
78274,4.970132350921631
18391,1.0
589,2.5336015224456787
65974,1.1328883171081543
9574,1.0
77106,1.0
34189,1.0
51164,1.0
76490,1.0
59341,1.0
50576,1.0
15526,1.0
71593,1.3525950908660889
17162,1.1358121633529663
40327,1.0
87423,5.0
60431,3.85343337059021
41180,1.0
60386,3.295966386795044
102717,1.0
65135,1.0
10720,1.0
93366,1.0
105062,1.0
14710,1.0
35045,1.0
1583,1.0
42238,1.0
62100,1.0
939,1.0446264743804932
37792,1.5471546649932861
17094,1.0
76318,1.0
102482,3.8427703380584717
57245,1.0
23613,1.3090447187423706
24449,1.0
96474,1.0
48427,1.3810312747955322
45474,2.392597198486328
51218,1.0
103584,1.0
4913,1.0
60560,1.6497349739074707
91566,3.523235559463501
57555,3.7967774868011475
67756,1.2610793113708496
97414,1.0
84417,1.0
61311,1.0
10991,1.0
17147,1.0
86353,4.8751068115234375
72521,1.0
46846,1.0
9244,1.0564957857131958
102527,1.0
92148,1.0
20005,1.0
64764,1.2309541702270508
82038,1.0
71809,3.273923873901367
78937,1.0
74573,1.8244013786315918
35274,1.574155569076538
69078,3.9288437366485596
105250,1.0
107307,5.0
81880,1.0
82045,3.8015646934509277
59747,1.0
50091,2.604753017425537
52545,1.0
43113,1.1881885528564453
105895,1.2927463054656982
77805,1.0
65648,1.0
94129,5.0
17488,1.0
90983,1.0
45414,1.6019234657287598
32852,1.0
57493,1.0
30366,1.7470895051956177
103446,1.0
107416,1.0
9604,1.0
90758,1.894089937210083
105256,1.0
60135,1.0
100647,1.0
18513,1.927945613861084
70286,1.0
70159,1.0
35931,1.594321608543396
1799,1.1207842826843262
40427,5.0
101652,1.0
85306,1.0
75189,1.5283206701278687
17061,1.0
35350,1.0
92984,2.190046548843384
15432,2.5156443119049072
71610,1.222931146621704
58382,1.0
102577,4.573683738708496
41786,1.0
12438,1.5560686588287354
90609,1.0
26317,1.1381572484970093
74026,1.0
103670,5.0
71068,1.0
34323,1.0
60926,1.0
18563,2.0078704357147217
51739,3.203457832336426
102212,1.0
93416,1.0
95797,1.0
107838,1.5760183334350586
30721,1.0
96121,3.1951444149017334
5749,1.0396698713302612
106939,1.0
8268,1.0
24079,1.1764700412750244
15021,1.0495059490203857
29456,1.0
18377,1.0
79022,1.0
59918,1.0
4034,4.907277584075928
67326,1.3294522762298584
26928,1.0
51076,1.0
36550,1.0
49906,1.0
78748,1.0
106609,2.29579758644104
46669,1.0
11130,1.0
11367,1.0
16669,5.0
48687,1.0
5669,1.0
62754,3.2045536041259766
41667,1.0
8054,2.24115252494812
34927,1.7203150987625122
53682,1.0
82820,2.3245954513549805
72879,1.0
38102,1.0
21285,1.0
91605,1.0
40995,1.0
54820,1.0
64743,2.302232027053833
73641,1.0
34378,1.0
105476,1.2435963153839111
35253,1.0
43690,1.0
75137,1.0
6008,1.0
102778,1.7052613496780396
91390,1.0
4878,2.70267391204834
26405,1.3268885612487793
23812,1.0
100870,1.0
37583,1.8569879531860352
58912,1.0
45782,1.0
68079,1.0
83271,1.0
68056,1.0
49515,1.0
47320,1.0
42247,1.0
43997,2.728095531463623
92839,1.0
4161,1.0
73041,1.0
98441,3.8396124839782715
48131,1.0
98390,1.0
69757,1.0
22395,1.0
24195,1.0
78837,1.0
5620,4.056168556213379
1461,1.777040719985962
4296,1.0
83285,1.5683186054229736
94251,1.0
96870,1.0
19107,3.496476888656616
70707,3.136436939239502
54277,1.0
51952,1.0
78350,2.3508942127227783
106068,1.2972055673599243
60116,1.0
51249,2.7198188304901123
46736,1.881723403930664
106263,1.0
58018,1.0
94213,1.0
14827,5.0
50669,1.0
2316,2.7691402435302734
45931,1.6265875101089478
94029,1.0
79029,1.0
32622,1.0
97603,1.0
105662,1.0
37166,1.0
21767,1.0
107185,1.0
65431,2.394913911819458
23190,1.0
94487,1.0
54715,1.0
9837,4.465839862823486
27063,1.0
68555,2.067267656326294
67833,1.450972318649292
17086,1.0
69436,1.0
34156,1.0
100185,1.0474447011947632
86045,1.0
33923,1.0
72618,1.0
100685,1.0
83726,1.0
7320,1.8158289194107056
27217,2.805720090866089
99177,1.766794204711914
92813,1.580740213394165
94194,2.201730251312256
101380,1.0
1621,1.3563034534454346
13089,1.0
84585,1.0
13931,1.5872937440872192
8834,1.0
629,1.0
13556,1.0
57680,1.0
43553,1.0
63912,1.0
87649,1.0
76517,1.0
47952,1.0
72867,1.4004230499267578
21083,1.0
49196,1.0
18973,1.0
104913,1.0
40193,1.0
73957,1.0
50107,2.750696897506714
36276,1.0
51957,1.0
98297,2.2814838886260986
4073,1.97852623462677
14893,1.0
59249,1.0
65555,1.0
36809,1.0
12019,1.1321104764938354
19027,1.0
18413,1.0
81997,1.0
25043,1.0
35400,1.0
65740,1.0
105401,1.0
34894,1.0
79727,1.0
364,1.0
66586,1.0
14671,1.0
69516,1.0
58553,1.0
16274,1.0
48493,3.8988635540008545
13104,1.0
23453,1.0
40872,5.0
95548,1.0
67377,2.148383855819702
13305,1.0
46278,1.0
88743,2.123929500579834
5563,2.9596753120422363
63792,1.0
20074,1.0
69800,1.0
4056,1.0
106017,3.5217530727386475
101505,1.0
72138,1.0
93171,1.0
17571,1.0
12406,1.0
105271,1.0
95057,1.0
66109,1.0
9686,3.446894884109497
55548,1.0
30976,1.0
62214,1.0
70755,1.9512789249420166
33279,1.0
49824,1.0
73481,1.0
69205,1.8659305572509766
59201,1.0
21041,1.0
82924,1.0
47683,1.0
72964,1.3159221410751343
4062,1.0
14001,1.0
106314,1.0
19807,1.0
361,1.0
277,1.0
8408,1.6793385744094849
45196,1.0
43983,2.7335259914398193
52732,1.0
60842,1.0
105901,1.0
33931,1.0
106454,1.0
56398,2.789264440536499
81909,1.0
82418,5.0
25052,3.198706865310669
82493,4.365387916564941
9226,1.0
54894,1.1650044918060303
51531,1.0
107531,1.1409413814544678
69568,1.0
82242,1.0
41972,1.0
83991,1.0
78804,1.0
48829,4.73987340927124
93181,2.4092109203338623
85036,1.0
59435,1.0
13433,1.2680166959762573
104019,1.0
16785,1.0
66588,1.0
4057,1.0
78160,1.0
97143,1.0
82664,2.285114288330078
99906,2.083353281021118
100952,1.0
61796,1.0
36027,4.539341926574707
40195,4.65239953994751
51848,1.4489487409591675
87527,1.0
60209,1.0
104,2.8695919513702393
41237,1.0
54291,1.0
16334,1.0
69322,1.0
10198,1.0
57732,1.0
73141,1.0
34113,2.0842032432556152
16285,1.0
24306,1.0
76084,1.0
14995,1.0
58699,1.0
104985,1.0
32474,1.0
39923,2.005589485168457
83319,2.2599141597747803
50009,1.8879680633544922
20697,1.0
29326,1.0
85652,1.0
88145,2.9225997924804688
87079,1.0
88708,1.0
84834,1.0
58871,1.1438325643539429
37457,2.3519911766052246
1524,1.0
44339,1.0
21863,1.0
86259,1.0
74136,1.0
51303,1.0
5547,1.0
36002,1.0
99775,1.0
49129,1.0
38956,3.1701340675354004
76944,1.0
49759,2.0377612113952637
21523,1.0
70870,1.5582752227783203
75781,3.4250667095184326
29554,1.0
104680,1.0
53081,1.0
12579,1.0
12211,1.0
103663,1.074315071105957
80660,1.0
44981,1.1073182821273804
6417,2.6247024536132812
4347,2.5900511741638184
13122,1.0
37799,1.1956225633621216
58561,3.228851079940796
19537,1.390472650527954
59174,1.0
74297,1.0
16130,1.0
71214,1.0
3652,3.7290449142456055
22077,5.0
42675,1.0
78488,1.8185895681381226
69697,1.0
102534,1.4936336278915405
15862,1.0
65929,5.0
67279,1.0
105315,1.0
84136,1.0
53129,3.1507649421691895
49404,1.0
96021,1.476635456085205
86591,1.0
55523,1.0
13803,1.0
82285,1.0
22877,1.0
21040,1.0
100420,1.0
67870,1.0
80953,1.0
108353,1.0
1324,3.3771891593933105
108143,1.0
80367,1.0
41271,3.2186717987060547
80308,4.723544597625732
13239,1.0
36938,1.0
36632,1.3406014442443848
18319,2.2452940940856934
71643,1.0
9196,1.0
85049,1.7562159299850464
75216,1.0
45403,2.841388463973999
94670,1.3713719844818115
42502,1.0
42341,1.0
78406,1.6610902547836304
11606,1.0
85163,1.442436695098877
17938,1.0
20154,1.0
26171,1.0
34037,1.0
93740,1.9110102653503418
93254,1.0
53132,3.2506587505340576
51291,1.411412239074707
51016,1.0
63802,1.0
103936,1.9891154766082764
96234,1.0
73375,1.0
5592,1.0
105489,1.0
42008,1.0
46431,2.960454225540161
34302,1.0
24368,4.0691142082214355
27518,1.0
47376,1.0
99510,2.627556562423706
81768,1.0
119,1.0
18347,5.0
42556,1.0
40818,1.0
33942,1.0
39604,1.0
80295,1.0
13518,1.0
12414,1.2128878831863403
77077,5.0
44578,1.0
75708,1.0
68664,2.870661497116089
78862,1.0
65462,1.0
91406,1.0
9699,1.0
97298,2.3391690254211426
80410,1.0
90586,1.0
43194,1.0
6246,1.0
81295,1.8234771490097046
39345,1.0
13780,1.0
8807,1.4736251831054688
77325,5.0
49523,2.9579033851623535
44925,1.0
90049,1.0
39851,1.0
4667,1.0
91841,1.0
25324,1.0
104814,1.0
44844,1.8950414657592773
5661,1.0
78402,4.000579357147217
82163,1.0
73064,4.595499515533447
16837,3.89772891998291
56236,1.0
61752,1.276753306388855
3728,1.0
10635,1.0
22137,1.0
40158,1.6059232950210571
37409,1.0
42915,1.0
15392,1.0
107281,1.0
40330,1.0
103256,1.0
107911,1.0
3661,1.0
91711,1.0
74159,1.0
35377,5.0
25649,1.0
29029,5.0
35917,1.0
61416,1.0
14651,1.0
107371,1.0
62334,2.2209081649780273
108282,1.5930111408233643
60084,1.0
29682,1.0
88212,1.0
6874,1.0
62318,2.169965982437134
84921,1.0
75838,2.041785478591919
60296,3.634937047958374
53823,1.033892273902893
21167,3.811600685119629
69802,1.0
7760,1.0
40892,1.0
13621,1.0
22158,5.0
2268,1.0
102708,1.756737232208252
25145,1.0
22804,1.0
26722,3.87186861038208
1516,1.0
70969,1.0
78186,1.1635639667510986
30614,1.5548615455627441
45704,1.0
88349,1.0
4301,4.853668212890625
48955,1.0
104175,1.0
108113,3.740989923477173
63638,1.0444085597991943
21193,1.0
4990,1.4746654033660889
96423,2.8305492401123047
108037,1.0
22729,1.0
87439,2.7715823650360107
54695,1.0
45080,2.279512643814087
103298,1.0
61161,1.1731767654418945
43233,1.0
10038,1.0
75375,1.5533088445663452
90954,1.0
20533,1.0
46365,1.0
63360,1.0
19689,1.0
12694,2.2181036472320557
60114,1.0354845523834229
51802,1.0
55528,4.19696569442749
81493,1.0
11050,1.2887866497039795
9005,1.0
77991,1.4359132051467896
105166,1.0
16800,2.3919320106506348
74178,1.275980830192566
23857,1.0
100124,5.0
45301,4.603222846984863
74407,1.0
2926,1.0
13423,1.0
1846,1.98243248462677
77727,1.0
99716,1.0
9473,2.805155038833618
72374,1.0
64688,1.0
41921,1.0
41610,1.0
63602,1.0
6049,1.0
16890,3.2531864643096924
89283,3.520825147628784
11879,1.0
55575,1.0
57753,1.0
61001,1.0
9152,1.0
90683,2.7704670429229736
44393,1.2640299797058105
16537,1.0
10905,1.0
60844,1.0
80154,1.0
2471,1.0
13953,1.0
15353,2.290450096130371
79533,1.0
64922,1.0
101134,1.0
84689,1.0
68292,4.548041343688965
66879,1.0
7200,2.2781283855438232
98752,1.0
14112,2.9940171241760254
28969,1.0787343978881836
73286,1.0
81073,1.0
17971,1.0
9238,1.3018097877502441
41792,1.0
59775,1.0
67418,1.0
52218,1.0320454835891724
92846,1.594200611114502
38014,1.0
61730,2.5808839797973633
48570,1.5531482696533203
69553,1.0
45244,1.0
84363,2.16088604927063
44085,1.5829790830612183
54321,2.017954111099243
48552,1.0
75703,1.0
8372,2.6358754634857178
23458,1.0
46879,2.800675868988037
13840,1.8504526615142822
59247,3.6083099842071533
92422,1.0
14971,1.0
39302,1.0978875160217285
61895,2.8402106761932373
8768,1.0
86354,2.0617449283599854
13996,3.4532859325408936
54947,1.0
90816,2.522514581680298
26471,1.0
24789,1.0
39705,1.0
81434,1.0
57083,1.0
91894,1.0
25173,1.0
93440,1.0
77887,1.0
81067,1.0
101187,1.3615798950195312
62444,2.800016403198242
57377,1.0
101998,1.0
55381,1.0
3586,3.2226712703704834
13578,1.3678574562072754
106085,1.8875818252563477
104336,1.0
94773,1.0
90898,3.94020938873291
66858,2.4997313022613525
28045,1.0
92999,1.0
24314,1.9762197732925415
6959,1.0
68179,1.0537177324295044
272,4.593966007232666
74615,5.0
16827,1.0
11426,2.6506121158599854
76904,5.0
16681,1.0
4694,2.1101746559143066
100103,1.0
33103,1.0
9404,1.0
77984,1.0
29053,1.0
84925,1.0
41716,1.0
54550,1.0
103405,1.0
3078,1.0
98920,1.0
41232,2.7818140983581543
44375,1.0
62605,1.0
14676,1.2525779008865356
80438,1.130353569984436
43698,1.56090247631073
79014,1.0
1375,1.0
8499,1.0
42815,2.8641550540924072
71150,1.0
77981,1.0
31079,1.0
108010,2.371777296066284
107595,3.4896185398101807
35275,1.0
26556,1.0
46230,4.002842426300049
102648,1.0
27367,1.9936201572418213
16845,1.0
105004,1.0
66221,1.0
60220,1.0
82202,1.0266504287719727
90242,1.0
28406,1.0
47902,1.0
60530,1.0
88641,1.0
28633,1.6024162769317627
70171,2.236454486846924
51126,1.0
12076,2.761223554611206
71430,1.0
95074,1.0651330947875977
63694,1.0
43272,1.0
73804,1.0
2386,1.0
88784,1.0
84508,1.0
29792,1.0
6103,1.0
60257,1.2683839797973633
87297,1.0
59533,1.0
60460,1.0
17059,1.0
100273,1.0
98277,1.3952873945236206
103174,1.0205135345458984
33861,1.0
98102,1.0
87875,1.0
79568,1.0
67371,1.0
47760,1.660869836807251
98981,3.8226675987243652
104212,1.0
28911,1.0
3547,1.501388669013977
65227,1.0
27881,1.0
107108,1.0
39211,1.0
53900,1.4619207382202148
91833,1.0
47601,1.0
44206,2.5306003093719482
11285,2.91544771194458
38407,1.0
95064,1.0
50197,4.0299201011657715
96866,1.0
102143,1.0
12261,1.0
27751,1.0
44887,1.252582311630249
86696,1.0
74691,1.0
27449,1.0
24503,1.2022827863693237
88816,1.0
36074,1.0
81998,1.0
66063,5.0
44467,1.0
35564,2.352931499481201
94705,2.5164661407470703
26476,1.0
60000,1.0
99798,1.0
85929,1.0
79083,1.0
45165,1.0
97849,2.8123199939727783
17092,1.0
33402,1.0
52112,1.4457231760025024
87602,1.0
106753,1.0
106327,2.538522958755493
91322,1.0
83836,3.2373039722442627
70087,1.0
53421,1.0
34277,1.0
8817,2.757888078689575
36715,1.0
92559,5.0
38749,1.0
81662,1.0077964067459106
22411,3.3241794109344482
76427,2.316694974899292
55731,1.0
58083,1.0
105268,1.0
14099,2.225648880004883
64649,2.6271815299987793
72044,1.0
38781,1.0
6656,1.0
77619,1.0
80726,1.0
46412,1.0
99080,1.0
73889,1.0
26647,1.5001132488250732
71291,3.6254615783691406
32249,2.969374179840088
101139,1.0
7242,1.0
101684,1.0
11700,1.0
98611,1.0
50821,1.0
6769,1.0
104774,1.0
107193,1.0
78577,1.0
49371,3.853830099105835
28330,1.0
75590,1.0
51698,1.118578553199768
22972,1.0
94026,2.0157389640808105
38674,1.2389696836471558
56460,1.2546180486679077
5102,3.66975736618042
12621,1.0
101155,1.0
48757,1.0
101861,1.0
74381,2.7816550731658936
71160,1.0
83916,1.0
87314,1.0
5971,1.0
63270,1.0
33913,1.0
10395,1.0
2574,1.0
7001,1.0
54134,4.816181659698486
79404,1.0
94383,1.0
61517,1.0
22125,1.0
15783,3.822786808013916
51595,1.0
104457,1.0
38007,1.0
37922,1.0
9667,1.0
47978,1.0
2701,1.0
98438,1.0
15535,1.0
61007,1.8215758800506592
55295,1.0
99935,1.0
88093,1.0
13427,1.0
50435,1.0
55149,1.0
73568,1.0
87164,3.3559648990631104
45921,1.0
65032,5.0
85937,1.0
84324,2.257378101348877
102583,1.0
50229,1.0
77156,4.453461170196533
87664,1.0
15893,1.0
76775,1.0
93034,1.9581533670425415
38780,1.0
10976,5.0
76695,1.0
80642,1.0
23838,2.2218878269195557
97394,3.056431770324707
33771,1.371117353439331
57237,1.0
50027,3.3053417205810547
29526,1.0
74520,3.0016255378723145
94889,1.0
47708,1.0
47967,1.0
38842,2.2247042655944824
97734,1.0
64926,1.0
52791,1.0
97185,1.0
88859,1.0
27219,2.0472571849823
30349,2.8479630947113037
98750,1.0
60597,2.0256834030151367
11374,1.0
573,1.0
66486,1.0
90671,1.0
32958,4.296026706695557
34195,1.0359766483306885
7300,1.0
96818,1.0
38682,2.190232515335083
88028,1.0
20616,1.0
102128,1.7306439876556396
73138,1.0
101658,1.7663042545318604
102625,1.788231372833252
94361,1.2551939487457275
70558,1.790752649307251
2593,3.254650115966797
61316,1.0
104324,1.0
56020,1.0
98897,1.0
6623,1.0
79196,2.7010419368743896
69920,1.1641782522201538
35558,3.3737339973449707
91509,1.0
66937,1.0
97241,2.2120230197906494
16357,1.0
64573,1.0
21517,1.0
27119,1.0
104308,1.0
54384,1.748666763305664
99663,1.5406348705291748
67299,3.537706136703491
99190,3.969904661178589
26358,1.198613166809082
68507,1.0
64034,2.8296375274658203
92934,2.0559937953948975
19277,1.0
67936,1.0
102500,5.0
58234,2.231996536254883
53422,1.0
105599,1.0
36222,1.247263789176941
15839,1.0
17307,1.0
100152,1.1901073455810547
97254,1.6215678453445435
66026,1.0
24130,1.0
59448,1.4393352270126343
12118,4.7719340324401855
42773,3.2405130863189697
101238,1.0662206411361694
46185,3.0969929695129395
34238,2.4927773475646973
75958,1.2816510200500488
63968,1.0
62123,1.0
77435,1.0
100006,1.0
81380,1.0
31884,1.0382797718048096
68961,1.0
66828,1.0
46458,1.0
67390,1.0
16076,1.0
46423,1.0
107801,4.064778804779053
76925,1.0
55404,1.0
42267,1.4380505084991455
93925,3.5263943672180176
28479,5.0
49206,1.0
33744,1.0
55131,1.0
106554,1.5711381435394287
24807,1.0
23564,1.0
93650,5.0
16154,1.7558486461639404
57072,1.0
108243,3.058199405670166
37562,1.0
51421,1.205060362815857
65625,1.7395246028900146
86427,1.0
56206,1.0
79934,1.0
93148,1.0
62990,1.0
20848,1.0
90319,3.069847345352173
54738,1.0
25384,1.7237595319747925
24246,1.0
30491,1.0
54390,1.0
3155,1.0
6039,1.0
40404,1.0
93546,1.0
43704,1.0
20517,1.0
70863,1.0
71495,1.0
30562,1.0
80397,2.2466940879821777
14135,1.0
56833,1.6272550821304321
51178,1.0
72421,1.0
99248,1.0
45679,1.0
57255,1.0
100845,1.0
96710,1.0
2324,2.0664989948272705
75516,1.0148866176605225
99581,2.601614475250244
56847,1.0
91969,1.4612879753112793
105136,1.0
91637,1.0
52982,1.0
35167,1.0
19474,1.0
102308,1.0
96863,1.7167378664016724
22958,1.0
30772,1.0
75490,2.0176854133605957
89527,1.0
409,1.0
8725,1.0
78489,4.965278625488281
106060,1.0
71328,1.0
103382,1.0
68917,1.0
9561,4.256525039672852
24924,1.0
10598,1.0
107456,1.0
63512,1.0
11365,1.0
57452,1.0
8976,5.0
36624,1.0
12298,1.0
90736,1.0
52216,1.0
67244,1.3995426893234253
71347,1.0
101609,1.0
88081,1.0
84722,1.0
95250,1.0
94406,3.554875612258911
20606,1.0
48676,4.478464126586914
78153,1.0
12816,1.0
35821,1.0
55017,1.0
33015,1.0
97087,1.6525280475616455
12355,1.0
92801,1.0
2493,1.3119806051254272
92587,1.0
79813,1.405638575553894
3718,1.0
10366,1.7506322860717773
89411,1.0
102843,2.135308265686035
94512,1.0
9041,5.0
95646,1.0
58186,1.0
3590,1.7019754648208618
94926,2.6682660579681396
47643,1.0
105298,1.0
67466,1.2469426393508911
7467,1.0
19841,1.0
83846,4.339286804199219
197,1.0
87483,1.0
2846,1.0
55582,1.0
13608,1.0
79000,1.0
77856,1.0
67825,1.0
64536,1.0
84061,2.4703407287597656
68462,1.7157407999038696
56108,1.0
65493,3.4805679321289062
81976,1.0
79430,2.419611692428589
92237,1.0
38967,2.382004737854004
48648,1.0
69937,1.0
44095,2.2239131927490234
856,2.346940279006958
62779,1.0
15978,1.0
74599,1.0
57391,1.0
89301,1.0
33799,1.0
4089,1.0
95299,1.0
102740,1.0
24500,3.798175573348999
48513,1.0
19544,1.0
106179,1.0
63292,1.0
60468,3.4812283515930176
53643,1.0
107710,1.0
63713,3.2371251583099365
32042,3.1396677494049072
74830,1.029821515083313
106924,2.5678348541259766
42362,1.0
41713,1.0
22708,2.7804815769195557
1851,1.0
89496,2.6605093479156494
9658,1.0
21900,2.961172580718994
57082,1.7688802480697632
5169,1.893393874168396
83943,1.0
103969,3.2834486961364746
2121,1.0
25760,1.0
41000,1.0
106652,1.0
99258,4.667123317718506
50626,1.0
65081,1.0029088258743286
3084,4.743563652038574
6697,1.0
19440,1.0
44100,1.0
42848,2.0080413818359375
5305,1.0
79861,1.0
101525,1.0
46723,1.0
58005,1.0
4063,1.0
7484,1.0
72081,3.063539505004883
58697,1.2458158731460571
814,1.0
18015,1.0
17640,1.0
2865,1.0
99631,1.0
45379,2.049929141998291
13923,1.0
20984,4.6907958984375
87250,3.0895798206329346
23535,1.0
69845,2.016014575958252
25521,1.0
17357,1.0
55209,1.493795394897461
74910,1.0
37232,1.0
13175,3.422685146331787
9325,1.0
5601,1.0
59101,1.0
72789,1.0
92034,1.5521137714385986
104765,1.0
67992,1.0
77460,1.0
43853,1.4424551725387573
27830,1.0
28074,2.0242016315460205
21297,1.0
59635,1.0
18755,1.0
64624,1.0
83623,1.856731653213501
36086,1.6119502782821655
82381,1.0
14581,1.3856093883514404
11635,2.5480151176452637
651,1.0
40347,1.0
78766,1.0
86057,1.0
95715,2.933457851409912
56272,1.0
54637,1.0
20014,1.0
95036,1.0
74631,2.103461503982544
56850,1.6242436170578003
6111,1.5928226709365845
37155,3.2749061584472656
52614,1.0
47773,1.0
104857,1.0
104126,1.0
56510,1.0
40444,2.2636563777923584
50257,1.4688560962677002
57837,1.0
53428,3.4135239124298096
55119,1.0
59320,2.460470676422119
34884,1.0
35064,1.0
51575,1.0
51711,1.0
5185,1.0
15265,1.0
91122,1.0
52610,1.0
53264,2.3136026859283447
76261,1.0
108580,5.0
5508,1.0
34028,1.0
59285,1.0
102851,1.0
94342,1.0555428266525269
23172,1.0
10936,1.0
1437,1.0348565578460693
7403,1.0
6725,1.0
13814,1.2229801416397095
42209,1.1917917728424072
43872,1.0
69131,2.6509158611297607
73744,1.9638994932174683
31288,1.0
62547,4.797308921813965
41704,1.0
101657,3.3913493156433105
70032,2.8439700603485107
101519,2.215409994125366
29417,2.658024311065674
34520,1.0144504308700562
27598,1.0
27572,1.0
78850,1.0
24163,1.0
73752,1.7251290082931519
26075,4.205249309539795
90557,1.6530482769012451
57291,4.02520227432251
77063,3.4605696201324463
45191,1.0
97150,2.109623432159424
66400,1.006311058998108
100237,5.0
53536,1.0
101628,1.0
100578,1.0
62093,1.0
38751,1.0
45713,1.0
64881,1.0
53316,3.172612428665161
4340,1.0
42134,1.0
1036,1.0
32350,1.0
37453,1.0
2834,1.0
21874,2.3579156398773193
82821,1.0
78460,1.0
4450,1.0
78069,1.0
72908,5.0
68761,1.0
60268,1.0
80281,1.0
17675,1.0
44697,1.0
107176,2.6679887771606445
38421,1.0
62114,1.0
14256,1.0
104123,1.0
20446,1.0
48907,1.4635440111160278
51025,1.0
57009,5.0
41976,1.0
27580,1.0
108337,1.0
36543,1.0
45197,1.0
73156,1.0
62204,1.0
102575,1.0
8901,1.0
62431,2.6707146167755127
105919,3.555152654647827
13109,1.0
61695,1.0
105867,1.0
103322,1.8635605573654175
95778,1.0
68305,1.0
46725,1.0
58213,2.7169694900512695
65174,1.0
24065,3.9713010787963867
58074,1.0
17304,1.0
2028,1.0
72002,1.0
97012,1.0
49238,1.0
55907,1.0
93194,2.6886863708496094
47201,1.0
54198,1.0
45168,1.0
14403,1.0
51840,1.0
2705,1.0
52007,1.0
80450,1.0
60219,1.241996169090271
47488,1.8681241273880005
50083,1.0
94829,1.0
66267,1.1445342302322388
47593,5.0
88820,1.0
40867,1.0
5495,1.0
58602,1.0
9982,1.0
23136,1.0
38668,1.0
7516,1.0
20000,1.0
99130,2.2116153240203857
87946,5.0
28254,1.0
47893,1.0
43295,1.5681654214859009
86580,1.0
86881,1.6208231449127197
93485,1.0
62471,1.8024777173995972
36212,1.0
2994,1.0
52258,1.0
9767,1.0
68417,1.0
102379,1.0
86340,1.0
27169,1.0
81743,1.0
13158,1.0
31292,1.0006024837493896
31436,1.386958360671997
6480,1.0
35431,1.0
56789,1.0
2919,1.0
67482,1.0
43667,1.0
36383,1.0
77415,1.0
5180,1.3313319683074951
97486,1.0
12990,1.0
88515,1.0
98760,2.404021978378296
102811,2.3412716388702393
4580,1.0
55604,1.0
87512,1.5549029111862183
5952,1.039878487586975
57585,1.0
24822,3.3739399909973145
93733,1.0
6289,2.3578693866729736
25239,1.0
91014,1.4586727619171143
63574,1.0
97387,1.0
14607,3.155090808868408
79182,1.0
55894,1.0
61048,1.0
102756,1.0
17450,1.0
77881,1.0
15274,1.0
72974,1.0
61776,2.5700459480285645
10892,1.0
3490,1.0
30434,1.0
86651,2.253330707550049
60312,1.0
105608,3.9168217182159424
105060,1.0
59544,1.0
26580,2.3558831214904785
66059,1.0
41001,1.249416708946228
95419,1.7437255382537842
51554,1.0
102194,1.0
82290,4.024842262268066
63181,3.9118964672088623
57430,2.5995500087738037
21442,1.0
50771,1.0
21087,1.0
80325,1.0
61322,1.0
25399,1.3199243545532227
89067,1.0
46730,1.0
7266,1.4805113077163696
61617,1.0
15050,1.0
10695,1.0
50050,1.0
99045,2.855239152908325
5854,3.8172571659088135
30219,2.0144221782684326
52253,2.408064126968384
69767,1.0
13614,1.0
45725,3.1683685779571533
28567,2.878805160522461
61760,1.0
83034,2.075512409210205
35181,1.0
47155,2.195697069168091
98832,2.764406681060791
74856,1.0
52965,1.0
33774,1.0
30039,1.0
67195,1.0
26010,3.762166976928711
33179,1.0
105954,1.0
56862,1.0
96982,1.0
11098,5.0
66197,1.0
31177,2.367138624191284
60265,1.0
101437,1.0
105325,2.2978270053863525
37080,1.0
37483,1.0
57556,1.0
67746,1.8094035387039185
101,1.0
101630,1.0
22236,1.0
55883,2.105961322784424
33892,5.0
52895,1.0
12226,1.0
12024,4.984160900115967
61789,1.0
69170,1.0
20426,2.49428129196167
36819,1.0
33837,1.0
99866,1.4446361064910889
11198,1.0
61809,2.998955011367798
33955,1.0
71585,2.005974769592285
63021,1.0
14489,1.0
68735,1.0
47607,1.0
4639,1.0
41662,1.0
90654,1.3854202032089233
92241,1.0
92104,1.4077670574188232
33742,1.0
59894,2.340752601623535
105985,2.008014678955078
62082,1.2395979166030884
4479,1.0
100580,1.0
58663,1.210557222366333
100000,1.0
40753,3.751424551010132
62267,1.0
64442,1.0
102251,1.0542763471603394
14353,1.0
17381,1.0
64876,1.0
37214,1.0
70868,1.0
46743,1.0
42454,1.7142372131347656
33199,1.0
43087,1.0
35914,1.0
8075,1.0
92276,1.0
103394,2.6974895000457764
2370,1.0
34112,1.0
4346,1.0
61521,1.0
42989,1.0
101772,1.0880274772644043
39512,5.0
37208,1.0
13602,2.375767707824707
36797,1.5449811220169067
38239,1.8808484077453613
51311,1.0
67156,2.577918767929077
84769,1.0
9156,1.0
48894,1.0
35777,1.0
48653,1.0
23932,1.0713741779327393
28023,1.0
5814,1.0
45060,1.6281012296676636
55453,1.0
64800,2.278024673461914
16120,1.0
42956,1.0
57952,1.0
37136,2.211693286895752
49044,1.0
45,1.7596380710601807
59611,1.208094835281372
17594,1.6353859901428223
34801,1.0
80168,1.0
9768,1.0
36548,1.0
31727,1.0
84708,1.3460310697555542
46623,1.0
37356,1.0
35517,1.0
77784,1.0
60157,1.0
75919,1.0
13598,1.1466394662857056
47822,1.0
89167,1.0
105856,1.0
54183,1.0
39449,1.0
12865,1.0
68245,1.570115566253662
11899,2.619776725769043
60793,1.0
63420,1.0
86401,2.031270742416382
47676,1.0
31812,1.6181788444519043
32721,1.0
75364,1.0
27364,1.0
49526,1.0
59226,1.0
1975,4.752200126647949
3387,1.0
90352,1.007153868675232
43274,3.0328876972198486
8664,1.0
50185,1.974442481994629
87437,1.0
101596,1.0148817300796509
40969,1.712433099746704
41908,1.0
9126,2.186729907989502
95790,1.0
83086,1.0
5621,1.0
95780,3.7749454975128174
92547,2.2368903160095215
64109,1.0
60481,1.0
85521,1.1629549264907837
87435,1.0
63552,1.3905227184295654
36275,1.0
43901,1.0
85831,1.0
80271,1.0
60711,2.0454652309417725
24610,1.0
20151,1.0
71710,1.0
52661,1.0
76067,1.0
59288,1.990910530090332
21917,1.0
85950,1.2012709379196167
68431,1.0
7698,1.0
3725,1.0
66475,1.7325361967086792
98022,1.687665343284607
47184,1.0
47072,2.2673511505126953
105183,1.0
86007,1.0
63862,1.0
98713,3.905717611312866
98439,1.0
96433,1.0
18103,1.0
38988,1.0
777,1.0
70088,1.0
24671,1.5905570983886719
30655,1.0
40560,1.0
32043,1.0
4106,2.1446003913879395
102184,1.0
85881,2.1840758323669434
75723,1.0740547180175781
55299,3.912658214569092
87409,5.0
34491,2.191413640975952
100714,1.0
100906,1.0
68215,1.0
41812,1.0
18614,1.0
12819,1.0
44928,1.3629528284072876
87697,1.0
42523,1.0
53448,1.0
101092,2.2600021362304688
24114,1.0
45180,1.0
12763,1.0
3500,2.570651054382324
105370,1.0
104351,2.0751612186431885
91691,1.0
2419,1.0
30624,1.0
101955,1.0
71069,1.0
20049,1.0
24713,1.0
82478,1.4091380834579468
20715,1.0
100963,4.2543416023254395
98678,1.0
28750,1.0
23962,1.0
24426,2.3623082637786865
93306,1.0
42053,1.0
104304,3.0971391201019287
19914,5.0
66367,1.0
46932,2.5088601112365723
52003,1.0
29213,1.0
2775,1.0
26983,1.2228269577026367
58163,1.0
31936,1.0
38311,1.0
5018,1.0
100471,1.0
23088,1.0
59606,1.0
45676,1.0
44355,1.0
98961,1.0
73784,1.0
37198,5.0
12898,1.3316363096237183
81932,1.0
60073,3.716218948364258
33983,5.0
44109,1.3146066665649414
107050,1.0
27928,1.0
82619,1.0
40887,1.0
8340,3.3148531913757324
103339,2.311225175857544
9314,1.0
65391,1.0
2502,1.0030328035354614
93535,1.0
102643,1.0
79461,1.0
78301,3.4375712871551514
72194,1.0
92416,1.0
40610,1.0
2405,3.1560895442962646
14425,1.4507664442062378
33776,2.7407779693603516
1415,1.813227653503418
9884,1.0
87929,1.0
20347,1.0
75791,1.0
59532,1.0
97965,1.7939412593841553
101022,2.3371105194091797
34758,1.0
66088,2.070160388946533
16201,1.7908891439437866
55091,4.502890110015869
84555,1.0
14900,5.0
101785,1.0
89844,2.2435660362243652
44810,1.0
20962,4.1134233474731445
44755,1.0
36146,1.0
39076,1.0
30335,1.0
99043,1.0
28522,1.0
44199,1.0
75134,1.0
79477,1.0
65319,1.0
83286,1.0
18820,4.744641304016113
15904,1.4758200645446777
42357,1.832028865814209
107783,1.0
47520,1.0
6419,2.1270530223846436
90726,5.0
12914,3.9795989990234375
20060,1.0
78812,1.0
95433,2.8736631870269775
55079,2.873485565185547
15885,1.0
35500,1.9592647552490234
69431,1.0
48951,1.0
21710,1.0
61739,1.0
42781,2.0356571674346924
786,1.0
9751,1.0
70383,1.0
86432,1.8730465173721313
61595,3.1918656826019287
74805,1.0
63130,1.452486276626587
68016,1.0
80876,1.0
54533,1.0
25715,1.0
66574,1.0
23435,1.0
67360,1.0
31953,1.0
103340,1.8723610639572144
14517,5.0
97203,3.3321990966796875
4815,1.0
26966,4.690517902374268
23085,1.0
6664,2.5158121585845947
734,1.0
22663,3.2127068042755127
52516,1.0
60092,1.0
104157,2.453559637069702
82575,1.0
59853,1.0
74962,1.0
22883,1.0
34941,1.0
32022,2.06986927986145
53251,2.825404167175293
6619,1.7470426559448242
82020,1.0
53345,1.0
18762,2.64687180519104
43394,1.0
21604,3.355203628540039
34468,1.0
70164,5.0
99331,1.562908411026001
22689,1.0
68896,1.0
55741,1.0
98115,1.0
44896,1.0
32590,1.0
107944,1.0
93398,1.0
98465,1.0
102513,1.715837001800537
59151,1.0
18766,1.0
96445,2.0668914318084717
73550,1.383620023727417
43498,1.7416342496871948
80146,1.0
71225,5.0
49449,1.7300816774368286
58257,1.0
99544,1.0
34391,1.0
80094,1.0
5194,1.0
41311,1.0
58970,1.0
50007,1.0
53408,1.0
59966,1.0
105630,1.0
90947,2.220243453979492
40393,5.0
12759,2.854177236557007
5787,1.0
31781,1.0
91471,1.450875163078308
48477,1.0
42231,2.388636827468872
88381,1.0
31726,1.0
92974,1.3568483591079712
8201,1.0
8380,1.0
74668,2.2363224029541016
95824,1.0
100070,1.9884634017944336
13750,1.0
5664,1.0
99127,1.6890696287155151
19804,1.7199323177337646
83144,1.0
6622,1.0
57655,1.0
18822,1.0
44582,1.0
42200,1.0
56120,1.0
31754,1.0
53153,1.0
79250,3.0181174278259277
1512,5.0
60814,1.0
101325,1.0
92512,1.0
43216,1.0
41086,2.93575382232666
37901,1.5551249980926514
96046,1.0
20582,1.0
104758,1.0
77599,1.0
6141,3.9829182624816895
47778,1.0
65701,1.0
62230,1.0
54187,1.0
95641,1.0
55963,1.0
45981,1.0
25338,1.0
2495,1.9547619819641113
108284,1.9689366817474365
31205,1.0
3933,1.0
73902,1.0
105112,1.0
101712,1.0
91535,1.0
4860,1.0
6225,3.7922515869140625
35884,2.8389904499053955
16593,1.3701552152633667
35235,1.1389118432998657
43314,1.0
91845,1.0
67901,2.4310648441314697
10888,1.0
51624,1.0
68321,1.0
26571,1.0
25067,2.7228338718414307
60104,1.0
996,2.610821008682251
8566,1.0
91392,1.0
27492,2.996255397796631
43994,5.0
23112,1.8053274154663086
74372,1.0
94820,1.0
47377,1.0
103568,1.0
34427,2.7445738315582275
74834,1.0
261,1.0
4581,1.0
93139,1.0
95680,3.6248888969421387
41594,1.0
18703,2.051360845565796
4231,1.0
58408,1.0
41331,3.3090829849243164
99937,1.0
81413,1.0
4169,1.0
849,1.0
2657,1.0
24872,4.087448596954346
42683,2.0469539165496826
90618,1.0
49391,1.0
28811,1.142001748085022
26411,1.0
48251,1.5752049684524536
26034,1.0
5855,1.0
56753,1.0
84404,1.0
13061,3.016211748123169
19533,1.0
28389,1.0
33550,1.0
53038,1.0
39429,1.0
90622,2.0772030353546143
64389,1.0
93629,1.0
105851,2.4181149005889893
75472,1.6736963987350464
75763,1.5547833442687988
73132,1.0
64917,1.274778127670288
101079,4.673783779144287
5717,1.0
36747,2.4189155101776123
62433,1.0
100058,1.0
62778,1.0
20911,1.0
55684,1.3679863214492798
20595,1.0
29869,1.0
92464,1.0
99727,1.8305137157440186
102463,1.0
43418,1.8960603475570679
34178,1.0
92157,1.0
95891,1.547669529914856
96557,1.0
77017,1.0
58430,1.0
40823,1.0
39479,2.5323548316955566
30251,1.0
85055,1.3645020723342896
72201,1.0
91238,1.0
26852,1.7190067768096924
86704,1.0
8946,1.0
90408,2.6456971168518066
95150,1.0
25755,1.0
107122,1.0
71497,3.085235357284546
29315,2.3573243618011475
28288,5.0
19800,1.0
62629,1.7424818277359009
61134,1.0
102325,2.858311891555786
56580,1.0
3798,1.0
63569,1.0211654901504517
53145,1.0
9954,1.0
108383,1.0
68991,1.0
94155,3.3058266639709473
64178,1.6793673038482666
29195,1.0
103728,1.0
100136,1.0
53973,1.0
71035,1.0
55252,2.0317606925964355
4856,2.944999933242798
11279,1.0
5946,1.0
41769,1.0
48989,2.959798574447632
75803,1.0
68895,1.0
46703,1.0
26268,1.0
16989,1.67345130443573
108126,1.0
83688,1.0
34611,1.0
68335,1.2070120573043823
83239,3.222902774810791
5868,1.0
54355,1.0
40701,1.0
93422,1.0
26880,2.9471633434295654
77829,1.0
9223,1.0
73400,1.0
13108,5.0
13668,1.4266515970230103
2476,1.0
71344,1.0
28736,1.0
47274,1.0
195,1.0
22217,1.0
21430,1.0
28069,1.0
98628,1.0
52353,5.0
49118,1.0
103867,1.0
21839,1.0
36678,1.0
79367,1.0
61226,1.9886858463287354
50955,1.0
85728,1.404043197631836
34084,1.0
73857,1.0
41152,1.7413451671600342
63072,1.0
75031,1.0
36707,3.0812647342681885
55109,1.0
10761,2.736590623855591
25085,1.0
59756,3.4977734088897705
83745,1.0
57208,1.0
76499,1.0
2478,1.0
60127,1.0
69055,1.0
86235,1.0
68205,1.0
27697,1.0
47381,2.7782981395721436
63389,1.0
24045,1.0
35014,1.0
57961,1.0
16507,4.712721824645996
41068,1.0
80030,1.0
63511,1.0
90802,1.0
94387,1.0
61124,3.4785163402557373
91490,1.0
37293,1.0
30873,1.0
41245,1.0
77181,1.0
62244,1.302038550376892
46661,1.0
31308,1.0
89326,1.0
78085,1.1971098184585571
15621,2.338070869445801
42826,1.0
28728,1.0
76101,1.0626925230026245
10565,1.1026201248168945
9633,1.0
106879,1.0
86159,1.0
33979,1.0
49245,1.666320562362671
100600,1.0
99695,1.0
14439,1.0
14176,2.6251208782196045
27349,1.0
94436,1.0
14515,1.0
102217,5.0
101029,1.0
65046,1.0
93349,1.0
60314,1.0
76019,1.0
20360,1.0
70066,2.246309518814087
85878,3.6230673789978027
95627,1.0
38726,2.282855749130249
79751,1.0
77296,1.0
70567,1.0
33558,1.0
6937,1.0
33420,1.0
17014,2.668738603591919
58367,1.0
50952,2.529641628265381
70530,1.0
16703,1.0
93525,1.0
2302,1.0
96098,3.6469786167144775
43697,3.324051856994629
3312,1.0
39327,1.0
101922,1.0
103189,1.0
73995,1.0
56913,1.0
93041,1.0
9644,4.925237655639648
41062,1.0
104412,1.0
88487,1.0
93987,1.95864999294281
72479,2.501014471054077
75416,1.0461249351501465
8023,1.0
106324,1.0
96615,1.0
17349,1.0
59665,1.0
99579,1.0
4019,2.8074891567230225
106906,1.0
51219,2.1410796642303467
78211,1.0
3164,1.0
68000,1.0
13336,3.339899778366089
804,1.8842713832855225
24409,1.523354172706604
51583,1.0
26737,1.0
42422,1.0
36777,5.0
11047,1.0
44241,1.0
31175,1.48844313621521
67987,2.82832932472229
66434,3.6981570720672607
46776,3.054901361465454
61000,1.0
51347,1.0
94569,2.7637274265289307
107656,4.532909870147705
79134,1.0
57011,1.0
1045,1.0
47061,1.0
69940,1.0
64166,1.0
71774,1.0
9802,1.0
100554,1.0
79782,1.0
87174,5.0
96,1.0
12854,1.0
82429,5.0
46992,1.0
62603,1.0
67791,1.0
48684,1.9231131076812744
22849,1.0
89091,1.0
77832,1.0
75989,1.0
8943,1.0
82683,1.0
79993,1.0
13779,4.014876365661621
4024,4.253566741943359
58426,4.646088600158691
96715,1.0
16223,1.4593876600265503
80196,1.0
73986,3.422197103500366
70867,1.0
94142,2.1781513690948486
32730,1.5782880783081055
6136,1.0
103941,1.0
55827,1.0
22707,1.0
45504,1.4278854131698608
14333,1.4708930253982544
10337,1.0
13522,1.0
106601,1.7238337993621826
29495,1.0
81736,3.476996421813965
76297,3.047999858856201
91208,1.0
20103,1.0
102931,1.0
98593,1.0
60400,1.4421484470367432
96525,3.6478750705718994
72020,1.0
51346,1.0
56572,1.0
76182,1.0
38795,1.0
96953,1.0
23796,2.3882908821105957
17515,1.0
105944,1.7203490734100342
57558,3.7441751956939697
30625,1.0
19488,2.462368965148926
103224,2.3174712657928467
26258,1.0
32429,1.1401058435440063
86376,1.0
48141,1.0
60041,2.6693475246429443
19753,1.0
96372,1.0
96848,2.036379337310791
23013,1.0
65338,1.0
43555,3.6841793060302734
87136,1.0
27324,1.6380101442337036
74074,3.0288140773773193
1337,1.0
60051,3.023542642593384
97040,3.3018219470977783
39690,1.0
74172,1.0
100947,1.0
26290,1.0
68900,1.0
42029,1.0
44504,2.877885580062866
89061,1.0
12772,1.0
97397,1.0
77970,1.0
101362,1.0
90888,1.0
18227,1.0
36051,1.0
3213,2.4898481369018555
58345,2.866668462753296
45156,1.0
48226,1.0
43291,1.6478365659713745
64117,1.9472593069076538
5467,1.5715711116790771
87037,1.2412487268447876
78414,2.3668158054351807
42197,1.0
63811,1.0
28402,1.0
10270,1.0
55870,1.0
58858,1.515347957611084
60633,1.0
8341,1.0
53302,2.834301233291626
100914,4.27903938293457
48977,1.4860260486602783
2002,1.083849549293518
40011,1.0
97787,1.0
62056,2.276949167251587
10930,1.4051365852355957
94830,1.707777976989746
40920,1.0
95099,1.0
30249,1.07241952419281
49645,1.0
40594,1.9575448036193848
57199,1.0
11760,1.0
32322,2.4461634159088135
40396,2.7149999141693115
96015,1.5078895092010498
46438,2.5666162967681885
99878,1.0
88138,1.0
29951,1.238031268119812
90457,1.0
19314,1.0
40619,1.0
88533,4.008951663970947
51982,1.0
39127,1.1314140558242798
104387,1.0
15150,4.45253324508667
95496,1.0
58768,1.0
10564,2.4547619819641113
24525,1.0
22723,1.5106244087219238
94837,1.0
56509,3.2233316898345947
95026,1.0
89226,1.0
72260,1.1974716186523438
53829,2.9531311988830566
62650,1.0
70436,1.0
29922,1.8805384635925293
60733,2.785717725753784
34548,1.0
79902,1.0
95678,3.7284319400787354
68113,1.0
82748,4.37363862991333
98687,1.0
100089,1.0
36368,1.0
81208,1.0
959,1.0
86348,1.7063651084899902
12221,1.0
13928,5.0
12613,1.0
51117,1.0
36096,1.0
78141,1.0
77054,1.0
71073,2.7272491455078125
42023,1.0
9375,1.2678320407867432
81503,1.7371271848678589
99034,1.0
71272,1.0
93348,1.0
90556,1.0
2981,1.0
51710,5.0
29421,1.0
95038,1.0
92733,1.0
73197,1.0
69688,1.0
10138,1.0
84145,1.0
14399,1.0
41912,1.5995439291000366
74847,1.0
48072,1.0
66058,1.0
92309,1.0
64557,1.0
38123,1.0
7082,1.0
82218,1.0
4937,1.0
20625,1.0
35258,1.0
1110,1.0
3854,1.0
62606,1.0
11144,1.0
28980,1.0
39976,1.0
76744,1.0643256902694702
1526,1.0
1791,1.6581056118011475
52726,1.5158970355987549
50676,1.0
14527,2.4397435188293457
50052,1.0
96513,1.2588012218475342
107138,1.153111219406128
42726,1.0
56186,1.0
20465,4.795125484466553
81098,1.0
53211,1.0
81357,1.0
23494,1.0
34570,4.497822284698486
59914,1.0
30974,1.0
69111,1.0
43546,1.2399972677230835
91791,1.7311841249465942
88282,1.0
53402,1.0
4611,2.250997543334961
20422,2.4572713375091553
44512,1.0
62867,3.3308515548706055
78485,1.0
85583,1.0
107522,1.0
28942,1.0401662588119507
99088,1.0
26121,1.3743562698364258
67464,1.0
46829,1.0
77813,1.0
76794,1.0
86088,1.0
25479,1.0
99529,1.6796844005584717
60540,2.318114757537842
86097,1.0
35568,1.6533771753311157
28768,1.0
43041,1.0
89002,1.0
84497,2.954167366027832
45964,1.0
89510,5.0
101421,5.0
34281,1.0
79718,1.0
58678,1.0
43251,1.0
94956,1.6322649717330933
98751,1.0
76962,1.5522878170013428
8693,1.0
68125,2.135484457015991
39626,1.581032156944275
102636,1.0
75182,1.0
67803,1.0
91995,3.305584192276001
103949,1.1753689050674438
50708,1.0
30529,2.368812322616577
77000,5.0
56387,1.0
91492,1.0
40811,1.0
7925,1.0
83290,1.0
81725,3.9601547718048096
15291,1.0
69707,1.0
82087,1.56981360912323
86739,1.0
98966,1.0
88780,1.0
98131,1.0
103768,1.0
31216,1.0
31285,1.0
10835,2.2764499187469482
11607,1.0
74892,2.5644848346710205
76199,1.0
40082,1.0
85003,1.0
78284,1.0
39935,1.102096676826477
49752,1.0
37438,1.0
24658,2.27791166305542
18619,1.0
68071,1.0
59558,1.0
100531,1.0
41958,4.679158687591553
84377,1.0
68667,4.1367669105529785
62735,1.4843801259994507
91572,5.0
23388,1.0
63272,1.0
10779,1.0
16726,1.0
62775,1.6034793853759766
80983,1.0
43287,1.6370128393173218
20402,1.0
45814,1.0
46190,1.0
99681,1.0
82755,2.3450818061828613
104863,4.546184062957764
52540,1.0
91661,2.3419225215911865
43140,1.0
6576,1.0
95728,1.371342658996582
76263,2.212794303894043
40108,1.0
86839,1.0
5346,1.0
97669,1.0
15085,1.0
21505,1.0
34716,1.0
27911,1.0
79277,3.301678419113159
47945,1.0
100779,1.0
94047,1.0
55742,2.774066686630249
67748,1.0
52136,1.0
70044,1.6101632118225098
82972,1.0
89767,1.0
202,1.8051388263702393
1340,2.467454671859741
90205,1.0
26901,2.764597177505493
22891,1.0
2414,1.0
32486,1.0
71370,1.0
24104,1.0
96663,1.0
22551,1.0
82016,1.0
74366,1.0
27463,1.9993845224380493
3662,2.5654008388519287
25084,1.0
104484,3.0326828956604004
81892,1.0
93425,1.0
49126,1.0
85823,1.0
32455,1.0
46766,1.0
41419,1.0
52964,1.0
19350,1.0
72647,1.0
70803,1.0
103348,1.0
105967,2.001699447631836
96759,1.0
107368,2.582458257675171
78546,3.0034847259521484
53843,1.0
48804,1.0
105310,1.0
1407,1.1806135177612305
39762,1.0
45658,1.0
30688,1.0
83252,1.0
10722,3.983762502670288
64647,1.0
24771,1.0
71948,1.0
32658,2.6748788356781006
84260,2.0203909873962402
28749,1.0
15511,1.0
71930,3.7618064880371094
79608,1.0
30556,1.0
4780,1.0
6635,1.0
103505,1.0
54544,1.0
101247,1.1937910318374634
24311,1.0
4048,4.297030448913574
16769,1.0
95286,5.0
79959,2.405592441558838
30722,1.5146706104278564
49531,1.0
76772,1.0
103372,1.0
843,1.0
98462,1.3040248155593872
14032,2.0725045204162598
46867,5.0
90131,2.8891847133636475
103828,2.8400137424468994
103956,1.6900492906570435
49894,1.0
56168,1.0
21736,1.0
16783,1.0
79249,1.0
105590,1.0
3396,1.0
29890,1.0
45895,2.1098220348358154
75399,1.0
139,2.7268552780151367
91599,2.735816240310669
91901,1.0
1771,1.0
24460,1.0
93234,1.8311970233917236
67872,1.0
99790,1.0
39528,1.885453462600708
52815,1.0
3307,1.0
30842,1.0
98682,1.0
37415,1.8051064014434814
105958,1.0
48963,1.0
81841,1.0
55978,1.2089879512786865
68756,1.0
55371,1.0
10521,3.371729612350464
28039,1.0
37658,1.0
44068,1.0
22690,1.0
73983,5.0
91086,1.0
18832,1.0
92303,3.8150126934051514
66674,1.0
22441,5.0
150,1.0
105691,5.0
88417,1.0
48808,1.0
97344,1.0
13727,1.613784670829773
18254,1.0
30865,3.0097780227661133
77441,1.0
89224,4.307812690734863
87950,1.0
86807,1.0
92656,1.2114297151565552
77583,1.0
72794,5.0
15311,5.0
40055,1.0
34336,1.9910540580749512
54219,2.4444730281829834
48085,5.0
76207,1.0
24325,3.2907767295837402
36465,1.3865925073623657
44954,1.0
99410,3.4129743576049805
46747,1.0
103319,1.0
16774,1.0
33330,1.0
45207,1.0
38158,1.0
40189,1.325046181678772
93023,2.6615378856658936
10247,1.0
28165,1.0
70067,1.0
3221,1.0
37744,1.0361331701278687
17569,1.0
4369,1.0
63244,4.094328880310059
69246,1.7305030822753906
32066,1.0
19464,1.0
75208,1.0
77537,1.0
93074,2.096893072128296
34347,1.0
33171,1.5641144514083862
25328,1.9202024936676025
15560,1.0
39570,1.0
23699,1.0
56837,2.3797781467437744
106703,1.0
91149,1.0
10495,1.0
62556,1.8092761039733887
34724,1.6161046028137207
46148,1.0
39612,1.0
62182,1.0
106416,1.7614505290985107
38105,1.0
28167,1.0
69601,1.0
54462,1.0
31682,1.032920241355896
25474,1.0
20125,1.0
101695,2.5643439292907715
76585,1.0
31713,1.0
30755,1.0
31804,1.1433846950531006
30032,2.1723837852478027
106603,1.0
31729,1.0
997,1.0
15527,1.0
31418,2.410968542098999
15537,1.0
52531,1.0
100737,1.0
14879,1.0
65099,4.050048351287842
84261,1.0
86631,4.501768112182617
47889,1.0
99395,3.9604408740997314
49758,3.875821352005005
38417,1.2994004487991333
59407,1.0
6207,1.0
974,1.0
48047,1.0
76968,1.7885034084320068
101951,1.0
26889,1.0
10470,1.0
87476,1.0
84008,4.750196933746338
57413,2.056036949157715
31274,1.0
34176,1.0
48178,1.0
19867,1.0
30936,1.0
32566,3.156254768371582
25332,1.0
52645,1.1364526748657227
40716,1.0
620,5.0
101585,1.0
54186,1.0
54494,2.4233720302581787
12812,1.0
64671,2.2470755577087402
93981,1.0
84076,1.0
10796,1.0
78585,1.0
58906,1.0534113645553589
67030,2.0195746421813965
8231,1.0
53947,1.0
24059,1.0
47887,1.0
22201,3.2174503803253174
14382,4.80916690826416
11069,1.0
85640,1.0
36820,1.0
21447,2.877638339996338
84861,1.0
7243,1.0
44325,2.2772390842437744
88193,1.0
77642,1.0
35111,1.0
246,3.8144164085388184
56175,1.0
83691,1.0
88173,1.406083583831787
8381,1.4532932043075562
75604,1.0
85581,1.0054826736450195
54612,1.0
70698,1.0
61882,1.0
69276,3.150418519973755
44441,1.0
59889,1.251025915145874
102390,1.0
5233,1.5460413694381714
77998,1.0
106734,1.172653317451477
22772,1.0
24138,1.0
49317,1.0
101203,3.8971033096313477
21165,1.0
82869,1.0
85624,1.0
18885,1.4991272687911987
38271,1.0
78087,1.0
1222,1.0
71591,1.0
21801,1.0
30087,2.7880704402923584
79708,1.0
77667,1.0
9859,2.1671268939971924
16742,1.0
68692,1.0
89982,1.0
36896,4.061997413635254
102247,1.0
15758,4.195065975189209
25618,1.0
14800,1.0
91487,3.796252727508545
9896,3.1865603923797607
4402,1.0
104492,1.0
73812,1.0
43135,1.0
23292,1.0
89662,2.2996914386749268
15795,1.0
50631,1.599948525428772
73834,1.634974479675293
29283,1.0
97273,1.0
41286,1.0
33927,1.0
37228,1.1370705366134644
71385,1.0
54164,1.6401361227035522
100065,1.8212053775787354
30084,1.0
46464,1.0
21625,1.0
100654,1.1066594123840332
98400,4.640848159790039
9497,1.2740458250045776
17224,1.3806874752044678
38156,1.0
67335,1.506683349609375
90425,1.0
6396,1.0
94085,1.8002506494522095
98947,1.0
7970,1.7334349155426025
97196,1.687563419342041
41315,1.0
15363,1.0
85256,1.0
464,1.0
88574,3.0433013439178467
49033,1.0
16472,1.0
3602,1.0
75147,1.0
86950,2.5510544776916504
81902,2.7727766036987305
28388,1.0
89904,1.0
95966,1.0
82567,2.92006254196167
23413,1.0
36674,1.5362721681594849
100270,2.7294604778289795
20645,1.0
12734,4.309394836425781
10243,1.0
74572,3.290165901184082
107146,1.0
12703,3.361320734024048
81280,1.0
45013,1.0
74090,3.2787203788757324
28797,1.0
7312,1.9433082342147827
101340,1.0
5722,1.0
62590,1.0
37134,1.005553960800171
108381,1.0
14254,1.0
3428,1.0
6823,1.1137349605560303
87786,1.0
104855,1.0
65905,1.0399688482284546
54322,1.0
1271,1.0
48123,5.0
102445,1.5128930807113647
106998,1.0
49833,1.0
50735,1.0
67840,1.0
31924,1.0
39841,1.0
91434,1.0
95257,1.0
87678,1.041412353515625
2557,2.8844923973083496
91729,1.0
14750,3.139226198196411
38223,1.0
48005,3.982097625732422
45798,1.0
8328,1.0
71438,1.8215299844741821
77239,2.5204319953918457
24704,3.809607744216919
86445,1.1450927257537842
16485,1.6587071418762207
84676,4.040172576904297
83553,1.0
88195,2.666710376739502
25215,1.0
44419,1.3419535160064697
78481,1.0
34289,1.0
106947,1.0
77186,3.0113182067871094
2590,1.0
70900,2.204855442047119
63020,1.0
14415,1.0
77810,1.0
100252,1.0
26863,1.0
25054,1.0
65058,3.3504014015197754
76012,1.0
73422,1.0
4357,1.0
22035,4.1108880043029785
60491,1.0
12220,1.0
71282,1.6724342107772827
29175,1.0
51034,4.053717613220215
72069,2.67718768119812
20602,1.195872187614441
79274,1.0
21398,1.0
80948,1.0
3951,1.4043129682540894
2156,1.411138653755188
98447,1.0
43829,1.0
99868,1.0
55057,1.0
89043,1.0
92985,1.0
27002,1.631467580795288
45203,1.0
81931,1.0
18329,1.0
25395,1.0
2616,1.0
33142,1.0
26935,1.0
94311,1.0
37385,1.0
11709,1.0
11784,4.447606563568115
15218,3.424022674560547
94588,5.0
8160,1.0
52749,1.0
26229,4.07681131362915
16418,1.0
18173,1.0
40299,1.0
99358,1.0
33031,3.7095863819122314
13978,2.2231507301330566
74358,1.5412625074386597
20148,1.0
34830,1.0
28527,1.0
92722,1.0
7122,5.0
64597,1.0
18367,1.0
73337,1.0
32560,1.0
59864,1.9443614482879639
40383,1.811170220375061
73740,1.0
45450,1.0
35750,1.0
75357,1.0
26184,1.0
27059,2.8755295276641846
17001,1.0
80970,1.0
3272,1.314375877380371
44443,3.8781168460845947
8564,1.492522954940796
29325,2.6934075355529785
42839,1.0
34206,2.030015230178833
46905,1.0
75420,1.0
16856,1.0
43858,1.0
22099,1.0
48330,1.0
29360,1.0
45868,1.0
11472,1.0
52209,1.0
11424,1.0
73247,1.0
35387,1.3117047548294067
62369,1.0
22637,1.0
54275,3.0148510932922363
21861,1.0
85278,2.2359025478363037
57574,1.0
31,1.0
3332,2.0194783210754395
19775,1.0
90580,1.0
63376,1.4899111986160278
87594,1.0
76840,1.0
27713,1.0
66497,1.0
106472,3.260017156600952
71822,2.1500918865203857
61806,2.03356671333313
22957,1.0
13065,1.0
76948,1.0
76187,1.0
42643,1.0
20543,1.0
14012,3.3748908042907715
16081,1.5453475713729858
85518,1.0
25468,1.0
36204,5.0
37659,1.0
46701,1.0
53777,1.0
46309,1.0
82154,1.0
100548,1.0
1900,2.56341814994812
55340,1.0
32892,1.4471755027770996
6266,1.0
83010,1.0
58548,1.0
7358,2.830575942993164
81293,1.0
69354,1.0
19831,1.0
23062,3.42668080329895
7026,2.098505973815918
90158,5.0
61998,1.0
57088,1.0
68886,1.0
104420,1.0
12045,1.0
106207,1.0
103743,1.0
36472,1.0
24208,1.2090469598770142
17928,1.0
35705,1.0
94503,1.0
22601,1.4194083213806152
102913,1.0
60725,5.0
66481,4.476717472076416
34962,1.2296769618988037
16851,2.9686434268951416
13584,1.0
14666,1.0
25005,3.5241565704345703
65584,2.2400059700012207
38111,1.0
26713,2.7599008083343506
83624,1.0
60476,2.026233434677124
74340,1.242300033569336
18857,5.0
86541,1.0908254384994507
45611,1.0
7441,1.0
47068,1.0231939554214478
31921,1.0
58908,1.0
99827,1.0
27770,1.0
9873,1.8114694356918335
106896,1.0
66464,1.0
8797,5.0
74492,1.0
83643,1.0
60752,1.2784031629562378
28186,1.0
47245,2.3549723625183105
64255,1.0
14804,1.0
10887,1.0
36922,1.0
34598,1.0
39624,1.5969997644424438
32775,1.0
42673,1.0
25637,1.0700147151947021
105893,1.0
75285,2.232017755508423
72348,1.0
65687,5.0
61552,1.0
74127,1.0
10008,1.3778738975524902
3630,1.0
105122,1.0
83314,1.0
40702,1.0
3244,1.3869327306747437
102386,1.0
86505,1.0
48258,1.0
82572,1.0
50980,1.7751919031143188
27903,3.10512113571167
32507,1.0
74715,1.8759746551513672
9885,3.216292142868042
56508,4.215940952301025
9281,1.0
67905,1.8249911069869995
89442,1.0
51435,1.4282335042953491
26242,1.0
23934,1.0
37393,1.0
72119,1.0
81106,1.7392120361328125
19641,1.0
11949,1.0
8618,1.0
107726,1.0
35303,1.0
83658,1.0
82270,1.0
98328,1.0
28282,1.2859902381896973
37668,1.0
59815,1.0
62167,3.6126954555511475
65901,1.0
32951,2.2475903034210205
20508,1.8421140909194946
15231,1.8209431171417236
103515,1.0
78454,1.0
72089,1.0
67263,1.0
90272,5.0
31761,1.0
40210,1.0
94331,1.1044142246246338
27648,1.0
97895,4.561995506286621
104477,1.0
62094,3.5057811737060547
72301,1.2961559295654297
99186,2.4591310024261475
34976,1.0
60938,1.0
43947,1.1636360883712769
20411,1.8857221603393555
51670,1.0
108563,1.0
32233,1.0
92033,1.0
101638,1.4753159284591675
1262,1.543454647064209
72278,1.0
11522,1.0
95981,3.914442539215088
97126,1.0
68449,1.0
53521,1.0
49071,1.0
67358,1.0
79593,1.0
96195,1.0
8656,4.8871750831604
23277,1.0
34584,1.0
57862,1.0
105628,1.0
101461,1.0
27553,1.0
88135,5.0
103432,1.0
87658,1.0
55350,1.0
52619,1.0
27344,1.0
4443,1.0
14388,4.944418907165527
56559,1.0
92876,2.4133641719818115
7132,1.9167773723602295
9673,1.0
68696,1.5044848918914795
83021,1.0
94374,1.0
31582,1.5601921081542969
88873,1.0
35933,1.0
39832,1.217841625213623
97606,1.0
105912,1.0
44737,1.0
67612,1.0
77417,1.0
61449,1.0
30466,1.0
26308,2.5778884887695312
35171,1.0
101349,1.0
55954,2.332794427871704
57462,1.0
52203,1.375135064125061
16423,1.0
83793,1.0
46369,1.0975128412246704
61996,1.413107991218567
39260,1.0
107891,1.8236531019210815
93782,1.0
101114,1.0
86402,1.0
82586,2.1972157955169678
103409,1.0
44200,1.0
49018,1.0
89104,1.0
57505,5.0
30394,1.0
31623,1.0
26073,3.3108322620391846
70560,1.0
31984,2.0160086154937744
8439,1.9050030708312988
59590,1.0
9380,5.0
56003,2.7212917804718018
44117,1.0
66713,1.0
14956,1.0
12969,1.0
106165,1.0
37493,2.842583656311035
18721,1.0
77620,1.985066294670105
72857,1.0
76808,1.0
80018,1.0
38398,1.3378148078918457
17538,1.0
14819,1.3408254384994507
83200,1.0
59052,1.6274604797363281
69023,1.0
1131,1.6272830963134766
67899,1.5638412237167358
6433,2.7562501430511475
11018,4.655788898468018
40678,1.0
84380,3.994020462036133
18582,1.0
5553,1.0
28766,1.0
81157,1.0
70706,1.0
85145,1.0
26325,1.0
59387,4.342313289642334
89131,1.6194721460342407
67253,1.0
94625,1.7085474729537964
7849,1.0
5571,2.9625253677368164
31437,1.2139276266098022
61634,1.0
2291,1.0
1370,1.0
92968,1.0
32912,1.0
89626,2.3141870498657227
19659,1.6285392045974731
49954,1.0
96757,1.0
10686,1.0
20384,1.0
64989,1.0
75062,1.0
92914,1.607900857925415
25638,1.4334319829940796
100930,1.0
33158,1.0808910131454468
8118,1.0
26398,1.0
92292,1.0
63576,1.400323510169983
93646,2.752124071121216
18655,1.0
81473,1.6938691139221191
8428,2.9438111782073975
32754,3.2558858394622803
83413,1.0
97464,1.0
63632,1.0
43512,1.0
70930,3.2283570766448975
35561,1.4267683029174805
24796,1.0
70545,1.0
71878,1.0
50621,3.2320663928985596
82786,1.0300959348678589
101496,1.0
52631,1.0
43127,1.0
73234,1.0
15035,5.0
85355,1.0
99428,1.0
37967,1.0
19705,1.0
48802,3.600123167037964
54782,5.0
52842,3.544860363006592
31691,1.5629042387008667
43497,4.305951118469238
59133,1.0
93065,1.8635437488555908
10522,1.0
74055,1.0
23837,1.0
72460,2.2610135078430176
48635,1.0
16699,1.0
88701,1.0
64388,1.0
66492,2.5934953689575195
66447,3.4854211807250977
60626,1.0
82110,1.09066903591156
4126,1.0
49775,1.0
59528,1.0
97815,2.640655040740967
28415,1.0
10748,1.0
61578,1.891667127609253
82023,1.0
94850,1.0
49510,1.0
95894,1.0
1767,1.0
73438,1.0
66485,4.9917449951171875
61553,1.0
92107,1.0
71528,1.5628297328948975
9169,1.0
80365,1.0
96311,1.2944121360778809
91931,1.0
57346,1.0
43705,1.0
21429,1.0
217,1.0
69790,1.0
5158,1.0
90231,1.0
80498,1.6923952102661133
14220,1.0
43605,1.0
46830,1.059937834739685
78332,5.0
104439,1.0
27397,1.6346852779388428
7066,1.0
51368,1.0
84686,3.1387805938720703
10893,4.162428855895996
72451,3.730577230453491
92669,3.2957801818847656
76869,1.0
74968,1.0
46678,4.951691627502441
34185,1.0
84595,2.2971649169921875
60953,1.0
30948,1.0
24036,2.568108320236206
106854,2.9917643070220947
51985,1.136871576309204
19,1.0
94208,1.0
5598,1.7858625650405884
47428,1.438239336013794
31492,5.0
20463,1.2171447277069092
68231,1.0
57479,1.0
16895,1.0
73576,1.0
76672,1.9899965524673462
67956,1.0
37127,4.146231651306152
92419,1.0
65187,2.4000775814056396
4012,1.0
58798,2.824955463409424
49787,1.0
1904,1.0
28597,1.0
69772,2.9352664947509766
104461,1.8534287214279175
81562,1.0
35039,3.8870294094085693
45957,2.6595962047576904
99468,1.0
3064,1.0
25041,1.0
37402,2.503488540649414
58938,1.0
59368,1.0
57567,1.0
84144,1.690319299697876
21118,1.0
101299,1.0
88917,1.0
107836,1.0
55168,1.0
44992,1.0
13099,2.456019163131714
35632,2.7106711864471436
52884,1.0
86452,1.0
105454,1.0
94970,1.0
84623,1.3878743648529053
67658,1.0
6311,1.13241708278656
101840,1.0
89720,1.9409583806991577
35347,1.0
77700,1.0
69970,1.0
22863,1.055496096611023
66413,1.0
98000,1.0
44035,1.0
90340,1.0
11288,1.0
95447,1.0
64292,1.7693135738372803
26583,2.312504529953003
77219,1.0
102828,3.5933659076690674
80032,1.0869081020355225
31536,1.0
10200,1.0
104258,1.0
81483,2.0932164192199707
33370,1.0
45929,1.0
7712,1.0
62700,1.0
20030,2.713151693344116
78990,1.0
91726,1.0
77397,1.028204083442688
24533,1.0
70097,1.0
54893,3.8473689556121826
23772,5.0
22080,1.0
31887,1.0
33024,1.0
54672,1.0
90514,1.0
83454,5.0
11704,2.1033358573913574
69893,2.4586217403411865
75557,1.5110604763031006
6735,1.0
107217,1.0
43137,1.0
41417,1.0
62030,3.0605180263519287
56916,1.0
74027,1.0
22726,1.0
90623,1.0
37469,1.0
96461,1.4321316480636597
90289,1.0
104500,1.0
31246,1.6800240278244019
41115,1.0
67453,1.0
30467,2.7408320903778076
82873,1.0
62260,1.0
56966,1.0
28510,1.0
43815,1.0
3786,1.0
57736,1.0
54999,1.0
87376,1.0
98630,1.95866858959198
40028,1.0441536903381348
29085,1.0
5189,1.0
71865,1.4139494895935059
24221,1.0
42072,1.0
61045,1.2322465181350708
92528,1.0
70933,1.0
21672,1.0
83539,1.0
22539,1.6750575304031372
98520,1.0
106952,1.0
12753,2.2171823978424072
24553,2.75616455078125
10493,1.965172529220581
51845,1.0
95746,1.0
39576,1.0
27243,3.3135316371917725
88127,1.0
79808,1.0
84757,2.779958486557007
100659,1.0
7843,1.0
6694,1.0
59763,1.0
10551,1.9928762912750244
72780,3.542076587677002
87291,1.0
58152,1.0
85990,1.0
97749,1.0
89304,1.0
100211,1.0
24672,1.0
39409,1.0
80405,1.0
62439,1.0
80747,1.0
48151,2.8236618041992188
100175,3.267265796661377
44798,1.0
77260,1.0
45204,1.0
10348,1.0
27527,2.6565663814544678
24464,1.1418477296829224
101464,1.0
67804,1.9344452619552612
101440,1.0
87377,4.110915660858154
58668,1.0494593381881714
77579,1.0
7672,1.0
16441,4.943177223205566
5160,1.0
97211,1.0
37850,1.0
87679,1.3238383531570435
7926,2.4644501209259033
47701,1.0
44705,1.0
74619,1.0
18531,1.0
96392,5.0
43468,1.0
105095,1.0
103076,1.0
1032,1.0
73122,2.6186020374298096
68134,1.0
81031,1.0
13509,1.0
79644,5.0
91498,1.0
71772,1.0
14317,1.0
12409,2.2142691612243652
40168,1.0
54687,1.0
11254,1.442441463470459
19434,1.0200731754302979
106664,5.0
57106,1.0
50793,4.125590801239014
74985,1.0
2012,1.0
70523,1.8487389087677002
32148,1.0
85863,4.2815375328063965
55912,1.4643648862838745
100903,1.0
48705,2.6284360885620117
78451,1.0
18769,1.0
90715,1.0
52467,1.1510258913040161
102955,2.2630279064178467
67532,5.0
72170,2.157758951187134
18482,1.0
61874,1.0
56314,5.0
85828,1.0
95488,1.0
5874,1.0
65017,1.0
37168,3.977172613143921
64467,1.0
86298,3.0824174880981445
81205,1.0
104976,1.0
23342,1.0
70697,1.0
92014,1.0
3452,1.0
26981,1.0
68430,1.0
72713,1.0
108261,4.798305511474609
98735,1.0
13834,1.0
26343,1.0
59039,1.1094963550567627
56771,1.0
31575,4.611207962036133
6173,1.0
78802,3.0296247005462646
103130,1.0
64232,1.0
26623,1.0
97684,1.0
37471,1.0
16871,1.0
83334,1.0
69196,1.0
80880,4.147148132324219
28966,1.0
6617,1.0
72949,1.0
71046,4.875915050506592
25317,1.0
50409,1.0
107837,1.0
80248,1.6670167446136475
60269,1.0
17849,1.0
13279,2.5455400943756104
22310,5.0
2283,1.0
62120,1.0
84457,3.3596229553222656
74039,3.3903160095214844
102581,1.0
95898,3.3554840087890625
13870,1.0
78373,1.0
53419,1.0
72024,1.2112483978271484
10184,4.944729328155518
17805,1.0
32444,1.0
26612,3.99626088142395
60102,1.527163028717041
29765,1.0
8346,1.0
11169,1.0
8799,1.0945377349853516
6271,1.1151758432388306
60537,1.0
12273,1.3653446435928345
3583,1.0
3817,1.0
62003,1.0
105056,1.6818703413009644
337,2.552051305770874
49239,1.0
66827,1.0
67496,1.0804497003555298
44852,1.0
25094,1.0
74020,3.0905919075012207
71147,1.0
51706,1.5736640691757202
8239,1.0
41929,2.7393620014190674
18147,1.0
23630,3.1685047149658203
45138,2.761110782623291
72660,1.0
37946,4.064023971557617
105179,1.0
93030,2.657691478729248
20947,1.0
17926,1.0
99507,1.0
89300,1.337579369544983
99217,2.9784648418426514
100933,1.5691545009613037
49883,2.0812180042266846
77705,1.0
34309,1.0
51254,1.0
106833,1.0
98256,3.8398778438568115
82186,1.0
60767,1.0
11468,1.9866454601287842
42269,1.0
40656,3.307957410812378
59352,1.2386232614517212
17204,1.0
53404,1.0
27730,1.0
38276,4.072345733642578
12815,1.0
37003,1.0
76834,2.0854713916778564
92216,1.0
94981,1.0
29851,1.0
64049,1.2730324268341064
90791,3.427823066711426
33440,1.0
44361,1.0
72548,1.0
36614,1.755855917930603
44747,1.0
8927,1.0
93565,1.0
21012,1.0
97507,1.509115219116211
89287,1.4108737707138062
23002,1.0
11788,2.0278100967407227
100181,1.0
46329,3.956444263458252
26072,1.0
101063,3.226775646209717
45477,1.1798675060272217
50254,1.0
54467,1.0
105081,1.0
24621,1.0
73243,1.0
74230,1.444907546043396
8102,1.0
45240,1.0
31989,1.6647518873214722
6683,1.0
53381,1.0
75111,1.0
68172,1.2424765825271606
40769,1.0
61032,2.619669198989868
108002,1.0
100250,4.351606845855713
2850,1.9926265478134155
41287,1.0
45879,3.1890363693237305
65764,1.2513322830200195
97820,1.0
47097,1.0
66078,1.7876954078674316
102223,1.0
35055,1.0
29409,1.0
91990,1.0
18985,1.0
41795,3.6779568195343018
77894,2.4149463176727295
82260,1.285653829574585
27573,1.0
86740,1.0
29240,2.5897955894470215
10504,1.4539037942886353
89322,1.0
6209,1.0
50572,1.0
85236,1.0
96363,1.8753662109375
48746,1.1362358331680298
53459,1.0
64336,1.0
103218,1.0
14067,1.0
67001,1.6806578636169434
82948,1.0
54033,1.0
9684,1.6485235691070557
56476,1.0
26315,1.0
63965,1.0
61070,5.0
94397,4.407625675201416
98879,1.0
27291,1.0
4757,1.0
90279,2.151108503341675
4159,1.0
58559,3.0553412437438965
15971,1.7960642576217651
83324,1.0
84755,1.0
75207,2.7070302963256836
35528,1.485463261604309
9451,1.6387959718704224
39734,1.0
98099,1.0
57799,1.0
72414,1.0
96208,2.5132334232330322
67035,1.0
28940,1.0
52324,4.9053449630737305
77522,1.0
43793,1.1550577878952026
93992,1.0
10668,1.0
48008,1.4831379652023315
51493,1.0
33857,1.0
25019,1.0
32018,1.0
56481,1.0
6962,2.443804979324341
19674,1.0
85981,1.0
61338,2.6647913455963135
35364,1.0
62337,3.9891879558563232
36973,1.0
75743,1.0
43442,1.527863621711731
64849,2.7200608253479004
59714,1.0
61419,5.0
17634,1.0
23758,1.0
24373,1.0
85019,1.0
85286,4.331969738006592
17346,4.856995582580566
72564,1.393644094467163
69900,2.745988368988037
17462,1.0
958,1.8112634420394897
78667,1.0
10255,1.0
56629,1.0
57300,1.0
81318,1.0
50857,1.0
107673,5.0
7286,1.0
85654,1.0
27209,1.0
72524,1.0
48102,1.0
94739,1.0
11496,1.0
47114,2.4983177185058594
32799,1.0
48457,1.6601612567901611
52886,1.0
1170,1.0
14760,1.505885362625122
72890,4.7079033851623535
65831,1.0
85476,1.0
77378,1.0
19973,1.0
26483,3.3853580951690674
27581,1.0
77363,1.0
21649,2.3333890438079834
77276,5.0
22691,1.5660197734832764
19695,1.0
36806,1.0
64750,3.6004908084869385
9605,1.0
105223,1.2727739810943604
66090,1.0
107841,2.051285982131958
8059,1.7356637716293335
21347,1.2159957885742188
76344,2.984489679336548
49471,1.0
64874,1.359009861946106
58165,1.0
87318,1.0
28958,1.0
84473,1.3317978382110596
45022,1.0
64608,1.0
9764,1.0
40300,1.0
8345,1.0
51243,1.0
46356,1.0
106925,2.5219316482543945
14792,1.0
44006,1.0
8567,1.0
15926,2.59029483795166
66223,1.0
55380,1.0
60645,1.8213626146316528
90306,1.0
89382,1.0
57141,1.0
60038,1.0
52806,1.0
60298,1.0
69171,1.0
62541,5.0
66470,1.0
74501,1.0
35305,1.0
69157,1.3410544395446777
95223,1.030457615852356
76864,4.966588497161865
51549,1.0
97084,1.0
72961,1.407641053199768
5006,1.0
51110,1.0
9773,1.0
59719,1.0
99397,1.0
31180,2.2740113735198975
41243,2.1540133953094482
62941,1.0
49423,1.0059993267059326
79347,1.989114761352539
81113,1.8732340335845947
83526,1.0
4930,3.2504143714904785
100487,1.0
54455,1.3166272640228271
93084,1.0
86736,1.0
48551,1.120022177696228
62916,1.0
108274,1.0
88384,2.320765733718872
106707,1.0
72434,1.0
69175,1.0
30964,1.0
64941,1.0
14197,1.0
30112,1.0
62727,1.0
88492,1.0
64238,2.792128801345825
16731,1.0
40740,4.426050662994385
65041,1.0
60825,4.031960487365723
74115,1.0
24286,1.6470751762390137
31892,1.0
36004,1.0
9258,1.0
56611,1.0
11812,1.0
59175,1.0
13609,1.0
27958,2.0308432579040527
23640,1.0
76663,1.0
10364,1.4673609733581543
34029,1.0
52849,2.858429431915283
3966,1.0
89755,1.1517525911331177
44099,1.8705990314483643
98130,1.598508596420288
16123,1.0
12011,1.0
86413,3.118845224380493
20531,1.0
92608,2.0822556018829346
65895,4.278289318084717
62953,3.4891812801361084
20205,1.088459849357605
95754,1.0
46693,1.0653660297393799
5231,1.0
43404,1.0123769044876099
95944,1.0
11201,1.0
97076,1.0
83437,1.0
52745,1.0
371,1.0
66245,1.0
28718,1.0
34943,1.0
85120,1.0
43908,1.0
80884,1.0
74799,3.2398672103881836
99981,1.0
72659,1.3414206504821777
90203,1.0
87691,1.0
42004,1.0
61661,1.0
46997,1.0
8213,2.6479363441467285
7037,2.770303964614868
9299,1.0
1328,1.0
64840,1.0
10118,1.0
88228,1.0
40893,3.9689128398895264
72939,2.1757044792175293
104793,1.0
40650,4.257098197937012
85670,2.1173629760742188
19373,1.536107063293457
85617,1.0
50269,1.0
46089,5.0
50744,3.1929397583007812
70455,1.0
31845,1.0
83217,2.242837429046631
12571,2.574904680252075
100744,1.0
80278,1.0
57276,1.1171071529388428
17817,1.0
106268,1.0746675729751587
18366,1.5924363136291504
34591,1.0
13377,1.0
12962,1.0
103457,1.0
34158,1.0
46769,1.0
83331,1.0
17794,3.8825998306274414
72561,1.0
18999,1.0
2912,1.0
56193,3.078218460083008
81786,1.1149380207061768
15276,1.0
48143,1.0
16960,1.0
64277,2.412092924118042
80996,2.580627679824829
49076,1.875382661819458
73175,1.0
97331,2.0247044563293457
92094,1.0
33065,2.647449493408203
39555,2.8002562522888184
77463,1.0
103555,1.0530009269714355
17117,1.0
43579,1.0
17116,1.0
14373,1.0
74692,1.0
37368,4.448333740234375
39925,1.0
71197,1.0
29370,1.663671851158142
10015,1.0
98214,1.0
72651,1.0
14873,1.0
68562,2.1911561489105225
61164,1.0
59337,1.0
16348,1.0
49958,1.999948263168335
79351,1.0
15359,3.304427146911621
101890,1.0
64342,1.0
20199,1.0
15680,2.139977216720581
7322,1.0
73372,1.0
633,1.0
10449,1.0
60024,1.0
61243,1.0
16487,2.2786853313446045
33503,2.1250057220458984
77292,1.0
18008,1.0
53908,1.0
8510,2.072542428970337
80817,1.0
101942,1.0
51696,1.552565336227417
100316,1.0
57761,1.0
74740,1.0
65964,1.0
34949,1.0
41472,1.0
41316,1.0
12503,1.0
79208,1.0
23794,1.0
88270,3.239774703979492
89031,1.0
47422,1.0
82446,1.0
28835,2.0575664043426514
61900,1.0
23992,1.0
32879,1.0
76113,3.5529205799102783
51702,2.5000879764556885
108098,1.0
79008,1.0
63059,1.0
11826,1.0
34200,3.3371803760528564
22459,5.0
101244,2.1526923179626465
17416,4.779351234436035
102174,5.0
62841,1.2174878120422363
10213,1.0
104384,1.0
95665,5.0
79928,1.0
41603,1.0
63628,1.0
56775,1.0
101779,1.0
611,1.0
71031,1.6725900173187256
49490,1.0
73621,1.0
66418,1.0
66736,1.727784276008606
19127,1.0
53986,2.6409542560577393
2061,1.0026158094406128
57156,1.0
83801,1.4094716310501099
22633,1.0
31279,1.0
78588,2.5953927040100098
42555,1.0615887641906738
104497,1.0
37722,1.2219455242156982
67477,1.0
57311,1.0
80001,1.0
26814,5.0
44589,2.0058391094207764
95901,1.0
66816,2.1042397022247314
72026,1.0
36253,1.0
19648,1.8220103979110718
50057,1.0
80685,1.0
24245,1.0
70511,1.0
35903,1.0
35670,1.0
12484,4.163122653961182
73990,1.0
18158,2.7778356075286865
19457,1.0
48288,1.0
94905,1.0
100984,1.0
81091,1.0
13706,1.0
79717,1.0
101038,3.834333658218384
99033,3.607940435409546
86530,1.0
68280,1.0
6445,1.0
102261,1.0
28217,1.0
100172,1.0
30134,1.0
85259,1.0
18445,1.1650996208190918
84173,1.0
49048,1.0
9651,1.246341586112976
32903,4.052411079406738
53757,3.438619613647461
36985,5.0
79920,1.0
100122,3.4431521892547607
106675,1.0
35226,1.0
75599,1.0
92232,1.0
10785,1.0
40287,3.629581928253174
68923,2.9482762813568115
92694,3.084812641143799
104432,2.8419687747955322
80958,1.4250491857528687
58625,2.62815260887146
8649,1.0
97993,1.0
3678,1.0
14050,1.0
106132,1.0
65571,3.8426425457000732
17752,1.0
28149,1.0
28908,1.0
68894,3.378340482711792
72973,1.0818976163864136
103139,1.0
99539,1.0
13074,1.0
70253,1.638993501663208
98545,1.0
108423,1.0
21372,1.0596989393234253
43103,1.2861387729644775
7972,2.9480085372924805
78423,1.0
45045,1.0
97860,1.0
27537,1.0
37936,1.0
22751,1.0
70851,1.0
35788,1.0
2915,2.341932773590088
43549,1.0
18916,1.0
37413,5.0
10275,2.3354010581970215
61028,1.0
77393,1.0
41502,1.0
108380,1.6340590715408325
48049,1.0
35423,1.0
17649,1.0
80520,1.0
43662,1.0
25016,1.0
47411,1.0
16163,1.0
102058,1.0
83001,1.0
49274,3.7591660022735596
15697,1.0
15772,1.7896218299865723
74603,1.0
103454,1.0
34401,1.0
13894,1.0
21249,1.0
84922,1.0
13173,1.0
24369,1.0
24929,1.0
36087,1.6785539388656616
55297,1.4403661489486694
17350,1.0
18047,1.0
6716,1.0
12475,1.0
10864,1.0
69248,1.3295360803604126
51290,1.0
18564,5.0
68378,1.0
92266,1.7188972234725952
63621,1.0
81361,1.0
39031,1.0
37377,1.0
18215,1.0
1094,2.328655481338501
42757,1.2710546255111694
70201,1.0
62767,1.0
65659,1.0
54230,3.2338976860046387
91199,1.0
106205,1.0
12141,1.0
96540,1.0
53598,1.0
9632,1.0219277143478394
55159,3.0417683124542236
35585,1.0
22436,4.324668884277344
4983,5.0
75274,1.6441479921340942
103746,1.0
38835,1.0
41495,1.0
74283,3.8641397953033447
28098,2.2010724544525146
7252,1.0
78307,3.0028393268585205
92075,1.0
8084,1.0
87702,1.0
61401,1.0
30389,1.0
72150,1.8168970346450806
87778,1.0
1088,4.313391208648682
2313,1.4465281963348389
59383,1.0
33881,1.0
26488,1.0
44971,1.0
3651,2.124246835708618
86883,1.0
43107,1.0
80000,1.0
76722,1.0
72774,1.0
82188,1.0
30476,1.0
46093,1.0
96336,1.0
34720,1.0
23191,1.4947079420089722
91849,1.0
26166,1.0
102305,1.1257588863372803
92678,1.0
43395,1.877074956893921
82098,1.3482128381729126
55945,1.0
55394,2.660726547241211
96290,1.0
103480,1.816115379333496
98272,1.0
58774,1.0
5197,1.1698576211929321
3572,1.9741628170013428
4302,1.0
96342,1.0
45106,1.0
76676,1.0
69337,1.0
12443,2.3721160888671875
39879,2.4653406143188477
48275,4.524822235107422
6733,1.0
6928,1.0
100375,1.0
92760,1.137533187866211
39001,1.0
22971,1.5426607131958008
18961,4.547144889831543
60442,1.0
55484,1.0
48528,1.0
72506,1.0
55680,1.0
12442,1.0
8045,1.0
24633,1.0
79162,3.125220537185669
33077,1.0
48228,1.0
79509,1.7269231081008911
30794,1.0
5168,1.0
96578,2.945455551147461
57535,1.0
9252,1.0
9738,1.0
49569,1.0
91222,1.0
75864,1.0
18454,1.0
85465,1.0
70304,1.0
5578,3.1073997020721436
11182,3.0877509117126465
33183,1.0
33609,3.6776342391967773
64847,1.0
106067,1.0
27044,1.0
47851,2.9628636837005615
40708,1.0
81726,2.348804473876953
91348,1.0
71038,1.0
46722,1.0
100731,1.0
70610,4.688230514526367
15970,3.8132107257843018
45055,1.0
2872,3.384141206741333
82648,1.0
103226,1.0
84171,1.0
24320,1.0
11202,1.0
3358,1.0
81081,1.0
3629,1.0
92524,1.0
63898,1.0
24604,1.6244885921478271
55808,1.0
54986,1.3035390377044678
96379,4.594492435455322
18208,1.0
65389,1.0
38764,1.0
15955,2.142285108566284
90132,2.9200899600982666
66369,1.0
33066,3.0162577629089355
76698,2.5395593643188477
50031,1.0
105425,1.0
42201,1.0
67341,1.0
5619,1.0
20397,1.0
100787,1.0
54548,1.0
103273,1.0
80715,1.0
1961,1.0
48245,1.0
57224,1.0
45714,2.314995527267456
44187,1.0
15317,1.0
51800,1.5883924961090088
80738,1.0
76109,1.0
7613,1.0
34237,1.0
83078,1.0
31271,1.4649021625518799
200,1.0
70842,1.1347870826721191
108084,1.0
57316,1.0
80324,1.1142578125
10610,2.767667531967163
17489,1.0
52737,1.0
22474,1.0
23184,1.0
72728,1.0
28639,1.0
15469,1.0
1341,1.0
93943,1.9362554550170898
12733,1.0
93302,1.5033953189849854
68998,1.0
61184,1.0
52141,1.0
48430,1.0
77361,1.0
40100,3.1856932640075684
74420,1.0
3170,1.0
106692,2.0329701900482178
11532,1.4474684000015259
96489,1.0
63041,1.0
39043,1.0
108085,1.0
89690,2.0059008598327637
89313,1.0
49116,1.0
69183,1.0
92689,1.0
104635,1.0
78347,4.677558422088623
32269,1.0
47693,1.0
94661,1.0
57926,1.0
34792,1.0
85112,1.0
58886,1.0
45708,1.0
104619,1.0
36994,1.0
60592,1.1716296672821045
23820,5.0
1217,1.0
106668,1.0
48579,1.0
19561,1.0
13402,1.0
61569,1.0
81485,1.0
45099,1.0409671068191528
23823,1.9260287284851074
64801,1.0
89800,2.267167568206787
72115,1.0
24156,1.0
61363,1.0
8314,1.0
49851,1.536693811416626
27458,1.0
26140,1.0
75492,2.9930267333984375
103635,2.3268189430236816
108234,1.9314571619033813
51513,1.2841471433639526
22953,1.0
35076,1.4931846857070923
64483,1.0
36518,3.5913631916046143
78903,1.0
105749,1.0
72837,1.0
79698,1.0
107576,1.0
8544,4.926669597625732
76336,1.0
55134,4.010796546936035
34846,4.201686859130859
52836,2.2521073818206787
26847,1.0
46034,1.0
12620,4.397909641265869
42530,1.0
392,1.0
56309,3.625889778137207
71487,1.0
84160,1.0
30027,1.0
52676,1.0
79531,3.65187406539917
10239,1.0
51617,2.108001232147217
88696,1.0
64481,1.0
52556,1.0
74148,3.5674445629119873
108464,1.0
5110,1.0
19836,1.0987913608551025
56606,2.0133750438690186
33000,1.561745047569275
49560,1.0
91187,1.0
56266,1.0619757175445557
61259,1.041526198387146
7522,1.0
43881,1.0
95104,1.0
44817,4.028099536895752
60879,1.0
24289,1.0851560831069946
39810,1.0
41564,2.123908042907715
99200,1.0
52961,3.5330162048339844
104038,1.0
55946,1.0
15530,1.0
18801,1.0034979581832886
35973,1.0
49250,4.530856132507324
70091,5.0
55073,1.0
68675,1.0
1749,4.942006587982178
8330,5.0
90109,1.0
54437,1.0
87586,1.0
12690,2.1982247829437256
56828,1.0
87073,1.0
80058,1.0
95400,1.3828989267349243
76730,1.0
25838,3.6908631324768066
95436,1.0
100865,2.7736406326293945
59573,2.473191976547241
93129,1.0
66376,2.657602548599243
22149,1.0473989248275757
47592,1.0
76404,2.249638795852661
15799,1.0
71619,4.352076053619385
22188,1.0
51945,5.0
78326,3.7180724143981934
83989,1.0
89133,1.0
77742,1.0
62954,1.5851789712905884
95113,1.0
63961,1.0
30420,2.8990206718444824
30786,1.0
36481,1.0
3476,1.0
73020,1.2742153406143188
48014,1.0
105381,1.0
82099,1.0
81299,1.0
44379,1.0
69219,1.0
74513,2.946681022644043
5324,1.0
6787,1.8448340892791748
52096,1.0
39009,2.4009459018707275
43640,1.0
100972,1.0
31914,1.581305980682373
13915,1.0
9082,2.730290651321411
14766,3.120486259460449
24147,1.7891899347305298
87193,1.0
1634,1.0
19934,1.0
2853,1.0
79406,1.0
24383,3.067896842956543
108394,1.0
10360,1.0
12268,1.0
17567,1.0
46848,1.0
19159,1.0
45406,1.0
105023,1.0
104670,1.0
36952,4.12322473526001
92638,1.0
88434,4.5796074867248535
17875,3.1034324169158936
86397,1.0
29560,1.0
80282,1.7964626550674438
51200,1.0
70683,1.0
90292,1.9151884317398071
58764,1.0
46192,1.1326637268066406
97491,1.0
57472,1.61043381690979
101321,2.833209753036499
46706,5.0
79641,1.0
85349,1.1472963094711304
12276,3.0536625385284424
72924,3.7455034255981445
26465,1.0
52494,1.0
101702,2.0352513790130615
75774,1.0
30668,1.0
61773,1.0
107487,1.0
42763,1.0
87226,1.0
107983,1.0
96082,1.0
40572,1.0
45960,2.8683016300201416
99732,1.0
15704,1.0
29739,1.0
71969,2.7676851749420166
79434,1.0
24386,2.4585845470428467
82271,4.398525714874268
16481,1.0
21172,1.0
45886,1.0
32986,1.0
70895,1.0
45802,1.0
63039,2.5555713176727295
57305,1.0
76416,1.0
96726,1.0
11586,1.0
94414,1.0
51667,1.0
102408,2.4060885906219482
52066,1.0
106274,1.0
97582,1.0
90894,1.0
81010,1.0
17055,4.428055286407471
29606,1.0
8404,2.8636741638183594
12474,2.5487585067749023
93711,1.869930386543274
6732,1.0
18151,2.0577681064605713
80795,1.0
53235,1.6414676904678345
37537,1.0
36161,1.0
43524,1.5992584228515625
45739,1.0
70405,1.0
13806,1.0
61622,1.0
43174,1.0
35123,1.4002785682678223
100507,1.0
63057,1.0
64266,3.0129127502441406
26304,1.0
88562,1.0
99801,1.0
12365,1.26582670211792
6703,1.7135720252990723
103012,1.475451111793518
21351,1.0
66133,1.0
48890,1.0
104636,1.3236429691314697
52770,1.4214465618133545
13836,1.0
84650,1.0
8792,1.0
90908,1.0
80503,1.1860815286636353
26435,1.0
2751,1.3040915727615356
85539,1.0
21915,1.0
16062,1.0
27182,1.0
64622,1.0
107346,1.0
83420,1.0
99371,1.0
89728,1.0
66765,1.0
69056,1.0
70994,1.1954635381698608
62599,1.0
21709,1.0
95428,2.744441032409668
20059,5.0
73821,1.0
40430,1.4257386922836304
100532,1.0
60917,3.080650806427002
35664,4.5635199546813965
33929,1.0
44088,1.0
48247,1.0
82379,1.0
14204,1.0
47968,1.0
94096,1.0
103261,1.0
14777,1.0
34070,1.0
31315,1.4221268892288208
96339,1.0
104532,1.0
64495,1.6679325103759766
49065,1.0
51728,1.0
45140,1.0
28003,1.2149543762207031
97406,1.0
28448,2.548258066177368
42874,1.0
7618,1.0
78771,1.0
74873,1.0
97538,1.0
43655,1.0
4010,1.0
23619,1.0
101011,1.0
27298,1.0
45892,1.5009065866470337
73582,1.0
14117,2.715574026107788
94111,2.047755718231201
35736,1.0
54077,2.711620807647705
31540,1.0
75102,1.0
104333,1.8948438167572021
49486,1.0
21980,1.2734904289245605
65203,1.0
36062,1.0
80664,1.0
24038,1.0
108406,5.0
68487,1.0
6058,1.0
58523,1.0
70903,1.0
47292,4.855995178222656
107997,1.0
33352,2.9533298015594482
28800,1.0
10069,1.0
6936,1.0
26359,1.0
45593,1.0
88137,1.0
21780,1.0
68953,1.0
52175,4.439709186553955
46584,2.359506130218506
33467,1.0
4174,2.5603318214416504
62195,1.6437768936157227
55000,3.417048692703247
66431,1.0
39825,1.8008904457092285
31721,2.0682642459869385
87661,4.017704010009766
30031,1.0
8740,3.336913585662842
46629,2.426851749420166
94993,1.0
105578,1.0
50647,5.0
81376,1.0
63010,1.0
86122,1.0
74731,1.5574913024902344
63485,3.1927311420440674
19018,1.0
65794,1.256457805633545
27698,1.0
100150,2.0862877368927
67721,1.0
19741,1.0
62681,1.0
14504,1.0
79442,1.0
61266,3.396054983139038
61113,1.0
32266,2.0695297718048096
44545,1.0
105806,1.0
34614,1.0
48547,1.0
4444,1.0
52387,1.0
42084,1.0
80142,1.0
19363,1.0
26164,3.6556007862091064
44946,1.0
4345,1.0
6405,1.0418028831481934
66300,1.0
36735,1.0
82852,1.0
104876,1.4160418510437012
27198,1.0
2782,1.0
73032,4.6859893798828125
45108,1.5506731271743774
38627,1.0
66328,1.0
53577,1.0
37117,5.0
66815,3.920109987258911
12448,1.0
84963,2.237386465072632
10553,1.0
56160,1.0
101778,2.9239752292633057
35796,1.0
3564,2.464043617248535
11600,1.0
23204,1.0
19975,1.3387895822525024
82573,1.0
103935,1.0
32574,1.0
25764,5.0
76059,1.0
71032,5.0
90464,2.9182772636413574
4499,4.329221248626709
80969,1.0
24527,1.0
106058,3.59291410446167
39464,1.4650319814682007
36539,1.0
3754,1.5032556056976318
55859,1.0
16922,3.9163784980773926
31324,1.0
63464,1.0
31807,1.0
39032,1.0
96287,1.0
40235,1.0
85560,1.0
32718,2.13535213470459
57836,1.0
105547,4.058786392211914
77315,1.0
88970,1.0
8594,2.254683017730713
80166,1.2662338018417358
36620,1.0
69015,1.0
7742,1.0
21667,3.8515141010284424
82663,1.0
37929,3.9182002544403076
64304,1.0
90853,1.0
6845,1.0
940,2.4633612632751465
61940,2.8008430004119873
41290,2.53495717048645
64143,2.8990774154663086
50250,1.0
81621,1.0
18253,3.5889980792999268
61528,1.0
86187,1.0
55629,4.787161827087402
67044,1.0
57881,1.0
58847,1.0
1390,1.0
11318,1.0
38767,1.0
96197,1.0
2732,1.0145316123962402
40241,2.860013484954834
64071,1.0
98264,2.6846566200256348
102744,1.2040095329284668
92054,1.0
22570,1.0
98889,1.2792929410934448
44966,1.0
82781,1.0
100715,1.0
7307,1.0
99472,1.0
73613,1.0
99972,1.0
62116,1.0
75894,1.0
104347,1.0
63186,1.498413324356079
13303,2.3619987964630127
79947,4.096158981323242
67112,1.0
89979,1.0
12008,1.431457757949829
37262,1.0
1672,1.0
66763,1.0
87899,5.0
82040,1.0
65190,1.0
104251,1.0
92060,1.0
57930,1.0
80806,1.0
82229,1.0
48628,3.2608301639556885
46572,1.7124018669128418
105705,1.0
97656,1.0
27942,2.0984911918640137
55412,5.0
53075,1.0
106886,1.0
1528,1.0
59228,1.0
69336,1.0
35003,1.0
99041,1.0
12416,1.0
69750,1.0
26406,1.0
55587,2.283123254776001
48588,1.0
64253,1.0
565,1.0
68228,4.658139705657959
22252,1.0
85588,1.1076405048370361
65755,1.0
17714,1.0
16683,1.0
15613,1.0
62095,1.0
419,1.0
101688,1.5671145915985107
23159,1.812909483909607
50891,1.0
20577,1.0
68499,1.0
15564,1.0
16897,1.0
17247,2.2100601196289062
37105,1.0
41127,1.0
97554,1.0
382,1.0
90175,1.0
81232,4.686056137084961
19111,1.0
22567,1.0
106175,1.0
30122,1.0
16217,1.0
72562,1.0
91996,1.0
73459,1.4421371221542358
19092,1.5766600370407104
73468,1.0
88969,2.9557950496673584
80100,1.0
10346,1.0
51177,1.0
36928,1.0
48524,1.978639006614685
49019,1.0
42594,1.0
40735,1.0
50711,1.0
18686,1.4364475011825562
16714,3.239863395690918
35993,1.0
3001,2.0037853717803955
87933,2.652796506881714
89758,4.861053943634033
91365,1.546510100364685
88644,1.0
34470,1.4382747411727905
95826,1.0
78613,1.0
13003,1.0
65750,3.1158947944641113
18264,1.0
79640,1.0
83636,1.0
18812,1.0
57980,1.0
97210,1.0
83003,1.0
81424,1.0
64765,1.0
28126,1.0
76181,3.1264591217041016
53574,1.0
91002,1.0
39929,1.0982656478881836
3162,2.5826282501220703
98015,1.2892783880233765
30216,1.0
1881,1.0
45265,1.0
93522,2.9039254188537598
63974,1.5598758459091187
68126,1.0
40159,4.467102527618408
990,1.0
67039,1.4196239709854126
50898,1.0
48036,1.0
102285,1.2991853952407837
51755,5.0
54343,2.051276206970215
87828,1.9277048110961914
12968,1.0
75669,1.0
24951,1.0
45456,1.0
48082,3.0621564388275146
19197,1.0
79318,1.5287394523620605
59806,1.1208429336547852
23827,2.405696392059326
94868,5.0
99327,1.0
86316,1.0
6156,1.5497751235961914
23058,1.0
65519,1.0
86465,1.639021635055542
43292,1.0
69280,4.512452602386475
3902,1.0
103838,1.0
19073,1.0
80515,1.0
6468,1.0
82130,1.0
63321,1.1829495429992676
54056,3.393301248550415
73327,1.0
71935,1.505492925643921
73093,1.0
29923,1.0500444173812866
99032,1.0
22703,1.538262963294983
84270,1.0
64657,2.0274839401245117
56836,1.2259535789489746
91712,1.0
20712,1.0
33241,2.72394061088562
92799,1.0
39371,1.0
61454,1.0
34998,1.0
57963,1.0
52275,2.4019339084625244
14496,1.0
101482,1.0
29600,1.0
98250,1.0
7365,1.0
73691,1.0
14485,1.0
78814,4.962512493133545
17919,1.2923414707183838
1609,1.718926191329956
31151,1.0
29125,1.0
5937,1.0
10002,1.0
87595,1.0
22462,4.872116565704346
19327,1.0
20078,1.0
21763,1.0
78478,1.0
40998,1.0
92829,1.0
13098,1.0
42471,1.0
23885,1.0
103519,1.0
15009,3.3491029739379883
10799,1.0
16631,1.0
40676,1.0
68551,1.7298550605773926
50761,1.0
27050,1.0
102700,2.2629151344299316
6607,1.0
80668,1.0
20662,1.0
26904,1.0
14013,1.0
44636,1.0
11540,1.0
101887,1.214403748512268
86249,1.0
102782,1.0
46270,3.589423179626465
85315,1.0
13077,1.0
23691,2.5170459747314453
14781,1.0
66998,1.0
23771,1.0885801315307617
17879,1.0
15606,1.0
9189,1.0
7042,1.0
55524,1.0
104278,1.0
43083,3.85437273979187
63675,1.667771816253662
61892,1.0
8170,4.458641529083252
11708,1.0
56316,2.5968053340911865
83387,1.0
27353,1.0
23180,2.950173854827881
38457,1.944014549255371
65858,1.0
5251,1.0
103988,1.0
100789,1.0
34529,1.0
97743,2.7676053047180176
45336,1.5757031440734863
49528,1.0
10509,1.0
65738,1.324097990989685
26137,1.1258995532989502
6759,1.0
22900,1.460074782371521
35280,1.0
105150,1.0
98306,1.9052470922470093
96541,1.0
19415,1.0
40972,1.0
56500,1.0
35541,1.0
86139,1.0
10662,1.290881633758545
51064,1.0
23752,1.0
36199,1.0
81351,1.0
14202,1.3707234859466553
83925,1.0
31859,1.184374451637268
12588,1.0
22008,1.0
105455,1.0
8673,1.7491787672042847
102129,3.9995245933532715
73158,1.0
30587,1.0
55266,1.0
11163,1.0
9887,1.3748630285263062
72653,1.0
96950,1.0
94471,1.0
80873,5.0
84714,1.0
101987,4.267553329467773
69028,2.764402151107788
66053,1.0
54166,1.0
73483,1.0
38639,1.0
25279,2.4099247455596924
88428,1.0
65704,1.0
16824,1.0
82559,5.0
21643,1.0
78610,1.0
103860,1.748272180557251
34612,1.9320622682571411
82795,3.0976219177246094
42081,1.0
86236,1.0
60606,1.0
52101,1.0
7143,1.0
20965,4.241127014160156
49097,3.3111813068389893
74085,1.0
65290,1.0
49869,1.1496821641921997
104118,1.0
54884,2.098250389099121
27862,1.0
28504,5.0
90732,1.0
2232,5.0
17006,1.0
20451,1.0
102601,1.0
38933,1.0
78060,1.0
1633,1.0
79026,1.0
38500,1.0
80400,1.0
59882,1.480303406715393
79785,1.0
33394,1.0
97982,1.0
12337,5.0
23415,4.427521228790283
4428,1.0
61255,1.1420350074768066
69712,3.725982666015625
60720,1.0
69533,3.3730788230895996
88611,1.0
38665,1.0
39962,1.0
97158,1.0
22646,1.2860504388809204
14033,1.0
102196,1.0
96964,1.0
99388,1.0
45541,1.0
15958,1.0
103509,1.0
77455,1.2148511409759521
30846,1.0
6645,1.0
13639,1.8192472457885742
78457,4.291015148162842
36794,1.9786077737808228
81887,1.0
106134,1.0
42756,2.384528875350952
68698,2.2203071117401123
73161,1.594868540763855
54688,1.0
677,4.437880992889404
4343,1.0
84253,1.0
23773,2.112013101577759
39721,2.1977474689483643
45905,1.3705167770385742
90574,1.0
47033,1.0
87107,1.0
40637,1.0
10424,1.940185785293579
50682,2.3824656009674072
25921,1.0
69425,1.0
4981,1.0
79473,1.0
75303,1.0
55195,5.0
10745,1.0
72428,1.0
107439,1.0
92400,1.0
3022,1.0
77151,1.9887140989303589
86492,1.0
27006,1.0
7324,1.3213672637939453
61130,1.0
1394,1.0
60083,1.0
86341,1.0
48897,1.0
10876,1.0
68154,2.02466082572937
17415,4.420993328094482
66244,3.2084763050079346
88064,1.0
63243,1.0
44397,3.268911600112915
23941,1.0
19824,1.8818466663360596
57928,1.0
106342,1.0
51522,1.0
5965,1.473009467124939
58441,1.0
57410,1.0
93380,1.0
108403,1.0
73781,5.0
102763,1.0
34460,1.0
68260,1.0
51922,2.6483023166656494
81765,1.0
54732,1.0
37433,3.236111640930176
95911,1.0
101050,1.0
66171,1.0
97435,1.0
107940,1.0
4641,1.89457368850708
37918,1.0
69482,5.0
39198,1.0
8701,1.6304774284362793
61106,1.0
35573,1.0
85150,1.0
85884,1.534796953201294
89123,1.0
27490,1.0
11187,1.0
85063,4.616344928741455
107651,1.0
83647,3.315723180770874
86304,1.0
28209,1.0
93980,1.0
25030,1.0
77136,1.0
78068,1.0
54043,1.0
95362,1.0
15041,3.2850005626678467
691,1.0
100125,1.0
71787,1.0
46281,5.0
90734,1.1591938734054565
90156,1.0
54380,3.4012837409973145
61482,1.0
71324,1.0
42699,1.0
7397,1.0
62352,2.096839427947998
81536,1.0
79084,2.8968629837036133
10120,3.7392168045043945
42186,1.0
32572,1.0
9170,1.0
24886,1.0
68773,1.0
13465,1.0
9173,1.0
62635,1.0
61509,1.0
76537,1.536410927772522
39619,2.310917377471924
19758,1.0
28808,1.0
87862,1.0
16278,1.8646018505096436
22214,1.9890602827072144
69208,1.0
63483,1.0
107472,1.0
81535,1.0
21889,1.0
7984,2.8375425338745117
21225,1.0
9357,3.1639959812164307
24721,1.0
14418,1.0
31289,1.0
49120,1.0
90590,2.2671916484832764
82485,1.987923264503479
48399,1.0
41819,1.2056224346160889
53103,1.0363037586212158
93899,1.0
69860,1.0
1663,2.010402202606201
30241,1.0
79128,1.0
88504,1.0
36647,4.119222164154053
55783,4.45388650894165
12341,1.0
56386,3.792572498321533
70627,1.0
88244,1.0
87986,2.6306867599487305
89940,1.0
99380,1.0
96703,1.0
84462,1.0
26052,1.0
58456,4.119907855987549
5496,1.0
32822,1.0
61148,1.0
23324,1.0
3795,1.0
82275,1.0
81907,1.0
6431,1.0
52740,2.3838422298431396
106835,1.6228785514831543
25400,1.0
88838,1.0
51586,2.6793105602264404
87116,1.0
89934,1.6501210927963257
70104,1.0
44479,4.469503879547119
59940,1.0
87368,1.0
62012,1.0
31904,1.0
4668,1.9153568744659424
81428,5.0
68556,1.0
61039,1.5284538269042969
83088,1.0
80944,1.0
19093,1.0
47391,1.0
91747,1.0
107274,1.0
86784,1.0
107614,1.0
11588,1.0
1185,3.1259841918945312
27454,1.0
1122,1.8734164237976074
4607,1.0
6295,2.5120651721954346
58393,1.0
37024,1.5716831684112549
91081,1.0
75887,1.0
56590,1.0359435081481934
15909,1.0
98202,5.0
28035,1.0
22825,1.0
77370,1.0
88558,1.0
85574,1.0
487,1.0
36219,1.0
45172,3.3585479259490967
29279,1.3659629821777344
26650,1.0
31121,1.9176928997039795
102703,4.361909866333008
25322,1.0
91676,1.0
23824,3.316812515258789
91369,1.0
107431,1.0
21785,1.2196415662765503
70200,1.0960838794708252
40424,1.0
67874,1.0
55419,1.9383080005645752
103902,1.0
8890,1.0
4017,1.8151118755340576
51767,1.0
80767,1.0
4460,1.6852834224700928
5285,3.9868109226226807
35393,1.0
87260,2.4337401390075684
64723,1.0
37306,1.0
22619,1.0
105762,1.0
59216,3.221191644668579
54845,1.0
43383,3.372572660446167
64416,1.0
70077,1.0
4527,1.5791486501693726
80686,1.1475082635879517
6867,4.084603309631348
14632,1.0
52987,1.0
62911,1.0
45036,1.0
32417,3.6912567615509033
19416,1.0
654,1.0
20832,2.582448959350586
6025,1.0
87467,1.577408790588379
26573,1.0
15866,1.0
51143,1.0
65295,1.0
83998,1.0
63133,1.0
11108,1.0
52293,1.0
53085,1.0
74083,3.8638055324554443
31348,1.0
98373,1.0
43200,1.4182331562042236
98842,1.0
46502,4.901436805725098
58518,1.0
96913,1.0
88725,1.0
1029,1.7539011240005493
57404,1.0
63154,3.707686185836792
79952,1.0
55213,1.0
57722,3.9916837215423584
19575,1.0
29571,1.0
67016,1.5760657787322998
59681,2.253734827041626
52240,1.0
10647,2.7189407348632812
60697,1.0
41985,1.0
96778,1.0
96301,1.0
55921,1.0
81089,1.0
71350,3.936228036880493
63616,1.0
98921,1.0
101500,3.3586015701293945
81388,2.2691917419433594
6693,1.0
70592,1.0
95889,5.0
50614,1.0
34580,2.797987461090088
101190,1.0
80429,4.24938440322876
73348,5.0
37448,1.0
80542,1.0
53946,1.0
100813,1.9916588068008423
99283,3.0869572162628174
45600,1.0
27637,2.541553497314453
99696,1.0
58139,1.0
74529,1.0
63626,1.0
100426,2.5663187503814697
16108,1.0
17407,2.729553461074829
67784,1.0
58420,2.3726630210876465
71163,1.0
16050,1.0
72901,1.0
56433,1.0
9918,2.439502716064453
63100,1.0
13627,2.2587289810180664
87408,1.0
100755,1.228925108909607
88944,3.392920732498169
16411,1.0
86197,2.78533935546875
23436,1.0
62950,1.0
94309,1.0
56123,1.0
21289,1.2606719732284546
97088,5.0
3053,1.0
71544,1.0
29576,2.4118144512176514
34233,1.0
69542,1.0
31238,1.0
99922,1.903037428855896
87090,1.0
63737,1.0
98674,1.2684212923049927
65884,2.9688491821289062
47792,1.726022481918335
77228,1.0
58278,1.0
53876,2.25767183303833
46242,1.0
66350,1.0
38720,1.0
98056,1.0
73444,1.0
43911,1.0
63681,1.0
80578,1.0
72178,1.0
31696,1.0
102657,1.0
77483,1.0
10284,1.0
25815,1.0
30596,1.0
45933,2.9349353313446045
57136,1.0
24873,2.458705425262451
98693,1.0
64661,1.0
22283,2.010277032852173
46133,1.0
71877,2.067366361618042
106660,1.0
19760,1.0
39759,1.0
50493,1.0
1746,1.0
40075,1.5354864597320557
34097,1.0
25962,1.0
69959,1.0
42276,1.0
105130,1.0
80781,1.0
16802,1.8719934225082397
74378,1.605398416519165
94658,1.0
103188,1.2891449928283691
25487,1.0
4202,1.0
29025,1.0
75912,1.0
88569,1.0
81515,1.2227321863174438
25148,1.0
19422,3.9941327571868896
21635,1.0
47635,2.4242992401123047
37754,1.0
53964,1.0
58481,1.0
70695,1.0
88764,1.60962975025177
31836,1.0
93078,1.0
22081,1.0
35021,1.0
44760,1.0
86351,1.0
74842,1.0
67769,1.0
32125,1.0
29182,2.160320520401001
5088,5.0
24546,1.0
43813,1.0
76855,1.0
9097,1.0
36249,5.0
34980,1.0
28410,2.1965997219085693
34382,1.0
2306,1.0
92817,1.0
104136,1.0
15184,1.0
56662,5.0
60444,2.1851375102996826
13480,1.0
46286,1.0
76307,5.0
72617,1.0
46844,5.0
21387,1.0
75076,3.2185513973236084
52551,3.133225202560425
67262,1.6078433990478516
26226,1.0
28933,1.0
6408,1.0
35335,1.0
39937,1.0
106098,1.0
78436,1.0
55785,4.689877033233643
48792,1.0
28693,1.0
106097,1.0
73183,1.9847795963287354
44772,1.0
95492,3.613041639328003
38770,1.0
36563,1.7364026308059692
90532,3.1995251178741455
72856,5.0
72776,1.0
48566,1.0
36296,1.0
33473,1.626721739768982
42305,1.0
13607,1.0
25759,1.0
33192,1.0
30526,1.0
49652,1.0
34676,1.8761399984359741
55319,1.0
40559,1.0
50411,2.5908350944519043
84619,1.6270496845245361
19072,1.0
48852,2.216222047805786
46071,2.047992706298828
36133,1.0
54299,1.0
84772,5.0
25931,1.0
26066,2.0500290393829346
72663,1.0
94695,1.0
26768,1.0
69934,1.0
21479,3.8626580238342285
51338,3.04825496673584
48938,1.0
92490,2.6719088554382324
35394,1.2464443445205688
47100,3.678032159805298
42473,4.5433669090271
33242,2.1500418186187744
93232,1.0
63339,1.0
30861,1.0
79671,1.0
37597,1.0
102047,1.0
44816,1.2636699676513672
7232,1.0
39863,1.0
97942,1.0
9270,1.0
55980,1.0
72122,1.0
55614,1.0
24263,1.0
19720,1.4830379486083984
43415,1.0
89537,2.302170991897583
54466,1.0
23412,1.0
94936,2.3146026134490967
33674,2.4767873287200928
21128,1.0
59454,1.0
78438,1.608906865119934
63441,1.0
6954,1.0
63196,1.0
38802,1.0
45988,1.0
71833,1.0
107731,1.0
16904,1.0
74352,1.0
15611,1.0
36077,1.0
5295,1.0
33553,1.0
198,1.0
41247,1.0
62548,1.091945767402649
63290,1.0
77074,1.0
73399,1.0
19875,1.0
6840,1.0
20442,1.009459137916565
44285,1.0
62113,1.0
26799,1.0
88143,1.0
54356,1.0
23323,1.0
26978,1.0
93859,1.0
74394,1.0
68938,4.750367164611816
74908,1.0
45306,2.4059674739837646
14542,1.0
7952,1.0
16374,3.593020439147949
34253,1.0
58876,1.0
37629,3.0373406410217285
86798,5.0
67945,1.0
101708,1.0
26606,1.5675764083862305
22341,1.2663071155548096
15516,1.0
12179,1.6189100742340088
54600,2.5600385665893555
25413,1.0
2514,1.0
33056,2.361549139022827
51364,1.1176753044128418
79091,3.2584316730499268
20168,1.0
35398,1.0
33324,1.0
96608,1.593700647354126
47937,1.0
48956,1.0
19136,1.0
20938,1.0
27172,1.0
50464,2.7860076427459717
85570,1.0
67231,2.3890953063964844
73629,1.0
57108,1.0
916,1.0
15318,1.0
79422,1.0
69640,2.5049965381622314
97806,1.0
65494,1.0
54394,1.0
100993,1.0
90092,1.0
69044,1.0
91165,1.0
77527,1.0
89695,1.0
27466,1.0
43759,1.0
24624,4.549703598022461
96865,1.0
101797,1.0
11281,1.0
771,1.0
59933,1.0
60372,1.0
101710,3.431859254837036
45082,1.0
57758,1.0
93794,1.0
79313,3.196289539337158
68397,1.3594162464141846
7940,1.0
90538,1.0
9256,1.0
96180,1.0
69962,1.0
86889,1.3078211545944214
73506,3.100660562515259
49432,1.0
70684,1.0
43091,1.0
52959,2.627931594848633
62555,1.0
70782,1.9065505266189575
61436,1.0
34292,1.0
8289,1.0
35202,1.0
32317,3.6668543815612793
101182,1.0
10602,1.0
56745,1.4275236129760742
69257,3.1217241287231445
63708,4.853358268737793
45986,1.1177188158035278
89126,1.0877833366394043
29947,1.0
33849,1.0
54662,4.590227127075195
48419,2.0139710903167725
107369,1.0
35417,1.0
72637,1.0
5123,1.0
39786,1.0
52861,1.0
28477,2.8056023120880127
45980,2.723489284515381
78452,1.0
32700,1.0
13560,1.0
41966,2.727053165435791
73191,1.0
81066,2.5243592262268066
5658,1.0
61067,1.0
44327,1.0
49858,1.9945284128189087
105390,2.6132750511169434
39618,1.0
90499,1.2054295539855957
33308,1.0
100855,1.0
30869,1.0
95053,1.0
48840,1.0
54049,1.0
99652,1.0
37540,1.695327639579773
23808,1.0
98801,1.2379090785980225
65271,1.0
12623,1.0
105317,1.1585420370101929
2654,1.0
24309,1.0
6430,1.0
30538,1.2583366632461548
14952,1.0
106043,1.0
97951,1.0
59525,1.0
13053,2.011714458465576
16585,1.7709541320800781
107249,3.830082654953003
6081,1.0
5914,1.8846715688705444
34543,4.5876145362854
49483,1.0
106605,1.0
83765,1.0
8500,5.0
38117,1.0
49932,1.1280953884124756
15954,1.0
2801,1.0
93984,1.908261775970459
39387,2.384807586669922
35366,1.3912711143493652
103000,1.0
6709,1.0
49339,1.618129014968872
61306,1.0
102611,1.0
81818,1.0
27743,1.0
46184,1.0
46774,1.247068166732788
86278,1.0
73770,1.0
62612,1.0
52796,1.0
71766,1.0
67356,2.3527772426605225
84699,1.0
51655,2.3913166522979736
476,1.2227838039398193
103813,1.8502991199493408
25849,2.031278610229492
77710,1.0
89772,1.0
16764,1.4189057350158691
103815,1.0
22189,1.0
95012,1.0
60164,1.0
65414,1.0
103930,1.0
22481,1.0
29649,1.0
2127,1.0
14861,1.0
55341,1.0
25596,1.0
105526,1.0
95018,1.0
68872,1.0
49836,2.9308316707611084
78296,1.0
100601,1.0
13280,1.0
38230,1.3135427236557007
3653,1.8079302310943604
38303,1.0
5207,1.0
12068,1.0
95542,4.705549716949463
42153,1.0
45489,1.0
25828,1.0
84953,1.314978003501892
1588,1.0
11238,1.0
70466,3.482799768447876
101716,1.0
95852,1.0
48706,2.275198459625244
81602,1.8927931785583496
1842,1.0
65388,1.0
20462,1.8635151386260986
62845,3.7494916915893555
34355,2.5961697101593018
94359,1.0
27948,1.0
5913,3.8891191482543945
59827,5.0
38690,1.0
49052,1.0
59676,1.0
13821,1.0
2719,1.0
51354,4.320981979370117
38851,1.0
73176,1.0
55065,1.0
93259,1.0
79047,1.4708656072616577
41585,4.485324382781982
13740,1.0
92615,1.0
2143,1.0
8665,3.256638526916504
79764,1.0
83487,3.80424165725708
99770,1.0
51967,1.0
80261,4.004703998565674
24252,1.0
40346,3.77945613861084
85932,4.020599365234375
56838,1.0
88304,1.0
107640,3.2733755111694336
6500,1.0
33759,1.0
101143,1.0
2617,1.0
73607,2.1729578971862793
27467,3.6215994358062744
97576,1.0
24635,1.0
44842,2.881136894226074
35828,3.975914716720581
59225,1.0
6720,1.0
74773,1.527148723602295
67170,1.0
36429,1.0
25208,1.0
27129,1.0
99730,1.0
1839,1.0
72387,2.589306592941284
103214,1.0
107626,3.436052083969116
7338,1.0
8610,1.0
93224,1.0
74345,1.0
94299,1.2912492752075195
33671,1.0
94054,1.0
18309,5.0
67401,1.608607530593872
92478,5.0
107641,1.0
15886,1.0
43340,3.371967077255249
107020,1.0
83852,1.0
97637,1.0
90225,1.0
107313,1.0
49800,1.0470656156539917
32888,1.0
3831,1.7620866298675537
46796,1.0
57443,1.0
80693,1.0
84914,1.0903524160385132
29357,1.0
21614,1.8612037897109985
81260,1.0
83062,2.652219533920288
9997,1.0
17231,2.3824141025543213
95766,1.0
100035,1.0
28507,2.1315062046051025
32770,4.314682483673096
48291,1.0
11263,1.0
27360,1.0
33206,4.382541179656982
51824,1.0
75647,1.0
74440,1.0
47232,1.0
38103,1.0
79332,1.0
43833,1.8996282815933228
67131,2.939634323120117
95344,3.1616837978363037
45086,1.0
26792,1.0
8823,2.6975257396698
53191,1.0
70822,1.0
11950,1.0
44979,1.0
57922,1.0
94584,2.0644445419311523
35591,1.230407476425171
9306,5.0
82198,1.6364301443099976
53671,1.0
55214,1.0
42015,1.0
63789,1.0
43286,1.0
81584,1.0
105875,1.0
62261,2.485912799835205
96809,1.0
55965,1.0
62367,1.0
52862,1.0
96071,1.0
95846,1.0
21581,1.0
107573,1.0
6006,1.0
28033,2.3242499828338623
60527,1.0
77937,1.0
61301,1.0
50555,1.0
31645,4.442622661590576
21400,1.0
90119,1.0
86614,1.0
34290,1.0
18150,3.3041343688964844
108534,1.0
104943,3.5591278076171875
11640,1.0
23488,1.0
78579,1.0
94287,1.0
4988,1.333164095878601
6833,1.2175288200378418
59695,1.0
105943,1.0
25266,1.1820002794265747
86098,1.0
108086,1.0
13573,1.806134819984436
58808,1.0
74497,1.0
94424,1.0
88700,1.0
100747,1.0
41764,1.0
80251,1.0
8983,1.0
85411,1.0
106733,1.8950070142745972
80921,1.0
35944,1.0
16346,1.0
101443,1.0
43481,1.0
32534,2.917555332183838
5166,1.0
22979,2.4655890464782715
89897,1.0
7167,1.3387893438339233
74354,1.0
52724,1.0
88397,1.0
27858,1.4459376335144043
64556,1.0
59767,1.1522183418273926
53043,1.0
15210,1.6066193580627441
103775,1.5140043497085571
29540,1.0
94295,1.0
56449,2.580772638320923
12895,1.0
99483,1.0
38816,3.1916723251342773
7715,1.0
103623,1.0
89609,1.0
76908,2.26324200630188
55032,1.0
74562,1.0
75940,1.0
22560,1.0
35222,1.0
12331,3.2627694606781006
31143,1.0
41013,1.0
8717,3.4632785320281982
11961,1.0
82661,1.9482477903366089
68187,2.4688873291015625
14617,1.3913719654083252
49551,4.1212286949157715
8974,1.0
41138,2.7196426391601562
29805,1.0
57281,1.0
25501,1.0
54552,1.0
60403,5.0
87159,1.4730950593948364
78687,1.0
1640,1.0
49354,1.0
101254,2.799039602279663
39000,1.0
54821,1.0
106598,1.0
20141,1.0
67566,1.3655344247817993
44232,1.0
71706,1.0
101945,5.0
77279,4.7456560134887695
25498,1.785706877708435
92087,2.2569830417633057
28514,1.0
80721,1.0
38917,5.0
61107,1.0
79998,1.0
77114,1.0
18848,1.0
7627,1.2994091510772705
108071,1.0
48403,1.0
5781,1.0
19274,1.0
51408,1.0
54699,3.2668869495391846
10404,1.124638319015503
35179,1.0
108554,5.0
81933,1.0
85435,1.0
43925,1.5300229787826538
106116,1.0
53896,1.0
82862,1.0
70603,2.215205430984497
14890,2.7348215579986572
96946,3.708505868911743
11759,1.0
90836,1.0
106216,1.0
36340,1.0
6753,1.0
3603,1.0
102765,1.0
46482,1.0
15159,1.0
56859,1.0
34683,1.0
45997,1.0
84872,1.0
39850,1.0
84192,3.7612287998199463
21014,4.381412506103516
95384,1.0
103514,2.9239227771759033
75693,3.29228138923645
101802,1.1007838249206543
14087,1.0
88646,1.0
33903,5.0
76822,1.0
107486,1.0
39124,1.0
59930,1.0
85635,2.8715713024139404
3097,1.0
8875,5.0
99535,1.0
59116,1.0
60023,1.0
106887,3.7126681804656982
54731,5.0
46515,1.3981976509094238
58665,1.0
2418,1.0
20390,1.0
79881,1.0
56997,5.0
4282,1.7003991603851318
52160,1.0
64735,1.0
17560,1.0
91640,2.6640565395355225
20367,1.0
33570,1.5483324527740479
33638,1.0
5039,2.796907424926758
21972,1.0
37636,1.0
101727,3.6874759197235107
98679,1.329918384552002
72312,1.0
90309,1.0
105847,1.0
38338,1.0
54620,1.0
105443,1.0
102757,1.0
99942,1.0966637134552002
70233,3.122856616973877
64210,5.0
15413,1.0
86474,3.4196937084198
43777,2.1262893676757812
19624,1.1282331943511963
52692,1.0
40085,2.7588064670562744
97384,2.727536916732788
34829,1.2070302963256836
26215,3.5331661701202393
84103,1.0
36492,1.0
62881,2.763179302215576
46267,1.0
70117,1.0
11554,1.6433203220367432
106299,1.0
28247,1.0
88024,2.8413424491882324
19339,1.0
58292,1.0
62435,1.0
101227,1.0
19489,1.0
59597,3.664534091949463
107698,1.0
34481,1.0
91247,1.0
43573,1.0
13673,1.0
104187,1.0
27080,1.0
82771,1.0
41602,1.465455174446106
93524,2.879620313644409
51281,2.1583738327026367
41165,1.0
83592,1.0
49607,1.0
63440,2.9087650775909424
75783,1.0
58207,1.0
87081,1.0
92332,1.0
95573,1.0
86131,1.0
39416,1.0
84041,3.0986220836639404
52626,1.0
7927,1.0
51246,1.0
62902,5.0
24167,4.977584362030029
44657,3.114032745361328
47373,1.0
97713,1.0
73514,1.0
57714,1.0
73302,1.0
10077,1.0
40616,1.0
42358,3.114819288253784
47093,1.0
77820,1.0
43990,2.4150383472442627
107317,4.120936870574951
89947,1.0
107422,1.0
33471,1.0
55129,1.0
50151,1.0
37563,1.0
44434,1.0
86124,1.0
16741,1.0
45968,1.0
9440,1.0
15502,1.0
41960,1.0
54890,1.0
91768,1.0
60208,2.1813559532165527
41725,1.190685510635376
56622,1.0
24665,1.0
37735,1.0
49639,4.040270805358887
39854,5.0
2964,1.0
87856,1.0
73560,1.0
1322,1.0
44938,1.0
79877,1.0
106321,1.0
64869,1.0
98577,1.0
82563,4.285933017730713
56603,1.0
57494,1.0
12046,1.0
23487,1.0
49640,1.0
65904,1.0
56080,1.0
51318,2.418030261993408
77872,5.0
66657,2.181835412979126
33789,1.0
4121,1.0
47878,1.0
2750,1.0
5648,1.0
40588,5.0
20648,1.0
10338,1.0
14906,1.5107287168502808
106920,3.2242801189422607
93997,1.8027480840682983
26167,1.0
72906,1.0
104395,2.4648118019104004
84811,3.302590847015381
2380,1.7104933261871338
104698,1.2403790950775146
69823,1.0
42914,1.0
74141,1.0
6818,1.5351852178573608
85385,1.0
47827,1.0
101527,3.149956703186035
21759,5.0
63023,1.005134105682373
50407,1.0
98218,1.0
40127,1.0
8574,1.0
41104,1.0
26220,1.0
87863,1.0
53250,1.0
102033,1.0
79431,4.116533279418945
56520,1.0
1688,1.0
99348,1.0
14999,1.0
27081,1.0
73694,1.0
50376,4.226954936981201
79996,1.0
63707,1.0
17886,1.0
17166,2.776292324066162
97543,1.0
34049,1.0
75479,2.599379539489746
50319,4.984283447265625
62699,1.0
87737,1.1687703132629395
75253,4.203995704650879
14719,1.0
97055,1.0
8169,1.0
14426,3.2189223766326904
14115,1.0
91302,3.192469835281372
99431,1.0
29885,5.0
16287,1.0
21155,1.0
11670,3.1224870681762695
84361,1.0
99982,2.8475914001464844
17099,5.0
69837,1.0
27070,1.391876459121704
17699,1.7326288223266602
44554,1.503730058670044
61497,1.0
83428,1.0
30938,1.0
38034,1.1901425123214722
9655,1.0
74500,1.0
71527,1.0
93586,1.3979297876358032
23922,1.0
31050,1.5319325923919678
48767,1.0
57271,1.0
64038,1.0
47696,1.0
14972,1.0
8168,1.0
31830,2.8294222354888916
52446,1.0
23378,4.055610179901123
38746,1.0
80575,1.0
19691,1.0
9900,2.259842872619629
7801,4.116151809692383
85883,1.0
6563,1.0
71475,1.0
101009,3.396794080734253
57180,1.0
62217,1.0
61205,1.0
25402,1.0
16035,1.0
72255,1.6313276290893555
19566,1.0
26061,3.4138286113739014
87824,1.0
33457,1.0
93696,1.0
5987,1.0
40911,3.4259815216064453
70488,1.0
65736,1.0
60757,2.3390488624572754
108594,1.0
88971,1.0
25995,1.5286897420883179
83077,1.0
44130,1.0
88128,3.576866865158081
73129,5.0
29646,1.0
41849,1.0
13081,1.0
32722,1.0
99568,1.0
69346,1.0
103542,1.8784176111221313
37289,1.0
15498,1.0
44642,1.0
95202,1.0
76926,1.0
76123,1.0
78659,1.0
105739,1.0
4366,1.0
60857,1.3220305442810059
24372,1.0
19873,1.0
83308,1.0
72962,1.0
32292,1.0
92023,1.1761374473571777
29228,1.0
102042,1.0
89449,1.0
34767,1.3394017219543457
63750,1.0
98680,1.0
49463,3.755845069885254
17485,4.286498069763184
63969,1.0
84549,1.0
107734,1.0
75632,2.5271334648132324
58710,1.0
73999,1.0
78578,1.7890732288360596
64450,1.6154170036315918
16207,1.6873644590377808
32497,3.3151001930236816
23422,1.0
26574,1.0
40062,1.0
39077,1.5470855236053467
90899,3.822028875350952
35369,1.5492397546768188
47726,1.0
83060,1.0
30702,1.0
25846,1.1612900495529175
96328,3.982558012008667
19483,1.3141738176345825
6734,1.0
20618,1.0
24748,1.0
66760,1.0
29750,2.2412776947021484
32250,1.0
106789,2.78585147857666
4141,2.820563316345215
12836,1.0
93600,1.0
67637,2.6744372844696045
36046,3.4397284984588623
51726,1.0
46503,1.0
25350,1.0
38891,1.0
12231,1.5106815099716187
74585,1.0
79063,1.7163112163543701
1559,1.0
33369,1.0
28081,1.0
30946,1.5234084129333496
44383,1.0
90182,1.0
31715,1.0
23272,1.0
14516,1.0
38458,1.0
5973,1.0
50906,1.0
101857,1.0
77314,1.0
39316,1.0
24528,5.0
106407,1.0
100988,1.0
22384,5.0
414,1.0
8274,5.0
33536,3.1461033821105957
32759,1.0
19627,1.0
35657,1.0
2050,1.0
91407,1.0
89055,1.0
50687,1.9769114255905151
16718,1.0
4218,1.0
67254,1.0
89778,1.0
41301,1.0
2274,1.0
3516,1.0
100346,2.618950843811035
64046,1.8227190971374512
64885,3.931320905685425
33715,1.0
87846,2.3120760917663574
58961,1.6054285764694214
96699,2.9434025287628174
36892,3.2249042987823486
21474,3.5855181217193604
78358,1.0
48899,1.0
87086,1.0
25777,1.0
83391,1.0
9511,2.714625358581543
57581,1.0
77675,1.0743449926376343
63030,1.0
96528,1.0
42528,1.0
55891,1.0
31751,1.0
45675,1.0
100040,1.6132689714431763
60581,1.0
85748,1.0356512069702148
86599,4.106790542602539
35078,1.0
64425,1.8267054557800293
100462,1.29041588306427
98809,1.0
34241,3.0881104469299316
29381,1.438417673110962
56222,1.0
4270,1.0
48572,1.0
62303,2.975440263748169
70644,1.0
53215,1.0
73338,2.7401766777038574
67857,1.189575433731079
52638,1.0
75402,1.0
15182,5.0
92590,3.4846913814544678
73798,1.7248138189315796
43094,4.842370986938477
106128,1.0
101342,1.0
45982,1.0
62427,1.0
106778,1.0
8919,5.0
106345,3.5810256004333496
89386,1.0
58303,1.0
97329,1.0
6300,1.0
51620,2.085886001586914
65673,3.212129592895508
52333,1.0
68497,1.0
14458,1.0
3028,1.0
16326,1.0
98780,1.3281331062316895
96335,1.0
7610,1.0
55392,1.7641326189041138
34882,1.0
69856,2.153312921524048
14963,1.0
17946,2.3075878620147705
107674,4.134384632110596
71363,1.0
77687,1.0
87683,1.0
69035,2.5406925678253174
36294,3.5365591049194336
81717,1.3286775350570679
3797,1.0
50120,1.0
69638,3.4932899475097656
106100,2.5769739151000977
4277,1.0
50320,1.0
28579,1.0
12602,1.0
53751,1.0
13680,1.0
75584,1.0
88099,1.0
88711,1.6133904457092285
92371,1.0
22353,1.0
93831,1.0
4542,1.0
104398,1.0
45670,1.174015998840332
28771,1.7381632328033447
15433,1.0
88407,1.0
34144,3.7698142528533936
105525,1.0
80051,1.0
56825,2.2844014167785645
79497,1.0
102485,1.0
32352,1.0
96593,1.0
7233,2.907001256942749
69958,1.0
85508,1.7322884798049927
67089,1.0
91486,1.6007200479507446
33019,1.0
27109,1.0
98139,1.0
51930,1.0
71204,4.15028190612793
54255,1.0
100547,1.0
46049,1.0
45737,1.0
31032,1.0
41141,2.557802438735962
8716,1.6580755710601807
58433,1.0
38813,1.0
87553,1.0
26207,1.0
16174,1.0
51556,1.0
91334,1.0
91321,2.3175594806671143
51085,1.0
76922,1.0
88436,1.0
22184,1.0
23407,3.4256300926208496
23320,1.0
108264,1.0
95398,1.0
13005,1.0
88364,1.0
56374,2.902040958404541
31420,1.0
70626,3.742659330368042
77739,2.6196446418762207
87098,1.0
5584,1.0
51915,4.1014180183410645
75166,1.0
92373,1.0
62697,1.0
48476,1.0
56628,1.0
29604,1.0
21752,1.4448084831237793
4623,1.0
81526,1.0
41083,5.0
52170,1.0
37406,2.721323251724243
104656,1.0
35020,2.456615686416626
46168,1.282898187637329
101588,1.0
60533,1.0
38252,2.99892258644104
13248,1.0
26281,1.2828272581100464
1988,1.0
72149,1.0
59426,1.0
42599,1.0
2849,1.0
42393,1.0
82789,1.6091622114181519
67185,3.4236857891082764
31403,1.0
95204,1.4376907348632812
46647,1.0
77855,1.3016514778137207
89757,1.0
31073,2.3456621170043945
53965,1.0
17509,1.0
8936,1.604775071144104
85557,1.278191089630127
84741,4.244873046875
39774,3.4560554027557373
15046,1.0
105890,1.0
21938,3.5537638664245605
21079,2.529529333114624
24347,3.9752767086029053
21650,5.0
97249,1.0
67925,1.0
57914,1.0
20729,1.0
92225,4.896106719970703
59411,1.0
62300,1.0
14717,1.0
102282,2.4866490364074707
5549,2.3871004581451416
50710,1.0
29905,1.0
86569,1.0
65622,1.2225227355957031
63598,1.0
491,1.0
30465,2.4288041591644287
99442,1.7412350177764893
69543,1.0
47505,1.0
39568,1.8579819202423096
88266,1.0
55090,1.0
43585,1.0
82855,1.7916796207427979
73002,1.0
40005,1.0
57802,3.0426573753356934
26391,1.0
79816,1.0
83834,2.120425224304199
23450,1.0
65262,1.021097183227539
53842,2.5873658657073975
32546,1.5036474466323853
58671,1.704736351966858
108169,1.0
92003,1.0
66886,1.5486087799072266
61635,1.0
71255,2.3518693447113037
94171,2.9916305541992188
57407,2.688084840774536
27767,1.0
39535,1.0239964723587036
11591,1.0
36995,1.0
105402,1.0
33289,1.0
44391,3.443995952606201
69413,2.374298334121704
100849,1.0
6573,1.0
20558,4.182211875915527
57658,1.0
14512,1.1304619312286377
96690,1.0
16222,1.0
40054,1.0
71233,1.0
47141,1.0124608278274536
936,2.8176016807556152
13006,1.0
108255,1.4449800252914429
49271,1.0
76052,4.581696510314941
77502,1.0
107719,1.0
8888,5.0
105393,1.0
63712,5.0
87035,1.0
28328,1.0
96620,1.0
95288,2.946171998977661
90223,1.0
6832,1.0
79655,1.775136113166809
100113,1.0
74312,1.0
30591,1.3378117084503174
82479,3.5038528442382812
84765,1.0
37980,1.487569808959961
100722,1.0
37251,1.0
13291,1.0
86346,1.019596815109253
15360,1.0
43439,1.0
70,1.0
63435,1.0
28456,1.0
70281,1.0
81180,1.0138494968414307
7929,1.0
6803,1.0
80576,1.0
89081,1.0
85887,1.0
71757,1.5679038763046265
39785,4.0807013511657715
17845,1.0
46831,1.2655560970306396
84250,1.0
100438,1.0
81600,1.0
95277,1.8091613054275513
94120,1.0
83560,1.0
87448,3.2316701412200928
34364,1.0
921,2.931979179382324
18267,1.0
89985,2.085042953491211
23151,1.4479641914367676
64458,1.0
61369,5.0
74433,1.0
12540,1.0
107411,3.4762158393859863
90151,1.0
69184,1.0
64522,1.0
96664,1.0
99744,1.0
90241,1.095212459564209
1033,1.6967726945877075
74399,1.0
5917,1.0
37817,1.0
74233,1.0
27155,1.0
19727,2.6990270614624023
80977,2.751683235168457
79260,2.571584463119507
96978,1.0
81235,2.5000908374786377
16244,1.0
28625,1.7613468170166016
80838,2.8722963333129883
72941,1.7806628942489624
104416,2.805990695953369
47808,1.0
18753,1.5240986347198486
72111,1.0
82470,1.0
88151,1.6999810934066772
98580,1.545054316520691
94084,1.0
9205,1.0
31849,1.0
64887,1.0
94352,1.0
61853,1.3777601718902588
38496,1.0
33299,1.0
80584,1.0
88432,3.149024248123169
11941,3.321462392807007
105251,1.0
25770,5.0
104889,1.0
63963,1.470458984375
5141,1.0
71280,1.0
20202,1.0
9622,1.894832730293274
41944,1.0
29545,1.0
15700,1.0
74763,1.0
94727,2.0762550830841064
52510,1.0
92015,4.135715484619141
88393,1.0
75268,1.0
57583,1.0
28605,1.0
97029,1.0
8743,1.0
103508,4.397942543029785
77699,1.0
74876,1.0
87705,1.0
11846,1.0
27579,1.0
75105,1.0
59908,2.1242942810058594
3372,1.0
44576,1.0
70935,1.0
35608,1.0
92864,1.0
66970,1.0
90101,1.3445689678192139
77451,1.0
35205,1.0
19717,1.0
4537,4.585452079772949
58032,1.0
2417,1.3047525882720947
23862,1.0
78094,1.0
3825,1.0
103419,1.0
18672,2.937685012817383
45686,4.403527736663818
40285,1.0
106201,1.0
2736,2.4223694801330566
59310,1.0
103729,1.0
100330,1.0
83233,1.5898170471191406
96937,1.0
36792,1.0
65279,1.0
28434,2.706961154937744
22836,2.748729944229126
28815,1.0
19969,3.5275561809539795
59028,1.0
77849,1.0
60900,1.0
31920,1.0
62467,1.0
54843,1.0
43376,3.855097532272339
92102,3.3670356273651123
104534,1.0
101148,2.1283798217773438
20544,1.0
20999,5.0
105189,4.024933338165283
98260,2.3380002975463867
87009,1.3129719495773315
48921,1.0
91577,1.0
37645,1.9954997301101685
76193,1.0
97002,1.0
11248,3.5422728061676025
103324,3.009701728820801
10139,3.6232998371124268
3802,5.0
95118,1.0
40904,1.0
68749,1.0
84023,1.5670372247695923
51537,1.0
103187,2.3136825561523438
27954,1.66489839553833
97222,1.0
62109,1.0
64791,3.4412922859191895
100713,1.0
59007,1.0
33634,1.0
61334,1.0
101742,2.091750383377075
82325,1.0
39263,1.0
89472,5.0
45318,1.0
70541,1.2712982892990112
90078,1.0
30551,1.0
77091,1.0
103352,1.0
85502,2.1910130977630615
52823,1.0
1100,1.0
69272,1.0
45322,1.060227870941162
88860,1.0
74161,1.0
1969,2.2184865474700928
31631,1.3981934785842896
11447,1.0
55300,1.0
55875,1.0
53442,1.0
61218,1.0
62404,1.0
22980,1.0
87043,1.0
31957,1.0
100468,2.8395442962646484
4556,5.0
82277,1.0
11914,1.0
5127,5.0
25876,1.0
75385,1.0
66726,2.7233736515045166
44634,2.4198901653289795
35297,1.0
94460,1.8483513593673706
63175,1.0
71526,1.0
80603,3.623802900314331
16053,1.0
6900,1.0
44763,1.0
10147,1.920823097229004
37217,3.130944013595581
77852,1.0
23594,1.0
30546,1.0
30665,1.8561086654663086
88895,1.0
82829,1.0
85279,1.0
57142,1.0
62271,1.0
59221,1.0
26515,1.0
33738,1.0
90030,3.1427814960479736
1804,1.423580527305603
64163,1.0
82738,1.0
53889,5.0
44564,1.0
27178,2.2066948413848877
87619,1.6719927787780762
63654,1.0
17495,1.0
21291,2.598111629486084
3567,4.838642120361328
14205,1.0
2052,1.0
55070,1.0
55478,1.0
7657,1.0
83165,4.488117218017578
78418,1.0
63838,5.0
93027,3.8677029609680176
79492,1.0
49396,1.0
70145,1.0
79712,1.0
48235,2.5462729930877686
85971,1.0
88290,1.0
64000,3.2367935180664062
31885,1.0
52772,1.0
102366,1.860728144645691
20088,1.0
96785,1.0
6561,3.6926214694976807
98914,1.0
3085,1.0
79664,2.6898818016052246
47271,1.0
40624,2.5570147037506104
59086,5.0
24609,4.040564060211182
106971,1.0
89444,1.0
36695,1.2179462909698486
37158,2.400717258453369
8899,1.0
32462,2.1646173000335693
4380,1.2460265159606934
67667,1.0
76566,1.0
5362,1.146325945854187
26392,1.0
90539,1.0
42903,1.0
13752,1.0
25201,1.0
25611,1.6796146631240845
79918,1.540223240852356
105827,1.0
51116,1.0226906538009644
45473,1.7747982740402222
90598,1.8350427150726318
41251,1.0
83419,1.8270678520202637
102620,2.14034104347229
10795,3.1329469680786133
38277,1.0
44800,1.0
44123,1.0
33704,1.0
1863,3.1202738285064697
99639,1.0
90698,1.0
64231,1.7300673723220825
100386,1.0
53072,3.066075086593628
86109,1.0
18284,1.0
23682,1.0
64505,1.0
51386,1.0
49070,1.0
73179,2.894899845123291
103347,1.4847173690795898
96037,1.0
37320,2.78494930267334
17297,1.0
52063,1.0
45918,2.2991092205047607
94885,1.0
5963,1.214917540550232
21475,1.0
20370,1.0
45873,2.289667844772339
13400,1.0
36014,1.0
65315,1.0
93555,2.6384072303771973
81146,1.0
66293,3.6035423278808594
81482,1.288605809211731
106815,1.0
85859,3.222443103790283
90215,1.0
101253,3.977543830871582
32667,3.1450765132904053
23576,1.0
108550,3.22274112701416
69673,1.0
89293,1.0
31946,1.0
7772,1.0
3544,1.4016783237457275
21367,1.0
2034,1.0
66496,1.0
100634,1.0
12896,1.1120350360870361
34201,1.0
16798,1.0
49990,1.0
39136,1.0
93270,1.0
49736,1.0
88727,1.32276451587677
88589,1.0
74234,1.2062151432037354
91103,1.0
80750,1.0
68786,4.115331649780273
38811,3.7695722579956055
15335,1.0
47160,4.803838729858398
58800,5.0
15946,1.0
7346,1.0
101402,1.0
12935,1.0
95549,1.193047046661377
80864,1.0
48650,1.0
40694,1.0
103399,1.0
24999,1.0
90373,2.949563980102539
29898,1.9722061157226562
16508,1.0
107142,1.0
6220,1.1863107681274414
100080,1.8805840015411377
71730,1.3016650676727295
32694,1.0
107107,3.38578462600708
12545,1.0
63972,1.0
62197,1.0
18432,1.0
47901,1.0
53398,1.0
78203,2.8488149642944336
65466,3.3140146732330322
5551,1.0
51978,1.4859058856964111
71583,2.6129956245422363
7455,1.0
74081,1.0
55580,3.246147632598877
70247,1.0
45263,3.4408931732177734
64235,1.0
92423,1.0
43971,1.7063286304473877
76852,2.4844613075256348
24375,1.0
88986,5.0
36134,1.0
103105,1.1178051233291626
51536,1.0
30231,1.0
3927,1.0
76568,1.0
65337,1.0
60398,1.243947148323059
13770,1.0
8571,1.0
52647,1.0
1954,1.0
19636,1.0
45631,5.0
15275,1.0
59002,1.8295267820358276
106088,1.0
86601,1.0
88259,1.294973611831665
46024,1.0
69145,1.0
102381,1.0
86778,1.1037667989730835
50211,4.142317771911621
39178,1.0
98756,1.0
97765,1.414896845817566
93552,1.0
57379,1.0
45441,5.0
136,1.784629464149475
16304,1.3534060716629028
32442,1.0
16022,1.0
59408,5.0
63976,1.0
41923,1.0
46649,1.0
14265,1.0
26056,1.0
98036,1.0
12492,1.0
26526,3.392775535583496
27042,1.0
49933,1.0
91690,1.0
82940,1.0
7385,1.0
94872,1.0
108521,1.0
103153,2.3744256496429443
24157,3.270136833190918
25591,1.0
108026,5.0
89403,1.0
76793,1.1594314575195312
1598,1.0
103246,1.0
97654,1.808972716331482
46234,1.0
63053,1.0
93395,3.2569196224212646
14106,1.0
50425,3.43626070022583
1064,1.0
22934,2.3945152759552
84411,1.0
93540,1.0
50992,2.6568775177001953
57706,2.0251173973083496
61304,4.644582748413086
5096,1.0
108576,1.0
12934,1.7637863159179688
34014,1.0
27236,1.0
43653,1.0
59634,1.0
22635,2.541085720062256
4434,2.8493828773498535
64181,4.019839763641357
60777,1.4825645685195923
28258,1.0
46934,1.0
75493,1.0
107778,1.0
55117,1.0
16518,1.0
104467,1.0
99021,3.343240261077881
16991,2.7027945518493652
27924,1.0
99101,2.537721872329712
3453,1.0
45309,1.0
91798,1.0
38564,1.0
23182,5.0
41238,1.0
8247,1.9480597972869873
62753,2.1903979778289795
32276,1.0
75627,1.0
25184,1.0
101460,1.0
93142,1.0
26040,5.0
97411,1.5204919576644897
102038,1.0
53629,1.0
104968,1.0
75726,1.0
4044,1.0
7304,1.0
30813,2.3607335090637207
16422,1.0
74894,1.0285321474075317
59654,3.192732810974121
66411,1.0
60954,1.3096309900283813
22526,1.0
11962,1.0
63994,3.5371813774108887
27860,1.0
25811,1.9059196710586548
43863,1.0
18406,4.867354869842529
29786,3.0102009773254395
25081,3.3454253673553467
81427,1.0
20677,1.8168913125991821
97760,1.6379910707473755
107756,1.0
91031,1.3540655374526978
85143,1.0
2969,4.270544052124023
7202,1.0
44214,1.0
12091,2.848655939102173
74948,2.197329044342041
87794,1.0
55479,1.0624841451644897
59668,2.8720810413360596
14218,1.0
5321,1.0
22073,2.8922457695007324
44667,1.0
86743,1.0
80591,1.0
35272,1.0
40219,2.452352523803711
36786,1.0
46113,1.0
13059,2.1181414127349854
80468,1.0
58219,1.0080586671829224
47841,2.672603130340576
25567,1.262186884880066
54031,1.0
22109,1.0
53568,1.0
26593,1.0
22389,1.0
84671,1.0
21513,5.0
90000,1.0
33089,1.5003291368484497
22888,2.419518232345581
62246,1.0
67026,1.0
108064,1.0
44923,1.0
89106,2.5034916400909424
25898,1.0
89629,1.0
55004,1.8125585317611694
95404,1.0
31556,1.0
12236,2.1823484897613525
76311,4.802753925323486
37354,1.5318865776062012
51183,1.0
34078,5.0
87212,1.0
11669,1.3036634922027588
97253,1.0
107101,1.5718954801559448
4039,1.0
51222,1.0
4822,5.0
37121,2.9111692905426025
24495,1.0
68955,1.0
87187,1.0
16584,2.2114667892456055
91696,2.873993158340454
50587,1.0
10496,1.0
29974,1.0
68743,1.0
27887,1.0
97748,1.0
18929,1.0
18419,1.0
78143,1.0
94854,1.0
11478,1.0
16505,1.205318570137024
14128,1.0
42259,2.965442657470703
53156,1.3714100122451782
100508,1.0
50706,1.0
65799,3.448390245437622
9944,1.0
40815,1.0
94418,1.0
21597,1.0
15578,1.0
36164,5.0
147,1.0
101923,1.0
43721,1.5583441257476807
68130,1.0
33231,1.0
33993,1.0
82963,2.905021905899048
50904,1.0
39627,1.0
102992,1.0
41051,1.0
51055,1.0
4093,1.0
59412,1.0
37773,1.0
63541,1.0
36103,1.0
90043,3.5101494789123535
108587,1.0
73787,1.0
35902,1.0
57495,1.0
45546,1.0
25156,1.0
7079,1.0
91547,3.791245937347412
105428,1.0
26231,1.0
90996,2.0804507732391357
102954,1.0
40798,1.0
49270,1.0
75819,1.0
11131,3.0374484062194824
46432,1.0
77895,1.0
104345,1.7931252717971802
77030,1.0
56022,1.0
49090,2.930840015411377
15857,1.0
73727,2.7088685035705566
103157,3.5262668132781982
107867,1.0
34433,1.0
5727,1.0
44248,1.4301345348358154
21671,1.0
101595,1.0
28954,1.0
84220,1.0
13491,3.262143135070801
54421,1.0
67932,1.0
47410,1.0
102347,1.0
59594,1.0
59693,2.397014617919922
5679,1.0
106522,1.0
21619,1.0
80794,1.0
24334,1.0
1346,1.0
105357,5.0
44336,2.7281479835510254
8704,1.7129651308059692
55869,1.1032909154891968
28422,1.0
32637,1.8696969747543335
69155,1.0
105374,1.0
24921,1.2312573194503784
71513,1.0
84584,1.7830870151519775
100692,3.312488079071045
43388,2.4144928455352783
85400,1.0
80555,1.0
87074,1.0
26009,1.3092045783996582
61725,1.0
99776,3.172461986541748
18881,1.0
93295,1.0
80240,1.0041786432266235
101309,1.5146321058273315
34477,1.0
24838,2.688253164291382
72117,1.2655270099639893
11388,1.0
26666,1.0
46378,1.7355866432189941
16775,1.0
74228,1.0
39469,1.0
37558,1.0
82952,1.0
55681,1.0
44614,1.5477302074432373
21191,1.0
7290,1.0
105127,1.0
65390,1.0
43429,1.0
12358,1.0
25376,1.0
46214,1.0
40038,1.0
67662,1.0
53851,1.0
40146,1.0
43683,1.0
29860,1.0
37421,4.462368488311768
23572,1.0
12785,1.0
103575,1.0
5897,1.243944525718689
30868,1.0
84774,1.0
1376,1.0
39924,1.0
56661,3.028982639312744
4851,1.0
8511,1.0
54560,1.0
76758,1.5692031383514404
57396,1.0
94158,1.4674452543258667
83854,1.0
68654,1.0
83459,1.8724287748336792
59025,1.0
6875,1.0
99072,4.416835784912109
96152,1.68061363697052
6343,1.0
44818,1.0
83372,2.3055458068847656
72489,1.2409793138504028
19370,2.2304329872131348
93667,1.0
82554,3.745049476623535
40228,1.0
75957,1.0
56846,1.2292814254760742
82142,3.2266623973846436
75445,1.8305984735488892
24337,2.590240478515625
512,1.0
83339,1.3462345600128174
42325,1.0
103722,3.1668121814727783
76030,1.0
12643,2.329123020172119
25234,3.105433702468872
55202,1.0
45039,1.0
54233,1.0
35504,2.909855604171753
4631,1.0
65255,1.7897106409072876
21278,1.0
56720,1.0
24801,1.0
42397,1.0
103678,1.0
61481,1.0
12086,1.0
9304,1.0
49073,2.0724611282348633
54156,1.0
81696,1.0
17776,1.0
34883,1.0
22284,3.284999370574951
101317,1.0
90865,1.0
29688,1.0
66617,1.0
67991,1.0
70259,1.0
21044,1.0
45447,1.0
61793,1.0
41992,1.4455622434616089
63176,1.0
18500,1.0
18830,2.985551595687866
82535,3.3334872722625732
52308,1.0
23266,1.0
31161,1.0
38554,2.8564646244049072
43614,1.0
27826,1.4395097494125366
52900,1.3577640056610107
75689,2.246295928955078
107609,1.0727529525756836
31402,1.7337968349456787
46687,1.0
101057,1.0
25357,1.0
74792,1.0
62187,2.423455238342285
5624,1.0
68470,1.0
54453,1.0
104561,1.0
1558,1.0
76501,1.0
81759,1.0
83208,1.8801331520080566
7873,1.1241295337677002
82615,1.8855421543121338
44402,1.0
87122,1.0
4823,1.0
87234,1.0
76683,1.0
66380,2.2515475749969482
70408,1.0
8784,1.0
13036,1.0
76544,1.0
28245,1.0
84316,1.0
15257,1.0
72493,3.921055793762207
48016,1.0
51763,1.0
59464,1.0
41400,1.0
6183,1.0
56329,1.0
83294,1.0
6042,1.0
16292,1.981224775314331
58646,1.0
65253,3.026202917098999
23463,1.0
58911,1.0
99656,1.0
5894,1.0
88520,1.7712844610214233
43329,1.0
265,1.0
23712,1.0
14913,1.0
31202,1.0
72276,1.0
17862,1.0
55497,1.0
96349,1.0
76033,1.0
76726,1.0
88808,2.666316509246826
65387,1.0
73761,1.0
54317,1.0
108275,1.0
77638,1.0
89253,1.0
60965,1.0
96511,1.0
2045,1.0
105511,1.0
27419,1.0
47145,1.0
31939,1.7620888948440552
40292,3.3454301357269287
42748,1.0
95992,1.0
48546,1.0
48902,1.0
15466,1.0
77003,1.0
17351,1.0
39205,1.244749665260315
27141,1.0
98778,1.0
16510,1.0
98984,1.1341203451156616
67247,1.0
31767,4.252469539642334
100703,3.8821499347686768
2238,1.0
73116,1.0
62383,1.0400854349136353
87059,1.0
14821,3.7059738636016846
42472,1.0
96144,1.0
100450,1.0
54306,2.156381368637085
36119,1.0
35069,3.2740252017974854
46170,1.0
61099,3.3324778079986572
5227,1.0
73016,1.0
75643,1.0
102409,1.0
21506,1.0
29782,2.598360538482666
64883,1.0
54689,1.0
59076,1.0
101592,1.0
99881,1.0
51913,1.0
97597,1.0
106868,1.0
96487,1.0
61268,1.0
30225,1.5942575931549072
84274,1.0
71667,1.0
38973,1.0
43845,1.0
16598,1.0617214441299438
24980,2.214514970779419
29303,1.0
79085,1.546876311302185
92621,4.123089790344238
50803,1.5164498090744019
4478,1.0
107401,1.0
9326,1.0
74917,1.0
89522,1.0
6727,1.0
60816,1.0
50289,3.539645195007324
57563,1.0
52908,1.0
11322,1.5603581666946411
5173,3.0608184337615967
47600,1.0
10257,1.0
23484,4.095485687255859
42579,3.3422343730926514
83008,1.0
53736,1.0
27749,1.0
31044,1.0
27384,1.753211259841919
82263,2.4641759395599365
49804,1.0
13539,5.0
48177,1.5158597230911255
50796,1.5552217960357666
90669,1.0
24150,1.0
65994,2.5928895473480225
105905,2.670535087585449
81243,1.0
94484,1.0
59887,2.8011045455932617
91569,1.0
41528,1.0
23803,3.6757748126983643
12878,1.8043997287750244
78403,3.130458116531372
65282,1.0
45091,1.0
82622,1.7324751615524292
25278,1.0
27910,1.2957003116607666
53002,1.0
107052,1.0
91362,2.29632568359375
23485,1.0
22609,1.0920557975769043
1051,1.0
30003,2.2374799251556396
22523,1.0
2989,2.560482978820801
48093,4.222797393798828
37535,2.973083257675171
53873,1.0
71628,1.0
79228,1.0
26328,1.0
99174,1.0
57163,1.0
83502,1.1392793655395508
31215,1.0
90405,2.7903740406036377
7708,1.0
29468,1.0
85756,1.0
28118,2.2421512603759766
93580,1.701489806175232
9966,1.620803713798523
25063,1.046402096748352
79883,1.0
69357,1.0
84202,1.0
36566,1.0
35011,1.4862388372421265
53084,1.0
102701,1.0
34065,1.4306302070617676
25903,1.0
19757,2.6663947105407715
27415,1.0
3019,1.0
40555,1.0
65534,2.480135440826416
28411,1.0
104616,1.0
66791,1.3158594369888306
24365,1.0
66680,1.0
2350,1.0
46583,1.0
1610,1.0
23462,1.0
30013,1.0
108015,1.0
104839,1.0
92396,1.0
4258,1.9598217010498047
46282,2.567986249923706
107897,1.0
35527,1.0
7930,1.0
2004,1.0
72399,1.0
56735,1.0
12153,1.0
31269,1.0
12600,1.0
38709,2.0261824131011963
98093,1.0
73903,1.0
70482,1.9391207695007324
58887,5.0
16795,1.2217789888381958
85924,3.390787124633789
65861,5.0
75727,1.9574332237243652
89782,1.0
33414,1.0
80144,1.0
4617,1.0
106350,1.0
96940,1.9924801588058472
40916,1.4996899366378784
35752,4.998722553253174
38386,1.0
105751,1.0
64757,1.0
96351,1.0
43792,1.0
35625,2.0657217502593994
15174,1.0
58930,1.0
73937,4.717606544494629
19042,1.0
58417,1.0
47062,1.0
102969,4.246298789978027
22361,1.0
51770,3.288674831390381
95114,1.0
24179,1.0
63942,1.0
7900,1.0
64721,1.0
6801,1.0
100333,1.0
42509,1.0
40704,1.0
17456,5.0
45586,1.0
94948,1.0
45728,1.0
103367,1.0
74508,5.0
950,1.0
22488,1.0
7097,1.0
24407,1.9090206623077393
6302,1.0
61779,2.1357622146606445
2708,1.0
58825,1.0
43822,3.768958568572998
88964,1.0
91109,1.0
44332,1.0
55590,1.0
17423,1.0
76365,1.0
30511,1.0
42828,1.0
33747,1.0
42568,1.7148494720458984
15064,2.186755657196045
6852,1.0
61147,1.0
6674,1.0
44908,1.0
94800,1.0
59579,3.6349780559539795
65487,1.906368374824524
92255,1.0
50818,1.0
80277,1.0
11074,1.0
105724,1.0
14100,1.0
49059,2.866760730743408
47620,1.8417069911956787
9147,2.646516799926758
15596,1.0
60703,1.0
93080,1.4785466194152832
89164,1.0
25163,1.0
80354,1.0
46156,2.351003408432007
79682,1.0
94272,1.0
60571,1.0
50153,1.0
74362,1.0
2389,1.0
76733,1.0
69754,1.0
15149,1.0
44314,3.4701712131500244
102614,1.0
106784,1.0
42171,1.0
41210,1.0
22490,1.0
108316,1.0
1493,1.0
88510,1.0
74196,1.2438892126083374
61669,3.2759110927581787
12516,1.0
62279,1.0
55328,1.0
51677,2.3554139137268066
73374,3.7461912631988525
64372,1.0
49176,1.0
66899,1.0
91094,1.0
71213,1.0
32945,5.0
33655,1.0
19175,1.0
11100,1.0
97616,1.0
73185,1.0
63019,1.0
89869,1.0
65878,1.0
44120,1.0
58379,1.0
79669,1.0
98893,4.503154754638672
17222,1.0
48696,1.0
79916,1.0
20632,5.0
79519,1.0
46943,1.42788827419281
72484,1.7909667491912842
87002,2.219399929046631
60405,1.0
38010,1.9851691722869873
25610,1.7929545640945435
65914,1.0
14571,4.01793909072876
34526,1.0363720655441284
106561,5.0
41619,1.0
8931,3.3698341846466064
7371,2.224045753479004
52942,5.0
85506,1.0
45342,1.0
84082,1.0
56943,1.0
16124,1.0
54863,1.0
103045,1.0
60435,1.281018853187561
72223,1.0
9405,3.3197598457336426
11642,1.0
105279,4.971580505371094
73386,3.7380294799804688
18308,1.0
49993,4.296085357666016
58806,1.0
68982,1.0
11294,1.0
42437,3.962719202041626
25514,1.0
15383,1.0201340913772583
61913,1.0
42167,2.9892737865448
25600,1.0
67004,1.0
51392,1.0
35870,1.0
90765,1.0
66404,1.0
91422,1.4314168691635132
3133,1.0
84866,1.0
43539,1.0
89715,2.0429718494415283
7048,1.0
72274,1.5603251457214355
83564,1.0
49008,1.0
41640,2.7228052616119385
92855,1.0
14401,1.0
83924,1.0
51035,1.0
4352,2.0253419876098633
35845,1.0
104382,3.4938037395477295
101463,1.0
29043,3.483827590942383
22419,1.0
107158,1.0
18295,1.0
64175,1.0
35692,2.6937215328216553
26837,3.0213563442230225
100505,1.0
100816,1.2736446857452393
44529,1.0
76324,3.4552359580993652
94572,1.0
61901,4.0566511154174805
106951,1.0
94399,1.0
70472,2.2997078895568848
27707,1.0
3496,1.0
86701,1.0
19444,1.908679485321045
32295,3.1396689414978027
12143,1.0
51686,1.4131309986114502
58494,4.2969183921813965
60882,1.0
85699,1.0
40614,3.093614101409912
19649,1.0
53954,1.0
22573,1.0
78389,1.0
10697,4.528825283050537
51207,1.0
63352,1.0241079330444336
3199,1.0
74146,1.0
5828,1.0
72435,1.0
68662,2.3819704055786133
46441,1.0
80161,1.0
1517,1.0
47802,3.384605884552002
38293,1.769176721572876
87943,1.0
18507,3.4575161933898926
41615,4.610860824584961
66482,1.0
56438,1.0
91440,1.0
83176,4.555120468139648
71565,1.6364659070968628
63387,2.949004888534546
94252,1.0
99112,1.0
685,1.0
47193,1.0
100639,1.0
97859,1.0
24168,1.0
4491,2.179311513900757
98301,1.2105149030685425
101209,2.9039037227630615
63938,3.260442018508911
21068,2.2639384269714355
89858,1.0
107381,2.600632905960083
70809,1.0
87064,1.0
2144,1.0
7399,1.0
50747,3.4468257427215576
66787,1.0
80834,1.0
85817,1.1782610416412354
63603,1.1077395677566528
22239,1.1135504245758057
71829,1.0
6979,1.0
90762,1.0
13943,1.0
25403,4.076959133148193
89941,2.133335590362549
30572,3.0979084968566895
108325,1.0
88670,3.311448097229004
88202,1.0
35122,1.0
94930,1.0
96005,1.0
22235,1.0
9288,1.0
23711,1.0
22042,2.5306739807128906
1902,2.6342451572418213
62033,1.0
46157,1.0
30155,1.0246280431747437
47207,1.965959906578064
28774,1.0
80553,1.0
51121,1.0
58820,2.705782175064087
33368,2.3638837337493896
85284,3.4464356899261475
34686,1.0
49342,1.0
7580,1.068467378616333
104328,1.0
54241,1.0
62714,3.6161413192749023
39777,1.0
84292,1.0
88459,1.0
40279,4.532279014587402
13424,1.0
98990,1.0
66454,1.0
57102,1.0
10518,1.0
6494,1.0
5483,1.0
86113,3.4206912517547607
72531,2.878955602645874
22057,1.0
87854,1.0
43185,1.0
23144,1.0
54926,1.0
97380,1.0
63834,1.9500828981399536
32953,1.4005112648010254
19189,1.0
8893,2.5465052127838135
23387,1.0
21593,1.928996205329895
28442,2.5341796875
97608,1.0
8215,1.0
3670,1.0
102856,1.0
102727,1.0
106758,1.0
48238,1.0
60572,1.0
64093,1.756286859512329
79304,1.0
37909,1.616212248802185
46996,1.0
22274,1.0
106394,1.0
8647,1.0
20564,2.7725722789764404
87006,1.0
17429,1.0
25603,1.106937050819397
36732,1.0
21724,1.0
82653,2.4331347942352295
59280,1.0
73509,1.2060626745224
81778,1.0
43322,3.6852104663848877
89209,1.0
38885,1.0
86094,1.0
93824,1.0
8185,4.130250930786133
41171,1.0
22232,1.0
89525,1.0
88781,1.0
35967,2.4485061168670654
93397,2.6001577377319336
56595,1.0
61355,1.0
88124,2.2747437953948975
2954,1.0
76029,1.0
67950,1.0
93367,1.0
22418,1.0
81605,1.0
37843,1.0
52274,1.0
97030,1.8780670166015625
2704,1.0
66288,1.0
62724,1.0
80392,1.0
51986,1.0
106565,1.0
20481,1.0
101090,1.0
89458,1.3863341808319092
75442,1.0
87522,2.6835882663726807
32751,1.0
94157,1.1739404201507568
66266,1.8547872304916382
103030,1.201632022857666
71539,1.0
69892,1.0
10026,3.383213996887207
63308,1.0
92981,1.0
32111,1.0
101225,1.0290168523788452
81930,1.0
88120,1.4000667333602905
90018,1.0
21840,1.586017370223999
89865,1.0
5412,1.0
39122,1.0
34087,1.0
91435,1.0
43183,1.3558120727539062
44338,1.0
43685,1.0
4936,1.0
84627,1.0
68116,1.0
1662,1.0
32952,3.603564977645874
41026,1.0
28128,1.0
43203,3.134172201156616
9753,4.763847351074219
94314,1.0
106818,1.0
93862,1.0
58975,1.0
32646,1.0
9128,1.0
72920,1.0
36564,1.0
93239,1.512909173965454
57856,1.0
32740,2.639138698577881
45057,1.0
89824,1.0
19591,1.4970511198043823
46936,4.8090620040893555
22595,1.0
68384,1.0
97906,1.6360105276107788
47740,1.0
23955,1.0
38930,1.7442156076431274
130,1.0
17826,1.0
50278,1.0
23381,1.0
13481,1.0
215,1.0
100328,1.0
9385,1.0
22151,1.0124471187591553
45774,1.0
11252,1.4426956176757812
3311,1.0
56835,1.0
93017,1.0
103449,1.0
75609,1.0
29065,1.0
6098,1.0
20642,1.0
83032,2.06592059135437
39328,1.0
84661,1.0
57049,1.0
7102,1.0
98827,5.0
92352,1.0
31423,1.0
45620,1.0389325618743896
43671,1.0
82765,1.0
58590,3.086184501647949
91060,1.0
88020,2.4827961921691895
8007,1.0
98142,1.8080309629440308
44213,3.201896905899048
69464,1.0
68104,1.0
39740,1.0
73885,1.0
104686,1.0
6400,4.326512813568115
13696,3.1072535514831543
81947,1.0
88737,1.0
44048,5.0
47751,1.0
46908,1.0
69232,1.0
65529,1.0
65239,1.0
53658,1.0
89847,1.0
15235,1.0
45271,2.1489551067352295
98195,1.0
79768,1.7996248006820679
68841,1.9255541563034058
86562,1.0
30072,1.0
39926,1.0
17647,1.0
9932,2.9478983879089355
70203,1.0
38735,1.0
95046,1.0
36013,1.0
80851,1.0
78965,1.438597559928894
78518,1.0
60154,1.0
102457,1.0
71234,1.0
42109,2.779977798461914
35082,1.0
99701,2.7601706981658936
81194,1.0
18194,1.0
99415,1.0
4311,2.1801130771636963
63879,3.6605284214019775
58085,1.0
95923,1.0
34140,1.0
7273,1.0
59512,1.0
8350,1.0
76541,1.0
72355,1.0
77121,2.6026012897491455
90193,1.0
107684,1.3393568992614746
88410,1.0
19655,1.0
1243,1.0
24905,1.0
14875,1.0
92331,4.134725570678711
93071,1.0
39189,2.884627103805542
12755,1.0
27513,1.0
30979,4.352674961090088
63153,1.0
81586,1.6357795000076294
13127,1.0
26581,1.2518718242645264
90296,2.5443129539489746
98425,1.0
7072,1.9730628728866577
3383,1.0
93526,1.0
99809,1.0
17310,1.0
19359,3.0832250118255615
103983,2.0353949069976807
85273,1.054736852645874
890,1.0
80899,1.911699652671814
101467,1.0
32,1.0
95159,1.0
52147,1.0
1137,1.0
15869,1.0
39892,1.0
89468,1.0
108091,3.724825620651245
102180,1.0
52173,1.0
86436,3.193530797958374
71351,2.593564987182617
59977,1.0
90305,4.156815052032471
81970,1.0
92542,1.0
75853,1.299749493598938
74391,1.1302109956741333
6467,1.0
18558,4.913554668426514
108240,2.7825570106506348
1379,1.0
88422,3.174920082092285
13371,1.0
41453,1.4007959365844727
11539,1.0
67890,2.507969379425049
22912,3.911048650741577
61558,2.3267173767089844
57302,1.0
54509,1.0
95932,1.0
11005,1.0
22951,2.109689474105835
94744,4.004039287567139
93836,3.6373724937438965
33869,1.0
28995,2.034494161605835
30689,1.0
18314,1.0
54113,1.0
57912,1.0
107567,1.0
47473,1.0
85478,1.0
70103,1.0
23448,1.0
5124,1.0
62371,1.0
67940,1.0
19631,1.0
101459,1.0
98033,1.1623848676681519
25284,1.0
25166,4.489980220794678
35512,1.0
73398,1.0
35976,1.0
102162,1.0
103653,1.2191534042358398
80565,1.0
22155,1.2285950183868408
27815,2.2016987800598145
71896,1.0
97139,1.4216195344924927
25434,1.0
37085,1.0
32045,1.8742069005966187
76998,5.0
15745,1.0
18243,1.0
55211,1.0
88502,1.0
85561,1.0
55427,1.0
30731,1.0
82853,1.0
6873,1.1381382942199707
108598,3.365177869796753
2945,1.0
21578,1.199397087097168
59680,1.0
21779,2.4400863647460938
40529,4.327466011047363
31627,3.6020829677581787
58298,1.0
79320,1.660271406173706
62266,1.0
42977,1.0
65902,2.60910701751709
71471,1.0
62106,4.543759346008301
24956,2.4905834197998047
24098,1.0
71816,1.0
48375,1.0
41461,1.0
87620,1.0
18928,1.2671641111373901
76882,2.4406638145446777
56480,1.0
33601,1.0
26599,1.2646366357803345
81842,4.252971172332764
19952,1.0
20392,1.0
42784,1.9233708381652832
96693,3.967646598815918
17356,1.0
55755,1.0
51132,1.0
84956,1.0
34115,1.0
10023,1.0
31512,1.0
53797,1.3747870922088623
30158,1.0
62395,2.8415377140045166
40749,1.0
93823,1.0
79457,1.0
83330,1.0
84870,1.0
87916,1.0
6611,1.0
3187,1.0
44163,1.0
44277,1.7264207601547241
31153,1.0
40008,1.0
45565,1.7991573810577393
27868,1.0
84965,1.0
30344,1.0
91771,1.0
37475,1.0
91428,1.2185688018798828
46498,1.0
4076,1.0
11567,1.0
1894,1.0
46325,4.683653354644775
89852,1.0
3063,1.0
40103,4.442476749420166
107354,1.0
8713,1.0
106804,1.0
40838,1.0
36918,1.0
34645,1.0
81381,3.6120901107788086
81071,1.0
9946,1.0
77551,1.0
18360,1.0
88046,1.0
45605,1.0
672,1.0
50273,1.0
59920,1.0335944890975952
81524,1.0
15604,1.0
15404,1.0
19479,1.0
48778,1.0
49231,1.0
97626,1.0
57989,3.482121706008911
93917,1.7574282884597778
60912,1.0
64905,1.0
49146,5.0
17852,1.0
88617,5.0
58566,1.3081156015396118
65199,1.0
103823,1.0
38306,1.0
32983,1.0
37868,1.9654390811920166
96395,1.0
103760,1.0
87912,1.0
22762,1.0
33661,1.4999053478240967
7032,1.0
106494,1.0
22106,1.0
7402,1.0
74019,4.969147205352783
99949,1.0
1356,1.0
38676,1.0
39987,1.0
22757,1.0
67178,1.0
5678,1.304288387298584
10160,1.355623722076416
72272,5.0
15649,5.0
7678,1.0
66595,1.0
67999,1.0
49452,1.0
5213,2.977947950363159
85779,1.3588486909866333
41593,1.0
8507,2.406888246536255
94639,1.0
66201,1.8734022378921509
376,4.7970757484436035
101697,2.089411735534668
95918,1.395477533340454
98086,1.0
91597,1.0
97811,1.0
68825,1.0
60198,3.056541681289673
39630,1.0
53263,2.3541476726531982
8096,1.0
65563,1.5940485000610352
91076,1.0
19451,1.0
100768,1.0
81133,1.0
23393,3.398280620574951
94526,1.3626996278762817
68371,2.4215095043182373
19632,1.0
87269,1.0
39382,4.588083744049072
105145,1.0
23596,1.5865139961242676
104223,1.0
88215,1.0
66268,1.0
53226,1.0
37933,5.0
80538,1.0
74683,1.0
22822,3.409637212753296
53443,1.0
108159,1.0
77990,5.0
88136,1.0
94492,1.0
81652,1.0
106615,1.0
12902,1.0
17345,1.1170282363891602
43187,1.0
98146,1.0
13853,2.339001417160034
80039,1.0
71669,1.0
68313,1.0
94364,5.0
64925,1.4368737936019897
9741,1.0
1451,1.0
95343,1.887939453125
64648,1.0
64947,2.161374807357788
9415,1.0
13379,1.0
66438,1.0
92251,3.8964285850524902
12997,1.0
76843,1.0
72987,2.2906298637390137
37284,1.0
93715,1.0
97533,1.0
56395,1.0
106548,1.0
48889,4.106937408447266
96376,4.871770858764648
9192,3.2064809799194336
10663,1.0
55094,1.0
8426,1.0
40485,1.0
52247,1.0
50104,2.521012544631958
56397,1.3777753114700317
49648,1.0
37584,2.2385170459747314
46417,1.389025092124939
19568,1.7825775146484375
41632,1.0
103104,1.0
105033,1.0
93356,1.0
108460,2.1035311222076416
84612,3.0995373725891113
16463,1.0
91559,4.030356407165527
50964,1.0
107008,1.0
59234,3.326439380645752
6539,2.7521719932556152
36796,1.0
54680,1.0
93208,1.0
38348,1.0
46903,3.758854866027832
89981,1.4341305494308472
37514,2.8078980445861816
25339,1.9273908138275146
24736,3.7991061210632324
52968,1.0
30717,1.0
91448,3.4695491790771484
7884,2.1408817768096924
50006,1.0
51263,1.2315824031829834
33159,1.0
45061,1.0
56368,1.0
85671,1.0
21277,5.0
51306,1.0
84313,1.1571669578552246
9239,1.0
107113,1.0
70989,1.0
44086,1.0
40725,1.0
44495,1.0
37098,1.0
101879,1.3973851203918457
19089,1.0
29712,1.0
51319,1.0
26675,1.0
23010,1.0
70910,1.551059603691101
82870,2.0341053009033203
25277,1.0
92637,1.0
22461,1.0
53261,1.0
6357,1.0
89556,1.0
70580,1.0
48338,1.0
72803,4.501956462860107
78772,1.0
85496,1.9202948808670044
86143,2.5742082595825195
90173,1.0
74960,1.0
67449,1.0
51383,1.915164589881897
61748,1.0
29207,1.0
26899,1.0
57592,2.4342808723449707
32578,1.0
10322,2.748403310775757
7732,1.0
30683,1.0
594,2.2195205688476562
105993,1.0
98853,1.0
29478,1.9995843172073364
85975,1.0
22476,1.0
68981,1.0
35675,1.0
97106,3.4080309867858887
74052,1.0
34973,1.0
51639,1.0
56959,4.170970439910889
77591,3.436124563217163
41504,5.0
107621,1.0
84357,4.5688886642456055
19239,2.318971872329712
56961,1.0
17371,1.3636796474456787
30827,1.0
97980,1.0
32119,2.7072534561157227
93368,1.0
18025,1.0
54002,1.0
57577,1.0
61336,4.388879776000977
46161,1.0
1175,1.0
102605,2.577085256576538
78904,1.0
27717,1.0
83292,1.7563241720199585
95189,1.0
71485,1.0
17173,1.0
11922,1.8064345121383667
70780,1.0
42875,1.1809594631195068
42494,1.4919872283935547
35808,1.0
25754,1.0
1549,2.6554789543151855
63571,1.2220255136489868
65339,1.6669368743896484
42534,2.4051575660705566
62379,1.0
92106,1.0
43699,1.6071252822875977
105983,1.0
53662,1.0
32441,3.893528938293457
37690,2.0702996253967285
67586,1.0
28369,2.6384854316711426
86096,1.0
18325,1.0
73900,3.245897054672241
65735,1.6369808912277222
94599,1.0
96766,1.0
93640,1.0
104286,5.0
56050,5.0
103158,1.1890223026275635
58412,1.0
4199,1.0406277179718018
53745,1.0702043771743774
106820,1.0
71982,1.0
78908,1.0
42094,1.0
76119,1.0
78888,1.0
25064,1.0
66298,1.0
105772,3.0304577350616455
78449,1.0
99119,2.6464133262634277
31591,1.0
61230,2.4153401851654053
26440,4.424111843109131
69736,1.0
18502,5.0
17308,1.0
15354,1.0
51963,1.0
90937,1.0
7567,1.0
49024,2.4691219329833984
64645,1.0
36116,1.0
85529,1.0
42913,1.0
1018,1.0
91539,1.0
108539,1.4045346975326538
18244,1.0
63810,1.9775751829147339
99541,1.0
100024,4.89232063293457
85176,3.9409713745117188
6809,1.790978193283081
93633,2.670518398284912
14974,1.0
56918,1.0
63981,1.0
59208,1.0
61496,4.282186508178711
86630,2.746642827987671
71868,1.0
26428,1.0
5161,1.0
14299,2.173149585723877
30371,1.0
57211,1.8855693340301514
57879,1.0
34921,1.0
34219,1.0
4910,1.0
11311,1.0
104274,1.0
50470,1.0
31740,1.0
58280,1.0
83966,1.0
22553,1.0
50730,1.0
55818,1.0
68533,1.0
6383,1.0
73428,1.0
94249,1.0
87007,1.0
1097,1.0
37878,1.0
66519,1.0
84280,1.2957038879394531
92477,1.0
49941,1.0
87516,1.0
41466,1.948161244392395
78073,1.0
85984,1.0
71703,1.0
7768,1.3716412782669067
86434,1.0
9496,1.0
88125,1.0041265487670898
4167,1.0
106467,1.0
68702,4.589308738708496
92513,1.0
52256,2.341280698776245
52945,1.0
41425,1.0
104374,5.0
3096,2.036398410797119
95,1.0
85270,1.0
74844,1.0
100915,1.2831768989562988
99932,1.0
15054,2.367863416671753
38875,1.0
72714,2.3900299072265625
97157,1.0
40319,1.0
23874,1.0
29999,1.0
32712,1.0
55035,1.5914183855056763
106770,1.0
63643,1.0
6410,1.0
60172,1.0
93675,1.0
52579,1.0
34453,1.573290467262268
35889,1.0
11230,1.0
16406,2.066707134246826
66723,1.0
51238,1.0
48704,1.0
83447,1.0
17953,2.9962501525878906
39921,1.0
78674,1.0
46758,1.0
40464,1.7700886726379395
40169,1.0
103112,1.2357056140899658
78790,2.968348503112793
44567,1.672163963317871
30418,3.701718330383301
8853,1.0
45273,1.0
58545,1.0
23999,2.23475980758667
73011,1.0
13835,1.4164479970932007
2620,1.0
21867,1.0
23859,1.0
64911,1.0
16564,1.5018419027328491
43012,1.60355806350708
86633,1.0
11672,1.9986313581466675
24964,1.0
40784,1.2870970964431763
40586,1.0
89903,2.3995935916900635
76866,1.5761078596115112
107097,2.467527151107788
88665,1.9226768016815186
103308,1.0
64063,1.0
86615,1.5403467416763306
34534,1.0
102351,5.0
3366,1.0
104786,1.0
106390,1.0
28678,1.2297818660736084
21090,2.176347255706787
43926,1.887322187423706
68258,1.0
27641,1.5672935247421265
80344,1.0
88897,1.0
19907,1.0
16099,1.0
26696,1.0
69651,1.0
73454,1.0
60561,1.0
93944,1.0
19152,3.8832695484161377
55732,1.9214617013931274
89799,1.0
101480,1.0
108288,2.3925676345825195
12130,1.0
40635,1.0
49098,1.0
71015,1.0
4278,1.0
28494,1.0
83937,1.6981348991394043
91842,1.0
39436,1.0
56934,1.0
96520,1.0
33780,1.0
103084,1.0
86437,1.0
77532,2.2021703720092773
21239,1.1071434020996094
41447,2.883665084838867
3713,1.0
96889,1.0871449708938599
71606,1.1389371156692505
94525,3.141425609588623
13215,1.0
88685,5.0
68200,3.5027167797088623
17541,1.0
50357,5.0
101069,1.0
53152,1.0
80501,1.0
69460,1.0
17380,1.0
12813,1.0
64517,1.0
25550,1.0
10513,1.1029603481292725
56904,1.0
76553,1.6081397533416748
54525,1.0
13759,2.253943681716919
76486,1.0
16403,1.0
8478,1.0
88681,1.6443395614624023
38173,1.6535146236419678
86973,1.0
89538,3.7963356971740723
103474,1.0
8986,1.0
24091,1.0
37423,1.0
8755,2.1030173301696777
57121,2.7509217262268066
48432,1.5595104694366455
29165,2.7821366786956787
33303,1.0
60674,1.0
80215,1.0
74281,1.0
99974,1.384236454963684
25126,1.0
70028,1.0
9796,2.0898897647857666
1070,1.0
15189,1.0
67751,4.852412700653076
36754,1.0
93660,1.0
93243,1.0
97243,1.2177866697311401
75999,1.0
61026,1.8014814853668213
18586,1.0
10087,2.84047532081604
16010,1.0
70912,1.0
20369,1.0
89498,1.0
66331,1.0
80776,1.0
82702,1.0
39162,1.0
66098,1.638182282447815
68505,1.0
50947,1.0
66155,1.0
48774,2.234727144241333
24470,1.0
3432,1.0
46251,1.0
24197,1.0
216,1.0
5655,1.0
40378,1.0
56718,1.0
25216,1.0
12206,1.0
60036,1.0
94169,5.0
106838,1.0
4215,1.0
3892,2.9284937381744385
48922,5.0
72425,1.0
35309,1.0
43095,1.4250857830047607
77332,1.0
99284,1.0
38750,1.0
98378,1.0
38019,1.0
59909,1.0
64037,1.1306447982788086
98298,1.0
97936,1.1921324729919434
90528,1.0
6060,1.0
74696,3.3428564071655273
47874,3.81276273727417
64813,1.0
88011,2.24345064163208
39398,1.0
23298,3.259291648864746
43351,3.1710968017578125
77883,1.9305158853530884
101345,1.0
77047,1.0
106637,1.0
78698,1.0
22718,1.8291338682174683
19224,1.0
22443,1.0
30967,1.0
12973,1.0
54773,1.0
17597,1.0
63729,1.0
73716,1.0
66512,1.0
83833,1.0
48845,3.4307973384857178
52215,1.0
72751,1.0
87162,1.0
47639,1.0
9038,1.0
70777,5.0
85466,1.4437764883041382
39764,3.845113754272461
85843,1.0
93439,1.0
20737,1.0
53069,1.0
79448,1.0
63397,1.0
5772,2.2003695964813232
50985,1.0
88793,1.0
7263,1.0
9203,1.0
6702,1.0
50433,1.0
33064,1.0
107325,2.7083053588867188
18232,1.0
23449,1.0
90952,1.0
95994,1.0
49898,1.0
12818,2.6452481746673584
99461,1.0
99654,1.0
18019,1.0
95332,4.72112512588501
21838,1.0
96786,1.0
83618,3.327589511871338
49696,1.0
21852,1.0
30507,3.262054443359375
101035,1.1324821710586548
57999,2.0121359825134277
36683,1.0
33604,1.0
64990,1.0
21267,1.0
95050,1.0
49089,5.0
71104,1.5105397701263428
81957,1.0
90146,1.0
75952,1.0
12154,1.0
22011,1.0
182,1.0
92122,1.0
18858,2.60270619392395
38364,1.0
55217,1.0
57874,1.0
26892,1.0
8508,1.424607753753662
46767,5.0
78020,1.0
69500,1.0
94747,3.7619378566741943
61923,2.7864809036254883
7497,1.3255040645599365
84927,2.480907440185547
102168,1.0
12730,1.0
67346,3.0378708839416504
78825,3.2856173515319824
70908,1.0
952,1.0
108365,1.0
76432,1.005856990814209
26362,1.0
91949,1.0
76581,1.0
10447,1.0
9882,3.144207239151001
3034,4.632078647613525
93004,1.0
37911,1.0
39223,3.5142059326171875
34363,5.0
43884,1.0
70469,1.109728217124939
44394,1.0
5860,1.0
18357,1.0
63325,1.0
58875,1.0
54980,2.038073778152466
29543,3.140422821044922
47898,1.378523349761963
26743,1.0
64593,1.0
79090,1.0
76002,3.4085967540740967
93976,1.0
94825,1.0
68414,1.0
52318,1.0
95320,1.0
19921,1.0
14406,1.0
38324,1.0
35630,1.0
39897,1.5554282665252686
38065,2.8703737258911133
52168,2.7838802337646484
28297,1.0
1116,1.0
86380,1.0
47542,1.0
25748,1.0
78983,1.0
98463,1.0
70231,2.6042304039001465
13714,4.200436592102051
19643,1.6293399333953857
67487,1.0
63998,1.0
60290,1.0
98599,1.0
76982,3.0821518898010254
70162,1.0
59784,2.1009771823883057
76463,1.0
42736,1.0
8585,2.4662036895751953
8420,1.6525042057037354
26013,1.0
69532,1.0
91631,1.0
31668,1.0
11172,1.0
105311,1.0
72234,1.8160386085510254
5630,1.0
21113,2.886950731277466
4965,1.1211490631103516
61398,1.0
102440,2.2730369567871094
11975,1.0
98395,1.0
4114,1.3781540393829346
19039,1.7989530563354492
106453,3.216024398803711
61663,1.0
81387,1.1276053190231323
26470,1.0
20381,3.294041872024536
97314,1.32633376121521
97281,1.0
41211,4.892032623291016
31530,1.0
82914,1.0
89175,1.0
42902,2.8045732975006104
65644,5.0
68587,1.0
40946,5.0
25545,1.0
58264,1.0
93759,1.153985619544983
33098,1.1308871507644653
15638,2.219597101211548
102328,1.0
26905,1.0
59568,1.0
50141,1.0
51936,1.0
479,1.0
104986,1.0
52754,1.0450589656829834
94528,1.0
434,2.3922505378723145
57617,3.86216402053833
1320,1.0
73173,1.0
66541,1.0
34918,1.0
73895,1.3038841485977173
85997,1.0887372493743896
54789,1.0
105648,3.163662910461426
57352,1.0
74361,5.0
32941,1.0
80915,1.0
3658,3.6677920818328857
43503,1.0
14778,1.0
85092,1.361302375793457
76778,1.0
24504,1.0
28266,2.3333160877227783
4787,1.0
9360,1.0
22197,1.0
10511,1.0
76277,1.0
46136,1.0
77969,1.0
37978,1.621001958847046
67928,1.0
5451,1.0
60903,1.0
26672,1.0
21599,3.393242120742798
101864,1.0
51446,1.0
79121,2.519108295440674
2722,2.446678400039673
75257,2.4312338829040527
20424,1.0
1169,1.0
66027,4.892566204071045
66540,1.0
55622,2.1889736652374268
44615,1.0
15397,1.0
62803,1.0
82602,1.0
57629,1.0
74850,1.0
36839,2.438743829727173
101562,1.3926126956939697
38823,2.1490540504455566
23032,1.0
45617,1.0
106253,1.0
46935,1.0
19693,1.0
61801,1.0
20112,2.113361358642578
60445,1.0
59117,1.0
10246,1.0
30127,1.0
99939,1.0
53233,1.0
35582,1.4202622175216675
15412,3.044675588607788
88230,4.744635105133057
38023,2.6283159255981445
88575,1.0
82918,1.0820566415786743
48218,1.0
97482,1.0
51258,2.9127135276794434
12320,3.2659502029418945
2124,1.0
70262,1.0
23940,2.0673251152038574
64786,1.0
61994,2.218087673187256
12726,3.3199238777160645
100266,4.128167152404785
96318,1.0
39732,1.0
16705,1.0
30019,1.0
80253,2.956768751144409
45457,1.0
60224,3.310187816619873
92997,1.0
45167,1.0
64526,1.0
3506,5.0
80125,1.0
104937,1.0
58326,1.43870210647583
106282,1.0
93394,1.0
91749,3.5935091972351074
83820,2.901355743408203
45472,1.9062861204147339
58741,1.0
95513,3.606884241104126
65998,2.4049487113952637
47,1.0
39266,5.0
75747,1.0
32325,1.0
27437,1.0
17499,1.655138611793518
14173,1.0
46680,1.5428047180175781
2758,5.0
18676,2.7023868560791016
16865,1.0
31002,1.0
105423,1.8284019231796265
13064,1.0
73062,1.0
88284,1.0
44546,3.3523993492126465
79190,1.0
20135,1.0
9694,1.9928243160247803
72385,1.0
71453,1.0
90800,4.285723686218262
108588,1.0
98862,2.1521637439727783
12467,1.0
11725,1.0
42838,1.0
47684,1.0
105734,1.0
99289,1.8121073246002197
44577,1.7153226137161255
52276,1.0
82168,3.3449900150299072
46312,1.0
104240,1.0
75440,1.0
58459,1.0
82317,4.460179805755615
35800,1.5988062620162964
97590,1.0
91093,1.0
14279,1.0
64060,1.0
16149,1.0945378541946411
67761,1.0
83957,1.3575516939163208
35753,1.0
49338,1.0
49927,1.0
19896,1.0
53910,1.0
39460,2.7485413551330566
65086,1.0
101744,4.084736347198486
49331,1.0
36670,1.0
97997,1.0
8110,1.0
88787,1.0
87192,1.0
13309,1.0
65927,1.1062098741531372
31461,1.0
12002,2.1236777305603027
28466,4.193160057067871
91799,1.0
49346,1.0
28893,1.0
8749,2.8003318309783936
59508,1.0
20876,1.0
94946,1.0
76233,2.9005212783813477
98088,1.0
36767,4.22537088394165
105710,1.0
48503,2.1605756282806396
26952,2.048768997192383
49080,4.232844829559326
54679,1.0
105565,1.0
91342,1.0
35618,1.0
104949,1.0
33682,2.261476755142212
93720,1.0
82961,1.0
16238,4.030516147613525
81839,1.0
77966,1.0
76437,1.0
67561,1.0
82303,1.0
77128,1.0
7380,1.0
77971,2.722412109375
52438,1.7414957284927368
72508,1.0
61682,1.7415246963500977
24285,3.198586940765381
73773,1.0
26212,4.7988152503967285
103883,4.975635528564453
58463,1.0
99167,3.665187120437622
20277,1.0
105769,1.0
93891,1.0
48610,1.0
18673,1.0
95888,1.0
85788,1.0
85178,1.0
76135,1.8325954675674438
4869,1.0
90763,1.0
41904,1.0
54441,2.6782827377319336
52377,1.0
95702,1.0
48261,1.7824310064315796
24969,1.03564453125
92207,1.0
52304,1.0
39875,2.0761616230010986
56445,3.386763572692871
42832,1.0
66163,1.0
81459,1.0
33702,1.0
57411,1.0
5407,4.100736141204834
9070,4.768908977508545
51293,5.0
81168,4.303257465362549
55543,1.0
59456,1.0
39629,1.0
85223,1.0
41691,5.0
73347,1.7604926824569702
61129,1.0
68408,1.0
94878,1.0
21685,1.4160236120224
7758,1.5021719932556152
94458,3.7789764404296875
84442,1.0
57827,1.0
68103,2.8129560947418213
46375,1.0
28146,1.0
21918,1.0
431,1.7313157320022583
73588,1.0
29926,1.1912604570388794
29475,1.0
100546,1.0
69872,2.831779718399048
104530,1.0
12797,1.0
29380,1.0
100397,4.138992786407471
107755,1.0
3816,3.7733023166656494
28485,1.0
47367,1.270124912261963
84134,1.0
80276,1.0
44210,2.093662977218628
77486,1.0
69720,1.094063639640808
3738,5.0
102135,1.0
20519,1.5775864124298096
69330,3.1521360874176025
47198,1.2919416427612305
15701,1.0
104878,1.0
54055,2.7533411979675293
38814,1.0
16138,1.0
52127,2.480842113494873
40857,1.0
2597,1.4190137386322021
35496,1.3070311546325684
71283,5.0
46995,1.0
95237,1.6905217170715332
95530,1.0
23047,2.0964694023132324
35234,1.0
23482,1.0
83198,1.0
108187,1.0
20739,1.2365790605545044
88640,3.587021827697754
38240,1.0
36169,1.069242000579834
13701,1.0771459341049194
76433,1.0
7325,2.359255075454712
73318,4.362092018127441
23713,2.3495419025421143
85860,1.0
15385,1.0
15731,1.80246901512146
38855,2.600003480911255
80788,1.0
35481,1.0
68742,1.0
73839,1.0
104692,4.952003002166748
68229,3.7272720336914062
74005,1.0
34897,1.9722615480422974
646,1.0
67679,1.0
5820,1.0
8889,1.0
62412,1.6054248809814453
20866,1.0
39763,1.0
70116,1.0
49687,1.0
12053,1.009711742401123
59934,1.0
71333,1.0
25289,1.0
26046,1.0
55250,1.0
60020,1.0
62078,1.0
79880,1.4462651014328003
106267,1.0
106973,1.0
77586,1.0
11120,1.0
78646,1.3560526371002197
43159,1.0
95055,2.6222028732299805
64263,1.0
81919,1.0
25954,1.2899881601333618
55666,2.7359814643859863
38733,1.0
87572,1.0
31128,1.0
20724,2.881978750228882
101958,1.0
3099,1.0
9374,1.0
23735,2.9811642169952393
19593,1.0
73901,1.0
25834,1.0
30162,1.0
18054,1.4678336381912231
83468,1.0
6019,1.0
63503,1.5008126497268677
20964,1.0
57195,1.0
96997,1.0
7641,1.5132046937942505
92998,1.6409708261489868
22614,1.0
76612,1.0
79041,1.0
7194,1.0
56288,1.0
86194,1.0
19348,1.0
5024,1.0
57917,1.1019127368927002
7719,3.433680772781372
37664,1.0045832395553589
26797,1.6252962350845337
81735,3.0444977283477783
59799,1.0
14897,1.0
89152,1.0
57037,1.3605231046676636
66242,5.0
51,1.0
23429,1.0
106237,1.0
49615,2.96244215965271
51831,1.0
42662,1.0
54603,1.0
38426,4.268226146697998
1518,1.0
61404,1.0
4817,1.0
14417,1.0
33456,1.0
16318,1.0
62670,1.0
40620,1.0
79516,1.0
74437,1.0
80729,1.2324681282043457
17425,1.0
32398,1.0
91719,1.0
87431,2.3476219177246094
74276,1.984043002128601
9611,1.0
64457,1.594814658164978
13426,5.0
91780,1.0
84903,2.3639843463897705
30248,1.0
43743,1.0
40286,1.0
107899,1.0
21969,1.0
86336,1.0
101334,1.0
97262,3.111746311187744
36233,2.6497018337249756
74070,3.894840955734253
69475,1.0
90660,1.0
76980,1.0
4480,1.29631507396698
7973,1.0
37512,1.0
82033,3.0589511394500732
28619,3.4705400466918945
93662,1.0
54761,1.5807247161865234
77185,3.4895200729370117
8572,3.574791431427002
78334,2.2751786708831787
51568,1.0
1785,3.8072009086608887
100781,1.0
64423,1.0
49874,1.0
47306,1.0
37577,1.0
104551,1.0
92798,2.4787745475769043
78248,1.0
81637,1.0
54244,1.0
24170,1.0
61637,4.465340614318848
102923,1.0
54078,1.0
38910,1.0
9481,1.0
99761,1.7981539964675903
66111,1.0
65805,3.610116958618164
4804,1.0
103524,2.3669991493225098
84396,1.0
98841,1.172277569770813
20541,4.8236403465271
67795,1.0
134,1.339100956916809
78107,3.3311283588409424
38659,1.0
85858,1.0
34860,1.0
62995,1.0
10317,2.8785974979400635
810,1.0
59286,1.0
53124,1.3418172597885132
94822,1.0
40796,1.2785966396331787
55737,1.1291172504425049
54591,1.628699779510498
66912,1.0
107351,1.0
69994,1.0
41022,1.0
73695,1.0
16490,1.0
83763,2.649003028869629
45361,1.0
77534,1.0
60387,2.3998847007751465
103075,3.0077338218688965
68337,2.6097099781036377
82185,1.0
59928,1.0
48094,1.0
5595,1.0
77972,1.0
48336,1.0
61804,1.0
84688,3.0447471141815186
55206,1.0
50665,1.0
50361,4.310558319091797
108237,1.0
2086,1.4732903242111206
50499,1.443427324295044
8107,2.4756581783294678
54385,3.6593387126922607
13462,1.0
26028,3.3201584815979004
102076,1.0
44721,3.0714163780212402
102078,1.0
14184,5.0
78155,1.0
59083,1.0
58399,1.1038864850997925
98558,1.5388695001602173
14597,1.0
78969,1.0
80111,1.0
88322,1.6422898769378662
82431,1.0
48529,1.0
49307,1.0
42018,5.0
77958,1.0
38656,1.0
32355,1.0
55219,2.6140856742858887
17982,1.49949312210083
77444,1.0
18804,1.0
107245,2.1969306468963623
39735,1.0
81738,1.0
67429,1.3018076419830322
3266,2.0125043392181396
99194,1.0
102203,3.1350269317626953
57919,1.0
30325,1.0
63014,2.948920249938965
50012,1.0
98776,2.5325846672058105
100399,1.993721842765808
108327,1.0
27965,2.086099624633789
74911,1.0
58325,2.50500226020813
21322,1.1525636911392212
61533,2.026280641555786
46493,1.0
19404,1.153289556503296
75827,1.0
1736,1.0
89600,1.0
22946,2.041102170944214
105176,3.2402498722076416
26824,1.0
30779,1.0
2178,1.0
72218,1.0
56056,1.0
11574,1.4859113693237305
59420,1.0
27907,1.0
49870,1.0
58780,1.0
3595,1.0
100624,1.0
43430,3.1851441860198975
2205,1.0
31264,3.746258497238159
102383,5.0
68066,2.195207357406616
60356,1.0
81469,1.0
88958,1.0
76279,1.0
2221,1.0
93201,1.0533913373947144
66076,1.0
93689,2.4855234622955322
26897,1.0
102475,1.3903679847717285
91909,2.2887961864471436
18723,1.0
77689,1.238333821296692
41831,1.0
12025,1.0
92886,1.3789186477661133
99912,1.0
66549,1.0
64703,1.0
81453,1.0
21868,1.0
104507,1.0
29564,1.0
26721,1.0
28773,1.0
44388,5.0
98757,3.0299155712127686
17812,4.2063751220703125
106654,3.023832321166992
65422,1.0
17428,1.0
55200,1.0
68451,1.0
105819,1.0
96298,1.0
22209,1.0
72902,5.0
41404,3.943796396255493
103009,4.487850666046143
69658,1.0
80649,1.0
10588,1.0
96053,1.0
107473,1.9656784534454346
62397,1.0
101448,1.0
11316,1.0
9129,3.0106489658355713
40460,1.0
70577,1.0
82909,1.0
14979,1.0
12644,1.0
7808,1.0
63805,1.0
42065,1.0
103929,1.0
76347,1.0
3364,1.0
86518,1.0
107291,1.0
94916,1.154769778251648
38654,1.0
52875,1.0
107643,1.0
102401,1.0
75985,1.0
106441,2.221564531326294
69726,1.0
42060,1.0
37412,1.0
90621,2.33430814743042
82164,1.0
107701,1.3824398517608643
52684,1.3225032091140747
80247,2.3887720108032227
108559,3.2050042152404785
893,1.0
71006,5.0
23286,1.0
103423,1.0
19821,1.1900523900985718
39364,1.0
47936,3.59074330329895
68517,1.0
97837,1.0
108483,1.0
59030,1.0
102779,1.0
61694,1.4189850091934204
90520,1.6788767576217651
82326,1.0
18350,2.87895131111145
28088,1.0
31656,1.0
72695,1.0
28526,1.0
91039,1.0
7573,4.820178031921387
12385,1.0
65117,1.0
72798,1.0
76372,1.0
32074,1.0
34122,1.0
26802,1.9909130334854126
89924,3.2562999725341797
28101,1.3374370336532593
24668,1.0
9519,2.275170087814331
41244,1.8726423978805542
1259,2.0589795112609863
96736,1.0
33170,4.190554618835449
47091,1.0
2352,5.0
19586,2.340012311935425
62874,1.0
61762,1.0
66792,1.0
90363,1.0
48882,1.3567439317703247
48300,1.9925603866577148
5488,1.0
87782,1.0
20688,1.0
3839,1.0
82814,1.2401492595672607
3979,1.0
6819,1.0
13967,1.0
15346,2.8396401405334473
50584,1.0
2059,1.0
108161,1.0
78586,4.802999019622803
100190,1.8463391065597534
36726,1.0
47370,1.0
32211,1.0
37646,1.0
48674,1.0
52150,2.4805095195770264
31816,1.0
61248,1.5423415899276733
44676,1.484784722328186
67328,2.956385374069214
64670,2.5405704975128174
31630,3.8509521484375
1812,2.8148536682128906
22308,1.0
107286,1.0
15040,1.0
12387,1.0
36270,1.671320915222168
44404,1.0
35807,2.9333865642547607
38715,1.0
106538,2.7425482273101807
89602,2.54354190826416
89840,1.0
82232,1.0
28946,2.600764513015747
48254,1.0
19815,4.124257564544678
87000,1.0521214008331299
67706,1.0
106588,1.0
86309,2.3755335807800293
84443,1.0
64685,1.7614736557006836
50844,1.0
26279,1.196960687637329
31494,1.6858248710632324
38669,3.1580379009246826
101610,1.0
86975,3.664048910140991
66901,1.0
43225,2.0612473487854004
96094,1.9199904203414917
68256,4.073193550109863
89942,1.0
59342,1.0
35411,1.0
72560,1.0
101108,1.0
35336,1.1741816997528076
5561,3.402979850769043
5450,3.7257864475250244
26529,1.0
80037,1.0
28097,1.4892045259475708
2930,1.0
48297,1.0
33946,1.0
67330,1.0
24549,1.0
13281,2.3279354572296143
108447,1.0
108197,1.0
78644,1.9522974491119385
5195,1.0
10373,1.0
17296,1.0
59404,2.354659080505371
2233,1.0
13150,1.0
75874,1.0
101894,3.4929354190826416
96861,5.0
28971,1.0
67954,2.917630195617676
16269,1.0
86643,3.433128833770752
36961,1.6606285572052002
66183,1.0
76961,1.0
27357,1.0
37294,2.674464702606201
70385,1.0
81329,3.140686511993408
15591,1.0
83589,1.6680011749267578
73108,1.0
90410,1.0
63538,1.0
81119,5.0
62022,1.0
75484,1.0
1074,1.0
1619,1.0
97103,1.0
23061,1.0
68584,1.0
24421,1.0
102460,5.0
78455,1.0
95983,1.0
80130,1.0
101450,1.0
11766,2.6337554454803467
93741,1.0
57035,1.0
108095,1.5449433326721191
815,1.5166102647781372
86627,1.0
94943,5.0
39805,1.0
14244,1.354903221130371
101166,1.0
42822,3.126365900039673
62346,1.1794617176055908
98210,1.9821555614471436
3202,1.0
96146,1.0
24741,1.0
61692,1.0
16023,1.0
89735,1.0
15006,1.0
82273,1.0
106531,1.0
58501,2.2173821926116943
44943,1.0
60636,2.2212729454040527
77636,1.0
4597,1.0
107859,4.352859973907471
84198,2.4212095737457275
91647,1.541763424873352
66039,4.398379325866699
85710,1.0
105508,1.0
20843,1.0
60272,4.461349010467529
22386,1.0
4482,1.0
104773,1.0
45375,2.897693634033203
30034,1.0
91130,1.5963830947875977
68855,1.0
21898,1.0
29736,1.0
88662,1.489120602607727
39158,1.2314101457595825
89957,1.0
80609,3.935342788696289
11489,1.0
107171,1.0
89019,1.0
105789,1.264760136604309
99528,1.0
35353,1.0
42947,1.0
60155,1.0
1160,1.0
50753,3.48825740814209
22919,1.0
78086,1.0
94631,1.0
59902,1.0
63567,1.0
66822,1.0
42520,1.0
10442,1.0
11946,1.0
81986,3.48110032081604
29942,1.0
22316,1.0
14236,1.0
48722,1.0
17661,2.8551228046417236
69678,1.0
87628,1.0
85450,1.0
93461,1.0
20768,1.0
69869,1.0
1011,1.0
13664,1.0
54606,1.0
47556,1.0
91340,1.253049373626709
11777,1.0
47609,1.0
2767,1.100800633430481
25922,1.0
84835,1.0
31424,2.530665874481201
75572,1.0
15786,1.0
18731,2.5935254096984863
50681,1.46626615524292
15422,1.0
43714,1.312654733657837
94413,1.0
28509,1.0
55999,5.0
55312,1.0
70987,1.0
37432,1.0
11173,1.0
24857,1.0
20990,1.0
22460,1.458841323852539
67774,1.307002305984497
18296,1.0
70624,1.0
9990,1.9688957929611206
20824,1.0117812156677246
93122,3.1781299114227295
38384,2.096137523651123
30268,1.0
18436,1.0
76422,1.0
67564,1.0
10479,1.0
104879,1.0
96269,1.0
28621,1.0
1459,1.0
1469,1.0872732400894165
78442,1.0
17379,1.0
79389,5.0
74466,1.0
